1	GO:0007215	GO:0099178
10	GO:0002024	GO:1903673
10	GO:0002223	GO:0002282
10	GO:0006552	GO:0070495
10	GO:0006689	GO:0021836
10	GO:0006939	GO:1903464
10	GO:0009581	GO:0022409
10	GO:0030389	GO:0060587
10	GO:0031394	GO:0032899
10	GO:0046726	GO:0072524
10	GO:1900060	GO:1903612
100	GO:0000038	GO:0061921
100	GO:0000292	GO:1902902
100	GO:0000479	GO:1904328
100	GO:0001523	GO:1900180
100	GO:0001843	GO:0060080
100	GO:0002074	GO:0090085
100	GO:0002291	GO:2000355
100	GO:0002658	GO:1903235
100	GO:0002707	GO:0006054
100	GO:0002730	GO:1904161
100	GO:0003069	GO:0030207
100	GO:0003332	GO:0045113
100	GO:0003431	GO:0019985
100	GO:0006104	GO:0090278
100	GO:0006357	GO:0070911
100	GO:0006386	GO:0030397
100	GO:0006633	GO:0060253
100	GO:0006669	GO:0006930
100	GO:0006777	GO:0044782
100	GO:0006895	GO:0044786
100	GO:0007059	GO:0097498
100	GO:0007178	GO:0010595
100	GO:0007218	GO:0040010
100	GO:0007224	GO:0043243
100	GO:0007352	GO:1902846
100	GO:0008592	GO:0044597
100	GO:0009414	GO:0060765
100	GO:0009582	GO:0032526
100	GO:0009792	GO:0051097
100	GO:0010595	GO:0043697
100	GO:0010656	GO:0021681
100	GO:0010749	GO:0050911
100	GO:0010793	GO:1990547
100	GO:0010804	GO:0097702
100	GO:0010835	GO:1904440
100	GO:0010880	GO:0043310
100	GO:0010894	GO:0031392
100	GO:0014733	GO:0098917
100	GO:0015747	GO:0060696
100	GO:0016334	GO:1902033
100	GO:0018230	GO:0071344
100	GO:0018231	GO:0090275
100	GO:0019747	GO:0150157
100	GO:0021541	GO:0035565
100	GO:0021860	GO:0043137
100	GO:0021877	GO:1900625
100	GO:0021930	GO:0046636
100	GO:0030167	GO:0140633
100	GO:0031508	GO:1903790
100	GO:0032013	GO:0070960
100	GO:0032468	GO:1903847
100	GO:0032483	GO:1902774
100	GO:0032506	GO:1990708
100	GO:0032656	GO:1903978
100	GO:0032660	GO:1901896
100	GO:0032677	GO:0045930
100	GO:0032727	GO:0099502
100	GO:0032967	GO:0040011
100	GO:0032970	GO:0050906
100	GO:0032973	GO:1990911
100	GO:0033673	GO:1904844
100	GO:0034127	GO:2000547
100	GO:0034137	GO:0048523
100	GO:0034350	GO:2001013
100	GO:0035602	GO:1990504
100	GO:0035970	GO:0086064
100	GO:0035983	GO:2001044
100	GO:0038145	GO:1904482
100	GO:0042177	GO:0090128
100	GO:0042749	GO:0043507
100	GO:0042996	GO:2001258
100	GO:0043124	GO:0071955
100	GO:0044752	GO:0051224
100	GO:0044872	GO:0075713
100	GO:0045759	GO:0099622
100	GO:0045876	GO:0072175
100	GO:0046761	GO:0080135
100	GO:0046823	GO:1901699
100	GO:0048143	GO:0072203
100	GO:0050796	GO:0072385
100	GO:0051126	GO:0070150
100	GO:0051447	GO:0061864
100	GO:0060385	GO:0140048
100	GO:0060421	GO:1904421
100	GO:0060696	GO:0099163
100	GO:0070059	GO:1903195
100	GO:0070172	GO:1900239
100	GO:0070241	GO:0071346
100	GO:0070253	GO:1905027
100	GO:0070483	GO:1901879
100	GO:0071219	GO:1901143
100	GO:0071502	GO:1902680
100	GO:0097090	GO:0098038
100	GO:0098939	GO:2000676
100	GO:0099541	GO:1904690
100	GO:0110017	GO:1900425
100	GO:0110095	GO:1902603
100	GO:1900190	GO:1905580
100	GO:1904679	GO:1904933
100	GO:1990646	GO:2000612
1000	GO:0000025	GO:2000668
1000	GO:0000070	GO:0140241
1000	GO:0000098	GO:0061209
1000	GO:0000184	GO:0045606
1000	GO:0000256	GO:0033197
1000	GO:0000266	GO:0046130
1000	GO:0000272	GO:0075732
1000	GO:0000304	GO:0038004
1000	GO:0000432	GO:1901096
1000	GO:0000454	GO:0042537
1000	GO:0000462	GO:0015825
1000	GO:0000707	GO:0006097
1000	GO:0000722	GO:0003010
1000	GO:0000723	GO:0060341
1000	GO:0000725	GO:0061853
1000	GO:0000731	GO:0032885
1000	GO:0000963	GO:0006144
1000	GO:0000964	GO:0150011
1000	GO:0000972	GO:0071332
1000	GO:0001117	GO:0071105
1000	GO:0001554	GO:0006940
1000	GO:0001568	GO:0040040
1000	GO:0001657	GO:0070921
1000	GO:0001661	GO:0045726
1000	GO:0001667	GO:1902203
1000	GO:0001698	GO:0006682
1000	GO:0001702	GO:0009167
1000	GO:0001714	GO:1902914
1000	GO:0001754	GO:0014874
1000	GO:0001787	GO:1905609
1000	GO:0001824	GO:0048571
1000	GO:0001840	GO:0051561
1000	GO:0001845	GO:1901605
1000	GO:0001890	GO:2000832
1000	GO:0001906	GO:0072286
1000	GO:0001910	GO:0046050
1000	GO:0001913	GO:0072334
1000	GO:0001920	GO:0002835
1000	GO:0001937	GO:2000562
1000	GO:0001974	GO:0140469
1000	GO:0002007	GO:0002714
1000	GO:0002019	GO:0046349
1000	GO:0002025	GO:0097119
1000	GO:0002038	GO:0035397
1000	GO:0002042	GO:0140588
1000	GO:0002043	GO:0006641
1000	GO:0002066	GO:0090275
1000	GO:0002086	GO:0070059
1000	GO:0002089	GO:0006487
1000	GO:0002100	GO:0036376
1000	GO:0002176	GO:0060271
1000	GO:0002182	GO:0008150
1000	GO:0002184	GO:0002710
1000	GO:0002184	GO:0015804
1000	GO:0002188	GO:0060003
1000	GO:0002252	GO:0006651
1000	GO:0002264	GO:1904093
1000	GO:0002266	GO:0003211
1000	GO:0002274	GO:0005996
1000	GO:0002309	GO:0034058
1000	GO:0002313	GO:1901252
1000	GO:0002326	GO:0048729
1000	GO:0002424	GO:0097049
1000	GO:0002428	GO:0070508
1000	GO:0002439	GO:0070831
1000	GO:0002445	GO:0060299
1000	GO:0002448	GO:0034727
1000	GO:0002458	GO:0003099
1000	GO:0002475	GO:0032571
1000	GO:0002485	GO:0051583
1000	GO:0002502	GO:0014823
1000	GO:0002507	GO:0106120
1000	GO:0002518	GO:0097116
1000	GO:0002520	GO:0048304
1000	GO:0002520	GO:1905751
1000	GO:0002528	GO:0071900
1000	GO:0002528	GO:0120060
1000	GO:0002562	GO:1903553
1000	GO:0002562	GO:1905175
1000	GO:0002582	GO:0009073
1000	GO:0002590	GO:1903697
1000	GO:0002652	GO:1903078
1000	GO:0002666	GO:0046294
1000	GO:0002677	GO:0032933
1000	GO:0002684	GO:0032213
1000	GO:0002699	GO:0009589
1000	GO:0002701	GO:0021932
1000	GO:0002702	GO:0032879
1000	GO:0002791	GO:0090194
1000	GO:0002822	GO:0097055
1000	GO:0002828	GO:0003106
1000	GO:0002829	GO:0051292
1000	GO:0002830	GO:0015833
1000	GO:0002835	GO:0120074
1000	GO:0002839	GO:2001224
1000	GO:0002855	GO:0015891
1000	GO:0002856	GO:1902857
1000	GO:0002859	GO:1904356
1000	GO:0002877	GO:0042445
1000	GO:0002885	GO:0086018
1000	GO:0002886	GO:0032543
1000	GO:0002889	GO:0010658
1000	GO:0002922	GO:1901027
1000	GO:0002939	GO:1903190
1000	GO:0002940	GO:0046390
1000	GO:0003006	GO:0070962
1000	GO:0003072	GO:0034135
1000	GO:0003073	GO:0072573
1000	GO:0003097	GO:0010728
1000	GO:0003148	GO:0031104
1000	GO:0003161	GO:0021785
1000	GO:0003163	GO:0045926
1000	GO:0003169	GO:0030202
1000	GO:0003184	GO:0006104
1000	GO:0003190	GO:0072259
1000	GO:0003197	GO:0097211
1000	GO:0003207	GO:0045834
1000	GO:0003208	GO:0045959
1000	GO:0003214	GO:0070368
1000	GO:0003253	GO:0050847
1000	GO:0003273	GO:0046485
1000	GO:0003318	GO:0110002
1000	GO:0003333	GO:0051793
1000	GO:0003344	GO:0038185
1000	GO:0003350	GO:0046463
1000	GO:0003404	GO:0045921
1000	GO:0003415	GO:0008654
1000	GO:0003418	GO:0036302
1000	GO:0005988	GO:0051684
1000	GO:0006007	GO:0072752
1000	GO:0006015	GO:0048690
1000	GO:0006022	GO:0030574
1000	GO:0006023	GO:0015961
1000	GO:0006026	GO:0019370
1000	GO:0006026	GO:1905134
1000	GO:0006030	GO:0042421
1000	GO:0006040	GO:0043523
1000	GO:0006045	GO:1904381
1000	GO:0006050	GO:1904850
1000	GO:0006055	GO:0009743
1000	GO:0006062	GO:0032924
1000	GO:0006065	GO:0141005
1000	GO:0006091	GO:0036325
1000	GO:0006101	GO:1901079
1000	GO:0006120	GO:0045797
1000	GO:0006152	GO:0050960
1000	GO:0006167	GO:0070198
1000	GO:0006172	GO:0048854
1000	GO:0006185	GO:0048757
1000	GO:0006195	GO:0060178
1000	GO:0006198	GO:0035335
1000	GO:0006217	GO:0051495
1000	GO:0006222	GO:0010710
1000	GO:0006227	GO:0007224
1000	GO:0006228	GO:0009631
1000	GO:0006231	GO:0015707
1000	GO:0006233	GO:0031915
1000	GO:0006260	GO:0072599
1000	GO:0006270	GO:0060837
1000	GO:0006281	GO:0033555
1000	GO:0006302	GO:0048692
1000	GO:0006310	GO:0051131
1000	GO:0006354	GO:0061515
1000	GO:0006356	GO:0071505
1000	GO:0006360	GO:0014901
1000	GO:0006393	GO:0060700
1000	GO:0006398	GO:0110091
1000	GO:0006400	GO:0086027
1000	GO:0006403	GO:0070292
1000	GO:0006406	GO:0035879
1000	GO:0006417	GO:0140507
1000	GO:0006422	GO:0038001
1000	GO:0006423	GO:0170039
1000	GO:0006428	GO:2000707
1000	GO:0006430	GO:0046631
1000	GO:0006498	GO:1902512
1000	GO:0006511	GO:0035295
1000	GO:0006513	GO:0140329
1000	GO:0006516	GO:0080121
1000	GO:0006521	GO:0034655
1000	GO:0006525	GO:0006681
1000	GO:0006529	GO:0031115
1000	GO:0006530	GO:1903320
1000	GO:0006547	GO:2000573
1000	GO:0006571	GO:0050929
1000	GO:0006572	GO:0048593
1000	GO:0006612	GO:0034184
1000	GO:0006616	GO:0106030
1000	GO:0006616	GO:1905524
1000	GO:0006617	GO:1903843
1000	GO:0006639	GO:0051547
1000	GO:0006639	GO:2000622
1000	GO:0006649	GO:0140882
1000	GO:0006662	GO:0098905
1000	GO:0006678	GO:0034151
1000	GO:0006681	GO:0046120
1000	GO:0006684	GO:2000272
1000	GO:0006685	GO:0061692
1000	GO:0006702	GO:0006781
1000	GO:0006705	GO:0071243
1000	GO:0006722	GO:1903233
1000	GO:0006775	GO:0048296
1000	GO:0006784	GO:0097702
1000	GO:0006785	GO:0030574
1000	GO:0006811	GO:0070842
1000	GO:0006824	GO:0048496
1000	GO:0006824	GO:0106118
1000	GO:0006842	GO:2000668
1000	GO:0006846	GO:0048241
1000	GO:0006848	GO:1904448
1000	GO:0006851	GO:1900827
1000	GO:0006863	GO:0048706
1000	GO:0006869	GO:0071386
1000	GO:0006883	GO:2001185
1000	GO:0006885	GO:1902003
1000	GO:0006886	GO:2000637
1000	GO:0006915	GO:1901658
1000	GO:0006950	GO:0010092
1000	GO:0006950	GO:0150013
1000	GO:0006971	GO:2000016
1000	GO:0006974	GO:0072007
1000	GO:0006974	GO:0140924
1000	GO:0007007	GO:0150153
1000	GO:0007033	GO:0060128
1000	GO:0007041	GO:2001148
1000	GO:0007063	GO:1905012
1000	GO:0007064	GO:0055020
1000	GO:0007088	GO:0007411
1000	GO:0007130	GO:1901018
1000	GO:0007141	GO:0045023
1000	GO:0007141	GO:0072022
1000	GO:0007144	GO:2001251
1000	GO:0007155	GO:0180046
1000	GO:0007156	GO:0080164
1000	GO:0007166	GO:0072709
1000	GO:0007171	GO:1905957
1000	GO:0007187	GO:0014887
1000	GO:0007206	GO:0048219
1000	GO:0007286	GO:0051174
1000	GO:0007291	GO:1903803
1000	GO:0007320	GO:0042270
1000	GO:0007339	GO:0098849
1000	GO:0007340	GO:2000360
1000	GO:0007346	GO:0071409
1000	GO:0007346	GO:0120323
1000	GO:0007352	GO:1902723
1000	GO:0007371	GO:0070474
1000	GO:0007386	GO:1904442
1000	GO:0007398	GO:0051454
1000	GO:0007399	GO:0033684
1000	GO:0007406	GO:0032411
1000	GO:0007416	GO:0045137
1000	GO:0007423	GO:0035929
1000	GO:0007442	GO:0060219
1000	GO:0007507	GO:0046126
1000	GO:0007538	GO:0110009
1000	GO:0007599	GO:0031632
1000	GO:0007621	GO:0035603
1000	GO:0007628	GO:0046006
1000	GO:0007630	GO:0036166
1000	GO:0008039	GO:0030261
1000	GO:0008064	GO:0050863
1000	GO:0008065	GO:1990540
1000	GO:0008104	GO:2001300
1000	GO:0008213	GO:2001293
1000	GO:0008214	GO:0046294
1000	GO:0008343	GO:0050929
1000	GO:0008542	GO:0048675
1000	GO:0008584	GO:2001288
1000	GO:0008630	GO:0009104
1000	GO:0008643	GO:0031293
1000	GO:0008655	GO:0030916
1000	GO:0008655	GO:0060470
1000	GO:0008655	GO:0099074
1000	GO:0009057	GO:0070059
1000	GO:0009060	GO:1903677
1000	GO:0009070	GO:0071026
1000	GO:0009080	GO:0097294
1000	GO:0009082	GO:0150153
1000	GO:0009116	GO:0045643
1000	GO:0009123	GO:0014916
1000	GO:0009136	GO:0070293
1000	GO:0009138	GO:0071169
1000	GO:0009150	GO:1904776
1000	GO:0009151	GO:0045761
1000	GO:0009153	GO:0070729
1000	GO:0009161	GO:1903332
1000	GO:0009173	GO:0018992
1000	GO:0009175	GO:0070245
1000	GO:0009178	GO:0032535
1000	GO:0009192	GO:0051001
1000	GO:0009211	GO:0032506
1000	GO:0009247	GO:0070197
1000	GO:0009249	GO:0051179
1000	GO:0009265	GO:1903825
1000	GO:0009298	GO:0097745
1000	GO:0009310	GO:1904520
1000	GO:0009415	GO:0010518
1000	GO:0009608	GO:0050783
1000	GO:0009653	GO:0042441
1000	GO:0009753	GO:2000481
1000	GO:0009804	GO:0072169
1000	GO:0009820	GO:0071481
1000	GO:0009895	GO:0046208
1000	GO:0009949	GO:0070881
1000	GO:0009950	GO:0032956
1000	GO:0010025	GO:0048254
1000	GO:0010186	GO:0018293
1000	GO:0010224	GO:0140066
1000	GO:0010224	GO:1905447
1000	GO:0010226	GO:0030833
1000	GO:0010266	GO:0048210
1000	GO:0010288	GO:0090262
1000	GO:0010332	GO:0060118
1000	GO:0010430	GO:0032595
1000	GO:0010446	GO:1901292
1000	GO:0010453	GO:0010561
1000	GO:0010506	GO:0090100
1000	GO:0010518	GO:0060445
1000	GO:0010522	GO:0035630
1000	GO:0010571	GO:0120071
1000	GO:0010575	GO:0097237
1000	GO:0010591	GO:1901053
1000	GO:0010594	GO:1901502
1000	GO:0010595	GO:1904372
1000	GO:0010603	GO:0048546
1000	GO:0010626	GO:2000629
1000	GO:0010634	GO:0120329
1000	GO:0010636	GO:1903056
1000	GO:0010637	GO:0030844
1000	GO:0010640	GO:0140123
1000	GO:0010641	GO:0060027
1000	GO:0010652	GO:0032801
1000	GO:0010719	GO:0031033
1000	GO:0010727	GO:0040031
1000	GO:0010728	GO:1904102
1000	GO:0010742	GO:0033344
1000	GO:0010746	GO:0070571
1000	GO:0010752	GO:1902251
1000	GO:0010758	GO:0090297
1000	GO:0010765	GO:0050670
1000	GO:0010766	GO:0032656
1000	GO:0010820	GO:0036304
1000	GO:0010836	GO:1903659
1000	GO:0010878	GO:1905938
1000	GO:0010901	GO:0035356
1000	GO:0010920	GO:2000569
1000	GO:0010922	GO:0044706
1000	GO:0010938	GO:1902994
1000	GO:0010944	GO:0070782
1000	GO:0010962	GO:1905604
1000	GO:0010970	GO:0030834
1000	GO:0010971	GO:0048857
1000	GO:0014008	GO:0090185
1000	GO:0014014	GO:1905038
1000	GO:0014054	GO:1903441
1000	GO:0014061	GO:0015798
1000	GO:0014745	GO:0035994
1000	GO:0014850	GO:0090091
1000	GO:0014858	GO:0070903
1000	GO:0014866	GO:0090670
1000	GO:0014904	GO:0051580
1000	GO:0014912	GO:0046475
1000	GO:0015074	GO:1990416
1000	GO:0015673	GO:1903381
1000	GO:0015705	GO:2000009
1000	GO:0015744	GO:0072081
1000	GO:0015772	GO:1903466
1000	GO:0015779	GO:0034514
1000	GO:0015826	GO:0072220
1000	GO:0015837	GO:0036006
1000	GO:0015872	GO:0046726
1000	GO:0015920	GO:0016259
1000	GO:0016068	GO:0061154
1000	GO:0016080	GO:0035855
1000	GO:0016098	GO:0035865
1000	GO:0016125	GO:0032916
1000	GO:0016127	GO:0034250
1000	GO:0016180	GO:0071909
1000	GO:0016182	GO:0097205
1000	GO:0016183	GO:0070158
1000	GO:0016189	GO:0046094
1000	GO:0016197	GO:0045062
1000	GO:0016237	GO:0061048
1000	GO:0016260	GO:0031643
1000	GO:0016310	GO:0046661
1000	GO:0016358	GO:1902869
1000	GO:0016480	GO:0045839
1000	GO:0016557	GO:1904948
1000	GO:0016561	GO:0034238
1000	GO:0016601	GO:0071878
1000	GO:0018107	GO:0150190
1000	GO:0018125	GO:0032242
1000	GO:0018193	GO:0046928
1000	GO:0018205	GO:1902533
1000	GO:0018342	GO:0045110
1000	GO:0018345	GO:0031577
1000	GO:0018377	GO:0022027
1000	GO:0019064	GO:1901223
1000	GO:0019285	GO:0032661
1000	GO:0019285	GO:0042119
1000	GO:0019321	GO:0150129
1000	GO:0019336	GO:0034473
1000	GO:0019474	GO:2000642
1000	GO:0019511	GO:0070994
1000	GO:0019563	GO:0097503
1000	GO:0019856	GO:0042904
1000	GO:0019859	GO:0048219
1000	GO:0019896	GO:1902661
1000	GO:0019988	GO:0032509
1000	GO:0021502	GO:1904646
1000	GO:0021516	GO:0036120
1000	GO:0021522	GO:0070247
1000	GO:0021532	GO:0060054
1000	GO:0021532	GO:0099558
1000	GO:0021545	GO:0060685
1000	GO:0021555	GO:0060613
1000	GO:0021592	GO:1900025
1000	GO:0021595	GO:0051984
1000	GO:0021603	GO:1902102
1000	GO:0021626	GO:0055123
1000	GO:0021665	GO:0048239
1000	GO:0021675	GO:0044272
1000	GO:0021687	GO:0032823
1000	GO:0021700	GO:0072255
1000	GO:0021743	GO:1903543
1000	GO:0021772	GO:0043519
1000	GO:0021800	GO:0051302
1000	GO:0021847	GO:0046928
1000	GO:0021853	GO:0098987
1000	GO:0021869	GO:0060071
1000	GO:0021903	GO:0072340
1000	GO:0021933	GO:0090111
1000	GO:0021957	GO:0090303
1000	GO:0021966	GO:0090656
1000	GO:0021972	GO:0036516
1000	GO:0021972	GO:0046036
1000	GO:0022404	GO:0030155
1000	GO:0022617	GO:0110104
1000	GO:0022618	GO:0052805
1000	GO:0023035	GO:1990626
1000	GO:0023041	GO:0031622
1000	GO:0023041	GO:2000981
1000	GO:0023052	GO:0106402
1000	GO:0030030	GO:1904092
1000	GO:0030031	GO:0097089
1000	GO:0030042	GO:1990737
1000	GO:0030154	GO:0033567
1000	GO:0030154	GO:0043096
1000	GO:0030193	GO:0050864
1000	GO:0030202	GO:0170062
1000	GO:0030238	GO:0070982
1000	GO:0030238	GO:0090212
1000	GO:0030238	GO:1901995
1000	GO:0030302	GO:0045050
1000	GO:0030311	GO:0033603
1000	GO:0030329	GO:0051164
1000	GO:0030431	GO:2000103
1000	GO:0030490	GO:0032507
1000	GO:0030500	GO:1904906
1000	GO:0030509	GO:0051599
1000	GO:0030522	GO:0032780
1000	GO:0030576	GO:1903985
1000	GO:0030595	GO:1900011
1000	GO:0030812	GO:0043200
1000	GO:0030856	GO:0044860
1000	GO:0030888	GO:1905433
1000	GO:0030889	GO:0060982
1000	GO:0030948	GO:0032594
1000	GO:0030950	GO:1901663
1000	GO:0030970	GO:0032887
1000	GO:0030974	GO:1905902
1000	GO:0031016	GO:0035113
1000	GO:0031076	GO:1904293
1000	GO:0031103	GO:0060348
1000	GO:0031214	GO:0097696
1000	GO:0031268	GO:1905269
1000	GO:0031282	GO:0048550
1000	GO:0031282	GO:1901329
1000	GO:0031296	GO:0051017
1000	GO:0031333	GO:1903969
1000	GO:0031338	GO:0045892
1000	GO:0031341	GO:0062000
1000	GO:0031343	GO:0043487
1000	GO:0031393	GO:0051725
1000	GO:0031427	GO:0035883
1000	GO:0031453	GO:0071625
1000	GO:0031573	GO:1904017
1000	GO:0031619	GO:1902173
1000	GO:0031630	GO:2000009
1000	GO:0031663	GO:0071226
1000	GO:0031670	GO:1900247
1000	GO:0031943	GO:0051026
1000	GO:0031948	GO:0090128
1000	GO:0031958	GO:1900101
1000	GO:0031958	GO:1905871
1000	GO:0032000	GO:0060079
1000	GO:0032012	GO:0035050
1000	GO:0032048	GO:0033275
1000	GO:0032057	GO:0046716
1000	GO:0032060	GO:0035563
1000	GO:0032071	GO:0051893
1000	GO:0032200	GO:0099075
1000	GO:0032222	GO:0043932
1000	GO:0032229	GO:0051128
1000	GO:0032232	GO:0033674
1000	GO:0032259	GO:1901798
1000	GO:0032278	GO:2000420
1000	GO:0032332	GO:0040013
1000	GO:0032355	GO:0050819
1000	GO:0032378	GO:0044725
1000	GO:0032388	GO:0035641
1000	GO:0032446	GO:0099024
1000	GO:0032459	GO:0072203
1000	GO:0032494	GO:0060588
1000	GO:0032502	GO:0070166
1000	GO:0032530	GO:0061757
1000	GO:0032530	GO:1905146
1000	GO:0032535	GO:1905232
1000	GO:0032665	GO:2000330
1000	GO:0032672	GO:1901419
1000	GO:0032690	GO:0072662
1000	GO:0032716	GO:2000349
1000	GO:0032730	GO:0090685
1000	GO:0032747	GO:0050912
1000	GO:0032788	GO:0048840
1000	GO:0032790	GO:0045957
1000	GO:0032804	GO:0060455
1000	GO:0032815	GO:0048560
1000	GO:0032829	GO:1901976
1000	GO:0032835	GO:1902068
1000	GO:0032888	GO:1905770
1000	GO:0032898	GO:0097411
1000	GO:0032924	GO:1901874
1000	GO:0032928	GO:0055081
1000	GO:0032957	GO:1904588
1000	GO:0032973	GO:0048793
1000	GO:0032974	GO:0044725
1000	GO:0032980	GO:0150103
1000	GO:0032981	GO:0051235
1000	GO:0032984	GO:0036197
1000	GO:0032984	GO:0071812
1000	GO:0033004	GO:0050851
1000	GO:0033008	GO:0042487
1000	GO:0033031	GO:0080120
1000	GO:0033033	GO:0046122
1000	GO:0033138	GO:0090156
1000	GO:0033194	GO:1902115
1000	GO:0033197	GO:0045339
1000	GO:0033206	GO:0080183
1000	GO:0033212	GO:1900115
1000	GO:0033241	GO:0061026
1000	GO:0033292	GO:0071806
1000	GO:0033365	GO:0046832
1000	GO:0033383	GO:1902474
1000	GO:0033477	GO:2000641
1000	GO:0033540	GO:0034655
1000	GO:0033591	GO:0090030
1000	GO:0033591	GO:1900098
1000	GO:0033602	GO:0048643
1000	GO:0033605	GO:0060302
1000	GO:0033622	GO:0071602
1000	GO:0034091	GO:0060740
1000	GO:0034103	GO:1901662
1000	GO:0034164	GO:0050911
1000	GO:0034184	GO:1903830
1000	GO:0034197	GO:1901753
1000	GO:0034213	GO:1901659
1000	GO:0034220	GO:0071863
1000	GO:0034312	GO:0048818
1000	GO:0034352	GO:1903044
1000	GO:0034354	GO:1904054
1000	GO:0034374	GO:0099163
1000	GO:0034379	GO:0071031
1000	GO:0034380	GO:1901503
1000	GO:0034393	GO:0051041
1000	GO:0034405	GO:1902775
1000	GO:0034445	GO:0071599
1000	GO:0034476	GO:0061358
1000	GO:0034476	GO:1904826
1000	GO:0034502	GO:2001189
1000	GO:0034505	GO:0110064
1000	GO:0034552	GO:0090340
1000	GO:0034605	GO:0098735
1000	GO:0034695	GO:1901805
1000	GO:0034767	GO:0042438
1000	GO:0034776	GO:0071581
1000	GO:0035024	GO:0140973
1000	GO:0035115	GO:0072752
1000	GO:0035176	GO:0043306
1000	GO:0035196	GO:0150020
1000	GO:0035261	GO:1905446
1000	GO:0035264	GO:1904439
1000	GO:0035278	GO:0060676
1000	GO:0035332	GO:0140066
1000	GO:0035333	GO:0045761
1000	GO:0035335	GO:0160194
1000	GO:0035348	GO:0070859
1000	GO:0035382	GO:0043503
1000	GO:0035384	GO:1902435
1000	GO:0035441	GO:0042531
1000	GO:0035442	GO:0048011
1000	GO:0035442	GO:0141137
1000	GO:0035461	GO:0071880
1000	GO:0035498	GO:1903896
1000	GO:0035499	GO:0048583
1000	GO:0035520	GO:0140924
1000	GO:0035542	GO:1902613
1000	GO:0035633	GO:1904018
1000	GO:0035654	GO:0097646
1000	GO:0035675	GO:1904151
1000	GO:0035712	GO:1903785
1000	GO:0035774	GO:0038119
1000	GO:0035845	GO:0036525
1000	GO:0035881	GO:0051301
1000	GO:0035883	GO:1903403
1000	GO:0035928	GO:0097696
1000	GO:0035962	GO:0072359
1000	GO:0035984	GO:1902884
1000	GO:0035984	GO:1905755
1000	GO:0036015	GO:0044837
1000	GO:0036075	GO:0045955
1000	GO:0036100	GO:1903867
1000	GO:0036109	GO:0050927
1000	GO:0036159	GO:0071347
1000	GO:0036213	GO:2000105
1000	GO:0036230	GO:0170063
1000	GO:0036230	GO:1904884
1000	GO:0036298	GO:0150151
1000	GO:0036316	GO:0097345
1000	GO:0036344	GO:0070843
1000	GO:0036359	GO:0046108
1000	GO:0036481	GO:0072498
1000	GO:0036490	GO:1905168
1000	GO:0036498	GO:0070902
1000	GO:0038004	GO:1905337
1000	GO:0038084	GO:0106349
1000	GO:0038097	GO:0097114
1000	GO:0038128	GO:0045577
1000	GO:0038134	GO:0044706
1000	GO:0038169	GO:1904398
1000	GO:0038192	GO:1900134
1000	GO:0038195	GO:0097352
1000	GO:0038203	GO:1990426
1000	GO:0039020	GO:0046427
1000	GO:0039534	GO:1903131
1000	GO:0039585	GO:1903810
1000	GO:0039695	GO:0042481
1000	GO:0039702	GO:0046464
1000	GO:0040019	GO:0048710
1000	GO:0042149	GO:2000785
1000	GO:0042167	GO:0061966
1000	GO:0042269	GO:0055085
1000	GO:0042297	GO:0072303
1000	GO:0042304	GO:0048519
1000	GO:0042359	GO:0062170
1000	GO:0042376	GO:0046127
1000	GO:0042429	GO:0042482
1000	GO:0042448	GO:2001190
1000	GO:0042538	GO:1901978
1000	GO:0042541	GO:0060684
1000	GO:0042559	GO:1990116
1000	GO:0042663	GO:0141151
1000	GO:0042664	GO:1905072
1000	GO:0042699	GO:1990569
1000	GO:0042701	GO:0046851
1000	GO:0042730	GO:1905834
1000	GO:0042940	GO:1905508
1000	GO:0042953	GO:0044062
1000	GO:0042982	GO:0106044
1000	GO:0042996	GO:0071680
1000	GO:0043131	GO:0097323
1000	GO:0043132	GO:1901208
1000	GO:0043144	GO:0060964
1000	GO:0043153	GO:0048477
1000	GO:0043276	GO:0043616
1000	GO:0043299	GO:0048278
1000	GO:0043310	GO:0072051
1000	GO:0043331	GO:0071225
1000	GO:0043353	GO:0061952
1000	GO:0043397	GO:0070472
1000	GO:0043405	GO:0071166
1000	GO:0043436	GO:0160194
1000	GO:0043456	GO:2000612
1000	GO:0043461	GO:1904636
1000	GO:0043467	GO:0072124
1000	GO:0043474	GO:2000696
1000	GO:0043542	GO:0150175
1000	GO:0043558	GO:0099149
1000	GO:0043605	GO:2000049
1000	GO:0043650	GO:0110095
1000	GO:0044091	GO:0045786
1000	GO:0044320	GO:0071277
1000	GO:0044357	GO:0050957
1000	GO:0044725	GO:0141112
1000	GO:0044785	GO:0065002
1000	GO:0044790	GO:0062125
1000	GO:0044795	GO:0050847
1000	GO:0044795	GO:0051867
1000	GO:0044843	GO:2000373
1000	GO:0044856	GO:2000036
1000	GO:0045023	GO:0090288
1000	GO:0045048	GO:0071677
1000	GO:0045071	GO:0060272
1000	GO:0045107	GO:0060675
1000	GO:0045190	GO:0140965
1000	GO:0045216	GO:1900118
1000	GO:0045541	GO:0050910
1000	GO:0045588	GO:0046651
1000	GO:0045599	GO:2000738
1000	GO:0045687	GO:0072593
1000	GO:0045743	GO:0086070
1000	GO:0045761	GO:0140252
1000	GO:0045818	GO:0170064
1000	GO:0045819	GO:1901374
1000	GO:0045843	GO:0046488
1000	GO:0045860	GO:0160069
1000	GO:0045893	GO:1900150
1000	GO:0045914	GO:0072375
1000	GO:0045915	GO:0140820
1000	GO:0045922	GO:0140214
1000	GO:0045938	GO:0047497
1000	GO:0046033	GO:1904827
1000	GO:0046035	GO:1905856
1000	GO:0046037	GO:1902235
1000	GO:0046069	GO:0070661
1000	GO:0046075	GO:0060003
1000	GO:0046075	GO:0071306
1000	GO:0046075	GO:1902808
1000	GO:0046128	GO:0150012
1000	GO:0046134	GO:1904885
1000	GO:0046317	GO:0051388
1000	GO:0046327	GO:1901490
1000	GO:0046328	GO:1990166
1000	GO:0046339	GO:0071475
1000	GO:0046443	GO:0048790
1000	GO:0046456	GO:0098657
1000	GO:0046463	GO:0140009
1000	GO:0046475	GO:2000698
1000	GO:0046492	GO:0090192
1000	GO:0046578	GO:0099509
1000	GO:0046627	GO:0070221
1000	GO:0046628	GO:0070293
1000	GO:0046641	GO:0050910
1000	GO:0046649	GO:2000370
1000	GO:0046689	GO:0061669
1000	GO:0046831	GO:1903964
1000	GO:0046834	GO:0090201
1000	GO:0046849	GO:0060729
1000	GO:0046851	GO:2000547
1000	GO:0046879	GO:0140706
1000	GO:0046883	GO:1901253
1000	GO:0046951	GO:1903812
1000	GO:0048010	GO:0060563
1000	GO:0048069	GO:1902073
1000	GO:0048137	GO:0140647
1000	GO:0048146	GO:0099610
1000	GO:0048149	GO:0072344
1000	GO:0048170	GO:2001187
1000	GO:0048193	GO:0071773
1000	GO:0048252	GO:1903847
1000	GO:0048264	GO:0140352
1000	GO:0048548	GO:0051298
1000	GO:0048561	GO:0098914
1000	GO:0048566	GO:1902222
1000	GO:0048636	GO:0048681
1000	GO:0048636	GO:0060261
1000	GO:0048642	GO:0061091
1000	GO:0048644	GO:2000669
1000	GO:0048762	GO:0048792
1000	GO:0048769	GO:0070898
1000	GO:0048790	GO:0097500
1000	GO:0048793	GO:0051466
1000	GO:0048814	GO:0090382
1000	GO:0048841	GO:1990790
1000	GO:0048845	GO:0048894
1000	GO:0050685	GO:0070232
1000	GO:0050772	GO:0060149
1000	GO:0050774	GO:1905001
1000	GO:0050790	GO:1900222
1000	GO:0050808	GO:1990959
1000	GO:0050847	GO:1901201
1000	GO:0050870	GO:0051180
1000	GO:0050871	GO:0060536
1000	GO:0050908	GO:2000504
1000	GO:0050916	GO:1901984
1000	GO:0050928	GO:2000410
1000	GO:0050932	GO:1905285
1000	GO:0051029	GO:0061646
1000	GO:0051054	GO:0099637
1000	GO:0051058	GO:0097214
1000	GO:0051131	GO:1902165
1000	GO:0051138	GO:2000627
1000	GO:0051142	GO:2000204
1000	GO:0051209	GO:0070375
1000	GO:0051239	GO:0072077
1000	GO:0051276	GO:0060266
1000	GO:0051283	GO:1901863
1000	GO:0051293	GO:1990086
1000	GO:0051294	GO:0071630
1000	GO:0051305	GO:1990456
1000	GO:0051341	GO:0070376
1000	GO:0051410	GO:2000864
1000	GO:0051461	GO:1901170
1000	GO:0051493	GO:0051918
1000	GO:0051546	GO:0072714
1000	GO:0051620	GO:0055006
1000	GO:0051639	GO:0071897
1000	GO:0051645	GO:1902046
1000	GO:0051645	GO:1990764
1000	GO:0051648	GO:0060856
1000	GO:0051649	GO:0070965
1000	GO:0051656	GO:0150117
1000	GO:0051702	GO:1903750
1000	GO:0051729	GO:0140462
1000	GO:0051780	GO:0090161
1000	GO:0051791	GO:1901257
1000	GO:0051835	GO:0072194
1000	GO:0051926	GO:2001252
1000	GO:0052547	GO:1990611
1000	GO:0055026	GO:1904888
1000	GO:0055090	GO:0097640
1000	GO:0055092	GO:1901701
1000	GO:0060004	GO:0090212
1000	GO:0060012	GO:2000195
1000	GO:0060026	GO:0061734
1000	GO:0060065	GO:0070316
1000	GO:0060079	GO:0071043
1000	GO:0060100	GO:0090672
1000	GO:0060129	GO:1902412
1000	GO:0060151	GO:1904036
1000	GO:0060178	GO:2000142
1000	GO:0060330	GO:1903793
1000	GO:0060369	GO:1902624
1000	GO:0060371	GO:1904200
1000	GO:0060413	GO:0071274
1000	GO:0060416	GO:0070286
1000	GO:0060487	GO:0061999
1000	GO:0060557	GO:0106108
1000	GO:0060600	GO:0090174
1000	GO:0060615	GO:0106383
1000	GO:0060697	GO:1905384
1000	GO:0060716	GO:0086072
1000	GO:0060760	GO:0099554
1000	GO:0060788	GO:0061939
1000	GO:0060896	GO:0090191
1000	GO:0060927	GO:1904120
1000	GO:0060999	GO:2000426
1000	GO:0061110	GO:1901621
1000	GO:0061172	GO:0120054
1000	GO:0061355	GO:1904995
1000	GO:0061367	GO:0110155
1000	GO:0061430	GO:1904908
1000	GO:0061436	GO:0061517
1000	GO:0061437	GO:0071460
1000	GO:0061552	GO:1904372
1000	GO:0061931	GO:1903817
1000	GO:0061938	GO:0086009
1000	GO:0062000	GO:0150037
1000	GO:0062149	GO:1904588
1000	GO:0070130	GO:1903721
1000	GO:0070150	GO:2001112
1000	GO:0070213	GO:1990799
1000	GO:0070229	GO:1990611
1000	GO:0070253	GO:1903919
1000	GO:0070253	GO:1905332
1000	GO:0070303	GO:2000744
1000	GO:0070424	GO:1901993
1000	GO:0070427	GO:1904456
1000	GO:0070543	GO:1905938
1000	GO:0070654	GO:2000571
1000	GO:0070668	GO:1902374
1000	GO:0070885	GO:1902850
1000	GO:0070935	GO:0072144
1000	GO:0070960	GO:1903710
1000	GO:0071000	GO:1905563
1000	GO:0071104	GO:1905207
1000	GO:0071214	GO:0099608
1000	GO:0071248	GO:1904538
1000	GO:0071277	GO:0075509
1000	GO:0071333	GO:1904649
1000	GO:0071353	GO:0071354
1000	GO:0071383	GO:2000019
1000	GO:0071401	GO:1904102
1000	GO:0071421	GO:0140895
1000	GO:0071423	GO:0099624
1000	GO:0071447	GO:1905344
1000	GO:0071475	GO:1900923
1000	GO:0071475	GO:1905764
1000	GO:0071528	GO:1904975
1000	GO:0071657	GO:1902958
1000	GO:0071675	GO:0120061
1000	GO:0071870	GO:2000742
1000	GO:0071879	GO:1904584
1000	GO:0071880	GO:1900082
1000	GO:0071934	GO:0098597
1000	GO:0072027	GO:0072734
1000	GO:0072036	GO:1903435
1000	GO:0072050	GO:1904354
1000	GO:0072061	GO:0140468
1000	GO:0072069	GO:1905305
1000	GO:0072161	GO:0140962
1000	GO:0072177	GO:0140227
1000	GO:0072189	GO:1904728
1000	GO:0072220	GO:0098838
1000	GO:0072283	GO:2000790
1000	GO:0072298	GO:1903707
1000	GO:0072393	GO:1903001
1000	GO:0072423	GO:0097491
1000	GO:0072678	GO:1900120
1000	GO:0072718	GO:0090650
1000	GO:0072752	GO:1902223
1000	GO:0080090	GO:1905526
1000	GO:0086002	GO:0099179
1000	GO:0090030	GO:1900542
1000	GO:0090204	GO:0120323
1000	GO:0090222	GO:1903896
1000	GO:0090273	GO:0098661
1000	GO:0090291	GO:1903589
1000	GO:0090310	GO:0150065
1000	GO:0090327	GO:1904688
1000	GO:0090472	GO:1900003
1000	GO:0097068	GO:1990074
1000	GO:0097151	GO:1900377
1000	GO:0097192	GO:1903937
1000	GO:0097264	GO:2000272
1000	GO:0097468	GO:0098925
1000	GO:0097720	GO:1904835
1000	GO:0098718	GO:1905458
1000	GO:0098725	GO:1902177
1000	GO:0098727	GO:1900619
1000	GO:0098828	GO:0140971
1000	GO:0098840	GO:1903625
1000	GO:0098883	GO:1904375
1000	GO:0098904	GO:1901080
1000	GO:0098927	GO:2000405
1000	GO:0098935	GO:2000534
1000	GO:0099068	GO:2000851
1000	GO:0099639	GO:1905557
1000	GO:0106070	GO:2000174
1000	GO:0106071	GO:0160069
1000	GO:0106101	GO:1902365
1000	GO:0106106	GO:0150174
1000	GO:0120033	GO:1904702
1000	GO:0120187	GO:0160239
1000	GO:0120211	GO:1990708
1000	GO:0140049	GO:1904339
1000	GO:0140115	GO:1902983
1000	GO:0140243	GO:2000548
1000	GO:0140331	GO:1905204
1000	GO:0140361	GO:1904651
1000	GO:0140627	GO:1990408
1000	GO:0140694	GO:1902724
1000	GO:0140719	GO:1901722
1000	GO:0150060	GO:2000225
1000	GO:0150063	GO:2000649
1000	GO:0150101	GO:1900141
1000	GO:0150146	GO:1903423
1000	GO:0160144	GO:1904551
1000	GO:0160145	GO:1903918
1000	GO:1900045	GO:1902995
1000	GO:1900082	GO:1903899
1000	GO:1900210	GO:2000809
1000	GO:1900242	GO:1905602
1000	GO:1900748	GO:1903546
1000	GO:1901068	GO:1902751
1000	GO:1901249	GO:1904429
1000	GO:1901258	GO:2000571
1000	GO:1901631	GO:1902723
1000	GO:1901634	GO:1903725
1000	GO:1901642	GO:1903276
1000	GO:1901875	GO:1905367
1000	GO:1901895	GO:1905631
1000	GO:1901978	GO:2000538
1000	GO:1902730	GO:1904346
1000	GO:1902748	GO:2000174
1000	GO:1902855	GO:1904156
1000	GO:1903082	GO:2000292
1000	GO:1903147	GO:1905330
1000	GO:1903241	GO:1904151
1000	GO:1903297	GO:2000452
1000	GO:1903409	GO:1903881
1000	GO:1903496	GO:1903691
1000	GO:1903546	GO:1903783
1000	GO:1903784	GO:1905006
1000	GO:1903914	GO:2000412
1000	GO:1903979	GO:1904735
1000	GO:1904020	GO:2000626
1000	GO:1904057	GO:2001311
1000	GO:1904187	GO:1904466
1000	GO:1904380	GO:2000111
1000	GO:1904567	GO:2000556
1000	GO:1904829	GO:1905508
1000	GO:1904910	GO:1905883
1000	GO:1904997	GO:2000301
1000	GO:1905395	GO:1905546
1000	GO:1905600	GO:2000338
1000	GO:1905664	GO:1905750
1000	GO:1905707	GO:2000330
1000	GO:1990442	GO:2001206
10000	GO:0000012	GO:0005989
10000	GO:0000017	GO:0031638
10000	GO:0000017	GO:0061462
10000	GO:0000018	GO:0070723
10000	GO:0000019	GO:1903051
10000	GO:0000019	GO:1990959
10000	GO:0000022	GO:0051764
10000	GO:0000022	GO:0140013
10000	GO:0000023	GO:0034393
10000	GO:0000028	GO:0002552
10000	GO:0000028	GO:0003195
10000	GO:0000028	GO:0032025
10000	GO:0000041	GO:0002824
10000	GO:0000045	GO:0036465
10000	GO:0000045	GO:0048073
10000	GO:0000045	GO:0099010
10000	GO:0000045	GO:1904914
10000	GO:0000052	GO:0140290
10000	GO:0000052	GO:1901990
10000	GO:0000053	GO:0099517
10000	GO:0000055	GO:0072169
10000	GO:0000055	GO:2000077
10000	GO:0000056	GO:0006729
10000	GO:0000075	GO:0022898
10000	GO:0000075	GO:1904892
10000	GO:0000076	GO:1902823
10000	GO:0000079	GO:0007492
10000	GO:0000079	GO:0098868
10000	GO:0000082	GO:0038094
10000	GO:0000096	GO:0016539
10000	GO:0000096	GO:0060178
10000	GO:0000096	GO:0090630
10000	GO:0000097	GO:0090314
10000	GO:0000098	GO:1903494
10000	GO:0000101	GO:0014032
10000	GO:0000103	GO:1901899
10000	GO:0000154	GO:0050915
10000	GO:0000165	GO:0106128
10000	GO:0000183	GO:0008216
10000	GO:0000184	GO:0010335
10000	GO:0000184	GO:0021983
10000	GO:0000209	GO:0021553
10000	GO:0000245	GO:1904879
10000	GO:0000245	GO:1905546
10000	GO:0000256	GO:0060737
10000	GO:0000266	GO:1905207
10000	GO:0000270	GO:0030534
10000	GO:0000272	GO:0043129
10000	GO:0000281	GO:2000202
10000	GO:0000288	GO:0006701
10000	GO:0000288	GO:0009258
10000	GO:0000288	GO:0036116
10000	GO:0000288	GO:0051029
10000	GO:0000289	GO:0099093
10000	GO:0000290	GO:0021623
10000	GO:0000290	GO:0035358
10000	GO:0000296	GO:0030034
10000	GO:0000296	GO:0033615
10000	GO:0000302	GO:0071379
10000	GO:0000302	GO:2000705
10000	GO:0000303	GO:0097320
10000	GO:0000304	GO:0015884
10000	GO:0000316	GO:0050847
10000	GO:0000316	GO:0071838
10000	GO:0000316	GO:0099158
10000	GO:0000338	GO:0006646
10000	GO:0000338	GO:0043094
10000	GO:0000354	GO:0035352
10000	GO:0000354	GO:0072175
10000	GO:0000354	GO:0097639
10000	GO:0000375	GO:0016122
10000	GO:0000375	GO:0031118
10000	GO:0000378	GO:0000967
10000	GO:0000378	GO:0070178
10000	GO:0000378	GO:1903541
10000	GO:0000379	GO:0060376
10000	GO:0000380	GO:0045576
10000	GO:0000387	GO:0046620
10000	GO:0000389	GO:0002461
10000	GO:0000389	GO:0002780
10000	GO:0000389	GO:0036109
10000	GO:0000389	GO:0071865
10000	GO:0000389	GO:0071880
10000	GO:0000390	GO:0033866
10000	GO:0000390	GO:0050872
10000	GO:0000395	GO:0014034
10000	GO:0000398	GO:1901160
10000	GO:0000409	GO:0043931
10000	GO:0000411	GO:0002581
10000	GO:0000411	GO:0010753
10000	GO:0000411	GO:0032808
10000	GO:0000413	GO:0034983
10000	GO:0000413	GO:0046579
10000	GO:0000422	GO:0007091
10000	GO:0000422	GO:0009314
10000	GO:0000422	GO:0035634
10000	GO:0000423	GO:0009620
10000	GO:0000423	GO:0035176
10000	GO:0000423	GO:0050901
10000	GO:0000425	GO:0006366
10000	GO:0000425	GO:1990431
10000	GO:0000429	GO:0002702
10000	GO:0000429	GO:0071035
10000	GO:0000431	GO:1902228
10000	GO:0000435	GO:0005987
10000	GO:0000435	GO:0032686
10000	GO:0000435	GO:0072243
10000	GO:0000436	GO:0032224
10000	GO:0000436	GO:1904430
10000	GO:0000448	GO:0090257
10000	GO:0000451	GO:0001810
10000	GO:0000451	GO:0036295
10000	GO:0000451	GO:0048496
10000	GO:0000454	GO:0044855
10000	GO:0000454	GO:0070094
10000	GO:0000454	GO:0090670
10000	GO:0000455	GO:0150152
10000	GO:0000461	GO:0003357
10000	GO:0000462	GO:0007321
10000	GO:0000467	GO:0006376
10000	GO:0000470	GO:0006405
10000	GO:0000470	GO:0034142
10000	GO:0000470	GO:0046209
10000	GO:0000470	GO:0046351
10000	GO:0000472	GO:0035150
10000	GO:0000472	GO:1902746
10000	GO:0000479	GO:0060054
10000	GO:0000480	GO:0031365
10000	GO:0000480	GO:0031407
10000	GO:0000480	GO:0034497
10000	GO:0000481	GO:0001743
10000	GO:0000481	GO:0046167
10000	GO:0000481	GO:0090136
10000	GO:0000481	GO:1904533
10000	GO:0000491	GO:0017062
10000	GO:0000492	GO:0045760
10000	GO:0000492	GO:2000466
10000	GO:0000493	GO:0031629
10000	GO:0000493	GO:0035562
10000	GO:0000494	GO:0006063
10000	GO:0000495	GO:0010506
10000	GO:0000495	GO:0060047
10000	GO:0000512	GO:0061938
10000	GO:0000706	GO:0019720
10000	GO:0000706	GO:0072008
10000	GO:0000707	GO:0042429
10000	GO:0000707	GO:0061197
10000	GO:0000708	GO:0001763
10000	GO:0000708	GO:0015779
10000	GO:0000708	GO:0070665
10000	GO:0000708	GO:0141151
10000	GO:0000708	GO:1905562
10000	GO:0000709	GO:1902499
10000	GO:0000710	GO:0060897
10000	GO:0000710	GO:0062207
10000	GO:0000710	GO:0070150
10000	GO:0000711	GO:0009789
10000	GO:0000711	GO:0072007
10000	GO:0000720	GO:0044057
10000	GO:0000724	GO:0072707
10000	GO:0000725	GO:0045661
10000	GO:0000727	GO:0038020
10000	GO:0000727	GO:0042181
10000	GO:0000727	GO:0042986
10000	GO:0000729	GO:0010637
10000	GO:0000729	GO:0031446
10000	GO:0000729	GO:0051017
10000	GO:0000730	GO:1903516
10000	GO:0000731	GO:0043457
10000	GO:0000731	GO:1901606
10000	GO:0000732	GO:0070168
10000	GO:0000732	GO:0072161
10000	GO:0000741	GO:0030397
10000	GO:0000819	GO:0005979
10000	GO:0000819	GO:0007191
10000	GO:0000819	GO:1901098
10000	GO:0000820	GO:0001543
10000	GO:0000821	GO:0042797
10000	GO:0000821	GO:0090310
10000	GO:0000821	GO:0160194
10000	GO:0000821	GO:1901656
10000	GO:0000821	GO:1990034
10000	GO:0000902	GO:0030003
10000	GO:0000902	GO:0032410
10000	GO:0000915	GO:0001922
10000	GO:0000921	GO:0007369
10000	GO:0000956	GO:0042723
10000	GO:0000956	GO:0048699
10000	GO:0000956	GO:0051668
10000	GO:0000956	GO:1901647
10000	GO:0000957	GO:0002585
10000	GO:0000960	GO:0010523
10000	GO:0000960	GO:0010751
10000	GO:0000960	GO:0043153
10000	GO:0000960	GO:1904589
10000	GO:0000961	GO:0070227
10000	GO:0000962	GO:0034349
10000	GO:0000962	GO:0045876
10000	GO:0000962	GO:0071447
10000	GO:0000963	GO:0034453
10000	GO:0000963	GO:0050428
10000	GO:0000964	GO:0048878
10000	GO:0000964	GO:1905557
10000	GO:0000965	GO:0098990
10000	GO:0000966	GO:0003218
10000	GO:0000966	GO:0032353
10000	GO:0000968	GO:0008215
10000	GO:0000968	GO:0042997
10000	GO:0000968	GO:0071604
10000	GO:0000968	GO:1901419
10000	GO:0000972	GO:0002708
10000	GO:0000972	GO:0060399
10000	GO:0000972	GO:1902954
10000	GO:0000973	GO:0015693
10000	GO:0000973	GO:0070126
10000	GO:0000973	GO:0072717
10000	GO:0001100	GO:0035695
10000	GO:0001101	GO:0006811
10000	GO:0001109	GO:0043207
10000	GO:0001109	GO:1902661
10000	GO:0001109	GO:2000386
10000	GO:0001112	GO:0030101
10000	GO:0001117	GO:0015747
10000	GO:0001120	GO:0046486
10000	GO:0001172	GO:1904105
10000	GO:0001173	GO:0006531
10000	GO:0001174	GO:0009439
10000	GO:0001174	GO:0090023
10000	GO:0001174	GO:2000194
10000	GO:0001178	GO:0021781
10000	GO:0001188	GO:0007042
10000	GO:0001188	GO:0034644
10000	GO:0001192	GO:0060467
10000	GO:0001192	GO:0070647
10000	GO:0001192	GO:0097398
10000	GO:0001193	GO:0017186
10000	GO:0001193	GO:0097402
10000	GO:0001325	GO:0019082
10000	GO:0001325	GO:0031954
10000	GO:0001325	GO:0046878
10000	GO:0001408	GO:0036146
10000	GO:0001408	GO:1905025
10000	GO:0001502	GO:0010813
10000	GO:0001502	GO:0034344
10000	GO:0001502	GO:1902631
10000	GO:0001503	GO:1904204
10000	GO:0001504	GO:0061156
10000	GO:0001504	GO:0072080
10000	GO:0001508	GO:0043633
10000	GO:0001510	GO:1904491
10000	GO:0001516	GO:0010902
10000	GO:0001516	GO:0099527
10000	GO:0001519	GO:0032535
10000	GO:0001522	GO:0071725
10000	GO:0001522	GO:0098885
10000	GO:0001525	GO:0060014
10000	GO:0001525	GO:0098530
10000	GO:0001539	GO:0003007
10000	GO:0001539	GO:0006110
10000	GO:0001539	GO:0007631
10000	GO:0001541	GO:0035902
10000	GO:0001543	GO:1990790
10000	GO:0001545	GO:0033625
10000	GO:0001545	GO:0046322
10000	GO:0001545	GO:0051611
10000	GO:0001546	GO:0008150
10000	GO:0001546	GO:0046320
10000	GO:0001549	GO:0045582
10000	GO:0001549	GO:1903778
10000	GO:0001550	GO:0061792
10000	GO:0001550	GO:0072197
10000	GO:0001553	GO:0033314
10000	GO:0001553	GO:0099151
10000	GO:0001554	GO:0051093
10000	GO:0001554	GO:1990683
10000	GO:0001555	GO:0002676
10000	GO:0001555	GO:0072757
10000	GO:0001556	GO:0010832
10000	GO:0001556	GO:0035543
10000	GO:0001556	GO:0045137
10000	GO:0001556	GO:0090257
10000	GO:0001556	GO:1905332
10000	GO:0001558	GO:0034260
10000	GO:0001558	GO:1901385
10000	GO:0001560	GO:0071602
10000	GO:0001561	GO:0042126
10000	GO:0001562	GO:0061864
10000	GO:0001562	GO:2000523
10000	GO:0001568	GO:1902178
10000	GO:0001569	GO:0141190
10000	GO:0001569	GO:0160069
10000	GO:0001570	GO:0170043
10000	GO:0001570	GO:1990809
10000	GO:0001572	GO:0060426
10000	GO:0001573	GO:0006897
10000	GO:0001573	GO:0009888
10000	GO:0001574	GO:0002925
10000	GO:0001574	GO:0060137
10000	GO:0001574	GO:0090206
10000	GO:0001576	GO:0019678
10000	GO:0001578	GO:0021539
10000	GO:0001579	GO:1901563
10000	GO:0001580	GO:0014743
10000	GO:0001580	GO:1902034
10000	GO:0001649	GO:1903464
10000	GO:0001654	GO:1905600
10000	GO:0001655	GO:0051096
10000	GO:0001655	GO:2000480
10000	GO:0001656	GO:0002429
10000	GO:0001656	GO:1900372
10000	GO:0001656	GO:1904238
10000	GO:0001656	GO:1904646
10000	GO:0001658	GO:0032459
10000	GO:0001658	GO:0033594
10000	GO:0001660	GO:0009225
10000	GO:0001660	GO:0046057
10000	GO:0001661	GO:0043330
10000	GO:0001662	GO:0061844
10000	GO:0001666	GO:0015986
10000	GO:0001666	GO:0035881
10000	GO:0001667	GO:0016441
10000	GO:0001667	GO:1902728
10000	GO:0001675	GO:0010593
10000	GO:0001675	GO:0032277
10000	GO:0001675	GO:0035645
10000	GO:0001675	GO:0061043
10000	GO:0001676	GO:0044779
10000	GO:0001678	GO:0015844
10000	GO:0001680	GO:0014812
10000	GO:0001680	GO:0043508
10000	GO:0001692	GO:0033008
10000	GO:0001694	GO:0038160
10000	GO:0001698	GO:0060254
10000	GO:0001698	GO:1903714
10000	GO:0001704	GO:0006874
10000	GO:0001704	GO:0009787
10000	GO:0001704	GO:1990114
10000	GO:0001705	GO:0045950
10000	GO:0001705	GO:1904542
10000	GO:0001706	GO:0035988
10000	GO:0001708	GO:0033082
10000	GO:0001709	GO:0097332
10000	GO:0001714	GO:0021522
10000	GO:0001714	GO:1903494
10000	GO:0001732	GO:0002066
10000	GO:0001732	GO:0010984
10000	GO:0001736	GO:0002698
10000	GO:0001736	GO:0050914
10000	GO:0001738	GO:0032243
10000	GO:0001738	GO:0035562
10000	GO:0001738	GO:0060040
10000	GO:0001738	GO:1904594
10000	GO:0001743	GO:0110026
10000	GO:0001755	GO:0032888
10000	GO:0001756	GO:0006625
10000	GO:0001756	GO:0007217
10000	GO:0001756	GO:0036213
10000	GO:0001756	GO:2000194
10000	GO:0001757	GO:0097272
10000	GO:0001759	GO:0006642
10000	GO:0001763	GO:0032292
10000	GO:0001764	GO:0032388
10000	GO:0001764	GO:0034499
10000	GO:0001764	GO:0043651
10000	GO:0001765	GO:0007323
10000	GO:0001765	GO:0042839
10000	GO:0001765	GO:0051128
10000	GO:0001765	GO:0106044
10000	GO:0001766	GO:0075523
10000	GO:0001767	GO:0002445
10000	GO:0001767	GO:0045628
10000	GO:0001768	GO:0070142
10000	GO:0001768	GO:0110088
10000	GO:0001771	GO:0007158
10000	GO:0001771	GO:0031098
10000	GO:0001773	GO:0098883
10000	GO:0001773	GO:2000191
10000	GO:0001774	GO:0006157
10000	GO:0001774	GO:0018214
10000	GO:0001774	GO:1903516
10000	GO:0001775	GO:0061873
10000	GO:0001778	GO:0045588
10000	GO:0001779	GO:0035910
10000	GO:0001782	GO:0060468
10000	GO:0001783	GO:0019254
10000	GO:0001787	GO:0045019
10000	GO:0001787	GO:0051239
10000	GO:0001794	GO:0051938
10000	GO:0001794	GO:0071504
10000	GO:0001797	GO:0097091
10000	GO:0001798	GO:0046521
10000	GO:0001798	GO:0071871
10000	GO:0001805	GO:0038096
10000	GO:0001805	GO:0047497
10000	GO:0001805	GO:0070571
10000	GO:0001806	GO:0003311
10000	GO:0001807	GO:0006941
10000	GO:0001809	GO:0033353
10000	GO:0001810	GO:1900060
10000	GO:0001812	GO:0090209
10000	GO:0001813	GO:0023052
10000	GO:0001813	GO:0070935
10000	GO:0001814	GO:0002729
10000	GO:0001815	GO:0043132
10000	GO:0001818	GO:0010718
10000	GO:0001818	GO:0044319
10000	GO:0001821	GO:0015808
10000	GO:0001822	GO:0007638
10000	GO:0001822	GO:0030505
10000	GO:0001822	GO:0060678
10000	GO:0001822	GO:0099054
10000	GO:0001823	GO:0015942
10000	GO:0001823	GO:0019627
10000	GO:0001823	GO:1905162
10000	GO:0001824	GO:0060349
10000	GO:0001825	GO:0006308
10000	GO:0001825	GO:0045026
10000	GO:0001826	GO:0045598
10000	GO:0001829	GO:0015787
10000	GO:0001829	GO:0048732
10000	GO:0001832	GO:0032242
10000	GO:0001832	GO:0061792
10000	GO:0001833	GO:0007129
10000	GO:0001833	GO:0051593
10000	GO:0001834	GO:0045990
10000	GO:0001836	GO:0034589
10000	GO:0001837	GO:0060809
10000	GO:0001840	GO:0035491
10000	GO:0001840	GO:0035812
10000	GO:0001843	GO:1905695
10000	GO:0001843	GO:2000278
10000	GO:0001865	GO:0051599
10000	GO:0001866	GO:0070229
10000	GO:0001867	GO:0045683
10000	GO:0001867	GO:2000752
10000	GO:0001868	GO:0006188
10000	GO:0001868	GO:0046329
10000	GO:0001868	GO:1904304
10000	GO:0001868	GO:1904421
10000	GO:0001869	GO:0050731
10000	GO:0001878	GO:0003032
10000	GO:0001878	GO:0021846
10000	GO:0001878	GO:0070266
10000	GO:0001878	GO:1904640
10000	GO:0001880	GO:0035728
10000	GO:0001880	GO:1905089
10000	GO:0001880	GO:2001199
10000	GO:0001881	GO:1904631
10000	GO:0001885	GO:0046473
10000	GO:0001886	GO:0043602
10000	GO:0001890	GO:0070989
10000	GO:0001892	GO:0032653
10000	GO:0001892	GO:0090190
10000	GO:0001894	GO:0006592
10000	GO:0001906	GO:0007188
10000	GO:0001906	GO:0022904
10000	GO:0001906	GO:0099188
10000	GO:0001909	GO:0031295
10000	GO:0001909	GO:0048571
10000	GO:0001910	GO:0038034
10000	GO:0001912	GO:0048293
10000	GO:0001912	GO:2000597
10000	GO:0001913	GO:0033144
10000	GO:0001914	GO:0035166
10000	GO:0001914	GO:1902904
10000	GO:0001915	GO:1905605
10000	GO:0001916	GO:0008298
10000	GO:0001916	GO:0030389
10000	GO:0001919	GO:0060378
10000	GO:0001919	GO:0071902
10000	GO:0001920	GO:0016476
10000	GO:0001922	GO:0030163
10000	GO:0001922	GO:0034085
10000	GO:0001922	GO:0048332
10000	GO:0001923	GO:0017192
10000	GO:0001923	GO:1902415
10000	GO:0001928	GO:0070661
10000	GO:0001932	GO:0015913
10000	GO:0001933	GO:0018191
10000	GO:0001933	GO:1904784
10000	GO:0001934	GO:1902957
10000	GO:0001934	GO:1904021
10000	GO:0001935	GO:0003354
10000	GO:0001935	GO:0007500
10000	GO:0001936	GO:0009617
10000	GO:0001936	GO:1905532
10000	GO:0001937	GO:0003182
10000	GO:0001937	GO:0072402
10000	GO:0001937	GO:1905710
10000	GO:0001941	GO:1990117
10000	GO:0001942	GO:0014737
10000	GO:0001942	GO:0070098
10000	GO:0001945	GO:0072319
10000	GO:0001947	GO:0015882
10000	GO:0001949	GO:0046296
10000	GO:0001951	GO:0071965
10000	GO:0001952	GO:0017183
10000	GO:0001952	GO:0036359
10000	GO:0001953	GO:0042129
10000	GO:0001954	GO:0034127
10000	GO:0001955	GO:0051592
10000	GO:0001955	GO:1903722
10000	GO:0001955	GO:1904181
10000	GO:0001957	GO:0046134
10000	GO:0001958	GO:1904321
10000	GO:0001959	GO:0071266
10000	GO:0001959	GO:2000009
10000	GO:0001960	GO:0061110
10000	GO:0001960	GO:0072278
10000	GO:0001961	GO:0008595
10000	GO:0001961	GO:1901382
10000	GO:0001963	GO:0060340
10000	GO:0001963	GO:0097700
10000	GO:0001963	GO:1903891
10000	GO:0001964	GO:0071528
10000	GO:0001966	GO:0040001
10000	GO:0001969	GO:0010804
10000	GO:0001969	GO:0034504
10000	GO:0001969	GO:1904000
10000	GO:0001970	GO:0061303
10000	GO:0001971	GO:0060211
10000	GO:0001971	GO:0070383
10000	GO:0001974	GO:0043651
10000	GO:0001975	GO:0010496
10000	GO:0001975	GO:0030207
10000	GO:0001975	GO:0097117
10000	GO:0001975	GO:1902528
10000	GO:0001976	GO:0051122
10000	GO:0001977	GO:0048823
10000	GO:0001977	GO:0060136
10000	GO:0001980	GO:0030431
10000	GO:0001990	GO:0007595
10000	GO:0001990	GO:0048284
10000	GO:0001991	GO:0030071
10000	GO:0001991	GO:1990791
10000	GO:0001992	GO:0046464
10000	GO:0001994	GO:0015812
10000	GO:0001996	GO:0002887
10000	GO:0001996	GO:1904723
10000	GO:0002000	GO:0034474
10000	GO:0002000	GO:0072135
10000	GO:0002003	GO:0072177
10000	GO:0002009	GO:0009452
10000	GO:0002011	GO:0055010
10000	GO:0002016	GO:0051659
10000	GO:0002017	GO:0015783
10000	GO:0002017	GO:0033195
10000	GO:0002017	GO:0036092
10000	GO:0002019	GO:0035150
10000	GO:0002019	GO:1902151
10000	GO:0002021	GO:0072006
10000	GO:0002023	GO:0046039
10000	GO:0002023	GO:0050853
10000	GO:0002023	GO:1905890
10000	GO:0002029	GO:0002182
10000	GO:0002029	GO:0043330
10000	GO:0002029	GO:0044837
10000	GO:0002029	GO:0048711
10000	GO:0002029	GO:1903708
10000	GO:0002031	GO:1902775
10000	GO:0002031	GO:1903516
10000	GO:0002033	GO:0048863
10000	GO:0002033	GO:0070425
10000	GO:0002034	GO:0098530
10000	GO:0002034	GO:0140048
10000	GO:0002036	GO:0072553
10000	GO:0002038	GO:0009441
10000	GO:0002038	GO:0048630
10000	GO:0002038	GO:0150105
10000	GO:0002040	GO:0019478
10000	GO:0002042	GO:2000373
10000	GO:0002043	GO:1905205
10000	GO:0002052	GO:0007286
10000	GO:0002052	GO:0044703
10000	GO:0002053	GO:0033280
10000	GO:0002053	GO:0033615
10000	GO:0002053	GO:0042373
10000	GO:0002053	GO:0050917
10000	GO:0002063	GO:0015790
10000	GO:0002063	GO:0043009
10000	GO:0002065	GO:0015912
10000	GO:0002065	GO:0062234
10000	GO:0002066	GO:0006959
10000	GO:0002066	GO:0060265
10000	GO:0002067	GO:0002925
10000	GO:0002067	GO:0003032
10000	GO:0002067	GO:0032869
10000	GO:0002067	GO:1903352
10000	GO:0002070	GO:1904633
10000	GO:0002077	GO:0042436
10000	GO:0002077	GO:0098583
10000	GO:0002078	GO:0006166
10000	GO:0002082	GO:1900108
10000	GO:0002084	GO:0019725
10000	GO:0002084	GO:0023019
10000	GO:0002084	GO:0060080
10000	GO:0002084	GO:2001286
10000	GO:0002085	GO:0072259
10000	GO:0002085	GO:1903077
10000	GO:0002085	GO:1904567
10000	GO:0002090	GO:1902461
10000	GO:0002092	GO:0009311
10000	GO:0002092	GO:0033539
10000	GO:0002093	GO:0040034
10000	GO:0002093	GO:0072278
10000	GO:0002093	GO:0086045
10000	GO:0002093	GO:1904426
10000	GO:0002097	GO:0045216
10000	GO:0002099	GO:1902475
10000	GO:0002101	GO:0016311
10000	GO:0002101	GO:0071277
10000	GO:0002101	GO:1905940
10000	GO:0002118	GO:0010604
10000	GO:0002125	GO:0006777
10000	GO:0002125	GO:1905782
10000	GO:0002127	GO:0046718
10000	GO:0002128	GO:0002732
10000	GO:0002128	GO:0030168
10000	GO:0002128	GO:0033233
10000	GO:0002128	GO:0060010
10000	GO:0002130	GO:0038112
10000	GO:0002143	GO:0035728
10000	GO:0002143	GO:0072524
10000	GO:0002152	GO:0072577
10000	GO:0002152	GO:1901663
10000	GO:0002155	GO:0006417
10000	GO:0002155	GO:1903189
10000	GO:0002158	GO:0031365
10000	GO:0002158	GO:0035845
10000	GO:0002158	GO:0036445
10000	GO:0002159	GO:0010907
10000	GO:0002160	GO:0002398
10000	GO:0002160	GO:0032655
10000	GO:0002181	GO:0033762
10000	GO:0002181	GO:1903781
10000	GO:0002182	GO:0043487
10000	GO:0002182	GO:0050654
10000	GO:0002182	GO:1900620
10000	GO:0002183	GO:0006414
10000	GO:0002183	GO:0055080
10000	GO:0002184	GO:0034030
10000	GO:0002184	GO:0071582
10000	GO:0002188	GO:0051584
10000	GO:0002188	GO:0098974
10000	GO:0002190	GO:1905301
10000	GO:0002191	GO:0009264
10000	GO:0002191	GO:0090713
10000	GO:0002192	GO:0010811
10000	GO:0002192	GO:0045752
10000	GO:0002200	GO:0006629
10000	GO:0002200	GO:0022614
10000	GO:0002204	GO:0021853
10000	GO:0002204	GO:1904781
10000	GO:0002209	GO:2000171
10000	GO:0002209	GO:2000872
10000	GO:0002215	GO:0021764
10000	GO:0002215	GO:0060315
10000	GO:0002215	GO:0110076
10000	GO:0002215	GO:1903073
10000	GO:0002215	GO:1903348
10000	GO:0002218	GO:0051410
10000	GO:0002218	GO:0070141
10000	GO:0002220	GO:0098902
10000	GO:0002221	GO:0009217
10000	GO:0002221	GO:0018293
10000	GO:0002221	GO:0072230
10000	GO:0002222	GO:0048814
10000	GO:0002225	GO:0007368
10000	GO:0002227	GO:0060346
10000	GO:0002227	GO:0071035
10000	GO:0002227	GO:0120182
10000	GO:0002230	GO:0071265
10000	GO:0002232	GO:0010749
10000	GO:0002237	GO:0060052
10000	GO:0002238	GO:0060354
10000	GO:0002244	GO:0097291
10000	GO:0002246	GO:1902685
10000	GO:0002250	GO:0031125
10000	GO:0002254	GO:0140546
10000	GO:0002260	GO:1905747
10000	GO:0002262	GO:0019482
10000	GO:0002262	GO:0060351
10000	GO:0002263	GO:0048278
10000	GO:0002263	GO:2000628
10000	GO:0002265	GO:0014859
10000	GO:0002266	GO:0009791
10000	GO:0002266	GO:0010812
10000	GO:0002266	GO:0033146
10000	GO:0002266	GO:0039531
10000	GO:0002269	GO:0098742
10000	GO:0002270	GO:0019184
10000	GO:0002270	GO:0034766
10000	GO:0002273	GO:0071559
10000	GO:0002274	GO:0009147
10000	GO:0002275	GO:0007525
10000	GO:0002275	GO:0032392
10000	GO:0002277	GO:0010812
10000	GO:0002277	GO:0031144
10000	GO:0002277	GO:1904508
10000	GO:0002280	GO:1902253
10000	GO:0002281	GO:0006685
10000	GO:0002281	GO:0051612
10000	GO:0002281	GO:1905552
10000	GO:0002282	GO:0060560
10000	GO:0002283	GO:0071657
10000	GO:0002286	GO:1990646
10000	GO:0002291	GO:0060545
10000	GO:0002291	GO:1901340
10000	GO:0002291	GO:2000476
10000	GO:0002292	GO:0021847
10000	GO:0002292	GO:0099601
10000	GO:0002293	GO:0007269
10000	GO:0002293	GO:1905299
10000	GO:0002294	GO:0034331
10000	GO:0002294	GO:0038184
10000	GO:0002294	GO:0045976
10000	GO:0002294	GO:0046131
10000	GO:0002295	GO:0070318
10000	GO:0002295	GO:1903909
10000	GO:0002296	GO:0015843
10000	GO:0002296	GO:0071503
10000	GO:0002296	GO:0099140
10000	GO:0002302	GO:0150018
10000	GO:0002305	GO:0060478
10000	GO:0002309	GO:0140207
10000	GO:0002309	GO:0150052
10000	GO:0002309	GO:1903829
10000	GO:0002312	GO:0034101
10000	GO:0002312	GO:0034248
10000	GO:0002312	GO:0046458
10000	GO:0002314	GO:0007127
10000	GO:0002315	GO:0002427
10000	GO:0002315	GO:0045839
10000	GO:0002316	GO:0015772
10000	GO:0002318	GO:0031669
10000	GO:0002319	GO:0042119
10000	GO:0002322	GO:1990962
10000	GO:0002326	GO:0003209
10000	GO:0002327	GO:0034164
10000	GO:0002328	GO:0043383
10000	GO:0002329	GO:0032817
10000	GO:0002329	GO:1903522
10000	GO:0002331	GO:0017003
10000	GO:0002331	GO:0046959
10000	GO:0002331	GO:0072716
10000	GO:0002335	GO:0031577
10000	GO:0002335	GO:0060887
10000	GO:0002335	GO:2000756
10000	GO:0002336	GO:0072338
10000	GO:0002336	GO:2000827
10000	GO:0002339	GO:1905460
10000	GO:0002343	GO:0007605
10000	GO:0002344	GO:0016479
10000	GO:0002347	GO:0034599
10000	GO:0002347	GO:2000670
10000	GO:0002347	GO:2000725
10000	GO:0002355	GO:0051580
10000	GO:0002355	GO:1903896
10000	GO:0002360	GO:1901984
10000	GO:0002363	GO:1900004
10000	GO:0002364	GO:1904380
10000	GO:0002364	GO:2000104
10000	GO:0002366	GO:0010335
10000	GO:0002366	GO:0033301
10000	GO:0002376	GO:0141163
10000	GO:0002376	GO:1902512
10000	GO:0002385	GO:0032402
10000	GO:0002385	GO:0048644
10000	GO:0002385	GO:2000982
10000	GO:0002387	GO:0006154
10000	GO:0002395	GO:0006508
10000	GO:0002399	GO:0097745
10000	GO:0002407	GO:0014002
10000	GO:0002407	GO:1900039
10000	GO:0002407	GO:1903487
10000	GO:0002408	GO:0015756
10000	GO:0002408	GO:1990758
10000	GO:0002412	GO:2000452
10000	GO:0002415	GO:0106088
10000	GO:0002416	GO:0060326
10000	GO:0002416	GO:0075525
10000	GO:0002416	GO:0097534
10000	GO:0002418	GO:0002903
10000	GO:0002418	GO:0016479
10000	GO:0002418	GO:0051469
10000	GO:0002419	GO:0072733
10000	GO:0002423	GO:0006679
10000	GO:0002423	GO:0015865
10000	GO:0002423	GO:0030592
10000	GO:0002423	GO:0071222
10000	GO:0002427	GO:0045472
10000	GO:0002427	GO:0072402
10000	GO:0002428	GO:0170040
10000	GO:0002433	GO:0015031
10000	GO:0002435	GO:0006790
10000	GO:0002436	GO:0035854
10000	GO:0002436	GO:0051125
10000	GO:0002437	GO:0110090
10000	GO:0002437	GO:1903320
10000	GO:0002437	GO:1904048
10000	GO:0002438	GO:0021545
10000	GO:0002439	GO:0009994
10000	GO:0002439	GO:0030854
10000	GO:0002439	GO:2000698
10000	GO:0002441	GO:0033083
10000	GO:0002441	GO:1905526
10000	GO:0002443	GO:0006120
10000	GO:0002444	GO:0051048
10000	GO:0002444	GO:0070192
10000	GO:0002445	GO:0019100
10000	GO:0002445	GO:0045964
10000	GO:0002445	GO:0051353
10000	GO:0002445	GO:0060052
10000	GO:0002446	GO:1904340
10000	GO:0002449	GO:0045843
10000	GO:0002450	GO:0014901
10000	GO:0002451	GO:0036072
10000	GO:0002451	GO:0072254
10000	GO:0002451	GO:1903288
10000	GO:0002451	GO:1904997
10000	GO:0002451	GO:1905581
10000	GO:0002455	GO:0007349
10000	GO:0002455	GO:0033674
10000	GO:0002455	GO:0051646
10000	GO:0002458	GO:0080129
10000	GO:0002461	GO:0006701
10000	GO:0002461	GO:0045787
10000	GO:0002461	GO:0090276
10000	GO:0002461	GO:0140706
10000	GO:0002462	GO:0141061
10000	GO:0002465	GO:0006562
10000	GO:0002465	GO:0071550
10000	GO:0002467	GO:0060136
10000	GO:0002467	GO:0099575
10000	GO:0002469	GO:2000645
10000	GO:0002474	GO:0006986
10000	GO:0002476	GO:0033540
10000	GO:0002476	GO:0043065
10000	GO:0002476	GO:0043615
10000	GO:0002476	GO:0070487
10000	GO:0002477	GO:0032870
10000	GO:0002477	GO:0048468
10000	GO:0002478	GO:0043517
10000	GO:0002479	GO:0015888
10000	GO:0002479	GO:1905342
10000	GO:0002483	GO:0045727
10000	GO:0002486	GO:0045939
10000	GO:0002486	GO:0046599
10000	GO:0002486	GO:0070197
10000	GO:0002488	GO:0008544
10000	GO:0002489	GO:0009306
10000	GO:0002491	GO:1904431
10000	GO:0002495	GO:0046881
10000	GO:0002495	GO:0089708
10000	GO:0002501	GO:0034091
10000	GO:0002501	GO:0038165
10000	GO:0002501	GO:1903513
10000	GO:0002502	GO:0009114
10000	GO:0002503	GO:0060932
10000	GO:0002504	GO:1903426
10000	GO:0002505	GO:0045089
10000	GO:0002507	GO:0010813
10000	GO:0002507	GO:0060906
10000	GO:0002507	GO:1904157
10000	GO:0002508	GO:0014894
10000	GO:0002508	GO:0055118
10000	GO:0002508	GO:1905048
10000	GO:0002509	GO:0006149
10000	GO:0002513	GO:0043255
10000	GO:0002513	GO:0061326
10000	GO:0002518	GO:0031580
10000	GO:0002518	GO:0070268
10000	GO:0002519	GO:0008154
10000	GO:0002519	GO:0021693
10000	GO:0002520	GO:0042361
10000	GO:0002520	GO:0043252
10000	GO:0002520	GO:0110030
10000	GO:0002520	GO:1900279
10000	GO:0002521	GO:0010615
10000	GO:0002522	GO:1902425
10000	GO:0002523	GO:0002681
10000	GO:0002523	GO:0051926
10000	GO:0002524	GO:0018885
10000	GO:0002524	GO:0030518
10000	GO:0002528	GO:0002699
10000	GO:0002528	GO:0009199
10000	GO:0002528	GO:0015721
10000	GO:0002528	GO:0033685
10000	GO:0002532	GO:0021665
10000	GO:0002539	GO:0006672
10000	GO:0002539	GO:0032814
10000	GO:0002539	GO:0042985
10000	GO:0002543	GO:0044357
10000	GO:0002543	GO:0051081
10000	GO:0002543	GO:1902903
10000	GO:0002544	GO:0009193
10000	GO:0002544	GO:0061855
10000	GO:0002551	GO:0048752
10000	GO:0002551	GO:2000467
10000	GO:0002552	GO:0097112
10000	GO:0002553	GO:0021773
10000	GO:0002554	GO:0044870
10000	GO:0002562	GO:0008015
10000	GO:0002562	GO:1900371
10000	GO:0002562	GO:1904706
10000	GO:0002566	GO:0072050
10000	GO:0002566	GO:0072079
10000	GO:0002568	GO:0007518
10000	GO:0002568	GO:0035759
10000	GO:0002568	GO:0051305
10000	GO:0002568	GO:2000436
10000	GO:0002578	GO:0042941
10000	GO:0002578	GO:1904237
10000	GO:0002579	GO:0007267
10000	GO:0002579	GO:0016077
10000	GO:0002580	GO:0006995
10000	GO:0002581	GO:0045747
10000	GO:0002581	GO:0050867
10000	GO:0002582	GO:0006779
10000	GO:0002582	GO:0090251
10000	GO:0002583	GO:0018364
10000	GO:0002584	GO:0035677
10000	GO:0002584	GO:0071375
10000	GO:0002584	GO:2000134
10000	GO:0002586	GO:0033591
10000	GO:0002586	GO:0045026
10000	GO:0002588	GO:0021853
10000	GO:0002588	GO:0060142
10000	GO:0002588	GO:1902915
10000	GO:0002588	GO:1903785
10000	GO:0002588	GO:1905458
10000	GO:0002589	GO:0055095
10000	GO:0002589	GO:0070341
10000	GO:0002590	GO:0050727
10000	GO:0002590	GO:0090230
10000	GO:0002604	GO:0051917
10000	GO:0002604	GO:2000491
10000	GO:0002606	GO:0018016
10000	GO:0002622	GO:0009893
10000	GO:0002622	GO:0030221
10000	GO:0002625	GO:0048874
10000	GO:0002634	GO:0008228
10000	GO:0002634	GO:0008654
10000	GO:0002634	GO:0014717
10000	GO:0002634	GO:0097192
10000	GO:0002637	GO:0150093
10000	GO:0002637	GO:1902857
10000	GO:0002645	GO:1905279
10000	GO:0002646	GO:0002933
10000	GO:0002646	GO:0031295
10000	GO:0002651	GO:0003433
10000	GO:0002651	GO:0050901
10000	GO:0002652	GO:0090150
10000	GO:0002658	GO:1901673
10000	GO:0002661	GO:0061728
10000	GO:0002661	GO:1902860
10000	GO:0002663	GO:0098937
10000	GO:0002666	GO:0031023
10000	GO:0002666	GO:0048634
10000	GO:0002667	GO:0035526
10000	GO:0002667	GO:0071584
10000	GO:0002667	GO:0106022
10000	GO:0002669	GO:0009083
10000	GO:0002669	GO:1905537
10000	GO:0002669	GO:2000722
10000	GO:0002673	GO:0060037
10000	GO:0002673	GO:0140074
10000	GO:0002674	GO:0005993
10000	GO:0002674	GO:0006678
10000	GO:0002674	GO:0043043
10000	GO:0002674	GO:0044819
10000	GO:0002674	GO:0045836
10000	GO:0002676	GO:0046478
10000	GO:0002676	GO:1901072
10000	GO:0002677	GO:1905801
10000	GO:0002679	GO:0035482
10000	GO:0002681	GO:0016075
10000	GO:0002681	GO:1903606
10000	GO:0002682	GO:0071391
10000	GO:0002683	GO:0042559
10000	GO:0002684	GO:0022904
10000	GO:0002686	GO:0032910
10000	GO:0002686	GO:2000426
10000	GO:0002687	GO:0043418
10000	GO:0002688	GO:0032481
10000	GO:0002688	GO:0051223
10000	GO:0002689	GO:0005998
10000	GO:0002689	GO:0021633
10000	GO:0002689	GO:1902722
10000	GO:0002689	GO:1990983
10000	GO:0002689	GO:2000311
10000	GO:0002690	GO:0010663
10000	GO:0002692	GO:0071450
10000	GO:0002692	GO:2000260
10000	GO:0002693	GO:0006000
10000	GO:0002694	GO:0060169
10000	GO:0002695	GO:0006272
10000	GO:0002696	GO:0009095
10000	GO:0002697	GO:2000292
10000	GO:0002698	GO:0006473
10000	GO:0002698	GO:0045917
10000	GO:0002698	GO:1902904
10000	GO:0002699	GO:0046856
10000	GO:0002700	GO:0035929
10000	GO:0002701	GO:0071479
10000	GO:0002701	GO:0099553
10000	GO:0002702	GO:0033120
10000	GO:0002702	GO:0046439
10000	GO:0002702	GO:0072229
10000	GO:0002703	GO:0072678
10000	GO:0002704	GO:0022612
10000	GO:0002704	GO:2000278
10000	GO:0002705	GO:0055064
10000	GO:0002706	GO:0043063
10000	GO:0002706	GO:0046436
10000	GO:0002706	GO:0090153
10000	GO:0002706	GO:2000404
10000	GO:0002707	GO:0007056
10000	GO:0002707	GO:0071548
10000	GO:0002707	GO:0097084
10000	GO:0002707	GO:0150174
10000	GO:0002709	GO:0002768
10000	GO:0002709	GO:0061032
10000	GO:0002710	GO:0003323
10000	GO:0002710	GO:0031347
10000	GO:0002710	GO:0051541
10000	GO:0002712	GO:0051386
10000	GO:0002713	GO:0031347
10000	GO:0002713	GO:0034440
10000	GO:0002717	GO:0050926
10000	GO:0002718	GO:0046109
10000	GO:0002718	GO:0046456
10000	GO:0002719	GO:0032755
10000	GO:0002721	GO:1904714
10000	GO:0002725	GO:0032881
10000	GO:0002727	GO:0060306
10000	GO:0002728	GO:0023019
10000	GO:0002728	GO:0044871
10000	GO:0002728	GO:1905952
10000	GO:0002730	GO:0090364
10000	GO:0002735	GO:2001199
10000	GO:0002747	GO:0034312
10000	GO:0002752	GO:0015833
10000	GO:0002755	GO:0045838
10000	GO:0002755	GO:0070863
10000	GO:0002756	GO:0030910
10000	GO:0002756	GO:1904205
10000	GO:0002756	GO:2000765
10000	GO:0002757	GO:1905109
10000	GO:0002757	GO:1905219
10000	GO:0002757	GO:2000446
10000	GO:0002759	GO:0014721
10000	GO:0002759	GO:0070070
10000	GO:0002759	GO:0140706
10000	GO:0002760	GO:0007204
10000	GO:0002760	GO:0098754
10000	GO:0002760	GO:1905856
10000	GO:0002761	GO:0035564
10000	GO:0002762	GO:0045187
10000	GO:0002764	GO:1901211
10000	GO:0002765	GO:0040037
10000	GO:0002769	GO:1904534
10000	GO:0002774	GO:0048525
10000	GO:0002774	GO:0070960
10000	GO:0002777	GO:0072715
10000	GO:0002780	GO:0002835
10000	GO:0002780	GO:0021511
10000	GO:0002780	GO:0031365
10000	GO:0002780	GO:0034766
10000	GO:0002784	GO:0033690
10000	GO:0002786	GO:1905885
10000	GO:0002787	GO:0015914
10000	GO:0002787	GO:0032979
10000	GO:0002790	GO:0060971
10000	GO:0002791	GO:0007164
10000	GO:0002792	GO:0043372
10000	GO:0002793	GO:0006809
10000	GO:0002803	GO:0050689
10000	GO:0002803	GO:0061158
10000	GO:0002805	GO:0070664
10000	GO:0002805	GO:0098704
10000	GO:0002805	GO:1903806
10000	GO:0002819	GO:0030392
10000	GO:0002820	GO:0010571
10000	GO:0002820	GO:0010885
10000	GO:0002820	GO:0045660
10000	GO:0002820	GO:1990253
10000	GO:0002822	GO:0045926
10000	GO:0002824	GO:0106120
10000	GO:0002825	GO:0098810
10000	GO:0002826	GO:0019860
10000	GO:0002827	GO:0043387
10000	GO:0002827	GO:0051283
10000	GO:0002831	GO:0032973
10000	GO:0002833	GO:0048638
10000	GO:0002833	GO:1900020
10000	GO:0002834	GO:0170033
10000	GO:0002835	GO:0051001
10000	GO:0002836	GO:0033762
10000	GO:0002836	GO:0051155
10000	GO:0002838	GO:0009138
10000	GO:0002838	GO:0031163
10000	GO:0002840	GO:0046340
10000	GO:0002840	GO:1904863
10000	GO:0002841	GO:0006633
10000	GO:0002841	GO:0042636
10000	GO:0002841	GO:0045637
10000	GO:0002843	GO:1905144
10000	GO:0002849	GO:0071640
10000	GO:0002854	GO:1902373
10000	GO:0002855	GO:0072175
10000	GO:0002856	GO:1905857
10000	GO:0002857	GO:0030261
10000	GO:0002858	GO:0032691
10000	GO:0002858	GO:0043277
10000	GO:0002858	GO:0099601
10000	GO:0002859	GO:0140077
10000	GO:0002859	GO:1990079
10000	GO:0002860	GO:0101023
10000	GO:0002861	GO:0032898
10000	GO:0002862	GO:0045777
10000	GO:0002863	GO:0019226
10000	GO:0002863	GO:0035922
10000	GO:0002866	GO:0010819
10000	GO:0002866	GO:0010986
10000	GO:0002866	GO:1900117
10000	GO:0002877	GO:0016340
10000	GO:0002877	GO:0036510
10000	GO:0002877	GO:0043068
10000	GO:0002877	GO:0099552
10000	GO:0002879	GO:0052803
10000	GO:0002879	GO:0099547
10000	GO:0002879	GO:0140507
10000	GO:0002883	GO:0009304
10000	GO:0002883	GO:0034164
10000	GO:0002884	GO:0140507
10000	GO:0002886	GO:0008356
10000	GO:0002886	GO:0086036
10000	GO:0002887	GO:0007529
10000	GO:0002887	GO:0070189
10000	GO:0002887	GO:0070200
10000	GO:0002888	GO:0014003
10000	GO:0002888	GO:0030397
10000	GO:0002888	GO:0032370
10000	GO:0002889	GO:1903435
10000	GO:0002890	GO:0015772
10000	GO:0002892	GO:0036444
10000	GO:0002892	GO:0090400
10000	GO:0002893	GO:2000566
10000	GO:0002894	GO:0032671
10000	GO:0002894	GO:0032808
10000	GO:0002894	GO:1904271
10000	GO:0002895	GO:0090290
10000	GO:0002897	GO:1901889
10000	GO:0002902	GO:0009994
10000	GO:0002902	GO:0016553
10000	GO:0002902	GO:0032760
10000	GO:0002903	GO:0048742
10000	GO:0002903	GO:0070682
10000	GO:0002904	GO:0048701
10000	GO:0002904	GO:0051141
10000	GO:0002904	GO:0060074
10000	GO:0002905	GO:0046463
10000	GO:0002905	GO:0098598
10000	GO:0002906	GO:0044743
10000	GO:0002921	GO:0010719
10000	GO:0002921	GO:1904152
10000	GO:0002922	GO:0097117
10000	GO:0002923	GO:0006805
10000	GO:0002923	GO:0098906
10000	GO:0002924	GO:0006664
10000	GO:0002925	GO:0006537
10000	GO:0002925	GO:0006620
10000	GO:0002931	GO:0007004
10000	GO:0002933	GO:0046385
10000	GO:0002933	GO:0070252
10000	GO:0002934	GO:0021514
10000	GO:0002934	GO:0043568
10000	GO:0002934	GO:0045022
10000	GO:0002934	GO:1902236
10000	GO:0002939	GO:0061640
10000	GO:0002943	GO:0006167
10000	GO:0002943	GO:2000204
10000	GO:0002946	GO:0006509
10000	GO:0002946	GO:0055086
10000	GO:0002946	GO:0099578
10000	GO:0002949	GO:0071504
10000	GO:0002949	GO:2000352
10000	GO:0003002	GO:0003330
10000	GO:0003006	GO:0010613
10000	GO:0003006	GO:0031269
10000	GO:0003006	GO:0090402
10000	GO:0003006	GO:1904779
10000	GO:0003007	GO:0030223
10000	GO:0003007	GO:0071288
10000	GO:0003007	GO:1905221
10000	GO:0003008	GO:0032387
10000	GO:0003008	GO:1905884
10000	GO:0003008	GO:1990314
10000	GO:0003009	GO:0032731
10000	GO:0003010	GO:0034474
10000	GO:0003011	GO:1903435
10000	GO:0003014	GO:0035278
10000	GO:0003014	GO:0090259
10000	GO:0003015	GO:0010286
10000	GO:0003016	GO:1901740
10000	GO:0003018	GO:0045917
10000	GO:0003032	GO:0046031
10000	GO:0003044	GO:0060487
10000	GO:0003050	GO:0043062
10000	GO:0003051	GO:1905856
10000	GO:0003057	GO:0008206
10000	GO:0003057	GO:1990839
10000	GO:0003062	GO:0060664
10000	GO:0003064	GO:0071284
10000	GO:0003065	GO:0070429
10000	GO:0003065	GO:1902932
10000	GO:0003065	GO:1903846
10000	GO:0003069	GO:0010971
10000	GO:0003069	GO:0060135
10000	GO:0003069	GO:1903496
10000	GO:0003069	GO:1905072
10000	GO:0003070	GO:0097111
10000	GO:0003070	GO:1905838
10000	GO:0003070	GO:2000720
10000	GO:0003071	GO:0010042
10000	GO:0003071	GO:0039533
10000	GO:0003071	GO:0048845
10000	GO:0003071	GO:0150007
10000	GO:0003072	GO:0006904
10000	GO:0003072	GO:0051788
10000	GO:0003073	GO:0006614
10000	GO:0003073	GO:0008210
10000	GO:0003073	GO:0061015
10000	GO:0003083	GO:0014016
10000	GO:0003085	GO:0042491
10000	GO:0003085	GO:0106004
10000	GO:0003085	GO:1904935
10000	GO:0003091	GO:0106040
10000	GO:0003093	GO:0150159
10000	GO:0003094	GO:0006275
10000	GO:0003094	GO:0046718
10000	GO:0003094	GO:0097094
10000	GO:0003095	GO:0035689
10000	GO:0003096	GO:0031076
10000	GO:0003097	GO:0006656
10000	GO:0003097	GO:2000074
10000	GO:0003104	GO:0101023
10000	GO:0003105	GO:1904028
10000	GO:0003108	GO:0090318
10000	GO:0003108	GO:0097498
10000	GO:0003127	GO:0097532
10000	GO:0003128	GO:0009949
10000	GO:0003128	GO:1905553
10000	GO:0003129	GO:0071871
10000	GO:0003131	GO:0043449
10000	GO:0003131	GO:0086010
10000	GO:0003133	GO:0042368
10000	GO:0003133	GO:0042760
10000	GO:0003139	GO:0071374
10000	GO:0003139	GO:2000774
10000	GO:0003140	GO:0071275
10000	GO:0003140	GO:0120033
10000	GO:0003143	GO:0098742
10000	GO:0003147	GO:0031346
10000	GO:0003148	GO:0048588
10000	GO:0003149	GO:0098908
10000	GO:0003156	GO:0007171
10000	GO:0003158	GO:2000401
10000	GO:0003160	GO:2000118
10000	GO:0003161	GO:0010043
10000	GO:0003161	GO:0034340
10000	GO:0003162	GO:0033087
10000	GO:0003162	GO:0046131
10000	GO:0003163	GO:0051958
10000	GO:0003163	GO:1903053
10000	GO:0003166	GO:0061515
10000	GO:0003166	GO:0071219
10000	GO:0003167	GO:1990983
10000	GO:0003170	GO:0090596
10000	GO:0003170	GO:1904649
10000	GO:0003171	GO:1903946
10000	GO:0003172	GO:1904996
10000	GO:0003175	GO:0106101
10000	GO:0003175	GO:1900368
10000	GO:0003176	GO:0005982
10000	GO:0003177	GO:0032957
10000	GO:0003177	GO:0044085
10000	GO:0003177	GO:0051481
10000	GO:0003179	GO:0071637
10000	GO:0003180	GO:1904551
10000	GO:0003183	GO:0007190
10000	GO:0003184	GO:0071582
10000	GO:0003185	GO:0006505
10000	GO:0003186	GO:0034123
10000	GO:0003186	GO:0042659
10000	GO:0003186	GO:0042755
10000	GO:0003189	GO:0006368
10000	GO:0003189	GO:0009756
10000	GO:0003189	GO:0097640
10000	GO:0003189	GO:1901166
10000	GO:0003190	GO:2001012
10000	GO:0003192	GO:0010663
10000	GO:0003192	GO:0010893
10000	GO:0003192	GO:0097494
10000	GO:0003193	GO:0033273
10000	GO:0003193	GO:0036506
10000	GO:0003198	GO:0006041
10000	GO:0003198	GO:0060283
10000	GO:0003198	GO:0060923
10000	GO:0003203	GO:0097154
10000	GO:0003205	GO:0097055
10000	GO:0003205	GO:1905459
10000	GO:0003206	GO:0009080
10000	GO:0003207	GO:1903373
10000	GO:0003208	GO:0035720
10000	GO:0003209	GO:0099163
10000	GO:0003209	GO:1902511
10000	GO:0003211	GO:0030168
10000	GO:0003211	GO:0046146
10000	GO:0003211	GO:1905675
10000	GO:0003213	GO:0008150
10000	GO:0003213	GO:0034599
10000	GO:0003213	GO:0071221
10000	GO:0003214	GO:0032901
10000	GO:0003215	GO:0006566
10000	GO:0003215	GO:0070972
10000	GO:0003219	GO:0097490
10000	GO:0003220	GO:0080121
10000	GO:0003221	GO:0048813
10000	GO:0003223	GO:0051932
10000	GO:0003228	GO:0035809
10000	GO:0003228	GO:0098586
10000	GO:0003229	GO:0003366
10000	GO:0003229	GO:0006622
10000	GO:0003229	GO:0045666
10000	GO:0003236	GO:0003358
10000	GO:0003236	GO:0071418
10000	GO:0003241	GO:2000567
10000	GO:0003242	GO:0007254
10000	GO:0003253	GO:0035349
10000	GO:0003254	GO:0003352
10000	GO:0003259	GO:0009074
10000	GO:0003259	GO:0097529
10000	GO:0003260	GO:1901257
10000	GO:0003264	GO:0030833
10000	GO:0003266	GO:0006661
10000	GO:0003266	GO:0061564
10000	GO:0003273	GO:0071543
10000	GO:0003273	GO:1902075
10000	GO:0003274	GO:0030705
10000	GO:0003274	GO:0035543
10000	GO:0003279	GO:0043474
10000	GO:0003279	GO:0044793
10000	GO:0003279	GO:1904980
10000	GO:0003285	GO:0071955
10000	GO:0003299	GO:0060263
10000	GO:0003299	GO:0060948
10000	GO:0003300	GO:0032501
10000	GO:0003300	GO:0035349
10000	GO:0003300	GO:0051036
10000	GO:0003308	GO:0016109
10000	GO:0003309	GO:1905606
10000	GO:0003310	GO:0009221
10000	GO:0003310	GO:0021933
10000	GO:0003311	GO:0032470
10000	GO:0003318	GO:0008052
10000	GO:0003318	GO:0021933
10000	GO:0003322	GO:0010994
10000	GO:0003322	GO:0097084
10000	GO:0003323	GO:0042940
10000	GO:0003323	GO:1902856
10000	GO:0003331	GO:0140009
10000	GO:0003332	GO:0032680
10000	GO:0003332	GO:1902483
10000	GO:0003333	GO:0046092
10000	GO:0003334	GO:0060601
10000	GO:0003334	GO:0061886
10000	GO:0003336	GO:0038173
10000	GO:0003336	GO:0045618
10000	GO:0003336	GO:2000573
10000	GO:0003337	GO:0010255
10000	GO:0003337	GO:0021944
10000	GO:0003337	GO:0070318
10000	GO:0003338	GO:0006741
10000	GO:0003338	GO:0052111
10000	GO:0003339	GO:0006006
10000	GO:0003339	GO:0061512
10000	GO:0003340	GO:0060079
10000	GO:0003340	GO:0072538
10000	GO:0003341	GO:0050658
10000	GO:0003344	GO:0006573
10000	GO:0003344	GO:0048710
10000	GO:0003350	GO:0042088
10000	GO:0003350	GO:2000302
10000	GO:0003353	GO:0098887
10000	GO:0003354	GO:0035675
10000	GO:0003357	GO:0033605
10000	GO:0003358	GO:0048570
10000	GO:0003358	GO:0090035
10000	GO:0003359	GO:0043269
10000	GO:0003359	GO:0150098
10000	GO:0003360	GO:0034124
10000	GO:0003363	GO:0012502
10000	GO:0003365	GO:0070844
10000	GO:0003365	GO:1902236
10000	GO:0003366	GO:0010628
10000	GO:0003376	GO:0009072
10000	GO:0003376	GO:1905175
10000	GO:0003383	GO:0046204
10000	GO:0003401	GO:0010988
10000	GO:0003401	GO:2000765
10000	GO:0003404	GO:0006531
10000	GO:0003404	GO:0007060
10000	GO:0003404	GO:0051729
10000	GO:0003404	GO:0072331
10000	GO:0003406	GO:1902306
10000	GO:0003406	GO:1902732
10000	GO:0003407	GO:0046094
10000	GO:0003407	GO:0071027
10000	GO:0003407	GO:0097680
10000	GO:0003408	GO:1901137
10000	GO:0003409	GO:1904377
10000	GO:0003413	GO:0016081
10000	GO:0003413	GO:0035357
10000	GO:0003416	GO:0035278
10000	GO:0003416	GO:0048296
10000	GO:0003417	GO:0030949
10000	GO:0003418	GO:0071602
10000	GO:0003419	GO:0036294
10000	GO:0003420	GO:0021897
10000	GO:0003420	GO:2000872
10000	GO:0003421	GO:0045066
10000	GO:0003430	GO:0015706
10000	GO:0003430	GO:0038111
10000	GO:0003430	GO:0099628
10000	GO:0003431	GO:0010455
10000	GO:0003433	GO:0045165
10000	GO:0005513	GO:0007260
10000	GO:0005975	GO:0060629
10000	GO:0005977	GO:0015870
10000	GO:0005980	GO:0140331
10000	GO:0005981	GO:0010705
10000	GO:0005981	GO:0086055
10000	GO:0005981	GO:1901696
10000	GO:0005984	GO:0007043
10000	GO:0005984	GO:0050804
10000	GO:0005985	GO:0006553
10000	GO:0005985	GO:0071329
10000	GO:0005988	GO:0098906
10000	GO:0005989	GO:0032765
10000	GO:0005989	GO:0034404
10000	GO:0005989	GO:1990092
10000	GO:0005990	GO:0008655
10000	GO:0005991	GO:0006893
10000	GO:0005991	GO:0007276
10000	GO:0005991	GO:0048513
10000	GO:0005991	GO:0071483
10000	GO:0005993	GO:0031959
10000	GO:0005996	GO:0031122
10000	GO:0005998	GO:0032308
10000	GO:0005998	GO:0052803
10000	GO:0005998	GO:0072300
10000	GO:0005998	GO:1902461
10000	GO:0005998	GO:1905445
10000	GO:0006001	GO:0061668
10000	GO:0006001	GO:1904306
10000	GO:0006002	GO:0048568
10000	GO:0006003	GO:1901385
10000	GO:0006004	GO:0035684
10000	GO:0006004	GO:1905515
10000	GO:0006007	GO:0010744
10000	GO:0006007	GO:0070830
10000	GO:0006007	GO:1902151
10000	GO:0006007	GO:2000612
10000	GO:0006011	GO:1905314
10000	GO:0006013	GO:0010833
10000	GO:0006014	GO:0051169
10000	GO:0006014	GO:0060359
10000	GO:0006014	GO:1905325
10000	GO:0006014	GO:2000834
10000	GO:0006020	GO:0071639
10000	GO:0006021	GO:0009792
10000	GO:0006021	GO:1905291
10000	GO:0006022	GO:0015849
10000	GO:0006026	GO:0032967
10000	GO:0006026	GO:1901995
10000	GO:0006029	GO:1903725
10000	GO:0006030	GO:0072526
10000	GO:0006032	GO:0043502
10000	GO:0006032	GO:0062000
10000	GO:0006040	GO:0045924
10000	GO:0006045	GO:2000292
10000	GO:0006046	GO:0032872
10000	GO:0006046	GO:0042412
10000	GO:0006048	GO:0044062
10000	GO:0006048	GO:2001076
10000	GO:0006050	GO:0009880
10000	GO:0006050	GO:0010982
10000	GO:0006050	GO:0048712
10000	GO:0006050	GO:0051541
10000	GO:0006051	GO:0045186
10000	GO:0006054	GO:0060215
10000	GO:0006055	GO:0006513
10000	GO:0006055	GO:0016103
10000	GO:0006055	GO:0046063
10000	GO:0006062	GO:0016525
10000	GO:0006063	GO:0006780
10000	GO:0006064	GO:0034440
10000	GO:0006065	GO:0050927
10000	GO:0006065	GO:0060177
10000	GO:0006067	GO:0070292
10000	GO:0006081	GO:1905198
10000	GO:0006082	GO:0010614
10000	GO:0006082	GO:0071663
10000	GO:0006082	GO:0097049
10000	GO:0006082	GO:1903393
10000	GO:0006083	GO:0071866
10000	GO:0006084	GO:0022405
10000	GO:0006084	GO:0042455
10000	GO:0006085	GO:0019293
10000	GO:0006089	GO:0097698
10000	GO:0006089	GO:1903753
10000	GO:0006090	GO:0042308
10000	GO:0006091	GO:0007435
10000	GO:0006091	GO:0051892
10000	GO:0006094	GO:0071599
10000	GO:0006094	GO:1902679
10000	GO:0006096	GO:1905601
10000	GO:0006097	GO:0072715
10000	GO:0006097	GO:0090497
10000	GO:0006099	GO:0006592
10000	GO:0006101	GO:0097192
10000	GO:0006102	GO:0035364
10000	GO:0006102	GO:0046134
10000	GO:0006103	GO:0007601
10000	GO:0006103	GO:0046042
10000	GO:0006104	GO:0045652
10000	GO:0006104	GO:0046488
10000	GO:0006108	GO:0031146
10000	GO:0006109	GO:0070054
10000	GO:0006111	GO:0045625
10000	GO:0006114	GO:0051966
10000	GO:0006119	GO:0070571
10000	GO:0006120	GO:0048003
10000	GO:0006121	GO:1903845
10000	GO:0006127	GO:0060501
10000	GO:0006144	GO:0043311
10000	GO:0006145	GO:0042883
10000	GO:0006147	GO:0021678
10000	GO:0006154	GO:0048753
10000	GO:0006154	GO:0060254
10000	GO:0006154	GO:1904910
10000	GO:0006154	GO:1905229
10000	GO:0006157	GO:0022406
10000	GO:0006157	GO:0050908
10000	GO:0006157	GO:1902497
10000	GO:0006161	GO:0006734
10000	GO:0006161	GO:0009176
10000	GO:0006161	GO:0036325
10000	GO:0006161	GO:0072015
10000	GO:0006161	GO:0098885
10000	GO:0006163	GO:1904019
10000	GO:0006164	GO:0070779
10000	GO:0006172	GO:0021935
10000	GO:0006172	GO:0033622
10000	GO:0006172	GO:1902455
10000	GO:0006173	GO:0046426
10000	GO:0006178	GO:0050859
10000	GO:0006182	GO:0008614
10000	GO:0006182	GO:0042905
10000	GO:0006182	GO:0051851
10000	GO:0006182	GO:1903545
10000	GO:0006185	GO:0060556
10000	GO:0006188	GO:0044344
10000	GO:0006189	GO:0032957
10000	GO:0006189	GO:1903945
10000	GO:0006195	GO:0050872
10000	GO:0006195	GO:1901490
10000	GO:0006195	GO:1902109
10000	GO:0006198	GO:0042063
10000	GO:0006198	GO:0050818
10000	GO:0006204	GO:2001240
10000	GO:0006206	GO:0036114
10000	GO:0006206	GO:0070813
10000	GO:0006206	GO:1900619
10000	GO:0006207	GO:0031247
10000	GO:0006207	GO:0031272
10000	GO:0006207	GO:0046865
10000	GO:0006208	GO:0016048
10000	GO:0006213	GO:0030501
10000	GO:0006217	GO:0033602
10000	GO:0006217	GO:0071803
10000	GO:0006218	GO:0032008
10000	GO:0006218	GO:0070571
10000	GO:0006218	GO:0072593
10000	GO:0006218	GO:1904002
10000	GO:0006221	GO:0060971
10000	GO:0006221	GO:0070601
10000	GO:0006221	GO:0090208
10000	GO:0006221	GO:2000095
10000	GO:0006222	GO:0034699
10000	GO:0006222	GO:0160023
10000	GO:0006222	GO:1902969
10000	GO:0006225	GO:0014896
10000	GO:0006226	GO:0006313
10000	GO:0006231	GO:2000859
10000	GO:0006233	GO:0006560
10000	GO:0006233	GO:1903083
10000	GO:0006241	GO:0050871
10000	GO:0006241	GO:1903401
10000	GO:0006249	GO:0099158
10000	GO:0006253	GO:1904412
10000	GO:0006256	GO:0042998
10000	GO:0006259	GO:1901607
10000	GO:0006260	GO:0042074
10000	GO:0006260	GO:2000814
10000	GO:0006267	GO:0090673
10000	GO:0006269	GO:0019882
10000	GO:0006270	GO:0006282
10000	GO:0006270	GO:0007501
10000	GO:0006270	GO:1905450
10000	GO:0006271	GO:0060602
10000	GO:0006271	GO:0097638
10000	GO:0006272	GO:0006516
10000	GO:0006272	GO:0036092
10000	GO:0006272	GO:0043456
10000	GO:0006272	GO:1904370
10000	GO:0006278	GO:0006370
10000	GO:0006278	GO:1905719
10000	GO:0006282	GO:0046499
10000	GO:0006282	GO:0099163
10000	GO:0006283	GO:0071803
10000	GO:0006283	GO:1905221
10000	GO:0006284	GO:0007172
10000	GO:0006284	GO:0034377
10000	GO:0006284	GO:0043103
10000	GO:0006285	GO:0014721
10000	GO:0006287	GO:0031397
10000	GO:0006287	GO:0042839
10000	GO:0006287	GO:0060315
10000	GO:0006289	GO:0030225
10000	GO:0006290	GO:0010643
10000	GO:0006290	GO:1902975
10000	GO:0006290	GO:2000204
10000	GO:0006294	GO:0045834
10000	GO:0006297	GO:0023021
10000	GO:0006298	GO:0006670
10000	GO:0006301	GO:0060847
10000	GO:0006302	GO:0019227
10000	GO:0006302	GO:0060670
10000	GO:0006302	GO:1901753
10000	GO:0006303	GO:0032730
10000	GO:0006303	GO:0070233
10000	GO:0006304	GO:0160040
10000	GO:0006309	GO:0007004
10000	GO:0006309	GO:0030889
10000	GO:0006309	GO:0035930
10000	GO:0006309	GO:1902932
10000	GO:0006310	GO:2000727
10000	GO:0006311	GO:0009182
10000	GO:0006311	GO:0021696
10000	GO:0006311	GO:0071673
10000	GO:0006311	GO:0150127
10000	GO:0006325	GO:0050674
10000	GO:0006325	GO:0071415
10000	GO:0006325	GO:0150098
10000	GO:0006334	GO:0009068
10000	GO:0006334	GO:0060685
10000	GO:0006334	GO:0099642
10000	GO:0006335	GO:0061053
10000	GO:0006335	GO:0061944
10000	GO:0006335	GO:1903847
10000	GO:0006338	GO:0046847
10000	GO:0006346	GO:0050708
10000	GO:0006346	GO:0060428
10000	GO:0006351	GO:0007628
10000	GO:0006351	GO:0019285
10000	GO:0006351	GO:0044871
10000	GO:0006351	GO:0110063
10000	GO:0006352	GO:1904161
10000	GO:0006353	GO:0046900
10000	GO:0006353	GO:0098735
10000	GO:0006355	GO:0043449
10000	GO:0006356	GO:0051249
10000	GO:0006356	GO:0070431
10000	GO:0006356	GO:1903026
10000	GO:0006357	GO:0051101
10000	GO:0006359	GO:0031954
10000	GO:0006360	GO:0045732
10000	GO:0006360	GO:0048252
10000	GO:0006361	GO:0009649
10000	GO:0006361	GO:0043632
10000	GO:0006361	GO:0060876
10000	GO:0006361	GO:1902499
10000	GO:0006362	GO:0106227
10000	GO:0006362	GO:1990390
10000	GO:0006363	GO:0010845
10000	GO:0006364	GO:0046777
10000	GO:0006364	GO:1990090
10000	GO:0006366	GO:1903715
10000	GO:0006368	GO:0048769
10000	GO:0006369	GO:0070200
10000	GO:0006369	GO:1902633
10000	GO:0006370	GO:1901143
10000	GO:0006376	GO:0072051
10000	GO:0006383	GO:0043134
10000	GO:0006384	GO:0045913
10000	GO:0006386	GO:0034126
10000	GO:0006390	GO:0048239
10000	GO:0006391	GO:0051971
10000	GO:0006391	GO:0180034
10000	GO:0006391	GO:2000628
10000	GO:0006392	GO:0006940
10000	GO:0006392	GO:0043535
10000	GO:0006392	GO:1901256
10000	GO:0006392	GO:1903943
10000	GO:0006393	GO:0032874
10000	GO:0006396	GO:0045618
10000	GO:0006397	GO:0036321
10000	GO:0006397	GO:0044206
10000	GO:0006397	GO:0140447
10000	GO:0006399	GO:0035113
10000	GO:0006399	GO:0072240
10000	GO:0006401	GO:2000977
10000	GO:0006402	GO:0086092
10000	GO:0006403	GO:0070886
10000	GO:0006403	GO:0120191
10000	GO:0006403	GO:1901896
10000	GO:0006405	GO:0034014
10000	GO:0006408	GO:0060054
10000	GO:0006412	GO:1900673
10000	GO:0006415	GO:0015943
10000	GO:0006415	GO:0046361
10000	GO:0006415	GO:1905366
10000	GO:0006418	GO:0051145
10000	GO:0006419	GO:0035862
10000	GO:0006420	GO:0042403
10000	GO:0006420	GO:1905269
10000	GO:0006421	GO:1903352
10000	GO:0006422	GO:0046129
10000	GO:0006423	GO:0098829
10000	GO:0006424	GO:0045191
10000	GO:0006425	GO:0046050
10000	GO:0006426	GO:0072227
10000	GO:0006427	GO:0038086
10000	GO:0006428	GO:0061621
10000	GO:0006429	GO:0034091
10000	GO:0006429	GO:0046339
10000	GO:0006430	GO:0090201
10000	GO:0006431	GO:0032682
10000	GO:0006433	GO:0035963
10000	GO:0006433	GO:0140361
10000	GO:0006434	GO:0007204
10000	GO:0006434	GO:0036166
10000	GO:0006436	GO:0044346
10000	GO:0006436	GO:0060978
10000	GO:0006437	GO:0031948
10000	GO:0006437	GO:0034157
10000	GO:0006437	GO:0045953
10000	GO:0006438	GO:0055093
10000	GO:0006446	GO:0051784
10000	GO:0006446	GO:0070669
10000	GO:0006447	GO:0007506
10000	GO:0006447	GO:0042322
10000	GO:0006447	GO:0060010
10000	GO:0006447	GO:1990049
10000	GO:0006448	GO:0060400
10000	GO:0006448	GO:0071464
10000	GO:0006450	GO:0009164
10000	GO:0006450	GO:0042631
10000	GO:0006457	GO:0009889
10000	GO:0006457	GO:0060562
10000	GO:0006468	GO:0031087
10000	GO:0006468	GO:0042273
10000	GO:0006468	GO:0042797
10000	GO:0006468	GO:1905333
10000	GO:0006470	GO:0006986
10000	GO:0006470	GO:1902070
10000	GO:0006470	GO:1904330
10000	GO:0006473	GO:0032654
10000	GO:0006473	GO:0050993
10000	GO:0006475	GO:0051790
10000	GO:0006476	GO:0021884
10000	GO:0006476	GO:0043654
10000	GO:0006478	GO:0009719
10000	GO:0006478	GO:0035313
10000	GO:0006478	GO:0070229
10000	GO:0006478	GO:0072095
10000	GO:0006478	GO:1904441
10000	GO:0006478	GO:1904736
10000	GO:0006479	GO:0006738
10000	GO:0006481	GO:0010573
10000	GO:0006482	GO:0030382
10000	GO:0006486	GO:0009650
10000	GO:0006486	GO:0033353
10000	GO:0006486	GO:0050671
10000	GO:0006487	GO:0032653
10000	GO:0006487	GO:0033979
10000	GO:0006487	GO:0035520
10000	GO:0006488	GO:0072139
10000	GO:0006488	GO:1904014
10000	GO:0006489	GO:0014905
10000	GO:0006489	GO:0042711
10000	GO:0006497	GO:0031630
10000	GO:0006497	GO:0034475
10000	GO:0006498	GO:0010649
10000	GO:0006499	GO:0009967
10000	GO:0006499	GO:0046457
10000	GO:0006501	GO:0110154
10000	GO:0006506	GO:1903744
10000	GO:0006508	GO:0048870
10000	GO:0006509	GO:0009310
10000	GO:0006509	GO:1903006
10000	GO:0006511	GO:0009211
10000	GO:0006511	GO:0061857
10000	GO:0006511	GO:0160093
10000	GO:0006513	GO:0043069
10000	GO:0006513	GO:1990539
10000	GO:0006515	GO:0098814
10000	GO:0006516	GO:0072089
10000	GO:0006516	GO:0072663
10000	GO:0006517	GO:0007172
10000	GO:0006517	GO:0007614
10000	GO:0006517	GO:0019219
10000	GO:0006517	GO:0039694
10000	GO:0006518	GO:0045840
10000	GO:0006518	GO:0071637
10000	GO:0006520	GO:0070640
10000	GO:0006521	GO:0071286
10000	GO:0006522	GO:0014735
10000	GO:0006524	GO:0043242
10000	GO:0006528	GO:0008592
10000	GO:0006528	GO:0032880
10000	GO:0006529	GO:0034312
10000	GO:0006529	GO:0150076
10000	GO:0006531	GO:0006777
10000	GO:0006531	GO:0033234
10000	GO:0006531	GO:0044409
10000	GO:0006531	GO:1904814
10000	GO:0006532	GO:1903146
10000	GO:0006533	GO:0015802
10000	GO:0006533	GO:0046488
10000	GO:0006533	GO:1905564
10000	GO:0006536	GO:0016334
10000	GO:0006536	GO:1902460
10000	GO:0006537	GO:0009887
10000	GO:0006537	GO:0016226
10000	GO:0006537	GO:1901629
10000	GO:0006540	GO:0048518
10000	GO:0006540	GO:0090348
10000	GO:0006540	GO:1903923
10000	GO:0006543	GO:0007630
10000	GO:0006543	GO:0070950
10000	GO:0006543	GO:1903232
10000	GO:0006544	GO:0030220
10000	GO:0006545	GO:0019216
10000	GO:0006545	GO:0090200
10000	GO:0006548	GO:0006885
10000	GO:0006549	GO:0045923
10000	GO:0006550	GO:0010728
10000	GO:0006550	GO:0060335
10000	GO:0006551	GO:0032474
10000	GO:0006552	GO:0034975
10000	GO:0006553	GO:0048671
10000	GO:0006554	GO:0036525
10000	GO:0006554	GO:1905794
10000	GO:0006556	GO:1905145
10000	GO:0006558	GO:0007057
10000	GO:0006558	GO:0030595
10000	GO:0006559	GO:0016055
10000	GO:0006559	GO:0051051
10000	GO:0006560	GO:0160054
10000	GO:0006564	GO:0006848
10000	GO:0006564	GO:0008608
10000	GO:0006564	GO:0048050
10000	GO:0006564	GO:0071335
10000	GO:0006565	GO:0034032
10000	GO:0006565	GO:0036372
10000	GO:0006565	GO:0055059
10000	GO:0006566	GO:0071803
10000	GO:0006567	GO:0050432
10000	GO:0006567	GO:0071375
10000	GO:0006567	GO:1903238
10000	GO:0006570	GO:0048645
10000	GO:0006571	GO:0009127
10000	GO:0006571	GO:0014064
10000	GO:0006571	GO:0016031
10000	GO:0006571	GO:0060370
10000	GO:0006571	GO:0097695
10000	GO:0006573	GO:0007494
10000	GO:0006574	GO:0180012
10000	GO:0006577	GO:0046688
10000	GO:0006578	GO:0031400
10000	GO:0006578	GO:0044209
10000	GO:0006579	GO:0010957
10000	GO:0006580	GO:0006955
10000	GO:0006582	GO:0061043
10000	GO:0006582	GO:2000353
10000	GO:0006585	GO:0060400
10000	GO:0006585	GO:1903094
10000	GO:0006586	GO:0051230
10000	GO:0006586	GO:0099509
10000	GO:0006587	GO:0007195
10000	GO:0006590	GO:0006699
10000	GO:0006590	GO:0010454
10000	GO:0006591	GO:0007215
10000	GO:0006591	GO:1902108
10000	GO:0006592	GO:0035092
10000	GO:0006593	GO:0016075
10000	GO:0006593	GO:0016556
10000	GO:0006593	GO:0042197
10000	GO:0006595	GO:0022009
10000	GO:0006595	GO:0036016
10000	GO:0006595	GO:1903287
10000	GO:0006597	GO:0007032
10000	GO:0006597	GO:1904692
10000	GO:0006597	GO:2000144
10000	GO:0006598	GO:1904760
10000	GO:0006599	GO:0007264
10000	GO:0006599	GO:1990466
10000	GO:0006600	GO:0006983
10000	GO:0006600	GO:0010631
10000	GO:0006600	GO:0035675
10000	GO:0006600	GO:0042692
10000	GO:0006600	GO:0140285
10000	GO:0006601	GO:0045744
10000	GO:0006607	GO:0035483
10000	GO:0006610	GO:0016256
10000	GO:0006611	GO:0010447
10000	GO:0006611	GO:0045665
10000	GO:0006611	GO:0060562
10000	GO:0006612	GO:0098911
10000	GO:0006613	GO:0010512
10000	GO:0006613	GO:0031943
10000	GO:0006613	GO:0070778
10000	GO:0006613	GO:1902994
10000	GO:0006614	GO:0060323
10000	GO:0006614	GO:1904204
10000	GO:0006614	GO:1905091
10000	GO:0006614	GO:2000380
10000	GO:0006616	GO:0140231
10000	GO:0006617	GO:0033353
10000	GO:0006620	GO:0007628
10000	GO:0006620	GO:0009950
10000	GO:0006620	GO:0050866
10000	GO:0006620	GO:0060184
10000	GO:0006620	GO:1902896
10000	GO:0006622	GO:0015851
10000	GO:0006622	GO:0060836
10000	GO:0006622	GO:1902358
10000	GO:0006624	GO:0043320
10000	GO:0006625	GO:0015909
10000	GO:0006625	GO:0032701
10000	GO:0006629	GO:0019883
10000	GO:0006633	GO:0060083
10000	GO:0006633	GO:2000463
10000	GO:0006635	GO:0043508
10000	GO:0006635	GO:0140958
10000	GO:0006636	GO:0007368
10000	GO:0006637	GO:0033600
10000	GO:0006637	GO:2000391
10000	GO:0006638	GO:0099563
10000	GO:0006639	GO:0008343
10000	GO:0006639	GO:0010288
10000	GO:0006639	GO:1901999
10000	GO:0006641	GO:1903725
10000	GO:0006641	GO:1990349
10000	GO:0006642	GO:0060402
10000	GO:0006644	GO:0007062
10000	GO:0006650	GO:0021993
10000	GO:0006650	GO:1902692
10000	GO:0006651	GO:0014856
10000	GO:0006654	GO:0030034
10000	GO:0006655	GO:0030581
10000	GO:0006655	GO:0071643
10000	GO:0006656	GO:0009114
10000	GO:0006656	GO:0018343
10000	GO:0006656	GO:0032782
10000	GO:0006656	GO:0042429
10000	GO:0006656	GO:1902667
10000	GO:0006657	GO:0072347
10000	GO:0006659	GO:0046642
10000	GO:0006659	GO:0071461
10000	GO:0006662	GO:0106016
10000	GO:0006664	GO:0032507
10000	GO:0006664	GO:0043543
10000	GO:0006665	GO:0036088
10000	GO:0006666	GO:0044860
10000	GO:0006667	GO:0019216
10000	GO:0006670	GO:0060906
10000	GO:0006671	GO:0008585
10000	GO:0006671	GO:0048541
10000	GO:0006672	GO:0043605
10000	GO:0006672	GO:2000096
10000	GO:0006677	GO:0033564
10000	GO:0006678	GO:0048203
10000	GO:0006678	GO:0070994
10000	GO:0006679	GO:0038180
10000	GO:0006679	GO:1904695
10000	GO:0006680	GO:0007542
10000	GO:0006680	GO:1903294
10000	GO:0006681	GO:0006682
10000	GO:0006681	GO:0014738
10000	GO:0006681	GO:0035238
10000	GO:0006682	GO:0097532
10000	GO:0006683	GO:0018212
10000	GO:0006683	GO:0032874
10000	GO:0006684	GO:0062237
10000	GO:0006685	GO:0150106
10000	GO:0006687	GO:0019290
10000	GO:0006688	GO:0010944
10000	GO:0006689	GO:0051928
10000	GO:0006691	GO:1901506
10000	GO:0006692	GO:0006869
10000	GO:0006693	GO:0061344
10000	GO:0006694	GO:1904017
10000	GO:0006695	GO:0043461
10000	GO:0006695	GO:0060378
10000	GO:0006702	GO:0036250
10000	GO:0006705	GO:0046380
10000	GO:0006705	GO:0086053
10000	GO:0006706	GO:0008655
10000	GO:0006706	GO:0034758
10000	GO:0006706	GO:0070099
10000	GO:0006706	GO:1905674
10000	GO:0006710	GO:0036371
10000	GO:0006710	GO:0051216
10000	GO:0006711	GO:0032043
10000	GO:0006711	GO:0072593
10000	GO:0006713	GO:0021766
10000	GO:0006713	GO:1903726
10000	GO:0006720	GO:0007538
10000	GO:0006721	GO:1904294
10000	GO:0006726	GO:2000557
10000	GO:0006730	GO:0048370
10000	GO:0006730	GO:2000177
10000	GO:0006738	GO:0061772
10000	GO:0006738	GO:0075294
10000	GO:0006738	GO:0150111
10000	GO:0006740	GO:0043633
10000	GO:0006741	GO:0060588
10000	GO:0006741	GO:0061853
10000	GO:0006741	GO:0071581
10000	GO:0006741	GO:1903438
10000	GO:0006742	GO:0060846
10000	GO:0006743	GO:0061910
10000	GO:0006743	GO:0097499
10000	GO:0006747	GO:0045344
10000	GO:0006749	GO:0035358
10000	GO:0006749	GO:0043171
10000	GO:0006749	GO:0097037
10000	GO:0006750	GO:0030865
10000	GO:0006751	GO:0009642
10000	GO:0006751	GO:0012501
10000	GO:0006753	GO:0042756
10000	GO:0006753	GO:0048599
10000	GO:0006754	GO:0141162
10000	GO:0006766	GO:0019276
10000	GO:0006767	GO:0015718
10000	GO:0006767	GO:0050812
10000	GO:0006767	GO:0061452
10000	GO:0006768	GO:0007088
10000	GO:0006768	GO:0097352
10000	GO:0006769	GO:0051894
10000	GO:0006772	GO:0021849
10000	GO:0006772	GO:0140916
10000	GO:0006772	GO:0141150
10000	GO:0006772	GO:1905168
10000	GO:0006775	GO:1905795
10000	GO:0006776	GO:1905242
10000	GO:0006777	GO:0045685
10000	GO:0006779	GO:0009636
10000	GO:0006780	GO:0030330
10000	GO:0006780	GO:0031573
10000	GO:0006780	GO:0150103
10000	GO:0006781	GO:0008340
10000	GO:0006781	GO:0042271
10000	GO:0006782	GO:0018394
10000	GO:0006783	GO:0050000
10000	GO:0006783	GO:1905344
10000	GO:0006784	GO:0021957
10000	GO:0006784	GO:0032506
10000	GO:0006784	GO:0061187
10000	GO:0006787	GO:0051453
10000	GO:0006788	GO:0044819
10000	GO:0006788	GO:0045683
10000	GO:0006788	GO:1905653
10000	GO:0006789	GO:0062012
10000	GO:0006789	GO:0072722
10000	GO:0006789	GO:0180034
10000	GO:0006789	GO:1990466
10000	GO:0006790	GO:0007339
10000	GO:0006793	GO:0070447
10000	GO:0006801	GO:0034142
10000	GO:0006801	GO:0048643
10000	GO:0006801	GO:0071041
10000	GO:0006805	GO:0046951
10000	GO:0006805	GO:0061611
10000	GO:0006808	GO:1990809
10000	GO:0006812	GO:0050921
10000	GO:0006812	GO:2000347
10000	GO:0006813	GO:0030854
10000	GO:0006814	GO:0045862
10000	GO:0006816	GO:0018146
10000	GO:0006817	GO:0030168
10000	GO:0006817	GO:1904716
10000	GO:0006820	GO:0045058
10000	GO:0006820	GO:0070172
10000	GO:0006820	GO:1990168
10000	GO:0006824	GO:0030163
10000	GO:0006828	GO:0032348
10000	GO:0006828	GO:0071878
10000	GO:0006828	GO:1990261
10000	GO:0006829	GO:0050665
10000	GO:0006829	GO:0051041
10000	GO:0006829	GO:1903026
10000	GO:0006833	GO:0016260
10000	GO:0006833	GO:0045598
10000	GO:0006835	GO:0034105
10000	GO:0006835	GO:0072540
10000	GO:0006836	GO:0097553
10000	GO:0006839	GO:1901256
10000	GO:0006842	GO:0140861
10000	GO:0006843	GO:0090231
10000	GO:0006843	GO:2000308
10000	GO:0006843	GO:2000832
10000	GO:0006850	GO:0010632
10000	GO:0006851	GO:0070346
10000	GO:0006855	GO:0035545
10000	GO:0006855	GO:0036016
10000	GO:0006858	GO:0030282
10000	GO:0006858	GO:0097536
10000	GO:0006858	GO:1902247
10000	GO:0006858	GO:1903525
10000	GO:0006863	GO:0019228
10000	GO:0006863	GO:0060348
10000	GO:0006863	GO:0090114
10000	GO:0006863	GO:0098870
10000	GO:0006865	GO:2000105
10000	GO:0006867	GO:0018146
10000	GO:0006867	GO:0042247
10000	GO:0006867	GO:2000138
10000	GO:0006868	GO:1905535
10000	GO:0006869	GO:0072356
10000	GO:0006873	GO:0030534
10000	GO:0006873	GO:0042727
10000	GO:0006873	GO:0060074
10000	GO:0006874	GO:0010758
10000	GO:0006874	GO:0031620
10000	GO:0006878	GO:0007034
10000	GO:0006878	GO:0016050
10000	GO:0006878	GO:0046391
10000	GO:0006878	GO:1990570
10000	GO:0006879	GO:0021631
10000	GO:0006879	GO:1902997
10000	GO:0006883	GO:2000322
10000	GO:0006884	GO:1902044
10000	GO:0006884	GO:1903393
10000	GO:0006885	GO:0015709
10000	GO:0006886	GO:0051623
10000	GO:0006888	GO:0060157
10000	GO:0006890	GO:0036022
10000	GO:0006890	GO:0090200
10000	GO:0006891	GO:1904380
10000	GO:0006893	GO:0015828
10000	GO:0006893	GO:0034345
10000	GO:0006893	GO:1905647
10000	GO:0006895	GO:0009051
10000	GO:0006895	GO:0060467
10000	GO:0006895	GO:0140766
10000	GO:0006895	GO:1905305
10000	GO:0006896	GO:0062089
10000	GO:0006896	GO:0072237
10000	GO:0006897	GO:2000065
10000	GO:0006898	GO:0032436
10000	GO:0006898	GO:1905413
10000	GO:0006900	GO:1903019
10000	GO:0006901	GO:0021889
10000	GO:0006901	GO:0034983
10000	GO:0006901	GO:0036372
10000	GO:0006901	GO:0097114
10000	GO:0006901	GO:1902975
10000	GO:0006903	GO:0048259
10000	GO:0006904	GO:0140058
10000	GO:0006904	GO:2000536
10000	GO:0006906	GO:1990168
10000	GO:0006907	GO:0031456
10000	GO:0006911	GO:0023019
10000	GO:0006911	GO:0072525
10000	GO:0006913	GO:1905908
10000	GO:0006914	GO:1900098
10000	GO:0006914	GO:1902416
10000	GO:0006915	GO:1990408
10000	GO:0006915	GO:2000401
10000	GO:0006921	GO:1900117
10000	GO:0006925	GO:0010185
10000	GO:0006930	GO:0009178
10000	GO:0006933	GO:0015964
10000	GO:0006933	GO:0061437
10000	GO:0006935	GO:0071400
10000	GO:0006935	GO:0072202
10000	GO:0006936	GO:0019452
10000	GO:0006936	GO:1903442
10000	GO:0006937	GO:0010887
10000	GO:0006937	GO:1990549
10000	GO:0006939	GO:0050885
10000	GO:0006939	GO:0060448
10000	GO:0006940	GO:0034250
10000	GO:0006940	GO:0071028
10000	GO:0006941	GO:0061526
10000	GO:0006942	GO:0007131
10000	GO:0006942	GO:0009116
10000	GO:0006942	GO:0098696
10000	GO:0006949	GO:0097062
10000	GO:0006950	GO:0070475
10000	GO:0006950	GO:0140484
10000	GO:0006952	GO:0045659
10000	GO:0006952	GO:1904850
10000	GO:0006953	GO:0021780
10000	GO:0006953	GO:0060706
10000	GO:0006953	GO:1900719
10000	GO:0006954	GO:0045797
10000	GO:0006954	GO:1903286
10000	GO:0006955	GO:1990961
10000	GO:0006956	GO:0061309
10000	GO:0006957	GO:0035483
10000	GO:0006958	GO:0035967
10000	GO:0006959	GO:0032352
10000	GO:0006970	GO:0007207
10000	GO:0006972	GO:0009104
10000	GO:0006974	GO:0008361
10000	GO:0006974	GO:0019322
10000	GO:0006974	GO:2001178
10000	GO:0006979	GO:0060323
10000	GO:0006979	GO:0097745
10000	GO:0006982	GO:0046490
10000	GO:0006983	GO:0009855
10000	GO:0006986	GO:0019376
10000	GO:0006986	GO:0042403
10000	GO:0006986	GO:1900753
10000	GO:0006991	GO:0019369
10000	GO:0006991	GO:0032597
10000	GO:0006996	GO:0010985
10000	GO:0006996	GO:0071467
10000	GO:0006997	GO:1902102
10000	GO:0007000	GO:0060160
10000	GO:0007000	GO:0180047
10000	GO:0007004	GO:1903598
10000	GO:0007006	GO:0034201
10000	GO:0007006	GO:0060055
10000	GO:0007007	GO:0098598
10000	GO:0007009	GO:0032410
10000	GO:0007015	GO:0035493
10000	GO:0007015	GO:0050921
10000	GO:0007017	GO:0060900
10000	GO:0007019	GO:0044601
10000	GO:0007020	GO:0046959
10000	GO:0007021	GO:0035912
10000	GO:0007023	GO:0045778
10000	GO:0007023	GO:0099088
10000	GO:0007023	GO:1904153
10000	GO:0007026	GO:0031915
10000	GO:0007026	GO:0036153
10000	GO:0007029	GO:0033979
10000	GO:0007031	GO:0014862
10000	GO:0007031	GO:0060683
10000	GO:0007032	GO:1904597
10000	GO:0007034	GO:0141005
10000	GO:0007035	GO:0009137
10000	GO:0007035	GO:0010652
10000	GO:0007040	GO:0090370
10000	GO:0007041	GO:0007207
10000	GO:0007041	GO:0042796
10000	GO:0007042	GO:0045062
10000	GO:0007043	GO:1901880
10000	GO:0007044	GO:2000774
10000	GO:0007049	GO:0030318
10000	GO:0007049	GO:0060487
10000	GO:0007051	GO:0035751
10000	GO:0007052	GO:0060391
10000	GO:0007052	GO:0090276
10000	GO:0007052	GO:0099637
10000	GO:0007056	GO:0060349
10000	GO:0007057	GO:0007341
10000	GO:0007057	GO:0070372
10000	GO:0007057	GO:0160240
10000	GO:0007059	GO:0072171
10000	GO:0007059	GO:2000678
10000	GO:0007060	GO:0061436
10000	GO:0007060	GO:0071272
10000	GO:0007063	GO:0010640
10000	GO:0007063	GO:0045744
10000	GO:0007064	GO:1905035
10000	GO:0007076	GO:1903719
10000	GO:0007077	GO:0009163
10000	GO:0007077	GO:0045601
10000	GO:0007079	GO:0014902
10000	GO:0007079	GO:0032873
10000	GO:0007084	GO:0032205
10000	GO:0007084	GO:0036058
10000	GO:0007084	GO:0051051
10000	GO:0007088	GO:0038003
10000	GO:0007088	GO:0055119
10000	GO:0007088	GO:1904427
10000	GO:0007089	GO:0008284
10000	GO:0007091	GO:0051155
10000	GO:0007095	GO:0015816
10000	GO:0007095	GO:0038095
10000	GO:0007095	GO:0051276
10000	GO:0007096	GO:1905553
10000	GO:0007098	GO:2001250
10000	GO:0007099	GO:0097327
10000	GO:0007100	GO:0060967
10000	GO:0007100	GO:1901732
10000	GO:0007112	GO:0060929
10000	GO:0007113	GO:0032847
10000	GO:0007113	GO:0034067
10000	GO:0007113	GO:0097009
10000	GO:0007113	GO:1904251
10000	GO:0007127	GO:0031571
10000	GO:0007127	GO:0090071
10000	GO:0007129	GO:0007179
10000	GO:0007129	GO:0046689
10000	GO:0007130	GO:0032872
10000	GO:0007140	GO:0050926
10000	GO:0007140	GO:1905345
10000	GO:0007141	GO:0120189
10000	GO:0007141	GO:1900619
10000	GO:0007154	GO:1902524
10000	GO:0007155	GO:1903318
10000	GO:0007156	GO:0032727
10000	GO:0007156	GO:0060192
10000	GO:0007157	GO:0032418
10000	GO:0007159	GO:0036258
10000	GO:0007160	GO:0032716
10000	GO:0007160	GO:0070384
10000	GO:0007161	GO:0086042
10000	GO:0007161	GO:1905032
10000	GO:0007163	GO:0070898
10000	GO:0007165	GO:0071389
10000	GO:0007165	GO:0072207
10000	GO:0007167	GO:0051298
10000	GO:0007168	GO:0042439
10000	GO:0007168	GO:1900223
10000	GO:0007169	GO:0009311
10000	GO:0007169	GO:0097435
10000	GO:0007169	GO:1990755
10000	GO:0007171	GO:0098968
10000	GO:0007172	GO:0051919
10000	GO:0007172	GO:0061311
10000	GO:0007172	GO:0110015
10000	GO:0007173	GO:0043314
10000	GO:0007173	GO:0051631
10000	GO:0007173	GO:1904510
10000	GO:0007176	GO:0170036
10000	GO:0007176	GO:1902616
10000	GO:0007179	GO:0043007
10000	GO:0007186	GO:0016202
10000	GO:0007188	GO:1900454
10000	GO:0007189	GO:0034699
10000	GO:0007190	GO:0014052
10000	GO:0007190	GO:1905035
10000	GO:0007191	GO:1903791
10000	GO:0007192	GO:0060482
10000	GO:0007193	GO:0008057
10000	GO:0007193	GO:0051341
10000	GO:0007193	GO:0090410
10000	GO:0007194	GO:0099010
10000	GO:0007195	GO:0035878
10000	GO:0007195	GO:1903321
10000	GO:0007198	GO:0021510
10000	GO:0007199	GO:0018208
10000	GO:0007200	GO:0010718
10000	GO:0007206	GO:0015913
10000	GO:0007206	GO:0072162
10000	GO:0007206	GO:2000768
10000	GO:0007207	GO:0032958
10000	GO:0007207	GO:1904884
10000	GO:0007208	GO:0010459
10000	GO:0007208	GO:0045048
10000	GO:0007208	GO:1905367
10000	GO:0007209	GO:0031648
10000	GO:0007209	GO:0033278
10000	GO:0007210	GO:0051310
10000	GO:0007210	GO:2000562
10000	GO:0007212	GO:0099552
10000	GO:0007212	GO:1904936
10000	GO:0007213	GO:0033514
10000	GO:0007214	GO:1990428
10000	GO:0007215	GO:1900721
10000	GO:0007216	GO:0030198
10000	GO:0007217	GO:0048702
10000	GO:0007218	GO:0034727
10000	GO:0007218	GO:1902807
10000	GO:0007218	GO:1903671
10000	GO:0007220	GO:0042851
10000	GO:0007220	GO:0043310
10000	GO:0007221	GO:1905229
10000	GO:0007223	GO:1902897
10000	GO:0007229	GO:0016203
10000	GO:0007229	GO:0071656
10000	GO:0007231	GO:0051029
10000	GO:0007249	GO:1901656
10000	GO:0007254	GO:0014900
10000	GO:0007259	GO:0062030
10000	GO:0007259	GO:1903313
10000	GO:0007260	GO:0060179
10000	GO:0007260	GO:1903575
10000	GO:0007260	GO:1904139
10000	GO:0007264	GO:0046456
10000	GO:0007264	GO:2001213
10000	GO:0007266	GO:0036342
10000	GO:0007267	GO:1905782
10000	GO:0007268	GO:0031110
10000	GO:0007268	GO:0055085
10000	GO:0007269	GO:0097680
10000	GO:0007269	GO:1904404
10000	GO:0007270	GO:0042495
10000	GO:0007271	GO:0030810
10000	GO:0007271	GO:0060068
10000	GO:0007271	GO:1901800
10000	GO:0007274	GO:0010984
10000	GO:0007276	GO:0015789
10000	GO:0007276	GO:0043436
10000	GO:0007276	GO:0048859
10000	GO:0007276	GO:0071716
10000	GO:0007281	GO:0043647
10000	GO:0007283	GO:0051987
10000	GO:0007284	GO:0015031
10000	GO:0007284	GO:0031667
10000	GO:0007284	GO:1905764
10000	GO:0007288	GO:0060737
10000	GO:0007289	GO:0010469
10000	GO:0007289	GO:0070257
10000	GO:0007289	GO:0140542
10000	GO:0007290	GO:0035644
10000	GO:0007291	GO:0048633
10000	GO:0007321	GO:0015860
10000	GO:0007321	GO:0043313
10000	GO:0007338	GO:0032462
10000	GO:0007338	GO:0048252
10000	GO:0007338	GO:1905274
10000	GO:0007338	GO:1990182
10000	GO:0007341	GO:1902099
10000	GO:0007342	GO:0032681
10000	GO:0007342	GO:0042376
10000	GO:0007342	GO:0050912
10000	GO:0007344	GO:0051793
10000	GO:0007344	GO:0060026
10000	GO:0007346	GO:0099054
10000	GO:0007349	GO:0017157
10000	GO:0007349	GO:0032849
10000	GO:0007349	GO:0034762
10000	GO:0007349	GO:0120317
10000	GO:0007356	GO:0015824
10000	GO:0007368	GO:1902227
10000	GO:0007369	GO:0018969
10000	GO:0007371	GO:0043311
10000	GO:0007388	GO:1904633
10000	GO:0007389	GO:0032713
10000	GO:0007389	GO:1902298
10000	GO:0007399	GO:0009757
10000	GO:0007399	GO:0021873
10000	GO:0007405	GO:0010761
10000	GO:0007405	GO:0010764
10000	GO:0007406	GO:0061056
10000	GO:0007406	GO:1902946
10000	GO:0007409	GO:1901384
10000	GO:0007409	GO:1902269
10000	GO:0007412	GO:0035195
10000	GO:0007413	GO:0048640
10000	GO:0007417	GO:0032353
10000	GO:0007417	GO:0050677
10000	GO:0007417	GO:0060259
10000	GO:0007420	GO:0015675
10000	GO:0007420	GO:0046512
10000	GO:0007420	GO:0061384
10000	GO:0007422	GO:1903542
10000	GO:0007423	GO:0098902
10000	GO:0007431	GO:0050906
10000	GO:0007431	GO:0060291
10000	GO:0007431	GO:2000307
10000	GO:0007435	GO:2000594
10000	GO:0007442	GO:1903783
10000	GO:0007494	GO:0048769
10000	GO:0007494	GO:0052646
10000	GO:0007495	GO:1901201
10000	GO:0007497	GO:0150098
10000	GO:0007498	GO:0048771
10000	GO:0007498	GO:1905653
10000	GO:0007500	GO:0042665
10000	GO:0007507	GO:0045737
10000	GO:0007509	GO:1904764
10000	GO:0007517	GO:0032382
10000	GO:0007517	GO:0070862
10000	GO:0007517	GO:1905167
10000	GO:0007518	GO:0051651
10000	GO:0007519	GO:0034776
10000	GO:0007520	GO:1990264
10000	GO:0007525	GO:0009397
10000	GO:0007528	GO:0031102
10000	GO:0007528	GO:0098990
10000	GO:0007529	GO:0071503
10000	GO:0007529	GO:0140290
10000	GO:0007529	GO:1903844
10000	GO:0007530	GO:0099152
10000	GO:0007530	GO:1902648
10000	GO:0007530	GO:1904907
10000	GO:0007542	GO:0016311
10000	GO:0007548	GO:0015811
10000	GO:0007548	GO:0034250
10000	GO:0007549	GO:0032808
10000	GO:0007565	GO:0033189
10000	GO:0007565	GO:0042472
10000	GO:0007566	GO:0032435
10000	GO:0007566	GO:0043558
10000	GO:0007566	GO:0051581
10000	GO:0007567	GO:0061430
10000	GO:0007567	GO:1903790
10000	GO:0007584	GO:0030916
10000	GO:0007584	GO:0033700
10000	GO:0007585	GO:0035519
10000	GO:0007585	GO:0060374
10000	GO:0007585	GO:1905786
10000	GO:0007586	GO:0090672
10000	GO:0007588	GO:0019373
10000	GO:0007588	GO:0061864
10000	GO:0007588	GO:1903350
10000	GO:0007595	GO:0046057
10000	GO:0007595	GO:0150059
10000	GO:0007597	GO:0070842
10000	GO:0007597	GO:0160234
10000	GO:0007597	GO:2000212
10000	GO:0007598	GO:0038016
10000	GO:0007598	GO:0098736
10000	GO:0007598	GO:1902751
10000	GO:0007599	GO:0046469
10000	GO:0007600	GO:0009932
10000	GO:0007600	GO:0060267
10000	GO:0007601	GO:0010957
10000	GO:0007602	GO:0015743
10000	GO:0007602	GO:2000147
10000	GO:0007603	GO:0060340
10000	GO:0007604	GO:0043482
10000	GO:0007605	GO:0009112
10000	GO:0007605	GO:0032597
10000	GO:0007608	GO:0032096
10000	GO:0007611	GO:0038155
10000	GO:0007612	GO:0014733
10000	GO:0007612	GO:0048246
10000	GO:0007612	GO:0140367
10000	GO:0007613	GO:0009611
10000	GO:0007613	GO:0110155
10000	GO:0007614	GO:0046705
10000	GO:0007617	GO:0060977
10000	GO:0007617	GO:1904551
10000	GO:0007618	GO:0014912
10000	GO:0007618	GO:0043616
10000	GO:0007618	GO:1904394
10000	GO:0007618	GO:2001212
10000	GO:0007620	GO:0036466
10000	GO:0007622	GO:0043634
10000	GO:0007622	GO:1905459
10000	GO:0007623	GO:0045761
10000	GO:0007623	GO:0071498
10000	GO:0007623	GO:1904888
10000	GO:0007626	GO:0060416
10000	GO:0007628	GO:0051151
10000	GO:0007630	GO:0048873
10000	GO:0007634	GO:0051031
10000	GO:0007638	GO:0070844
10000	GO:0007638	GO:0071242
10000	GO:0007638	GO:1904251
10000	GO:0007638	GO:1905653
10000	GO:0008015	GO:0019751
10000	GO:0008016	GO:0034205
10000	GO:0008016	GO:1901701
10000	GO:0008033	GO:0030214
10000	GO:0008037	GO:1904749
10000	GO:0008038	GO:0034352
10000	GO:0008038	GO:0046785
10000	GO:0008039	GO:0061370
10000	GO:0008045	GO:0071361
10000	GO:0008052	GO:0016064
10000	GO:0008052	GO:0046078
10000	GO:0008053	GO:0046606
10000	GO:0008053	GO:0048075
10000	GO:0008053	GO:1900533
10000	GO:0008063	GO:2000513
10000	GO:0008064	GO:1902572
10000	GO:0008065	GO:0061198
10000	GO:0008088	GO:0052652
10000	GO:0008089	GO:0042482
10000	GO:0008089	GO:0070945
10000	GO:0008089	GO:1903352
10000	GO:0008104	GO:0019058
10000	GO:0008150	GO:0099543
10000	GO:0008152	GO:0034475
10000	GO:0008152	GO:1903899
10000	GO:0008156	GO:0032208
10000	GO:0008202	GO:0061046
10000	GO:0008203	GO:1900166
10000	GO:0008206	GO:1902204
10000	GO:0008207	GO:0034454
10000	GO:0008207	GO:0071774
10000	GO:0008207	GO:0086066
10000	GO:0008210	GO:0045720
10000	GO:0008210	GO:1904675
10000	GO:0008211	GO:0009215
10000	GO:0008211	GO:0060097
10000	GO:0008211	GO:1900746
10000	GO:0008213	GO:0031959
10000	GO:0008213	GO:0032101
10000	GO:0008215	GO:1904847
10000	GO:0008216	GO:0150076
10000	GO:0008217	GO:0140115
10000	GO:0008228	GO:0032673
10000	GO:0008283	GO:0009249
10000	GO:0008284	GO:2000551
10000	GO:0008285	GO:0030421
10000	GO:0008285	GO:0043589
10000	GO:0008291	GO:0090083
10000	GO:0008292	GO:0009397
10000	GO:0008292	GO:0090365
10000	GO:0008292	GO:1901722
10000	GO:0008295	GO:0035544
10000	GO:0008298	GO:0141162
10000	GO:0008299	GO:0043376
10000	GO:0008299	GO:0048687
10000	GO:0008299	GO:0072393
10000	GO:0008300	GO:0048318
10000	GO:0008300	GO:1904812
10000	GO:0008306	GO:0009651
10000	GO:0008334	GO:0042631
10000	GO:0008334	GO:0072677
10000	GO:0008334	GO:1901166
10000	GO:0008334	GO:1903043
10000	GO:0008340	GO:1905178
10000	GO:0008343	GO:0070633
10000	GO:0008344	GO:0035544
10000	GO:0008344	GO:0042436
10000	GO:0008344	GO:2000101
10000	GO:0008354	GO:0042713
10000	GO:0008354	GO:0090076
10000	GO:0008354	GO:0101023
10000	GO:0008355	GO:0046293
10000	GO:0008355	GO:1900223
10000	GO:0008360	GO:0009617
10000	GO:0008360	GO:1901978
10000	GO:0008361	GO:0035249
10000	GO:0008366	GO:0050891
10000	GO:0008366	GO:1904056
10000	GO:0008380	GO:0034148
10000	GO:0008380	GO:0051631
10000	GO:0008380	GO:2000595
10000	GO:0008406	GO:0010746
10000	GO:0008535	GO:0035088
10000	GO:0008543	GO:0051496
10000	GO:0008544	GO:0032825
10000	GO:0008584	GO:0062025
10000	GO:0008585	GO:0032938
10000	GO:0008585	GO:0061034
10000	GO:0008585	GO:1901685
10000	GO:0008589	GO:0060623
10000	GO:0008589	GO:0120034
10000	GO:0008589	GO:2000295
10000	GO:0008591	GO:0051236
10000	GO:0008592	GO:2000368
10000	GO:0008595	GO:1902551
10000	GO:0008595	GO:2000855
10000	GO:0008610	GO:0097491
10000	GO:0008610	GO:1903725
10000	GO:0008611	GO:0048208
10000	GO:0008611	GO:0071671
10000	GO:0008612	GO:0070198
10000	GO:0008614	GO:0035108
10000	GO:0008625	GO:0009211
10000	GO:0008626	GO:0019320
10000	GO:0008626	GO:0034757
10000	GO:0008628	GO:2000635
10000	GO:0008631	GO:0018008
10000	GO:0008631	GO:0060059
10000	GO:0008643	GO:0045976
10000	GO:0008645	GO:0071763
10000	GO:0008645	GO:1903589
10000	GO:0008652	GO:1903061
10000	GO:0008653	GO:0010657
10000	GO:0008654	GO:2000588
10000	GO:0009048	GO:0035759
10000	GO:0009048	GO:0042368
10000	GO:0009048	GO:0060545
10000	GO:0009048	GO:0061197
10000	GO:0009051	GO:0140238
10000	GO:0009052	GO:0060716
10000	GO:0009052	GO:0097581
10000	GO:0009056	GO:0048730
10000	GO:0009057	GO:0032675
10000	GO:0009059	GO:1905795
10000	GO:0009060	GO:0048662
10000	GO:0009062	GO:0060601
10000	GO:0009063	GO:0140059
10000	GO:0009064	GO:0019417
10000	GO:0009064	GO:1903944
10000	GO:0009067	GO:0035865
10000	GO:0009067	GO:0060606
10000	GO:0009067	GO:0061140
10000	GO:0009069	GO:0038120
10000	GO:0009069	GO:0060291
10000	GO:0009070	GO:0043633
10000	GO:0009070	GO:0044208
10000	GO:0009071	GO:0034157
10000	GO:0009071	GO:0061844
10000	GO:0009071	GO:0070291
10000	GO:0009072	GO:0035490
10000	GO:0009072	GO:0071840
10000	GO:0009072	GO:1902512
10000	GO:0009073	GO:0042704
10000	GO:0009074	GO:0034148
10000	GO:0009074	GO:0035922
10000	GO:0009078	GO:0072658
10000	GO:0009082	GO:0010332
10000	GO:0009083	GO:0060353
10000	GO:0009084	GO:0060385
10000	GO:0009084	GO:0071786
10000	GO:0009086	GO:0051585
10000	GO:0009086	GO:0061158
10000	GO:0009092	GO:1904864
10000	GO:0009093	GO:0043487
10000	GO:0009095	GO:0035914
10000	GO:0009095	GO:0042840
10000	GO:0009100	GO:0071918
10000	GO:0009100	GO:1903814
10000	GO:0009101	GO:0071963
10000	GO:0009101	GO:2000541
10000	GO:0009107	GO:0035720
10000	GO:0009107	GO:0072259
10000	GO:0009107	GO:1903190
10000	GO:0009107	GO:1990570
10000	GO:0009110	GO:1901558
10000	GO:0009112	GO:0022011
10000	GO:0009113	GO:0071840
10000	GO:0009113	GO:0072027
10000	GO:0009115	GO:0050795
10000	GO:0009115	GO:0098969
10000	GO:0009116	GO:0033686
10000	GO:0009117	GO:1900191
10000	GO:0009119	GO:0048340
10000	GO:0009120	GO:0014843
10000	GO:0009120	GO:0070164
10000	GO:0009124	GO:0090160
10000	GO:0009125	GO:0071602
10000	GO:0009126	GO:0051049
10000	GO:0009127	GO:0061884
10000	GO:0009127	GO:1901679
10000	GO:0009128	GO:0051919
10000	GO:0009129	GO:1901970
10000	GO:0009132	GO:0034110
10000	GO:0009132	GO:0042669
10000	GO:0009133	GO:0015746
10000	GO:0009133	GO:0032890
10000	GO:0009133	GO:0070898
10000	GO:0009133	GO:1990539
10000	GO:0009135	GO:0019377
10000	GO:0009135	GO:0090154
10000	GO:0009135	GO:0140928
10000	GO:0009137	GO:0046901
10000	GO:0009138	GO:0010824
10000	GO:0009138	GO:2001244
10000	GO:0009140	GO:0019827
10000	GO:0009140	GO:0045006
10000	GO:0009141	GO:0036378
10000	GO:0009142	GO:0090119
10000	GO:0009143	GO:1904427
10000	GO:0009144	GO:0098609
10000	GO:0009144	GO:1990592
10000	GO:0009145	GO:0110052
10000	GO:0009145	GO:1903391
10000	GO:0009146	GO:0072007
10000	GO:0009146	GO:1904442
10000	GO:0009147	GO:0055017
10000	GO:0009148	GO:0018200
10000	GO:0009148	GO:0030845
10000	GO:0009149	GO:0045843
10000	GO:0009149	GO:1905699
10000	GO:0009151	GO:0035931
10000	GO:0009154	GO:0097066
10000	GO:0009154	GO:2001013
10000	GO:0009155	GO:0034135
10000	GO:0009155	GO:0071882
10000	GO:0009156	GO:0039529
10000	GO:0009156	GO:1903076
10000	GO:0009156	GO:2000269
10000	GO:0009157	GO:0061724
10000	GO:0009157	GO:2000288
10000	GO:0009158	GO:0042997
10000	GO:0009161	GO:0045576
10000	GO:0009163	GO:0019233
10000	GO:0009165	GO:0036158
10000	GO:0009165	GO:0070197
10000	GO:0009166	GO:0070368
10000	GO:0009167	GO:0033173
10000	GO:0009167	GO:0071542
10000	GO:0009168	GO:0030902
10000	GO:0009168	GO:0060327
10000	GO:0009169	GO:0050907
10000	GO:0009169	GO:0051450
10000	GO:0009169	GO:0071503
10000	GO:0009169	GO:0110097
10000	GO:0009170	GO:0045234
10000	GO:0009171	GO:0070340
10000	GO:0009173	GO:0031638
10000	GO:0009173	GO:0038128
10000	GO:0009173	GO:1901506
10000	GO:0009174	GO:0045162
10000	GO:0009174	GO:0071294
10000	GO:0009175	GO:0045932
10000	GO:0009175	GO:0106354
10000	GO:0009176	GO:0042321
10000	GO:0009179	GO:0061430
10000	GO:0009179	GO:0090676
10000	GO:0009179	GO:1901627
10000	GO:0009181	GO:0035909
10000	GO:0009181	GO:0160162
10000	GO:0009182	GO:0021800
10000	GO:0009182	GO:0035337
10000	GO:0009182	GO:1900060
10000	GO:0009182	GO:1901881
10000	GO:0009183	GO:1904421
10000	GO:0009185	GO:0036484
10000	GO:0009186	GO:0032965
10000	GO:0009186	GO:0070247
10000	GO:0009187	GO:0045137
10000	GO:0009188	GO:0045851
10000	GO:0009189	GO:1904045
10000	GO:0009190	GO:0051466
10000	GO:0009190	GO:0099046
10000	GO:0009192	GO:0060975
10000	GO:0009192	GO:1904535
10000	GO:0009193	GO:0009409
10000	GO:0009193	GO:0036499
10000	GO:0009195	GO:0032386
10000	GO:0009195	GO:0099040
10000	GO:0009195	GO:1904465
10000	GO:0009196	GO:0021855
10000	GO:0009196	GO:0051664
10000	GO:0009197	GO:1902902
10000	GO:0009199	GO:1901330
10000	GO:0009201	GO:0042117
10000	GO:0009203	GO:0032210
10000	GO:0009203	GO:0034032
10000	GO:0009204	GO:0035470
10000	GO:0009204	GO:0048261
10000	GO:0009206	GO:0045472
10000	GO:0009206	GO:0060471
10000	GO:0009209	GO:0021680
10000	GO:0009209	GO:0060545
10000	GO:0009210	GO:0032972
10000	GO:0009211	GO:0018198
10000	GO:0009211	GO:0043012
10000	GO:0009211	GO:0051607
10000	GO:0009212	GO:0034436
10000	GO:0009213	GO:0048709
10000	GO:0009214	GO:0048254
10000	GO:0009214	GO:0098704
10000	GO:0009214	GO:1901386
10000	GO:0009217	GO:0060544
10000	GO:0009217	GO:1903373
10000	GO:0009219	GO:0031959
10000	GO:0009219	GO:0098609
10000	GO:0009221	GO:0051967
10000	GO:0009222	GO:0015709
10000	GO:0009225	GO:0048936
10000	GO:0009225	GO:0061092
10000	GO:0009229	GO:0061512
10000	GO:0009231	GO:0045663
10000	GO:0009233	GO:0010915
10000	GO:0009234	GO:1904588
10000	GO:0009235	GO:0034758
10000	GO:0009235	GO:0035802
10000	GO:0009235	GO:1901387
10000	GO:0009240	GO:0044839
10000	GO:0009240	GO:1903960
10000	GO:0009247	GO:0045990
10000	GO:0009249	GO:0046496
10000	GO:0009250	GO:0048593
10000	GO:0009250	GO:0051986
10000	GO:0009250	GO:0070085
10000	GO:0009253	GO:0061197
10000	GO:0009259	GO:0019229
10000	GO:0009259	GO:0072732
10000	GO:0009259	GO:1902883
10000	GO:0009262	GO:2001287
10000	GO:0009263	GO:0022600
10000	GO:0009263	GO:0051049
10000	GO:0009263	GO:1903842
10000	GO:0009264	GO:0035904
10000	GO:0009264	GO:1903288
10000	GO:0009265	GO:0033081
10000	GO:0009265	GO:0036114
10000	GO:0009265	GO:0055090
10000	GO:0009267	GO:0033685
10000	GO:0009267	GO:0036520
10000	GO:0009299	GO:0032980
10000	GO:0009301	GO:0072254
10000	GO:0009303	GO:0061138
10000	GO:0009303	GO:1904150
10000	GO:0009308	GO:0045040
10000	GO:0009308	GO:2000981
10000	GO:0009309	GO:1901857
10000	GO:0009310	GO:0046631
10000	GO:0009310	GO:0140205
10000	GO:0009310	GO:1900086
10000	GO:0009310	GO:1901888
10000	GO:0009311	GO:0061724
10000	GO:0009312	GO:0010517
10000	GO:0009312	GO:0035860
10000	GO:0009314	GO:2001035
10000	GO:0009386	GO:0010901
10000	GO:0009386	GO:0030050
10000	GO:0009386	GO:0044029
10000	GO:0009386	GO:0071941
10000	GO:0009394	GO:0010041
10000	GO:0009395	GO:0010591
10000	GO:0009395	GO:0031272
10000	GO:0009395	GO:0061874
10000	GO:0009396	GO:0032013
10000	GO:0009397	GO:0070777
10000	GO:0009397	GO:0072174
10000	GO:0009398	GO:0071273
10000	GO:0009398	GO:0071863
10000	GO:0009398	GO:0090133
10000	GO:0009404	GO:1990114
10000	GO:0009408	GO:0035264
10000	GO:0009408	GO:0060404
10000	GO:0009408	GO:0061159
10000	GO:0009408	GO:1903436
10000	GO:0009409	GO:0090176
10000	GO:0009410	GO:1990145
10000	GO:0009415	GO:0010666
10000	GO:0009415	GO:0019359
10000	GO:0009415	GO:0031930
10000	GO:0009415	GO:0140924
10000	GO:0009435	GO:0060563
10000	GO:0009435	GO:2001251
10000	GO:0009436	GO:0036148
10000	GO:0009436	GO:0061713
10000	GO:0009436	GO:0072098
10000	GO:0009436	GO:0090292
10000	GO:0009437	GO:1904799
10000	GO:0009438	GO:1902018
10000	GO:0009439	GO:1904328
10000	GO:0009440	GO:0032700
10000	GO:0009441	GO:1905580
10000	GO:0009443	GO:0044058
10000	GO:0009443	GO:0060456
10000	GO:0009443	GO:0072089
10000	GO:0009445	GO:2000224
10000	GO:0009446	GO:0051709
10000	GO:0009447	GO:0010615
10000	GO:0009448	GO:0072011
10000	GO:0009448	GO:0098867
10000	GO:0009449	GO:0051958
10000	GO:0009449	GO:1905276
10000	GO:0009450	GO:0019321
10000	GO:0009450	GO:0042727
10000	GO:0009451	GO:2000293
10000	GO:0009452	GO:1900106
10000	GO:0009581	GO:1904018
10000	GO:0009581	GO:2000729
10000	GO:0009583	GO:2000569
10000	GO:0009589	GO:0031619
10000	GO:0009589	GO:0051403
10000	GO:0009589	GO:0061028
10000	GO:0009589	GO:1905665
10000	GO:0009593	GO:0010840
10000	GO:0009593	GO:0071938
10000	GO:0009593	GO:1903918
10000	GO:0009595	GO:0010559
10000	GO:0009595	GO:0016119
10000	GO:0009595	GO:0051028
10000	GO:0009595	GO:1902869
10000	GO:0009595	GO:1905521
10000	GO:0009597	GO:0014047
10000	GO:0009597	GO:1902512
10000	GO:0009597	GO:1904030
10000	GO:0009597	GO:2000476
10000	GO:0009605	GO:1904401
10000	GO:0009605	GO:1905336
10000	GO:0009607	GO:0060537
10000	GO:0009607	GO:1903898
10000	GO:0009609	GO:0010660
10000	GO:0009609	GO:0051585
10000	GO:0009611	GO:0009889
10000	GO:0009611	GO:0033626
10000	GO:0009612	GO:0060982
10000	GO:0009615	GO:0045935
10000	GO:0009615	GO:0071455
10000	GO:0009617	GO:2000356
10000	GO:0009620	GO:0030811
10000	GO:0009624	GO:0015913
10000	GO:0009624	GO:1904170
10000	GO:0009628	GO:0060317
10000	GO:0009629	GO:2001257
10000	GO:0009635	GO:1904694
10000	GO:0009649	GO:0032872
10000	GO:0009650	GO:0051560
10000	GO:0009650	GO:1901558
10000	GO:0009651	GO:0043330
10000	GO:0009651	GO:1901419
10000	GO:0009653	GO:0033634
10000	GO:0009653	GO:1904588
10000	GO:0009692	GO:0033762
10000	GO:0009692	GO:0098906
10000	GO:0009698	GO:0032754
10000	GO:0009698	GO:1903430
10000	GO:0009712	GO:0042843
10000	GO:0009712	GO:1902035
10000	GO:0009713	GO:0016077
10000	GO:0009713	GO:0017006
10000	GO:0009713	GO:0086052
10000	GO:0009713	GO:1903244
10000	GO:0009713	GO:2000279
10000	GO:0009719	GO:0035592
10000	GO:0009725	GO:0033152
10000	GO:0009725	GO:0046471
10000	GO:0009725	GO:0048382
10000	GO:0009725	GO:0050954
10000	GO:0009744	GO:0039695
10000	GO:0009744	GO:1905402
10000	GO:0009749	GO:0010592
10000	GO:0009749	GO:1903248
10000	GO:0009750	GO:0071398
10000	GO:0009750	GO:1905221
10000	GO:0009751	GO:0060112
10000	GO:0009753	GO:0051257
10000	GO:0009756	GO:1901509
10000	GO:0009756	GO:1905180
10000	GO:0009757	GO:0010825
10000	GO:0009757	GO:0160135
10000	GO:0009785	GO:0035791
10000	GO:0009787	GO:0030029
10000	GO:0009787	GO:0032676
10000	GO:0009789	GO:0032741
10000	GO:0009789	GO:0044663
10000	GO:0009790	GO:1903539
10000	GO:0009790	GO:1905686
10000	GO:0009790	GO:2000142
10000	GO:0009792	GO:1905546
10000	GO:0009794	GO:2000851
10000	GO:0009798	GO:0098910
10000	GO:0009804	GO:0033210
10000	GO:0009804	GO:0044387
10000	GO:0009804	GO:0099188
10000	GO:0009804	GO:1902369
10000	GO:0009810	GO:1902370
10000	GO:0009812	GO:0015742
10000	GO:0009812	GO:0051046
10000	GO:0009812	GO:0070131
10000	GO:0009820	GO:0036120
10000	GO:0009820	GO:0140495
10000	GO:0009822	GO:0010932
10000	GO:0009822	GO:0045732
10000	GO:0009822	GO:0070613
10000	GO:0009886	GO:1902726
10000	GO:0009887	GO:0035443
10000	GO:0009888	GO:0097021
10000	GO:0009889	GO:0036498
10000	GO:0009890	GO:0045977
10000	GO:0009891	GO:0032481
10000	GO:0009891	GO:0070304
10000	GO:0009893	GO:0015854
10000	GO:0009893	GO:1902870
10000	GO:0009894	GO:0034230
10000	GO:0009894	GO:0034341
10000	GO:0009895	GO:0071362
10000	GO:0009895	GO:2000723
10000	GO:0009896	GO:1904025
10000	GO:0009912	GO:0018277
10000	GO:0009912	GO:0021800
10000	GO:0009912	GO:0046098
10000	GO:0009913	GO:0010884
10000	GO:0009913	GO:1903421
10000	GO:0009914	GO:0033539
10000	GO:0009914	GO:1902172
10000	GO:0009949	GO:0010867
10000	GO:0009949	GO:0095500
10000	GO:0009949	GO:0098817
10000	GO:0009950	GO:2000197
10000	GO:0009953	GO:0019755
10000	GO:0009954	GO:0098743
10000	GO:0009957	GO:0043243
10000	GO:0009957	GO:0048561
10000	GO:0009966	GO:0043535
10000	GO:0009967	GO:0043578
10000	GO:0009987	GO:0032466
10000	GO:0009987	GO:0110090
10000	GO:0009987	GO:0140075
10000	GO:0009988	GO:0140632
10000	GO:0009994	GO:0021700
10000	GO:0009994	GO:0051054
10000	GO:0009994	GO:0051603
10000	GO:0010002	GO:0099514
10000	GO:0010002	GO:2000845
10000	GO:0010002	GO:2001213
10000	GO:0010025	GO:1904738
10000	GO:0010025	GO:1904905
10000	GO:0010037	GO:1902600
10000	GO:0010038	GO:0033233
10000	GO:0010038	GO:0048710
10000	GO:0010038	GO:1905940
10000	GO:0010039	GO:0060243
10000	GO:0010039	GO:1903659
10000	GO:0010040	GO:1905601
10000	GO:0010040	GO:2001247
10000	GO:0010043	GO:0071359
10000	GO:0010044	GO:0016331
10000	GO:0010044	GO:1903441
10000	GO:0010045	GO:0031860
10000	GO:0010045	GO:0098968
10000	GO:0010046	GO:1905856
10000	GO:0010092	GO:0033866
10000	GO:0010092	GO:2000836
10000	GO:0010124	GO:0090231
10000	GO:0010124	GO:0090646
10000	GO:0010138	GO:0035799
10000	GO:0010138	GO:1902358
10000	GO:0010138	GO:1904899
10000	GO:0010139	GO:0140971
10000	GO:0010142	GO:1904246
10000	GO:0010155	GO:0090281
10000	GO:0010160	GO:0014887
10000	GO:0010160	GO:0043318
10000	GO:0010160	GO:0071695
10000	GO:0010160	GO:1901841
10000	GO:0010166	GO:0150012
10000	GO:0010171	GO:0051350
10000	GO:0010186	GO:0042636
10000	GO:0010186	GO:0060966
10000	GO:0010186	GO:1900221
10000	GO:0010186	GO:1904672
10000	GO:0010193	GO:0051495
10000	GO:0010193	GO:0090068
10000	GO:0010193	GO:0097178
10000	GO:0010212	GO:0018937
10000	GO:0010212	GO:0060391
10000	GO:0010212	GO:1903181
10000	GO:0010225	GO:0050687
10000	GO:0010225	GO:1905301
10000	GO:0010226	GO:0097211
10000	GO:0010232	GO:0031077
10000	GO:0010232	GO:0072268
10000	GO:0010248	GO:0044790
10000	GO:0010248	GO:0045617
10000	GO:0010255	GO:0032413
10000	GO:0010255	GO:0097696
10000	GO:0010256	GO:0043622
10000	GO:0010256	GO:0046223
10000	GO:0010256	GO:1902601
10000	GO:0010257	GO:0060319
10000	GO:0010257	GO:1904040
10000	GO:0010265	GO:0045722
10000	GO:0010265	GO:0061367
10000	GO:0010265	GO:1902775
10000	GO:0010269	GO:0046900
10000	GO:0010269	GO:0051254
10000	GO:0010269	GO:0099183
10000	GO:0010273	GO:0010463
10000	GO:0010286	GO:1904842
10000	GO:0010288	GO:0034614
10000	GO:0010288	GO:0042633
10000	GO:0010288	GO:0043449
10000	GO:0010288	GO:0097376
10000	GO:0010310	GO:0071888
10000	GO:0010332	GO:0048488
10000	GO:0010332	GO:1905477
10000	GO:0010335	GO:0016107
10000	GO:0010335	GO:0045116
10000	GO:0010335	GO:1904897
10000	GO:0010351	GO:0098908
10000	GO:0010360	GO:0120163
10000	GO:0010360	GO:2000144
10000	GO:0010387	GO:0061548
10000	GO:0010389	GO:0071798
10000	GO:0010389	GO:0090191
10000	GO:0010389	GO:1903115
10000	GO:0010389	GO:1903626
10000	GO:0010453	GO:0034391
10000	GO:0010453	GO:0140569
10000	GO:0010453	GO:1900746
10000	GO:0010454	GO:1904396
10000	GO:0010455	GO:0010729
10000	GO:0010457	GO:0045879
10000	GO:0010459	GO:0070681
10000	GO:0010460	GO:0036102
10000	GO:0010460	GO:0090175
10000	GO:0010460	GO:1903542
10000	GO:0010464	GO:0046500
10000	GO:0010468	GO:0010920
10000	GO:0010468	GO:0051621
10000	GO:0010469	GO:0016082
10000	GO:0010482	GO:0034021
10000	GO:0010482	GO:0045048
10000	GO:0010482	GO:1903051
10000	GO:0010493	GO:0022898
10000	GO:0010493	GO:0140450
10000	GO:0010498	GO:0016046
10000	GO:0010498	GO:0046931
10000	GO:0010498	GO:1900211
10000	GO:0010506	GO:0051580
10000	GO:0010507	GO:0072423
10000	GO:0010508	GO:0019321
10000	GO:0010508	GO:0032350
10000	GO:0010508	GO:0051093
10000	GO:0010508	GO:1903828
10000	GO:0010510	GO:0031399
10000	GO:0010511	GO:0045795
10000	GO:0010511	GO:1903748
10000	GO:0010511	GO:2000679
10000	GO:0010512	GO:0046321
10000	GO:0010513	GO:0042256
10000	GO:0010513	GO:0046959
10000	GO:0010522	GO:0071831
10000	GO:0010523	GO:0014827
10000	GO:0010524	GO:0015735
10000	GO:0010526	GO:0032673
10000	GO:0010526	GO:0140357
10000	GO:0010526	GO:1904025
10000	GO:0010544	GO:1904504
10000	GO:0010556	GO:0042538
10000	GO:0010556	GO:0046328
10000	GO:0010556	GO:1903691
10000	GO:0010557	GO:0046373
10000	GO:0010557	GO:0055089
10000	GO:0010558	GO:1900272
10000	GO:0010559	GO:0031424
10000	GO:0010559	GO:1901835
10000	GO:0010560	GO:0019100
10000	GO:0010561	GO:0030029
10000	GO:0010562	GO:0048872
10000	GO:0010562	GO:0071384
10000	GO:0010562	GO:2000413
10000	GO:0010563	GO:0090158
10000	GO:0010563	GO:0160145
10000	GO:0010565	GO:0032869
10000	GO:0010566	GO:0010890
10000	GO:0010569	GO:1902605
10000	GO:0010572	GO:0110154
10000	GO:0010573	GO:0021547
10000	GO:0010575	GO:0021740
10000	GO:0010575	GO:0071498
10000	GO:0010575	GO:0072194
10000	GO:0010585	GO:0010966
10000	GO:0010585	GO:0018003
10000	GO:0010585	GO:0072665
10000	GO:0010586	GO:1903210
10000	GO:0010591	GO:0016104
10000	GO:0010592	GO:0032960
10000	GO:0010592	GO:0036518
10000	GO:0010593	GO:0036111
10000	GO:0010593	GO:0048006
10000	GO:0010594	GO:0070179
10000	GO:0010604	GO:0061136
10000	GO:0010604	GO:0090129
10000	GO:0010605	GO:0034089
10000	GO:0010605	GO:1901897
10000	GO:0010606	GO:0021937
10000	GO:0010606	GO:0051900
10000	GO:0010606	GO:0051931
10000	GO:0010606	GO:1902073
10000	GO:0010608	GO:0061437
10000	GO:0010609	GO:1905521
10000	GO:0010610	GO:0090162
10000	GO:0010611	GO:0035641
10000	GO:0010611	GO:0048713
10000	GO:0010611	GO:1905676
10000	GO:0010614	GO:1902847
10000	GO:0010615	GO:0060992
10000	GO:0010616	GO:0035933
10000	GO:0010616	GO:1901017
10000	GO:0010624	GO:0106027
10000	GO:0010628	GO:0032467
10000	GO:0010628	GO:0140041
10000	GO:0010629	GO:0016183
10000	GO:0010630	GO:0031365
10000	GO:0010630	GO:0090400
10000	GO:0010630	GO:0120252
10000	GO:0010630	GO:1902553
10000	GO:0010630	GO:2000793
10000	GO:0010631	GO:0044784
10000	GO:0010631	GO:0072086
10000	GO:0010632	GO:0010874
10000	GO:0010632	GO:0046532
10000	GO:0010632	GO:0098885
10000	GO:0010635	GO:0034164
10000	GO:0010636	GO:0031297
10000	GO:0010637	GO:0021798
10000	GO:0010637	GO:0160078
10000	GO:0010639	GO:0071674
10000	GO:0010639	GO:1900378
10000	GO:0010640	GO:0017183
10000	GO:0010640	GO:0034444
10000	GO:0010641	GO:1902247
10000	GO:0010644	GO:0043555
10000	GO:0010644	GO:0050802
10000	GO:0010644	GO:0150036
10000	GO:0010644	GO:1901532
10000	GO:0010645	GO:0060299
10000	GO:0010645	GO:0071329
10000	GO:0010646	GO:0042320
10000	GO:0010648	GO:0090403
10000	GO:0010650	GO:0070163
10000	GO:0010650	GO:0097696
10000	GO:0010656	GO:1902460
10000	GO:0010658	GO:1904715
10000	GO:0010659	GO:0050673
10000	GO:0010660	GO:0032372
10000	GO:0010660	GO:0051546
10000	GO:0010660	GO:0070203
10000	GO:0010662	GO:0072286
10000	GO:0010662	GO:1904708
10000	GO:0010662	GO:2000308
10000	GO:0010663	GO:0097484
10000	GO:0010664	GO:0042772
10000	GO:0010664	GO:1904274
10000	GO:0010665	GO:0035795
10000	GO:0010668	GO:0072161
10000	GO:0010669	GO:0071371
10000	GO:0010700	GO:0018364
10000	GO:0010700	GO:0051665
10000	GO:0010701	GO:0035962
10000	GO:0010713	GO:0060675
10000	GO:0010713	GO:0140459
10000	GO:0010714	GO:1905476
10000	GO:0010715	GO:0046856
10000	GO:0010715	GO:0071280
10000	GO:0010717	GO:0033210
10000	GO:0010717	GO:0050803
10000	GO:0010717	GO:0071044
10000	GO:0010717	GO:0099638
10000	GO:0010718	GO:0043124
10000	GO:0010718	GO:2000806
10000	GO:0010720	GO:0036046
10000	GO:0010721	GO:0071670
10000	GO:0010726	GO:0032225
10000	GO:0010727	GO:0043153
10000	GO:0010729	GO:1902365
10000	GO:0010729	GO:1903332
10000	GO:0010729	GO:2000391
10000	GO:0010732	GO:1990770
10000	GO:0010734	GO:0031645
10000	GO:0010742	GO:1904995
10000	GO:0010743	GO:0031848
10000	GO:0010745	GO:0014744
10000	GO:0010745	GO:0032869
10000	GO:0010745	GO:0070842
10000	GO:0010747	GO:0015074
10000	GO:0010747	GO:0048686
10000	GO:0010747	GO:0071451
10000	GO:0010749	GO:0014056
10000	GO:0010749	GO:0140238
10000	GO:0010750	GO:0044210
10000	GO:0010750	GO:1905873
10000	GO:0010751	GO:0034643
10000	GO:0010751	GO:0046184
10000	GO:0010751	GO:0071529
10000	GO:0010753	GO:0048630
10000	GO:0010753	GO:1904539
10000	GO:0010756	GO:0014894
10000	GO:0010756	GO:0035924
10000	GO:0010756	GO:0038196
10000	GO:0010758	GO:0046712
10000	GO:0010759	GO:0090128
10000	GO:0010762	GO:0034497
10000	GO:0010762	GO:1905553
10000	GO:0010763	GO:0055003
10000	GO:0010763	GO:0070947
10000	GO:0010764	GO:0015746
10000	GO:0010765	GO:0030321
10000	GO:0010766	GO:0050675
10000	GO:0010766	GO:1904117
10000	GO:0010766	GO:2001303
10000	GO:0010770	GO:0031393
10000	GO:0010771	GO:0032811
10000	GO:0010771	GO:0051882
10000	GO:0010771	GO:0060364
10000	GO:0010774	GO:0060579
10000	GO:0010774	GO:2001141
10000	GO:0010780	GO:0106107
10000	GO:0010793	GO:0030393
10000	GO:0010795	GO:0046056
10000	GO:0010795	GO:2000110
10000	GO:0010799	GO:0150153
10000	GO:0010800	GO:0048535
10000	GO:0010800	GO:0071359
10000	GO:0010801	GO:0045472
10000	GO:0010801	GO:0090350
10000	GO:0010804	GO:0071679
10000	GO:0010804	GO:1900148
10000	GO:0010808	GO:0036368
10000	GO:0010811	GO:0048668
10000	GO:0010811	GO:1904544
10000	GO:0010812	GO:0032289
10000	GO:0010812	GO:1904466
10000	GO:0010813	GO:0071028
10000	GO:0010813	GO:2000415
10000	GO:0010814	GO:0036023
10000	GO:0010816	GO:0042554
10000	GO:0010817	GO:0106106
10000	GO:0010817	GO:1905653
10000	GO:0010818	GO:1905222
10000	GO:0010820	GO:1902365
10000	GO:0010821	GO:0035747
10000	GO:0010824	GO:0033500
10000	GO:0010824	GO:1903321
10000	GO:0010826	GO:1902726
10000	GO:0010827	GO:0071217
10000	GO:0010827	GO:0072659
10000	GO:0010827	GO:1990830
10000	GO:0010829	GO:0030887
10000	GO:0010829	GO:0033750
10000	GO:0010829	GO:0072529
10000	GO:0010829	GO:0120154
10000	GO:0010829	GO:1903336
10000	GO:0010830	GO:1904094
10000	GO:0010831	GO:0033601
10000	GO:0010831	GO:0160093
10000	GO:0010831	GO:2001012
10000	GO:0010832	GO:0016477
10000	GO:0010832	GO:0043696
10000	GO:0010832	GO:1903564
10000	GO:0010839	GO:0034761
10000	GO:0010839	GO:1901787
10000	GO:0010841	GO:0045792
10000	GO:0010842	GO:0035907
10000	GO:0010842	GO:1905100
10000	GO:0010845	GO:2001148
10000	GO:0010866	GO:0046618
10000	GO:0010866	GO:0048499
10000	GO:0010866	GO:0061209
10000	GO:0010874	GO:0036250
10000	GO:0010876	GO:0016567
10000	GO:0010876	GO:1905332
10000	GO:0010877	GO:0045728
10000	GO:0010877	GO:0071404
10000	GO:0010878	GO:0035723
10000	GO:0010878	GO:1903298
10000	GO:0010879	GO:0044857
10000	GO:0010879	GO:0065003
10000	GO:0010880	GO:0030029
10000	GO:0010880	GO:0070383
10000	GO:0010880	GO:0141008
10000	GO:0010882	GO:0051385
10000	GO:0010882	GO:0070343
10000	GO:0010884	GO:0033319
10000	GO:0010884	GO:0072125
10000	GO:0010884	GO:1904206
10000	GO:0010885	GO:0019626
10000	GO:0010885	GO:0035331
10000	GO:0010888	GO:0015749
10000	GO:0010888	GO:0035108
10000	GO:0010891	GO:0031923
10000	GO:0010891	GO:0034614
10000	GO:0010891	GO:0042866
10000	GO:0010891	GO:0045906
10000	GO:0010893	GO:1902490
10000	GO:0010897	GO:0045835
10000	GO:0010897	GO:1902080
10000	GO:0010897	GO:2000794
10000	GO:0010899	GO:0120322
10000	GO:0010901	GO:1990544
10000	GO:0010906	GO:1905772
10000	GO:0010907	GO:0090160
10000	GO:0010908	GO:0110097
10000	GO:0010909	GO:0045807
10000	GO:0010909	GO:0060169
10000	GO:0010909	GO:0060214
10000	GO:0010909	GO:1902888
10000	GO:0010915	GO:0046833
10000	GO:0010917	GO:0048499
10000	GO:0010917	GO:1903604
10000	GO:0010918	GO:0050805
10000	GO:0010919	GO:0036289
10000	GO:0010920	GO:0018210
10000	GO:0010922	GO:0034695
10000	GO:0010927	GO:0032917
10000	GO:0010932	GO:0032091
10000	GO:0010932	GO:0044804
10000	GO:0010933	GO:2000052
10000	GO:0010936	GO:0035603
10000	GO:0010936	GO:0048665
10000	GO:0010936	GO:0120190
10000	GO:0010950	GO:0051149
10000	GO:0010951	GO:0060310
10000	GO:0010954	GO:0048636
10000	GO:0010954	GO:0110057
10000	GO:0010955	GO:1902859
10000	GO:0010957	GO:0048699
10000	GO:0010957	GO:1900182
10000	GO:0010958	GO:0035382
10000	GO:0010960	GO:0046831
10000	GO:0010961	GO:1904252
10000	GO:0010962	GO:0110113
10000	GO:0010964	GO:0071656
10000	GO:0010964	GO:0090717
10000	GO:0010966	GO:0021602
10000	GO:0010966	GO:0098974
10000	GO:0010966	GO:1904884
10000	GO:0010967	GO:0018126
10000	GO:0010971	GO:0042742
10000	GO:0010971	GO:0046638
10000	GO:0010971	GO:0097094
10000	GO:0010972	GO:0060921
10000	GO:0010975	GO:0031929
10000	GO:0010975	GO:0051169
10000	GO:0010976	GO:0071707
10000	GO:0010982	GO:0090630
10000	GO:0010982	GO:1901222
10000	GO:0010983	GO:0072213
10000	GO:0010984	GO:0044027
10000	GO:0010985	GO:0060118
10000	GO:0010986	GO:0019896
10000	GO:0010986	GO:0043407
10000	GO:0010987	GO:0043574
10000	GO:0010987	GO:0086067
10000	GO:0010987	GO:1901247
10000	GO:0010988	GO:0098659
10000	GO:0010988	GO:1902992
10000	GO:0010992	GO:0021524
10000	GO:0010992	GO:1904034
10000	GO:0010996	GO:0019941
10000	GO:0010996	GO:0050803
10000	GO:0010996	GO:0060081
10000	GO:0010998	GO:0015881
10000	GO:0010998	GO:1904139
10000	GO:0012501	GO:0061154
10000	GO:0012501	GO:0120179
10000	GO:0012501	GO:1903589
10000	GO:0012501	GO:1905675
10000	GO:0014003	GO:0099527
10000	GO:0014005	GO:1902995
10000	GO:0014006	GO:0044409
10000	GO:0014009	GO:0098968
10000	GO:0014009	GO:0140990
10000	GO:0014012	GO:0071801
10000	GO:0014013	GO:0051385
10000	GO:0014013	GO:1901629
10000	GO:0014014	GO:0019730
10000	GO:0014015	GO:0033370
10000	GO:0014015	GO:1905100
10000	GO:0014015	GO:1905161
10000	GO:0014016	GO:1903343
10000	GO:0014028	GO:2000707
10000	GO:0014029	GO:0070235
10000	GO:0014031	GO:0045621
10000	GO:0014031	GO:0072214
10000	GO:0014031	GO:2000201
10000	GO:0014033	GO:0035910
10000	GO:0014033	GO:0050783
10000	GO:0014034	GO:0071900
10000	GO:0014034	GO:0072584
10000	GO:0014037	GO:1901875
10000	GO:0014037	GO:1903671
10000	GO:0014040	GO:1904118
10000	GO:0014042	GO:0043374
10000	GO:0014042	GO:0060560
10000	GO:0014043	GO:0043317
10000	GO:0014044	GO:0071724
10000	GO:0014044	GO:0110026
10000	GO:0014046	GO:0072278
10000	GO:0014046	GO:1900125
10000	GO:0014047	GO:0034761
10000	GO:0014047	GO:0071332
10000	GO:0014048	GO:0022603
10000	GO:0014048	GO:1905448
10000	GO:0014050	GO:0090659
10000	GO:0014051	GO:0044828
10000	GO:0014052	GO:1900747
10000	GO:0014054	GO:0034205
10000	GO:0014056	GO:0038171
10000	GO:0014059	GO:0060535
10000	GO:0014059	GO:1902824
10000	GO:0014060	GO:0090335
10000	GO:0014061	GO:0160207
10000	GO:0014061	GO:2001198
10000	GO:0014063	GO:0043412
10000	GO:0014063	GO:0044093
10000	GO:0014072	GO:0030947
10000	GO:0014074	GO:0032231
10000	GO:0014074	GO:1901731
10000	GO:0014075	GO:0097089
10000	GO:0014706	GO:0038096
10000	GO:0014706	GO:0051865
10000	GO:0014706	GO:1904048
10000	GO:0014707	GO:0044725
10000	GO:0014707	GO:0051958
10000	GO:0014707	GO:0060264
10000	GO:0014707	GO:0106300
10000	GO:0014707	GO:2000622
10000	GO:0014717	GO:0052008
10000	GO:0014717	GO:2000811
10000	GO:0014718	GO:0048261
10000	GO:0014718	GO:2000812
10000	GO:0014719	GO:2000725
10000	GO:0014721	GO:0031100
10000	GO:0014721	GO:0060297
10000	GO:0014722	GO:0099116
10000	GO:0014722	GO:2001212
10000	GO:0014723	GO:1904677
10000	GO:0014732	GO:1905305
10000	GO:0014733	GO:0090067
10000	GO:0014734	GO:0140298
10000	GO:0014734	GO:1904375
10000	GO:0014736	GO:0031393
10000	GO:0014737	GO:0140570
10000	GO:0014737	GO:1901978
10000	GO:0014739	GO:0071602
10000	GO:0014741	GO:0070462
10000	GO:0014743	GO:1905459
10000	GO:0014744	GO:1904073
10000	GO:0014745	GO:0036101
10000	GO:0014807	GO:2001153
10000	GO:0014808	GO:0034465
10000	GO:0014810	GO:0032908
10000	GO:0014810	GO:0042078
10000	GO:0014812	GO:1900408
10000	GO:0014816	GO:0150018
10000	GO:0014819	GO:0016094
10000	GO:0014819	GO:0046631
10000	GO:0014821	GO:0120162
10000	GO:0014821	GO:2000119
10000	GO:0014823	GO:0048845
10000	GO:0014824	GO:1902462
10000	GO:0014827	GO:1904448
10000	GO:0014829	GO:0048009
10000	GO:0014831	GO:0050794
10000	GO:0014831	GO:0055006
10000	GO:0014832	GO:0018195
10000	GO:0014832	GO:0046164
10000	GO:0014835	GO:0140861
10000	GO:0014841	GO:0051130
10000	GO:0014841	GO:0090050
10000	GO:0014842	GO:0071038
10000	GO:0014843	GO:0071404
10000	GO:0014846	GO:0099541
10000	GO:0014848	GO:0038112
10000	GO:0014848	GO:0140766
10000	GO:0014850	GO:1901080
10000	GO:0014854	GO:0060503
10000	GO:0014854	GO:0160184
10000	GO:0014855	GO:0035931
10000	GO:0014856	GO:0072020
10000	GO:0014857	GO:0016445
10000	GO:0014857	GO:0045981
10000	GO:0014857	GO:2001188
10000	GO:0014858	GO:0060134
10000	GO:0014858	GO:1903423
10000	GO:0014859	GO:0071638
10000	GO:0014866	GO:0035846
10000	GO:0014870	GO:0099069
10000	GO:0014873	GO:0021852
10000	GO:0014874	GO:1902151
10000	GO:0014877	GO:0039695
10000	GO:0014878	GO:0045475
10000	GO:0014887	GO:0070902
10000	GO:0014887	GO:0140059
10000	GO:0014888	GO:0030970
10000	GO:0014888	GO:1905089
10000	GO:0014889	GO:0090130
10000	GO:0014891	GO:0061157
10000	GO:0014895	GO:0051040
10000	GO:0014897	GO:0046457
10000	GO:0014898	GO:0061729
10000	GO:0014900	GO:0032409
10000	GO:0014901	GO:0060664
10000	GO:0014901	GO:2000568
10000	GO:0014902	GO:0046466
10000	GO:0014902	GO:1903426
10000	GO:0014904	GO:0051620
10000	GO:0014904	GO:1901994
10000	GO:0014905	GO:0099515
10000	GO:0014905	GO:0110022
10000	GO:0014906	GO:0098926
10000	GO:0014906	GO:2000146
10000	GO:0014908	GO:0015847
10000	GO:0014908	GO:0055074
10000	GO:0014908	GO:1990784
10000	GO:0014910	GO:0042448
10000	GO:0014910	GO:0071459
10000	GO:0014910	GO:0090320
10000	GO:0014911	GO:0035265
10000	GO:0014912	GO:2000628
10000	GO:0014916	GO:0032290
10000	GO:0015012	GO:0061698
10000	GO:0015012	GO:0106072
10000	GO:0015074	GO:0018190
10000	GO:0015670	GO:0106015
10000	GO:0015671	GO:2001044
10000	GO:0015673	GO:0030837
10000	GO:0015673	GO:0098939
10000	GO:0015673	GO:2000185
10000	GO:0015675	GO:0035148
10000	GO:0015677	GO:0060346
10000	GO:0015689	GO:0044057
10000	GO:0015689	GO:0046879
10000	GO:0015692	GO:0036250
10000	GO:0015693	GO:0071027
10000	GO:0015694	GO:0072717
10000	GO:0015695	GO:0033032
10000	GO:0015695	GO:0060732
10000	GO:0015698	GO:0035490
10000	GO:0015698	GO:0071211
10000	GO:0015698	GO:1905793
10000	GO:0015700	GO:0043633
10000	GO:0015700	GO:0071805
10000	GO:0015700	GO:1903450
10000	GO:0015705	GO:0036344
10000	GO:0015705	GO:0072530
10000	GO:0015706	GO:0018343
10000	GO:0015706	GO:0043649
10000	GO:0015709	GO:1901329
10000	GO:0015709	GO:2000831
10000	GO:0015712	GO:0031649
10000	GO:0015718	GO:0042744
10000	GO:0015718	GO:0071364
10000	GO:0015718	GO:1900281
10000	GO:0015721	GO:1990172
10000	GO:0015722	GO:0032490
10000	GO:0015722	GO:0060684
10000	GO:0015723	GO:0051697
10000	GO:0015724	GO:0035542
10000	GO:0015724	GO:0045906
10000	GO:0015724	GO:0070947
10000	GO:0015727	GO:1903179
10000	GO:0015727	GO:2000235
10000	GO:0015729	GO:0060537
10000	GO:0015730	GO:0070221
10000	GO:0015732	GO:0032510
10000	GO:0015732	GO:0042921
10000	GO:0015734	GO:0031053
10000	GO:0015734	GO:0033005
10000	GO:0015734	GO:0036093
10000	GO:0015734	GO:0042398
10000	GO:0015734	GO:1905672
10000	GO:0015735	GO:0050932
10000	GO:0015736	GO:1902255
10000	GO:0015736	GO:1904668
10000	GO:0015739	GO:0046519
10000	GO:0015740	GO:0032471
10000	GO:0015740	GO:0061515
10000	GO:0015742	GO:0106071
10000	GO:0015743	GO:0071028
10000	GO:0015744	GO:0031446
10000	GO:0015748	GO:0032666
10000	GO:0015748	GO:0043507
10000	GO:0015749	GO:0033609
10000	GO:0015749	GO:0048859
10000	GO:0015750	GO:0050911
10000	GO:0015750	GO:1904706
10000	GO:0015750	GO:1905301
10000	GO:0015755	GO:0071265
10000	GO:0015756	GO:0035865
10000	GO:0015756	GO:1902035
10000	GO:0015756	GO:1903891
10000	GO:0015757	GO:1904934
10000	GO:0015760	GO:0045039
10000	GO:0015761	GO:0071482
10000	GO:0015761	GO:1902292
10000	GO:0015766	GO:0046496
10000	GO:0015770	GO:0043401
10000	GO:0015770	GO:1990569
10000	GO:0015772	GO:0032380
10000	GO:0015772	GO:0060183
10000	GO:0015772	GO:1904328
10000	GO:0015782	GO:0046719
10000	GO:0015782	GO:0051241
10000	GO:0015783	GO:0031652
10000	GO:0015786	GO:0051661
10000	GO:0015789	GO:0032324
10000	GO:0015789	GO:0034367
10000	GO:0015789	GO:0097352
10000	GO:0015791	GO:0035482
10000	GO:0015791	GO:0050917
10000	GO:0015791	GO:0071670
10000	GO:0015791	GO:0120229
10000	GO:0015791	GO:1900239
10000	GO:0015791	GO:1990786
10000	GO:0015791	GO:1990868
10000	GO:0015793	GO:1901563
10000	GO:0015793	GO:1904702
10000	GO:0015797	GO:0032331
10000	GO:0015797	GO:1902645
10000	GO:0015798	GO:0034394
10000	GO:0015802	GO:0021623
10000	GO:0015803	GO:0048295
10000	GO:0015803	GO:1905035
10000	GO:0015804	GO:0046130
10000	GO:0015804	GO:0071888
10000	GO:0015804	GO:0072497
10000	GO:0015804	GO:0106383
10000	GO:0015804	GO:1905601
10000	GO:0015805	GO:0070507
10000	GO:0015807	GO:0048609
10000	GO:0015808	GO:0033173
10000	GO:0015808	GO:0071652
10000	GO:0015810	GO:0032447
10000	GO:0015810	GO:0033274
10000	GO:0015811	GO:0045589
10000	GO:0015811	GO:0086066
10000	GO:0015813	GO:0055095
10000	GO:0015813	GO:2000594
10000	GO:0015820	GO:0071260
10000	GO:0015820	GO:0072674
10000	GO:0015821	GO:0016101
10000	GO:0015822	GO:0045842
10000	GO:0015822	GO:0090327
10000	GO:0015822	GO:2000738
10000	GO:0015824	GO:1900148
10000	GO:0015826	GO:0036017
10000	GO:0015826	GO:0060312
10000	GO:0015828	GO:0016331
10000	GO:0015828	GO:0150094
10000	GO:0015829	GO:0110011
10000	GO:0015835	GO:0060363
10000	GO:0015837	GO:0071680
10000	GO:0015837	GO:1904651
10000	GO:0015837	GO:1904653
10000	GO:0015838	GO:0043405
10000	GO:0015840	GO:0060024
10000	GO:0015840	GO:1904667
10000	GO:0015844	GO:0048133
10000	GO:0015844	GO:1904206
10000	GO:0015846	GO:1905323
10000	GO:0015847	GO:2000042
10000	GO:0015849	GO:1904580
10000	GO:0015853	GO:0045820
10000	GO:0015854	GO:0016539
10000	GO:0015855	GO:1901211
10000	GO:0015855	GO:1990874
10000	GO:0015857	GO:1903818
10000	GO:0015860	GO:0060149
10000	GO:0015862	GO:0042147
10000	GO:0015864	GO:0043648
10000	GO:0015864	GO:0051050
10000	GO:0015864	GO:1900153
10000	GO:0015864	GO:2000296
10000	GO:0015867	GO:1904550
10000	GO:0015870	GO:0044238
10000	GO:0015870	GO:0045646
10000	GO:0015871	GO:1901723
10000	GO:0015871	GO:1902983
10000	GO:0015874	GO:0035862
10000	GO:0015878	GO:2000374
10000	GO:0015879	GO:0099555
10000	GO:0015881	GO:0044283
10000	GO:0015881	GO:0061309
10000	GO:0015882	GO:0060375
10000	GO:0015882	GO:0072675
10000	GO:0015883	GO:0021937
10000	GO:0015883	GO:0030003
10000	GO:0015883	GO:0045342
10000	GO:0015884	GO:0055062
10000	GO:0015884	GO:0060073
10000	GO:0015884	GO:2000570
10000	GO:0015886	GO:0021649
10000	GO:0015886	GO:0035691
10000	GO:0015888	GO:0045912
10000	GO:0015888	GO:1901607
10000	GO:0015904	GO:0140468
10000	GO:0015908	GO:0019369
10000	GO:0015908	GO:0045445
10000	GO:0015908	GO:0098656
10000	GO:0015910	GO:0030813
10000	GO:0015910	GO:1903242
10000	GO:0015913	GO:0018879
10000	GO:0015914	GO:0019344
10000	GO:0015914	GO:0048260
10000	GO:0015916	GO:0043542
10000	GO:0015916	GO:0046054
10000	GO:0015916	GO:0060693
10000	GO:0015917	GO:1905504
10000	GO:0015918	GO:0051125
10000	GO:0015919	GO:0020027
10000	GO:0015919	GO:0060503
10000	GO:0015920	GO:0072387
10000	GO:0015937	GO:0040019
10000	GO:0015949	GO:0019058
10000	GO:0015949	GO:0035684
10000	GO:0015959	GO:0021972
10000	GO:0015959	GO:0032940
10000	GO:0015960	GO:0048296
10000	GO:0015960	GO:0060027
10000	GO:0015961	GO:0030032
10000	GO:0015964	GO:0048880
10000	GO:0015964	GO:1905533
10000	GO:0015965	GO:0018343
10000	GO:0015966	GO:0051490
10000	GO:0015966	GO:1903434
10000	GO:0015966	GO:2001287
10000	GO:0015986	GO:0045948
10000	GO:0015986	GO:0070585
10000	GO:0015986	GO:1904205
10000	GO:0015990	GO:0032228
10000	GO:0015990	GO:1903918
10000	GO:0016024	GO:0048505
10000	GO:0016024	GO:0099519
10000	GO:0016024	GO:1902017
10000	GO:0016031	GO:0051726
10000	GO:0016036	GO:0042938
10000	GO:0016036	GO:0050665
10000	GO:0016036	GO:0061041
10000	GO:0016037	GO:0071493
10000	GO:0016038	GO:0018272
10000	GO:0016043	GO:0060317
10000	GO:0016045	GO:0060857
10000	GO:0016048	GO:0070171
10000	GO:0016049	GO:0016079
10000	GO:0016049	GO:0051153
10000	GO:0016050	GO:0035564
10000	GO:0016050	GO:2000121
10000	GO:0016051	GO:0032370
10000	GO:0016051	GO:0032898
10000	GO:0016051	GO:1990962
10000	GO:0016053	GO:0141013
10000	GO:0016054	GO:0036490
10000	GO:0016055	GO:0072757
10000	GO:0016070	GO:0018343
10000	GO:0016070	GO:0046653
10000	GO:0016071	GO:0035268
10000	GO:0016072	GO:0060184
10000	GO:0016072	GO:0098508
10000	GO:0016073	GO:0048149
10000	GO:0016073	GO:0090238
10000	GO:0016074	GO:0045124
10000	GO:0016075	GO:0045910
10000	GO:0016075	GO:0140499
10000	GO:0016075	GO:1905037
10000	GO:0016076	GO:0046373
10000	GO:0016078	GO:0072656
10000	GO:0016078	GO:1990456
10000	GO:0016079	GO:0071051
10000	GO:0016079	GO:0106091
10000	GO:0016079	GO:1901624
10000	GO:0016080	GO:0032812
10000	GO:0016080	GO:0042537
10000	GO:0016080	GO:0071387
10000	GO:0016081	GO:0051703
10000	GO:0016081	GO:0060148
10000	GO:0016093	GO:1903960
10000	GO:0016093	GO:2000609
10000	GO:0016094	GO:0032912
10000	GO:0016095	GO:0043653
10000	GO:0016098	GO:0060765
10000	GO:0016103	GO:0061156
10000	GO:0016104	GO:0046223
10000	GO:0016104	GO:0071625
10000	GO:0016108	GO:0032307
10000	GO:0016108	GO:1904635
10000	GO:0016110	GO:0072298
10000	GO:0016117	GO:0042048
10000	GO:0016117	GO:0046601
10000	GO:0016117	GO:1901834
10000	GO:0016118	GO:0045960
10000	GO:0016118	GO:1903972
10000	GO:0016119	GO:0045143
10000	GO:0016119	GO:2001037
10000	GO:0016121	GO:0033326
10000	GO:0016121	GO:0097646
10000	GO:0016123	GO:0016261
10000	GO:0016125	GO:0060126
10000	GO:0016125	GO:0072130
10000	GO:0016126	GO:0034036
10000	GO:0016126	GO:0061517
10000	GO:0016126	GO:1904466
10000	GO:0016126	GO:2001248
10000	GO:0016127	GO:0042138
10000	GO:0016137	GO:0019375
10000	GO:0016137	GO:0060025
10000	GO:0016139	GO:1903367
10000	GO:0016139	GO:1903672
10000	GO:0016182	GO:0090721
10000	GO:0016182	GO:1900377
10000	GO:0016182	GO:2000634
10000	GO:0016183	GO:1901492
10000	GO:0016185	GO:1903790
10000	GO:0016189	GO:0035689
10000	GO:0016191	GO:0042402
10000	GO:0016191	GO:2000234
10000	GO:0016191	GO:2000547
10000	GO:0016192	GO:0019244
10000	GO:0016197	GO:0035278
10000	GO:0016197	GO:0061982
10000	GO:0016197	GO:1905144
10000	GO:0016198	GO:1902073
10000	GO:0016226	GO:0110110
10000	GO:0016233	GO:0071577
10000	GO:0016236	GO:0046467
10000	GO:0016236	GO:0071301
10000	GO:0016236	GO:0140546
10000	GO:0016237	GO:1903862
10000	GO:0016239	GO:0019755
10000	GO:0016239	GO:0106273
10000	GO:0016239	GO:1902993
10000	GO:0016259	GO:0033139
10000	GO:0016260	GO:0071655
10000	GO:0016261	GO:0046599
10000	GO:0016310	GO:0032879
10000	GO:0016310	GO:1904340
10000	GO:0016311	GO:0031109
10000	GO:0016311	GO:1904612
10000	GO:0016320	GO:0060021
10000	GO:0016321	GO:0032079
10000	GO:0016331	GO:2000330
10000	GO:0016332	GO:0046349
10000	GO:0016332	GO:1903050
10000	GO:0016334	GO:0031503
10000	GO:0016339	GO:0097101
10000	GO:0016340	GO:0072311
10000	GO:0016344	GO:0033500
10000	GO:0016344	GO:0035802
10000	GO:0016344	GO:2000382
10000	GO:0016441	GO:0045630
10000	GO:0016441	GO:0051790
10000	GO:0016441	GO:1902514
10000	GO:0016444	GO:1990823
10000	GO:0016446	GO:0090189
10000	GO:0016446	GO:1990845
10000	GO:0016447	GO:0070925
10000	GO:0016447	GO:1902035
10000	GO:0016476	GO:0043518
10000	GO:0016476	GO:2000431
10000	GO:0016479	GO:0031943
10000	GO:0016480	GO:0061684
10000	GO:0016480	GO:0090119
10000	GO:0016480	GO:1904253
10000	GO:0016482	GO:1905550
10000	GO:0016485	GO:0030046
10000	GO:0016487	GO:0072573
10000	GO:0016525	GO:1903008
10000	GO:0016540	GO:0042130
10000	GO:0016540	GO:2000880
10000	GO:0016554	GO:0070900
10000	GO:0016556	GO:0060978
10000	GO:0016556	GO:0070106
10000	GO:0016558	GO:0034145
10000	GO:0016559	GO:0036336
10000	GO:0016559	GO:0043409
10000	GO:0016562	GO:0032960
10000	GO:0016562	GO:1902803
10000	GO:0016579	GO:0032079
10000	GO:0016579	GO:0045626
10000	GO:0016598	GO:0097696
10000	GO:0016598	GO:1901704
10000	GO:0016601	GO:0045875
10000	GO:0016601	GO:0060136
10000	GO:0016601	GO:0098734
10000	GO:0016926	GO:0051620
10000	GO:0016926	GO:0090193
10000	GO:0016973	GO:0031646
10000	GO:0016973	GO:0045639
10000	GO:0016973	GO:1903210
10000	GO:0016999	GO:0071357
10000	GO:0017003	GO:0046882
10000	GO:0017004	GO:0099607
10000	GO:0017006	GO:0035562
10000	GO:0017014	GO:0061668
10000	GO:0017014	GO:1903431
10000	GO:0017014	GO:1904750
10000	GO:0017038	GO:2000744
10000	GO:0017055	GO:0090218
10000	GO:0017055	GO:1901631
10000	GO:0017055	GO:2000178
10000	GO:0017062	GO:0099550
10000	GO:0017145	GO:0018916
10000	GO:0017145	GO:1904914
10000	GO:0017156	GO:0097011
10000	GO:0017158	GO:0050728
10000	GO:0017158	GO:0160239
10000	GO:0017158	GO:1903903
10000	GO:0017183	GO:0018395
10000	GO:0017185	GO:0036113
10000	GO:0017187	GO:0090319
10000	GO:0017196	GO:0044837
10000	GO:0017196	GO:0071340
10000	GO:0017196	GO:2000344
10000	GO:0018003	GO:2000035
10000	GO:0018013	GO:0098920
10000	GO:0018021	GO:0051902
10000	GO:0018021	GO:0070232
10000	GO:0018021	GO:1904936
10000	GO:0018026	GO:0038018
10000	GO:0018057	GO:1903352
10000	GO:0018094	GO:0031929
10000	GO:0018095	GO:0110097
10000	GO:0018107	GO:0051046
10000	GO:0018108	GO:0018200
10000	GO:0018108	GO:0098904
10000	GO:0018125	GO:0050805
10000	GO:0018125	GO:1904904
10000	GO:0018125	GO:2000236
10000	GO:0018153	GO:0031394
10000	GO:0018153	GO:0060192
10000	GO:0018158	GO:0061004
10000	GO:0018190	GO:0106104
10000	GO:0018191	GO:1902100
10000	GO:0018191	GO:1990029
10000	GO:0018193	GO:0033274
10000	GO:0018195	GO:1905672
10000	GO:0018198	GO:0034123
10000	GO:0018199	GO:0071285
10000	GO:0018199	GO:1904829
10000	GO:0018200	GO:1902435
10000	GO:0018202	GO:0032436
10000	GO:0018206	GO:0051664
10000	GO:0018208	GO:0070120
10000	GO:0018208	GO:0071545
10000	GO:0018210	GO:0086002
10000	GO:0018210	GO:0098914
10000	GO:0018212	GO:0019377
10000	GO:0018212	GO:0033138
10000	GO:0018212	GO:0090275
10000	GO:0018214	GO:0034368
10000	GO:0018214	GO:0090266
10000	GO:0018216	GO:0046627
10000	GO:0018231	GO:0060425
10000	GO:0018262	GO:0071929
10000	GO:0018272	GO:0141194
10000	GO:0018272	GO:1900099
10000	GO:0018277	GO:0038202
10000	GO:0018293	GO:0032873
10000	GO:0018342	GO:0051153
10000	GO:0018352	GO:0021771
10000	GO:0018352	GO:0065005
10000	GO:0018352	GO:0099608
10000	GO:0018352	GO:0110156
10000	GO:0018352	GO:1905819
10000	GO:0018364	GO:0031930
10000	GO:0018364	GO:0048386
10000	GO:0018364	GO:0071000
10000	GO:0018364	GO:1903815
10000	GO:0018393	GO:0044827
10000	GO:0018393	GO:0095500
10000	GO:0018394	GO:0030497
10000	GO:0018394	GO:0030575
10000	GO:0018394	GO:2000211
10000	GO:0018395	GO:0048193
10000	GO:0018395	GO:1905000
10000	GO:0018401	GO:0071403
10000	GO:0018401	GO:1902426
10000	GO:0018410	GO:0060932
10000	GO:0018872	GO:0032660
10000	GO:0018874	GO:0030916
10000	GO:0018874	GO:0044111
10000	GO:0018874	GO:0071359
10000	GO:0018879	GO:0070158
10000	GO:0018885	GO:0045920
10000	GO:0018885	GO:0046449
10000	GO:0018894	GO:0019376
10000	GO:0018894	GO:0060159
10000	GO:0018910	GO:0042116
10000	GO:0018910	GO:0061098
10000	GO:0018910	GO:0070542
10000	GO:0018910	GO:0072741
10000	GO:0018916	GO:0051792
10000	GO:0018916	GO:0141156
10000	GO:0018960	GO:0035821
10000	GO:0018960	GO:0038083
10000	GO:0018963	GO:0030071
10000	GO:0018964	GO:0043462
10000	GO:0018964	GO:0051209
10000	GO:0018964	GO:0060178
10000	GO:0018964	GO:0061381
10000	GO:0018969	GO:1905458
10000	GO:0018969	GO:2000642
10000	GO:0018992	GO:0060353
10000	GO:0019043	GO:0051928
10000	GO:0019046	GO:0021773
10000	GO:0019058	GO:0033157
10000	GO:0019065	GO:1901247
10000	GO:0019065	GO:1903701
10000	GO:0019068	GO:0099525
10000	GO:0019072	GO:0031175
10000	GO:0019074	GO:0098935
10000	GO:0019075	GO:0090521
10000	GO:0019079	GO:0034136
10000	GO:0019079	GO:2000705
10000	GO:0019082	GO:0019692
10000	GO:0019082	GO:0032908
10000	GO:0019082	GO:0061450
10000	GO:0019083	GO:0048565
10000	GO:0019083	GO:0070898
10000	GO:0019083	GO:1904640
10000	GO:0019086	GO:2001304
10000	GO:0019098	GO:0050927
10000	GO:0019098	GO:0051345
10000	GO:0019098	GO:2000377
10000	GO:0019100	GO:0065001
10000	GO:0019184	GO:0021603
10000	GO:0019217	GO:0045040
10000	GO:0019217	GO:0046879
10000	GO:0019217	GO:0060591
10000	GO:0019218	GO:0032722
10000	GO:0019218	GO:1902022
10000	GO:0019219	GO:1901165
10000	GO:0019219	GO:1905941
10000	GO:0019220	GO:0061436
10000	GO:0019226	GO:1903670
10000	GO:0019228	GO:1990437
10000	GO:0019230	GO:0030211
10000	GO:0019233	GO:0160028
10000	GO:0019240	GO:0050872
10000	GO:0019240	GO:0072302
10000	GO:0019241	GO:0042816
10000	GO:0019241	GO:1905069
10000	GO:0019242	GO:0097191
10000	GO:0019242	GO:0110010
10000	GO:0019244	GO:0035795
10000	GO:0019244	GO:0043487
10000	GO:0019249	GO:1990791
10000	GO:0019262	GO:0036323
10000	GO:0019262	GO:0048588
10000	GO:0019265	GO:0060416
10000	GO:0019285	GO:0042368
10000	GO:0019285	GO:0060298
10000	GO:0019285	GO:2001222
10000	GO:0019290	GO:0046390
10000	GO:0019293	GO:0035891
10000	GO:0019303	GO:0021524
10000	GO:0019309	GO:1901256
10000	GO:0019310	GO:0072125
10000	GO:0019317	GO:0051290
10000	GO:0019317	GO:1904057
10000	GO:0019318	GO:0030852
10000	GO:0019318	GO:0035022
10000	GO:0019320	GO:0044857
10000	GO:0019321	GO:0032402
10000	GO:0019323	GO:0030833
10000	GO:0019323	GO:0044209
10000	GO:0019336	GO:1990261
10000	GO:0019341	GO:0045786
10000	GO:0019343	GO:1904282
10000	GO:0019363	GO:0120184
10000	GO:0019367	GO:0061042
10000	GO:0019368	GO:0101023
10000	GO:0019369	GO:1903001
10000	GO:0019371	GO:0044211
10000	GO:0019373	GO:0072307
10000	GO:0019373	GO:1900180
10000	GO:0019373	GO:1901098
10000	GO:0019374	GO:0034477
10000	GO:0019374	GO:1901563
10000	GO:0019377	GO:1900229
10000	GO:0019388	GO:0044743
10000	GO:0019388	GO:0060296
10000	GO:0019395	GO:0031401
10000	GO:0019395	GO:0032978
10000	GO:0019400	GO:0031145
10000	GO:0019400	GO:0048845
10000	GO:0019400	GO:0060291
10000	GO:0019400	GO:1905670
10000	GO:0019401	GO:0031448
10000	GO:0019401	GO:0033242
10000	GO:0019401	GO:0038123
10000	GO:0019401	GO:1901552
10000	GO:0019407	GO:0044870
10000	GO:0019413	GO:0031100
10000	GO:0019417	GO:0035212
10000	GO:0019417	GO:2000211
10000	GO:0019418	GO:0070142
10000	GO:0019418	GO:0071868
10000	GO:0019430	GO:1903779
10000	GO:0019433	GO:0035278
10000	GO:0019433	GO:0045579
10000	GO:0019433	GO:1901502
10000	GO:0019464	GO:0048278
10000	GO:0019464	GO:2000110
10000	GO:0019471	GO:0032570
10000	GO:0019471	GO:0061104
10000	GO:0019471	GO:0071659
10000	GO:0019471	GO:0120127
10000	GO:0019471	GO:1900100
10000	GO:0019474	GO:0070918
10000	GO:0019477	GO:0071373
10000	GO:0019477	GO:1905243
10000	GO:0019478	GO:0032769
10000	GO:0019478	GO:1990539
10000	GO:0019509	GO:0046099
10000	GO:0019509	GO:0097476
10000	GO:0019509	GO:1905384
10000	GO:0019511	GO:0021871
10000	GO:0019511	GO:0072284
10000	GO:0019511	GO:0097272
10000	GO:0019519	GO:0050778
10000	GO:0019520	GO:1901251
10000	GO:0019520	GO:1905912
10000	GO:0019521	GO:0060621
10000	GO:0019521	GO:0071332
10000	GO:0019527	GO:0042092
10000	GO:0019530	GO:0071641
10000	GO:0019530	GO:1904039
10000	GO:0019532	GO:1903897
10000	GO:0019538	GO:1904748
10000	GO:0019538	GO:2000436
10000	GO:0019541	GO:0060121
10000	GO:0019541	GO:1901159
10000	GO:0019542	GO:0030155
10000	GO:0019563	GO:0034633
10000	GO:0019605	GO:0045620
10000	GO:0019607	GO:0032926
10000	GO:0019607	GO:0046063
10000	GO:0019626	GO:0040019
10000	GO:0019646	GO:0141188
10000	GO:0019673	GO:0090326
10000	GO:0019674	GO:0044795
10000	GO:0019674	GO:0140718
10000	GO:0019677	GO:0040014
10000	GO:0019682	GO:1903375
10000	GO:0019692	GO:0030217
10000	GO:0019692	GO:0090311
10000	GO:0019693	GO:0051936
10000	GO:0019695	GO:0036471
10000	GO:0019720	GO:0090349
10000	GO:0019724	GO:1901254
10000	GO:0019725	GO:1903080
10000	GO:0019731	GO:0032847
10000	GO:0019731	GO:0071266
10000	GO:0019732	GO:0036075
10000	GO:0019732	GO:0071217
10000	GO:0019747	GO:1903901
10000	GO:0019748	GO:0033353
10000	GO:0019748	GO:0046578
10000	GO:0019751	GO:0048660
10000	GO:0019752	GO:0031670
10000	GO:0019752	GO:0097402
10000	GO:0019755	GO:0042361
10000	GO:0019805	GO:1904045
10000	GO:0019805	GO:1990172
10000	GO:0019827	GO:0099159
10000	GO:0019827	GO:1901136
10000	GO:0019827	GO:1901620
10000	GO:0019827	GO:1903920
10000	GO:0019827	GO:2000008
10000	GO:0019852	GO:0070086
10000	GO:0019856	GO:0032917
10000	GO:0019856	GO:0034759
10000	GO:0019858	GO:0055007
10000	GO:0019860	GO:0038193
10000	GO:0019882	GO:0071657
10000	GO:0019883	GO:0034314
10000	GO:0019884	GO:1904689
10000	GO:0019885	GO:0043149
10000	GO:0019886	GO:0046877
10000	GO:0019896	GO:0036316
10000	GO:0019896	GO:0042058
10000	GO:0019896	GO:2001293
10000	GO:0019915	GO:0048250
10000	GO:0019915	GO:0060379
10000	GO:0019915	GO:0071582
10000	GO:0019918	GO:0031167
10000	GO:0019918	GO:0032330
10000	GO:0019918	GO:0051928
10000	GO:0019918	GO:0170041
10000	GO:0019934	GO:0060502
10000	GO:0019934	GO:0070948
10000	GO:0019934	GO:0150172
10000	GO:0019934	GO:1904637
10000	GO:0019941	GO:0090312
10000	GO:0020027	GO:0061383
10000	GO:0021502	GO:0034498
10000	GO:0021502	GO:0070488
10000	GO:0021502	GO:1903387
10000	GO:0021511	GO:0048757
10000	GO:0021511	GO:1901341
10000	GO:0021513	GO:1990790
10000	GO:0021514	GO:0033084
10000	GO:0021516	GO:0031283
10000	GO:0021516	GO:0072170
10000	GO:0021517	GO:1990708
10000	GO:0021520	GO:0046361
10000	GO:0021522	GO:0060285
10000	GO:0021524	GO:0022402
10000	GO:0021524	GO:0045914
10000	GO:0021524	GO:0086002
10000	GO:0021528	GO:0033366
10000	GO:0021529	GO:0048285
10000	GO:0021533	GO:0061740
10000	GO:0021533	GO:1902462
10000	GO:0021535	GO:0099049
10000	GO:0021536	GO:0072230
10000	GO:0021539	GO:1901733
10000	GO:0021540	GO:2000144
10000	GO:0021541	GO:0060021
10000	GO:0021541	GO:1901526
10000	GO:0021545	GO:0051096
10000	GO:0021545	GO:0072217
10000	GO:0021551	GO:0035115
10000	GO:0021551	GO:0140568
10000	GO:0021553	GO:1902914
10000	GO:0021555	GO:0097396
10000	GO:0021555	GO:1900748
10000	GO:0021556	GO:0035095
10000	GO:0021556	GO:1904533
10000	GO:0021559	GO:0021954
10000	GO:0021562	GO:0051653
10000	GO:0021562	GO:0051851
10000	GO:0021575	GO:0035794
10000	GO:0021588	GO:0045659
10000	GO:0021592	GO:0033260
10000	GO:0021595	GO:0030335
10000	GO:0021595	GO:0036260
10000	GO:0021595	GO:0097022
10000	GO:0021602	GO:0044087
10000	GO:0021604	GO:0060544
10000	GO:0021605	GO:0032886
10000	GO:0021605	GO:0061572
10000	GO:0021605	GO:0070130
10000	GO:0021626	GO:0060988
10000	GO:0021628	GO:0021957
10000	GO:0021637	GO:0090346
10000	GO:0021644	GO:0042693
10000	GO:0021649	GO:0035570
10000	GO:0021649	GO:0050902
10000	GO:0021649	GO:0051793
10000	GO:0021649	GO:1902036
10000	GO:0021650	GO:0044663
10000	GO:0021665	GO:0086043
10000	GO:0021665	GO:0097051
10000	GO:0021675	GO:0031102
10000	GO:0021675	GO:1905179
10000	GO:0021678	GO:0045776
10000	GO:0021678	GO:0051643
10000	GO:0021686	GO:2000120
10000	GO:0021687	GO:0090022
10000	GO:0021688	GO:0033234
10000	GO:0021688	GO:0045660
10000	GO:0021688	GO:0070948
10000	GO:0021692	GO:1903115
10000	GO:0021692	GO:1990758
10000	GO:0021692	GO:2000718
10000	GO:0021693	GO:2000534
10000	GO:0021702	GO:0071498
10000	GO:0021702	GO:0072583
10000	GO:0021723	GO:0034587
10000	GO:0021723	GO:0042396
10000	GO:0021723	GO:0062099
10000	GO:0021723	GO:0090287
10000	GO:0021723	GO:0150175
10000	GO:0021743	GO:0046498
10000	GO:0021750	GO:0030323
10000	GO:0021750	GO:0033044
10000	GO:0021750	GO:0060097
10000	GO:0021754	GO:1904252
10000	GO:0021756	GO:0050796
10000	GO:0021757	GO:1902513
10000	GO:0021761	GO:2000727
10000	GO:0021762	GO:0072359
10000	GO:0021764	GO:1902423
10000	GO:0021766	GO:0071276
10000	GO:0021766	GO:1902572
10000	GO:0021771	GO:0042069
10000	GO:0021772	GO:0030431
10000	GO:0021772	GO:0048807
10000	GO:0021772	GO:0060253
10000	GO:0021772	GO:1904101
10000	GO:0021780	GO:0034761
10000	GO:0021780	GO:1903393
10000	GO:0021784	GO:2000224
10000	GO:0021794	GO:0046599
10000	GO:0021795	GO:0045823
10000	GO:0021795	GO:0072655
10000	GO:0021795	GO:0150003
10000	GO:0021798	GO:0071206
10000	GO:0021799	GO:1903810
10000	GO:0021812	GO:1990431
10000	GO:0021815	GO:0033371
10000	GO:0021815	GO:0051383
10000	GO:0021815	GO:0051418
10000	GO:0021816	GO:0045760
10000	GO:0021817	GO:0070102
10000	GO:0021819	GO:0090504
10000	GO:0021819	GO:2000449
10000	GO:0021826	GO:0034138
10000	GO:0021828	GO:0042662
10000	GO:0021828	GO:0046317
10000	GO:0021828	GO:0046928
10000	GO:0021830	GO:0035021
10000	GO:0021830	GO:1903804
10000	GO:0021843	GO:0060603
10000	GO:0021846	GO:0043267
10000	GO:0021847	GO:1904406
10000	GO:0021849	GO:0045650
10000	GO:0021849	GO:0060400
10000	GO:0021852	GO:0031407
10000	GO:0021852	GO:1903126
10000	GO:0021859	GO:0060688
10000	GO:0021859	GO:1903276
10000	GO:0021860	GO:0061001
10000	GO:0021860	GO:1901986
10000	GO:0021861	GO:0060312
10000	GO:0021861	GO:1903020
10000	GO:0021861	GO:1904515
10000	GO:0021861	GO:2000567
10000	GO:0021879	GO:0060696
10000	GO:0021889	GO:0042159
10000	GO:0021889	GO:0062237
10000	GO:0021891	GO:0061620
10000	GO:0021902	GO:0044272
10000	GO:0021903	GO:0140447
10000	GO:0021915	GO:0034642
10000	GO:0021915	GO:0048853
10000	GO:0021924	GO:1902746
10000	GO:0021924	GO:1905447
10000	GO:0021924	GO:2000891
10000	GO:0021933	GO:1904395
10000	GO:0021934	GO:0032472
10000	GO:0021934	GO:0048792
10000	GO:0021936	GO:0090186
10000	GO:0021941	GO:0090615
10000	GO:0021942	GO:0099183
10000	GO:0021944	GO:0043536
10000	GO:0021944	GO:0050665
10000	GO:0021944	GO:0061355
10000	GO:0021952	GO:0060510
10000	GO:0021953	GO:0030518
10000	GO:0021955	GO:0046189
10000	GO:0021955	GO:0071376
10000	GO:0021960	GO:0072539
10000	GO:0021966	GO:1903725
10000	GO:0021966	GO:1905304
10000	GO:0021979	GO:0090266
10000	GO:0021983	GO:0030309
10000	GO:0021983	GO:0032475
10000	GO:0021983	GO:0034276
10000	GO:0021984	GO:1904914
10000	GO:0021987	GO:0034405
10000	GO:0021993	GO:0060840
10000	GO:0021997	GO:0048298
10000	GO:0021997	GO:1903961
10000	GO:0021999	GO:0072529
10000	GO:0021999	GO:1905135
10000	GO:0022008	GO:0044355
10000	GO:0022009	GO:0046074
10000	GO:0022009	GO:1905115
10000	GO:0022011	GO:0072583
10000	GO:0022011	GO:1901021
10000	GO:0022027	GO:0090258
10000	GO:0022027	GO:1903082
10000	GO:0022029	GO:1903708
10000	GO:0022038	GO:0042414
10000	GO:0022038	GO:0060670
10000	GO:0022038	GO:1903115
10000	GO:0022402	GO:0044281
10000	GO:0022402	GO:0072200
10000	GO:0022404	GO:2001141
10000	GO:0022406	GO:1901386
10000	GO:0022408	GO:1990431
10000	GO:0022409	GO:0042820
10000	GO:0022410	GO:1904812
10000	GO:0022411	GO:0042749
10000	GO:0022411	GO:0098838
10000	GO:0022600	GO:0030488
10000	GO:0022605	GO:0030321
10000	GO:0022605	GO:0032060
10000	GO:0022605	GO:0036508
10000	GO:0022607	GO:0043062
10000	GO:0022612	GO:1905165
10000	GO:0022613	GO:0150138
10000	GO:0022613	GO:2000343
10000	GO:0022614	GO:2000347
10000	GO:0022615	GO:0050878
10000	GO:0022615	GO:0060022
10000	GO:0022617	GO:0060736
10000	GO:0022617	GO:0097105
10000	GO:0022617	GO:0106402
10000	GO:0022898	GO:0030187
10000	GO:0022898	GO:1903710
10000	GO:0022904	GO:0060279
10000	GO:0022904	GO:1902475
10000	GO:0023019	GO:0035865
10000	GO:0023019	GO:0044065
10000	GO:0023019	GO:1904429
10000	GO:0023021	GO:2000515
10000	GO:0023035	GO:0061440
10000	GO:0023052	GO:0032892
10000	GO:0023052	GO:0042100
10000	GO:0023052	GO:0048813
10000	GO:0023056	GO:0034351
10000	GO:0023057	GO:0060768
10000	GO:0023061	GO:0061481
10000	GO:0023061	GO:1901843
10000	GO:0030001	GO:0045648
10000	GO:0030001	GO:0106354
10000	GO:0030003	GO:0060693
10000	GO:0030010	GO:0034442
10000	GO:0030011	GO:0035809
10000	GO:0030026	GO:0033389
10000	GO:0030026	GO:0039695
10000	GO:0030026	GO:1901660
10000	GO:0030026	GO:1902231
10000	GO:0030029	GO:2000561
10000	GO:0030030	GO:1901207
10000	GO:0030031	GO:0099084
10000	GO:0030032	GO:0032849
10000	GO:0030034	GO:0048708
10000	GO:0030034	GO:0048863
10000	GO:0030034	GO:1900619
10000	GO:0030034	GO:1901659
10000	GO:0030034	GO:1990442
10000	GO:0030036	GO:2000724
10000	GO:0030038	GO:0071283
10000	GO:0030041	GO:0051583
10000	GO:0030042	GO:0072709
10000	GO:0030043	GO:0031958
10000	GO:0030043	GO:0032483
10000	GO:0030046	GO:0032922
10000	GO:0030046	GO:0032928
10000	GO:0030046	GO:0097069
10000	GO:0030046	GO:1901463
10000	GO:0030047	GO:0048550
10000	GO:0030049	GO:0032909
10000	GO:0030070	GO:1901137
10000	GO:0030072	GO:0097051
10000	GO:0030072	GO:1903891
10000	GO:0030073	GO:0032375
10000	GO:0030097	GO:1902958
10000	GO:0030098	GO:0045953
10000	GO:0030101	GO:0051044
10000	GO:0030101	GO:0070257
10000	GO:0030148	GO:1902232
10000	GO:0030149	GO:0030974
10000	GO:0030150	GO:0046541
10000	GO:0030150	GO:0098694
10000	GO:0030154	GO:0072414
10000	GO:0030155	GO:0045819
10000	GO:0030155	GO:0046105
10000	GO:0030155	GO:1902871
10000	GO:0030155	GO:2000754
10000	GO:0030157	GO:2000352
10000	GO:0030162	GO:0051152
10000	GO:0030162	GO:1904187
10000	GO:0030163	GO:0032964
10000	GO:0030163	GO:0036072
10000	GO:0030166	GO:0090134
10000	GO:0030168	GO:0061448
10000	GO:0030178	GO:0042761
10000	GO:0030178	GO:0072289
10000	GO:0030182	GO:1905364
10000	GO:0030183	GO:0042159
10000	GO:0030185	GO:2000725
10000	GO:0030186	GO:0043570
10000	GO:0030186	GO:0061518
10000	GO:0030186	GO:1901210
10000	GO:0030187	GO:1903618
10000	GO:0030194	GO:1901016
10000	GO:0030199	GO:0032714
10000	GO:0030199	GO:0097638
10000	GO:0030200	GO:2000134
10000	GO:0030202	GO:0071695
10000	GO:0030203	GO:0045053
10000	GO:0030213	GO:0035279
10000	GO:0030213	GO:1901874
10000	GO:0030213	GO:1902669
10000	GO:0030216	GO:1990167
10000	GO:0030219	GO:2000392
10000	GO:0030221	GO:0071616
10000	GO:0030221	GO:1903894
10000	GO:0030222	GO:0044550
10000	GO:0030224	GO:1905945
10000	GO:0030225	GO:0036305
10000	GO:0030225	GO:0098739
10000	GO:0030237	GO:0036047
10000	GO:0030237	GO:0106074
10000	GO:0030238	GO:0045109
10000	GO:0030238	GO:0140251
10000	GO:0030239	GO:0072183
10000	GO:0030240	GO:0051354
10000	GO:0030241	GO:0140591
10000	GO:0030242	GO:0050792
10000	GO:0030252	GO:0070254
10000	GO:0030261	GO:0061337
10000	GO:0030277	GO:0097749
10000	GO:0030278	GO:0050975
10000	GO:0030279	GO:0090364
10000	GO:0030279	GO:1901078
10000	GO:0030282	GO:0062028
10000	GO:0030301	GO:0045214
10000	GO:0030301	GO:0051017
10000	GO:0030302	GO:1905793
10000	GO:0030309	GO:0098708
10000	GO:0030311	GO:2001199
10000	GO:0030316	GO:1904798
10000	GO:0030317	GO:1902725
10000	GO:0030318	GO:1901722
10000	GO:0030321	GO:0060055
10000	GO:0030321	GO:1903237
10000	GO:0030322	GO:1904456
10000	GO:0030323	GO:0051216
10000	GO:0030324	GO:0060061
10000	GO:0030324	GO:2000872
10000	GO:0030326	GO:0030901
10000	GO:0030327	GO:0048643
10000	GO:0030327	GO:0050727
10000	GO:0030328	GO:0048613
10000	GO:0030329	GO:0070101
10000	GO:0030329	GO:0080134
10000	GO:0030329	GO:0140507
10000	GO:0030334	GO:2000707
10000	GO:0030336	GO:1903679
10000	GO:0030336	GO:1904381
10000	GO:0030388	GO:0071630
10000	GO:0030389	GO:0071353
10000	GO:0030389	GO:0090071
10000	GO:0030389	GO:1904307
10000	GO:0030392	GO:0035655
10000	GO:0030392	GO:0090287
10000	GO:0030397	GO:0045746
10000	GO:0030431	GO:0032259
10000	GO:0030431	GO:0072047
10000	GO:0030432	GO:0034035
10000	GO:0030432	GO:1900825
10000	GO:0030449	GO:0086092
10000	GO:0030490	GO:1901160
10000	GO:0030500	GO:0048871
10000	GO:0030502	GO:0044778
10000	GO:0030502	GO:1900543
10000	GO:0030505	GO:0051694
10000	GO:0030509	GO:0048755
10000	GO:0030510	GO:0042453
10000	GO:0030512	GO:0070050
10000	GO:0030513	GO:0043484
10000	GO:0030516	GO:0033633
10000	GO:0030516	GO:1904150
10000	GO:0030520	GO:0070266
10000	GO:0030521	GO:0045763
10000	GO:0030540	GO:0031589
10000	GO:0030540	GO:1903108
10000	GO:0030573	GO:0034651
10000	GO:0030573	GO:0043304
10000	GO:0030573	GO:0044090
10000	GO:0030573	GO:0090032
10000	GO:0030573	GO:0099069
10000	GO:0030574	GO:0051895
10000	GO:0030575	GO:0051588
10000	GO:0030575	GO:1901076
10000	GO:0030578	GO:2000323
10000	GO:0030581	GO:2000225
10000	GO:0030593	GO:0043470
10000	GO:0030593	GO:0061162
10000	GO:0030638	GO:0048293
10000	GO:0030641	GO:1902871
10000	GO:0030644	GO:1904211
10000	GO:0030647	GO:0032436
10000	GO:0030647	GO:0050688
10000	GO:0030705	GO:0071233
10000	GO:0030705	GO:0071716
10000	GO:0030719	GO:0035865
10000	GO:0030719	GO:0043697
10000	GO:0030728	GO:1990416
10000	GO:0030809	GO:0046827
10000	GO:0030810	GO:1905025
10000	GO:0030812	GO:0039020
10000	GO:0030812	GO:0090051
10000	GO:0030813	GO:0060442
10000	GO:0030813	GO:1901507
10000	GO:0030813	GO:1901858
10000	GO:0030834	GO:0070096
10000	GO:0030835	GO:0045046
10000	GO:0030835	GO:1903526
10000	GO:0030836	GO:0060235
10000	GO:0030836	GO:1900619
10000	GO:0030838	GO:1905719
10000	GO:0030844	GO:1903294
10000	GO:0030844	GO:1905518
10000	GO:0030844	GO:1905670
10000	GO:0030851	GO:0034486
10000	GO:0030852	GO:1905034
10000	GO:0030852	GO:2000050
10000	GO:0030853	GO:0090287
10000	GO:0030855	GO:0032714
10000	GO:0030859	GO:0060676
10000	GO:0030865	GO:0048869
10000	GO:0030866	GO:0045577
10000	GO:0030866	GO:1901256
10000	GO:0030878	GO:0033603
10000	GO:0030878	GO:0043567
10000	GO:0030878	GO:1900371
10000	GO:0030886	GO:1905694
10000	GO:0030887	GO:0060252
10000	GO:0030888	GO:0045054
10000	GO:0030890	GO:0089708
10000	GO:0030890	GO:1903025
10000	GO:0030901	GO:0061888
10000	GO:0030901	GO:0065001
10000	GO:0030902	GO:0110113
10000	GO:0030908	GO:0051657
10000	GO:0030913	GO:0046065
10000	GO:0030913	GO:0072675
10000	GO:0030916	GO:0097205
10000	GO:0030947	GO:0038093
10000	GO:0030947	GO:1904510
10000	GO:0030947	GO:2001236
10000	GO:0030950	GO:0035813
10000	GO:0030950	GO:0110076
10000	GO:0030951	GO:0140865
10000	GO:0030954	GO:0051964
10000	GO:0030954	GO:0106402
10000	GO:0030961	GO:0045344
10000	GO:0030968	GO:0035282
10000	GO:0030970	GO:0043032
10000	GO:0030974	GO:0072278
10000	GO:0030974	GO:1902953
10000	GO:0030997	GO:0070914
10000	GO:0030997	GO:1905665
10000	GO:0031016	GO:2000241
10000	GO:0031017	GO:0033146
10000	GO:0031017	GO:0097499
10000	GO:0031018	GO:1904022
10000	GO:0031018	GO:2000211
10000	GO:0031022	GO:0160063
10000	GO:0031023	GO:0120127
10000	GO:0031048	GO:1903241
10000	GO:0031054	GO:0043489
10000	GO:0031076	GO:0032711
10000	GO:0031076	GO:0050657
10000	GO:0031077	GO:0071725
10000	GO:0031077	GO:0140455
10000	GO:0031086	GO:0071493
10000	GO:0031087	GO:0072007
10000	GO:0031098	GO:0042594
10000	GO:0031100	GO:0090264
10000	GO:0031102	GO:1903430
10000	GO:0031104	GO:0036359
10000	GO:0031104	GO:0045786
10000	GO:0031104	GO:0070305
10000	GO:0031109	GO:0051656
10000	GO:0031110	GO:0050428
10000	GO:0031111	GO:0042254
10000	GO:0031112	GO:0140157
10000	GO:0031114	GO:0141111
10000	GO:0031115	GO:0032347
10000	GO:0031116	GO:0061098
10000	GO:0031116	GO:0071218
10000	GO:0031122	GO:0051353
10000	GO:0031123	GO:0048557
10000	GO:0031123	GO:1903393
10000	GO:0031124	GO:0060567
10000	GO:0031124	GO:0071104
10000	GO:0031125	GO:0048856
10000	GO:0031125	GO:0071867
10000	GO:0031128	GO:0034605
10000	GO:0031128	GO:1903430
10000	GO:0031145	GO:0140206
10000	GO:0031146	GO:0051893
10000	GO:0031161	GO:0140448
10000	GO:0031161	GO:1905155
10000	GO:0031163	GO:1990697
10000	GO:0031173	GO:0051262
10000	GO:0031173	GO:1901607
10000	GO:0031175	GO:1905335
10000	GO:0031179	GO:1901879
10000	GO:0031204	GO:0055130
10000	GO:0031204	GO:0071294
10000	GO:0031204	GO:1904465
10000	GO:0031214	GO:0032223
10000	GO:0031269	GO:1905457
10000	GO:0031269	GO:1905716
10000	GO:0031269	GO:1905885
10000	GO:0031274	GO:0071454
10000	GO:0031281	GO:1904731
10000	GO:0031293	GO:0032075
10000	GO:0031293	GO:0097152
10000	GO:0031294	GO:0072133
10000	GO:0031295	GO:0070661
10000	GO:0031296	GO:1901509
10000	GO:0031297	GO:0097213
10000	GO:0031334	GO:0061036
10000	GO:0031334	GO:0072230
10000	GO:0031339	GO:0036255
10000	GO:0031340	GO:0097035
10000	GO:0031342	GO:0042267
10000	GO:0031342	GO:0120190
10000	GO:0031342	GO:0140021
10000	GO:0031342	GO:0140632
10000	GO:0031344	GO:0071971
10000	GO:0031348	GO:0060644
10000	GO:0031365	GO:0032244
10000	GO:0031365	GO:1904240
10000	GO:0031393	GO:1901805
10000	GO:0031394	GO:1990466
10000	GO:0031396	GO:1904958
10000	GO:0031397	GO:0046016
10000	GO:0031397	GO:0051122
10000	GO:0031398	GO:0120031
10000	GO:0031399	GO:0070193
10000	GO:0031400	GO:0036153
10000	GO:0031401	GO:0050942
10000	GO:0031401	GO:2000864
10000	GO:0031407	GO:0042886
10000	GO:0031440	GO:1905801
10000	GO:0031442	GO:0061159
10000	GO:0031442	GO:1903541
10000	GO:0031443	GO:0090071
10000	GO:0031443	GO:0097022
10000	GO:0031443	GO:2000649
10000	GO:0031445	GO:0070662
10000	GO:0031445	GO:0120211
10000	GO:0031446	GO:0032817
10000	GO:0031452	GO:0046520
10000	GO:0031453	GO:0035470
10000	GO:0031453	GO:0097264
10000	GO:0031453	GO:1904677
10000	GO:0031455	GO:0038192
10000	GO:0031455	GO:0061526
10000	GO:0031460	GO:1900368
10000	GO:0031468	GO:1905840
10000	GO:0031508	GO:0032024
10000	GO:0031508	GO:0051659
10000	GO:0031509	GO:1903450
10000	GO:0031529	GO:1902996
10000	GO:0031536	GO:0048050
10000	GO:0031536	GO:1903434
10000	GO:0031547	GO:0061643
10000	GO:0031548	GO:1901950
10000	GO:0031550	GO:0035783
10000	GO:0031571	GO:0036150
10000	GO:0031571	GO:0048823
10000	GO:0031579	GO:0141198
10000	GO:0031580	GO:0032205
10000	GO:0031580	GO:0036022
10000	GO:0031580	GO:1903518
10000	GO:0031581	GO:1904417
10000	GO:0031583	GO:0051149
10000	GO:0031583	GO:0060073
10000	GO:0031583	GO:0090122
10000	GO:0031583	GO:1904000
10000	GO:0031583	GO:2000527
10000	GO:0031590	GO:1903517
10000	GO:0031619	GO:0097051
10000	GO:0031620	GO:0036119
10000	GO:0031622	GO:0050806
10000	GO:0031623	GO:0061441
10000	GO:0031632	GO:1902315
10000	GO:0031632	GO:1905524
10000	GO:0031635	GO:0032482
10000	GO:0031635	GO:0046495
10000	GO:0031635	GO:0046598
10000	GO:0031635	GO:1904438
10000	GO:0031635	GO:1904702
10000	GO:0031638	GO:0043489
10000	GO:0031638	GO:0141119
10000	GO:0031642	GO:0052548
10000	GO:0031642	GO:2000174
10000	GO:0031642	GO:2000679
10000	GO:0031643	GO:0045773
10000	GO:0031643	GO:2000987
10000	GO:0031644	GO:0042560
10000	GO:0031644	GO:1903367
10000	GO:0031645	GO:0140157
10000	GO:0031645	GO:2000048
10000	GO:0031646	GO:1903377
10000	GO:0031648	GO:1902527
10000	GO:0031649	GO:0040038
10000	GO:0031649	GO:0090185
10000	GO:0031649	GO:2000393
10000	GO:0031652	GO:0060080
10000	GO:0031652	GO:1904992
10000	GO:0031663	GO:0098711
10000	GO:0031669	GO:0033092
10000	GO:0031848	GO:0032988
10000	GO:0031914	GO:0044057
10000	GO:0031914	GO:2000707
10000	GO:0031915	GO:2000622
10000	GO:0031919	GO:0033046
10000	GO:0031919	GO:0070836
10000	GO:0031919	GO:0072136
10000	GO:0031923	GO:1902803
10000	GO:0031923	GO:1904779
10000	GO:0031929	GO:0072698
10000	GO:0031930	GO:0034589
10000	GO:0031930	GO:0042269
10000	GO:0031943	GO:2000987
10000	GO:0031944	GO:0140122
10000	GO:0031944	GO:1901508
10000	GO:0031945	GO:0070431
10000	GO:0031948	GO:2000864
10000	GO:0031952	GO:0090347
10000	GO:0031953	GO:0140361
10000	GO:0031953	GO:1900748
10000	GO:0031954	GO:1900408
10000	GO:0031954	GO:1903093
10000	GO:0031987	GO:0042026
10000	GO:0031989	GO:0086018
10000	GO:0031990	GO:0034393
10000	GO:0031990	GO:0048007
10000	GO:0032007	GO:0045954
10000	GO:0032007	GO:0090150
10000	GO:0032007	GO:2000755
10000	GO:0032008	GO:1903750
10000	GO:0032012	GO:0045606
10000	GO:0032012	GO:0048521
10000	GO:0032020	GO:0061049
10000	GO:0032023	GO:0140708
10000	GO:0032024	GO:0033122
10000	GO:0032024	GO:0099515
10000	GO:0032026	GO:0061611
10000	GO:0032043	GO:0033215
10000	GO:0032043	GO:0071248
10000	GO:0032048	GO:0051100
10000	GO:0032048	GO:0060397
10000	GO:0032048	GO:1903108
10000	GO:0032049	GO:0032725
10000	GO:0032049	GO:0032967
10000	GO:0032049	GO:0060252
10000	GO:0032057	GO:0060161
10000	GO:0032058	GO:0043476
10000	GO:0032060	GO:2000178
10000	GO:0032071	GO:0060158
10000	GO:0032074	GO:1904344
10000	GO:0032077	GO:0140291
10000	GO:0032079	GO:0051693
10000	GO:0032094	GO:0090596
10000	GO:0032094	GO:1901330
10000	GO:0032095	GO:0070943
10000	GO:0032096	GO:0032877
10000	GO:0032097	GO:0072282
10000	GO:0032097	GO:1904580
10000	GO:0032101	GO:0034158
10000	GO:0032101	GO:0051653
10000	GO:0032102	GO:2000096
10000	GO:0032103	GO:0060070
10000	GO:0032107	GO:0043300
10000	GO:0032107	GO:0051014
10000	GO:0032109	GO:0060557
10000	GO:0032109	GO:0072220
10000	GO:0032109	GO:1903861
10000	GO:0032148	GO:0055062
10000	GO:0032148	GO:0060486
10000	GO:0032201	GO:1903783
10000	GO:0032203	GO:1900052
10000	GO:0032205	GO:0051798
10000	GO:0032205	GO:0072389
10000	GO:0032207	GO:0033135
10000	GO:0032208	GO:0045764
10000	GO:0032210	GO:0070848
10000	GO:0032213	GO:0045988
10000	GO:0032218	GO:0042754
10000	GO:0032223	GO:0032386
10000	GO:0032226	GO:0045848
10000	GO:0032228	GO:0060736
10000	GO:0032228	GO:1904778
10000	GO:0032229	GO:0090122
10000	GO:0032229	GO:0120256
10000	GO:0032231	GO:2000802
10000	GO:0032232	GO:0034444
10000	GO:0032233	GO:1904677
10000	GO:0032238	GO:0045600
10000	GO:0032239	GO:1904778
10000	GO:0032241	GO:0106015
10000	GO:0032242	GO:0072521
10000	GO:0032242	GO:1902626
10000	GO:0032243	GO:1904470
10000	GO:0032259	GO:0038066
10000	GO:0032259	GO:0042753
10000	GO:0032259	GO:0086003
10000	GO:0032263	GO:0140060
10000	GO:0032263	GO:1901068
10000	GO:0032264	GO:1900210
10000	GO:0032271	GO:0045186
10000	GO:0032273	GO:0042461
10000	GO:0032274	GO:1904044
10000	GO:0032276	GO:0051495
10000	GO:0032276	GO:1903843
10000	GO:0032288	GO:0045005
10000	GO:0032290	GO:0098990
10000	GO:0032290	GO:1902728
10000	GO:0032291	GO:0035931
10000	GO:0032291	GO:0038170
10000	GO:0032291	GO:0070525
10000	GO:0032291	GO:0120193
10000	GO:0032304	GO:0141187
10000	GO:0032305	GO:0045332
10000	GO:0032306	GO:0042181
10000	GO:0032306	GO:0060965
10000	GO:0032307	GO:0061514
10000	GO:0032308	GO:0040012
10000	GO:0032308	GO:0072498
10000	GO:0032309	GO:0035774
10000	GO:0032309	GO:0044111
10000	GO:0032309	GO:0097722
10000	GO:0032309	GO:1901799
10000	GO:0032310	GO:0051649
10000	GO:0032324	GO:0043254
10000	GO:0032324	GO:0071688
10000	GO:0032330	GO:0150090
10000	GO:0032330	GO:2000095
10000	GO:0032341	GO:1905483
10000	GO:0032346	GO:0046108
10000	GO:0032346	GO:1903624
10000	GO:0032346	GO:1903697
10000	GO:0032346	GO:1903914
10000	GO:0032346	GO:1903965
10000	GO:0032349	GO:0061588
10000	GO:0032349	GO:0072239
10000	GO:0032352	GO:1902017
10000	GO:0032353	GO:1902524
10000	GO:0032361	GO:0061620
10000	GO:0032361	GO:1902847
10000	GO:0032364	GO:0090133
10000	GO:0032365	GO:0034165
10000	GO:0032365	GO:0046134
10000	GO:0032366	GO:0033617
10000	GO:0032366	GO:0043297
10000	GO:0032366	GO:0046605
10000	GO:0032366	GO:0150128
10000	GO:0032368	GO:0032920
10000	GO:0032368	GO:2001189
10000	GO:0032369	GO:0071634
10000	GO:0032370	GO:0061620
10000	GO:0032371	GO:0043627
10000	GO:0032372	GO:0043101
10000	GO:0032375	GO:0042102
10000	GO:0032376	GO:0046521
10000	GO:0032377	GO:0061171
10000	GO:0032378	GO:0090027
10000	GO:0032378	GO:2000320
10000	GO:0032379	GO:0051560
10000	GO:0032379	GO:2000784
10000	GO:0032380	GO:0070574
10000	GO:0032380	GO:1904894
10000	GO:0032380	GO:1905747
10000	GO:0032381	GO:0045655
10000	GO:0032382	GO:0043489
10000	GO:0032383	GO:0071400
10000	GO:0032383	GO:0140367
10000	GO:0032384	GO:0045934
10000	GO:0032385	GO:0070897
10000	GO:0032385	GO:0072227
10000	GO:0032387	GO:0071211
10000	GO:0032388	GO:0045062
10000	GO:0032388	GO:1904450
10000	GO:0032392	GO:0042985
10000	GO:0032400	GO:0046712
10000	GO:0032401	GO:0034626
10000	GO:0032401	GO:1901722
10000	GO:0032402	GO:0034087
10000	GO:0032410	GO:0032941
10000	GO:0032412	GO:0034501
10000	GO:0032412	GO:1905171
10000	GO:0032413	GO:0070143
10000	GO:0032414	GO:1904035
10000	GO:0032418	GO:1903843
10000	GO:0032423	GO:0035196
10000	GO:0032423	GO:0120190
10000	GO:0032423	GO:1902746
10000	GO:0032425	GO:0035928
10000	GO:0032425	GO:0140013
10000	GO:0032434	GO:0060563
10000	GO:0032447	GO:1902732
10000	GO:0032463	GO:1903076
10000	GO:0032464	GO:0097067
10000	GO:0032464	GO:1904290
10000	GO:0032465	GO:0045869
10000	GO:0032465	GO:2000001
10000	GO:0032469	GO:0046075
10000	GO:0032469	GO:0050808
10000	GO:0032469	GO:0097237
10000	GO:0032470	GO:0051610
10000	GO:0032470	GO:0070671
10000	GO:0032470	GO:1900279
10000	GO:0032472	GO:1902410
10000	GO:0032472	GO:2000601
10000	GO:0032474	GO:0051589
10000	GO:0032475	GO:0050792
10000	GO:0032475	GO:1901136
10000	GO:0032479	GO:1904690
10000	GO:0032480	GO:0090398
10000	GO:0032480	GO:1903376
10000	GO:0032482	GO:0070343
10000	GO:0032482	GO:1903690
10000	GO:0032483	GO:0045630
10000	GO:0032483	GO:0046040
10000	GO:0032483	GO:1904583
10000	GO:0032485	GO:1901861
10000	GO:0032486	GO:1990113
10000	GO:0032488	GO:0036293
10000	GO:0032488	GO:0045732
10000	GO:0032489	GO:0061055
10000	GO:0032490	GO:1904596
10000	GO:0032495	GO:0070730
10000	GO:0032496	GO:0034229
10000	GO:0032496	GO:0045050
10000	GO:0032497	GO:0062094
10000	GO:0032498	GO:0071206
10000	GO:0032498	GO:0140066
10000	GO:0032501	GO:1901401
10000	GO:0032501	GO:1904154
10000	GO:0032506	GO:0035108
10000	GO:0032506	GO:0060843
10000	GO:0032506	GO:1903084
10000	GO:0032506	GO:2001259
10000	GO:0032510	GO:0120039
10000	GO:0032510	GO:1902166
10000	GO:0032511	GO:0034138
10000	GO:0032528	GO:0043387
10000	GO:0032528	GO:0051253
10000	GO:0032528	GO:0140588
10000	GO:0032530	GO:0042026
10000	GO:0032534	GO:0033567
10000	GO:0032534	GO:0097275
10000	GO:0032536	GO:0051549
10000	GO:0032536	GO:0140542
10000	GO:0032536	GO:1900136
10000	GO:0032570	GO:2000008
10000	GO:0032581	GO:0140051
10000	GO:0032594	GO:0042541
10000	GO:0032594	GO:0106064
10000	GO:0032595	GO:0071166
10000	GO:0032597	GO:0090278
10000	GO:0032599	GO:0060010
10000	GO:0032599	GO:0097021
10000	GO:0032643	GO:0043589
10000	GO:0032643	GO:1903109
10000	GO:0032644	GO:1904017
10000	GO:0032646	GO:0033600
10000	GO:0032646	GO:0071870
10000	GO:0032647	GO:1904973
10000	GO:0032650	GO:0045607
10000	GO:0032651	GO:0065003
10000	GO:0032651	GO:1904908
10000	GO:0032654	GO:0061182
10000	GO:0032655	GO:1904355
10000	GO:0032658	GO:0097022
10000	GO:0032659	GO:0046352
10000	GO:0032660	GO:1904062
10000	GO:0032661	GO:0032735
10000	GO:0032661	GO:0051230
10000	GO:0032667	GO:0042713
10000	GO:0032671	GO:0042592
10000	GO:0032671	GO:0071716
10000	GO:0032673	GO:1901335
10000	GO:0032673	GO:1902270
10000	GO:0032674	GO:0061728
10000	GO:0032675	GO:0140291
10000	GO:0032681	GO:0051409
10000	GO:0032681	GO:0060686
10000	GO:0032688	GO:1901327
10000	GO:0032688	GO:1903352
10000	GO:0032689	GO:0055129
10000	GO:0032689	GO:0072106
10000	GO:0032690	GO:0034453
10000	GO:0032691	GO:0071387
10000	GO:0032692	GO:0035912
10000	GO:0032692	GO:0070918
10000	GO:0032693	GO:0051726
10000	GO:0032693	GO:2000779
10000	GO:0032695	GO:0097712
10000	GO:0032696	GO:0035977
10000	GO:0032696	GO:0043129
10000	GO:0032696	GO:1905132
10000	GO:0032699	GO:1990845
10000	GO:0032703	GO:1903911
10000	GO:0032705	GO:0071798
10000	GO:0032705	GO:0120056
10000	GO:0032707	GO:0051306
10000	GO:0032707	GO:0070987
10000	GO:0032711	GO:0033145
10000	GO:0032711	GO:0035666
10000	GO:0032712	GO:0043266
10000	GO:0032712	GO:0046295
10000	GO:0032713	GO:0097746
10000	GO:0032714	GO:0071963
10000	GO:0032714	GO:0098840
10000	GO:0032715	GO:0035821
10000	GO:0032723	GO:1904401
10000	GO:0032724	GO:1901696
10000	GO:0032725	GO:0046381
10000	GO:0032727	GO:0044771
10000	GO:0032727	GO:1900864
10000	GO:0032727	GO:1902847
10000	GO:0032728	GO:0061301
10000	GO:0032728	GO:1903604
10000	GO:0032733	GO:0032970
10000	GO:0032733	GO:1901653
10000	GO:0032736	GO:0045472
10000	GO:0032736	GO:1905523
10000	GO:0032739	GO:1902958
10000	GO:0032743	GO:0090066
10000	GO:0032747	GO:0038163
10000	GO:0032753	GO:0061448
10000	GO:0032754	GO:0070889
10000	GO:0032755	GO:0046883
10000	GO:0032755	GO:0060385
10000	GO:0032755	GO:0061387
10000	GO:0032757	GO:0071362
10000	GO:0032760	GO:0045747
10000	GO:0032760	GO:2000465
10000	GO:0032761	GO:0140895
10000	GO:0032765	GO:1900749
10000	GO:0032769	GO:0046434
10000	GO:0032774	GO:1901627
10000	GO:0032780	GO:1903850
10000	GO:0032782	GO:0051012
10000	GO:0032784	GO:1900673
10000	GO:0032784	GO:1905135
10000	GO:0032785	GO:0050890
10000	GO:0032786	GO:0048194
10000	GO:0032788	GO:0042044
10000	GO:0032788	GO:0050891
10000	GO:0032802	GO:0070671
10000	GO:0032802	GO:1903946
10000	GO:0032805	GO:0038094
10000	GO:0032805	GO:0043491
10000	GO:0032805	GO:1903479
10000	GO:0032811	GO:1905217
10000	GO:0032812	GO:0050801
10000	GO:0032812	GO:2000378
10000	GO:0032814	GO:0051447
10000	GO:0032816	GO:1904188
10000	GO:0032817	GO:0045017
10000	GO:0032825	GO:1900084
10000	GO:0032825	GO:1905001
10000	GO:0032829	GO:0052805
10000	GO:0032831	GO:0038155
10000	GO:0032831	GO:0099159
10000	GO:0032831	GO:1903814
10000	GO:0032831	GO:1905213
10000	GO:0032836	GO:0033598
10000	GO:0032836	GO:2000706
10000	GO:0032836	GO:2001262
10000	GO:0032848	GO:0045827
10000	GO:0032849	GO:0051988
10000	GO:0032868	GO:0051938
10000	GO:0032869	GO:0071322
10000	GO:0032870	GO:0033599
10000	GO:0032874	GO:0046085
10000	GO:0032875	GO:0051098
10000	GO:0032876	GO:1901646
10000	GO:0032877	GO:1904639
10000	GO:0032878	GO:0090671
10000	GO:0032881	GO:0070859
10000	GO:0032881	GO:1901532
10000	GO:0032881	GO:2001198
10000	GO:0032886	GO:0033278
10000	GO:0032886	GO:0099179
10000	GO:0032888	GO:0035672
10000	GO:0032888	GO:0042274
10000	GO:0032890	GO:0071830
10000	GO:0032890	GO:1902904
10000	GO:0032891	GO:1903844
10000	GO:0032897	GO:0106342
10000	GO:0032897	GO:1905337
10000	GO:0032901	GO:0150052
10000	GO:0032902	GO:0033088
10000	GO:0032902	GO:0045007
10000	GO:0032903	GO:0051455
10000	GO:0032903	GO:0071559
10000	GO:0032903	GO:1900102
10000	GO:0032905	GO:0046865
10000	GO:0032909	GO:1904381
10000	GO:0032910	GO:1900193
10000	GO:0032915	GO:0048070
10000	GO:0032915	GO:1903334
10000	GO:0032915	GO:2000051
10000	GO:0032916	GO:0061881
10000	GO:0032916	GO:1905061
10000	GO:0032917	GO:0048521
10000	GO:0032917	GO:0050982
10000	GO:0032917	GO:2000370
10000	GO:0032918	GO:0070202
10000	GO:0032919	GO:0038110
10000	GO:0032919	GO:0071626
10000	GO:0032919	GO:0072207
10000	GO:0032922	GO:0036072
10000	GO:0032922	GO:1904730
10000	GO:0032924	GO:0046533
10000	GO:0032926	GO:0050907
10000	GO:0032926	GO:1905312
10000	GO:0032927	GO:0038130
10000	GO:0032927	GO:0090310
10000	GO:0032930	GO:0050672
10000	GO:0032930	GO:0062098
10000	GO:0032933	GO:2000855
10000	GO:0032941	GO:0051066
10000	GO:0032941	GO:0051321
10000	GO:0032943	GO:0106028
10000	GO:0032946	GO:0046831
10000	GO:0032954	GO:0060242
10000	GO:0032956	GO:1990743
10000	GO:0032958	GO:0042997
10000	GO:0032958	GO:0106101
10000	GO:0032958	GO:1903818
10000	GO:0032960	GO:0070903
10000	GO:0032965	GO:1902337
10000	GO:0032965	GO:1905243
10000	GO:0032966	GO:1990386
10000	GO:0032968	GO:0046649
10000	GO:0032968	GO:1904640
10000	GO:0032971	GO:0071333
10000	GO:0032972	GO:0044351
10000	GO:0032972	GO:0070634
10000	GO:0032974	GO:0061180
10000	GO:0032974	GO:1903944
10000	GO:0032976	GO:0090267
10000	GO:0032978	GO:0050925
10000	GO:0032978	GO:1905279
10000	GO:0032980	GO:0110096
10000	GO:0032980	GO:1903060
10000	GO:0032981	GO:0071335
10000	GO:0032981	GO:1904555
10000	GO:0032986	GO:0141201
10000	GO:0033004	GO:0060896
10000	GO:0033004	GO:0086069
10000	GO:0033006	GO:0071248
10000	GO:0033007	GO:0048144
10000	GO:0033007	GO:0090296
10000	GO:0033008	GO:2000328
10000	GO:0033015	GO:0140049
10000	GO:0033015	GO:1904842
10000	GO:0033025	GO:0048302
10000	GO:0033025	GO:0051299
10000	GO:0033025	GO:0061939
10000	GO:0033031	GO:0050850
10000	GO:0033032	GO:0070813
10000	GO:0033033	GO:0045050
10000	GO:0033033	GO:0060019
10000	GO:0033033	GO:2000491
10000	GO:0033034	GO:1902358
10000	GO:0033036	GO:0050672
10000	GO:0033045	GO:1905719
10000	GO:0033046	GO:0071908
10000	GO:0033047	GO:0051612
10000	GO:0033047	GO:0071039
10000	GO:0033047	GO:1904730
10000	GO:0033048	GO:0045827
10000	GO:0033048	GO:0060967
10000	GO:0033058	GO:2000203
10000	GO:0033059	GO:0035351
10000	GO:0033059	GO:0070408
10000	GO:0033059	GO:1904598
10000	GO:0033077	GO:2000878
10000	GO:0033079	GO:0042481
10000	GO:0033079	GO:0060126
10000	GO:0033079	GO:0071040
10000	GO:0033081	GO:2001015
10000	GO:0033088	GO:2000705
10000	GO:0033091	GO:0080184
10000	GO:0033091	GO:1902652
10000	GO:0033092	GO:1900191
10000	GO:0033108	GO:1901826
10000	GO:0033120	GO:0060291
10000	GO:0033121	GO:0043628
10000	GO:0033121	GO:0097325
10000	GO:0033123	GO:0034314
10000	GO:0033123	GO:1904569
10000	GO:0033135	GO:0060083
10000	GO:0033137	GO:0051295
10000	GO:0033138	GO:1904715
10000	GO:0033139	GO:0042853
10000	GO:0033139	GO:0071659
10000	GO:0033139	GO:2000369
10000	GO:0033140	GO:0040037
10000	GO:0033143	GO:0071692
10000	GO:0033146	GO:0033674
10000	GO:0033147	GO:1904669
10000	GO:0033148	GO:0051303
10000	GO:0033148	GO:0090650
10000	GO:0033151	GO:0033209
10000	GO:0033151	GO:1904015
10000	GO:0033152	GO:0060542
10000	GO:0033152	GO:1900826
10000	GO:0033152	GO:1901264
10000	GO:0033173	GO:0060192
10000	GO:0033189	GO:0034351
10000	GO:0033198	GO:0035927
10000	GO:0033198	GO:0048239
10000	GO:0033198	GO:0099642
10000	GO:0033206	GO:2000408
10000	GO:0033206	GO:2000446
10000	GO:0033209	GO:0044827
10000	GO:0033210	GO:0035904
10000	GO:0033211	GO:0036114
10000	GO:0033212	GO:0044088
10000	GO:0033212	GO:0098902
10000	GO:0033215	GO:0042450
10000	GO:0033215	GO:0071806
10000	GO:0033215	GO:0086043
10000	GO:0033238	GO:0045113
10000	GO:0033238	GO:0060688
10000	GO:0033238	GO:0090076
10000	GO:0033238	GO:2000524
10000	GO:0033240	GO:0046495
10000	GO:0033241	GO:0060986
10000	GO:0033260	GO:0071173
10000	GO:0033273	GO:2001214
10000	GO:0033275	GO:0048841
10000	GO:0033299	GO:0050976
10000	GO:0033299	GO:0051180
10000	GO:0033299	GO:0055023
10000	GO:0033299	GO:0090324
10000	GO:0033301	GO:1904613
10000	GO:0033306	GO:0034375
10000	GO:0033306	GO:1903047
10000	GO:0033313	GO:0050922
10000	GO:0033314	GO:0042744
10000	GO:0033316	GO:0071637
10000	GO:0033316	GO:0110027
10000	GO:0033320	GO:0042361
10000	GO:0033320	GO:0045835
10000	GO:0033327	GO:0035356
10000	GO:0033327	GO:0045955
10000	GO:0033327	GO:0090233
10000	GO:0033327	GO:0090314
10000	GO:0033327	GO:1900115
10000	GO:0033344	GO:2001185
10000	GO:0033363	GO:0097119
10000	GO:0033365	GO:0048009
10000	GO:0033365	GO:0070104
10000	GO:0033370	GO:0034625
10000	GO:0033370	GO:0050865
10000	GO:0033371	GO:0035847
10000	GO:0033377	GO:1901503
10000	GO:0033383	GO:0051582
10000	GO:0033385	GO:0070989
10000	GO:0033386	GO:0065008
10000	GO:0033386	GO:2000510
10000	GO:0033387	GO:0061138
10000	GO:0033389	GO:0042823
10000	GO:0033389	GO:0070125
10000	GO:0033484	GO:2000467
10000	GO:0033490	GO:0070158
10000	GO:0033490	GO:0097753
10000	GO:0033490	GO:1902356
10000	GO:0033499	GO:0051260
10000	GO:0033504	GO:0045924
10000	GO:0033512	GO:0070127
10000	GO:0033514	GO:0042176
10000	GO:0033514	GO:0060576
10000	GO:0033539	GO:0060468
10000	GO:0033539	GO:0140042
10000	GO:0033540	GO:0042053
10000	GO:0033554	GO:2000236
10000	GO:0033554	GO:2000402
10000	GO:0033555	GO:0046135
10000	GO:0033555	GO:1902078
10000	GO:0033563	GO:1902109
10000	GO:0033563	GO:1904754
10000	GO:0033564	GO:1904172
10000	GO:0033564	GO:1904508
10000	GO:0033572	GO:0070093
10000	GO:0033591	GO:1901626
10000	GO:0033594	GO:0046530
10000	GO:0033598	GO:0061820
10000	GO:0033598	GO:0090329
10000	GO:0033601	GO:0099010
10000	GO:0033601	GO:1903382
10000	GO:0033602	GO:1903311
10000	GO:0033603	GO:1904726
10000	GO:0033606	GO:0071222
10000	GO:0033609	GO:1903352
10000	GO:0033615	GO:0042354
10000	GO:0033617	GO:0150152
10000	GO:0033617	GO:1903972
10000	GO:0033622	GO:0048812
10000	GO:0033623	GO:0070198
10000	GO:0033623	GO:1905765
10000	GO:0033625	GO:0097576
10000	GO:0033629	GO:1902041
10000	GO:0033632	GO:0034159
10000	GO:0033633	GO:0097194
10000	GO:0033633	GO:1904273
10000	GO:0033634	GO:0034114
10000	GO:0033634	GO:0071652
10000	GO:0033674	GO:0070981
10000	GO:0033674	GO:0150036
10000	GO:0033686	GO:0099565
10000	GO:0033686	GO:1904583
10000	GO:0033688	GO:0034633
10000	GO:0033688	GO:0061450
10000	GO:0033688	GO:1905326
10000	GO:0033689	GO:0051664
10000	GO:0033689	GO:1905342
10000	GO:0033690	GO:0046680
10000	GO:0033690	GO:2000521
10000	GO:0033693	GO:1904614
10000	GO:0033696	GO:0051958
10000	GO:0033762	GO:1990074
10000	GO:0033865	GO:0034392
10000	GO:0033875	GO:1902219
10000	GO:0033962	GO:0043063
10000	GO:0033962	GO:0048709
10000	GO:0033962	GO:1902513
10000	GO:0033962	GO:2000357
10000	GO:0033967	GO:0048086
10000	GO:0033979	GO:0160069
10000	GO:0033979	GO:1900159
10000	GO:0034014	GO:0034344
10000	GO:0034014	GO:0071000
10000	GO:0034021	GO:0043066
10000	GO:0034033	GO:0042126
10000	GO:0034035	GO:0055005
10000	GO:0034035	GO:1904306
10000	GO:0034058	GO:0044314
10000	GO:0034058	GO:1902483
10000	GO:0034059	GO:0048174
10000	GO:0034063	GO:0120178
10000	GO:0034063	GO:1905832
10000	GO:0034067	GO:1901207
10000	GO:0034080	GO:0045599
10000	GO:0034080	GO:0060294
10000	GO:0034080	GO:1903420
10000	GO:0034086	GO:0071402
10000	GO:0034087	GO:0061884
10000	GO:0034089	GO:1990849
10000	GO:0034091	GO:0034694
10000	GO:0034091	GO:0046427
10000	GO:0034092	GO:0141217
10000	GO:0034093	GO:1905938
10000	GO:0034103	GO:0150062
10000	GO:0034103	GO:1903141
10000	GO:0034105	GO:0050871
10000	GO:0034109	GO:0035813
10000	GO:0034109	GO:0045091
10000	GO:0034112	GO:0110076
10000	GO:0034115	GO:0070886
10000	GO:0034121	GO:0051585
10000	GO:0034123	GO:0085029
10000	GO:0034125	GO:0043568
10000	GO:0034125	GO:0071870
10000	GO:0034128	GO:0042822
10000	GO:0034135	GO:0071468
10000	GO:0034135	GO:1902371
10000	GO:0034136	GO:0140357
10000	GO:0034137	GO:0046189
10000	GO:0034138	GO:0140718
10000	GO:0034142	GO:0035847
10000	GO:0034143	GO:0045116
10000	GO:0034144	GO:1905871
10000	GO:0034145	GO:0034633
10000	GO:0034146	GO:0051260
10000	GO:0034146	GO:0097275
10000	GO:0034148	GO:0042119
10000	GO:0034148	GO:0050789
10000	GO:0034148	GO:0070120
10000	GO:0034151	GO:0048545
10000	GO:0034152	GO:0040007
10000	GO:0034154	GO:0051391
10000	GO:0034155	GO:0046813
10000	GO:0034157	GO:2000405
10000	GO:0034161	GO:0051146
10000	GO:0034161	GO:0071280
10000	GO:0034161	GO:1905935
10000	GO:0034162	GO:2000636
10000	GO:0034163	GO:0071621
10000	GO:0034164	GO:0035990
10000	GO:0034165	GO:0050913
10000	GO:0034165	GO:0098901
10000	GO:0034182	GO:0043403
10000	GO:0034182	GO:1905526
10000	GO:0034183	GO:0048874
10000	GO:0034184	GO:0090122
10000	GO:0034184	GO:0106349
10000	GO:0034184	GO:1905244
10000	GO:0034196	GO:0046548
10000	GO:0034198	GO:1901189
10000	GO:0034199	GO:0046185
10000	GO:0034199	GO:0097094
10000	GO:0034201	GO:0051968
10000	GO:0034203	GO:0071579
10000	GO:0034204	GO:0106108
10000	GO:0034204	GO:1902070
10000	GO:0034205	GO:0035039
10000	GO:0034205	GO:0060340
10000	GO:0034213	GO:1902424
10000	GO:0034213	GO:2000303
10000	GO:0034214	GO:0046632
10000	GO:0034219	GO:0042946
10000	GO:0034219	GO:0070384
10000	GO:0034219	GO:2001145
10000	GO:0034231	GO:1900004
10000	GO:0034238	GO:0071320
10000	GO:0034238	GO:1902339
10000	GO:0034241	GO:1902207
10000	GO:0034242	GO:0120054
10000	GO:0034243	GO:0045923
10000	GO:0034248	GO:0060375
10000	GO:0034250	GO:0072658
10000	GO:0034275	GO:2000781
10000	GO:0034276	GO:1904046
10000	GO:0034312	GO:0060249
10000	GO:0034315	GO:0046069
10000	GO:0034315	GO:1905592
10000	GO:0034315	GO:1905962
10000	GO:0034330	GO:0035520
10000	GO:0034330	GO:1904776
10000	GO:0034331	GO:0098958
10000	GO:0034337	GO:0050787
10000	GO:0034340	GO:0090070
10000	GO:0034346	GO:1902389
10000	GO:0034349	GO:0042692
10000	GO:0034349	GO:0048485
10000	GO:0034349	GO:0051247
10000	GO:0034349	GO:0061888
10000	GO:0034350	GO:0045667
10000	GO:0034350	GO:0090114
10000	GO:0034352	GO:0043266
10000	GO:0034368	GO:0048645
10000	GO:0034368	GO:0120049
10000	GO:0034369	GO:0051794
10000	GO:0034369	GO:0071806
10000	GO:0034369	GO:1900078
10000	GO:0034369	GO:1901621
10000	GO:0034370	GO:0060926
10000	GO:0034373	GO:0045638
10000	GO:0034374	GO:0055018
10000	GO:0034375	GO:0043405
10000	GO:0034375	GO:0072710
10000	GO:0034377	GO:0043303
10000	GO:0034377	GO:1904689
10000	GO:0034378	GO:0061343
10000	GO:0034380	GO:1904735
10000	GO:0034381	GO:0043251
10000	GO:0034381	GO:0051552
10000	GO:0034382	GO:0051875
10000	GO:0034383	GO:0046618
10000	GO:0034383	GO:0070198
10000	GO:0034383	GO:0106058
10000	GO:0034384	GO:0035652
10000	GO:0034384	GO:2000637
10000	GO:0034389	GO:0046697
10000	GO:0034389	GO:0051709
10000	GO:0034390	GO:1990539
10000	GO:0034391	GO:0046039
10000	GO:0034391	GO:1990416
10000	GO:0034392	GO:0060044
10000	GO:0034392	GO:1900480
10000	GO:0034394	GO:0090289
10000	GO:0034394	GO:0097400
10000	GO:0034397	GO:0099525
10000	GO:0034398	GO:0045930
10000	GO:0034398	GO:0060683
10000	GO:0034398	GO:0072757
10000	GO:0034404	GO:0035127
10000	GO:0034404	GO:0060398
10000	GO:0034404	GO:2001138
10000	GO:0034405	GO:2000018
10000	GO:0034405	GO:2000642
10000	GO:0034418	GO:0051891
10000	GO:0034418	GO:0099578
10000	GO:0034418	GO:1900543
10000	GO:0034418	GO:2000494
10000	GO:0034421	GO:0035812
10000	GO:0034436	GO:0046415
10000	GO:0034439	GO:0080184
10000	GO:0034441	GO:0120071
10000	GO:0034445	GO:1904726
10000	GO:0034446	GO:1902956
10000	GO:0034447	GO:0034764
10000	GO:0034447	GO:1905938
10000	GO:0034453	GO:0140447
10000	GO:0034453	GO:1902260
10000	GO:0034454	GO:0042374
10000	GO:0034454	GO:0060142
10000	GO:0034472	GO:0051793
10000	GO:0034472	GO:1900924
10000	GO:0034472	GO:2000633
10000	GO:0034474	GO:1903026
10000	GO:0034475	GO:0097479
10000	GO:0034475	GO:1904653
10000	GO:0034477	GO:0150037
10000	GO:0034486	GO:0038145
10000	GO:0034497	GO:0060561
10000	GO:0034499	GO:0036298
10000	GO:0034499	GO:1903923
10000	GO:0034499	GO:2000691
10000	GO:0034502	GO:0055014
10000	GO:0034502	GO:0062170
10000	GO:0034504	GO:1900079
10000	GO:0034505	GO:0060425
10000	GO:0034516	GO:0061589
10000	GO:0034516	GO:0097497
10000	GO:0034517	GO:0090659
10000	GO:0034552	GO:0045728
10000	GO:0034553	GO:0036114
10000	GO:0034587	GO:1990456
10000	GO:0034589	GO:0060080
10000	GO:0034589	GO:1902455
10000	GO:0034599	GO:0097278
10000	GO:0034605	GO:0090594
10000	GO:0034605	GO:0097090
10000	GO:0034605	GO:1900244
10000	GO:0034614	GO:0045117
10000	GO:0034614	GO:0045686
10000	GO:0034614	GO:0046902
10000	GO:0034620	GO:1902082
10000	GO:0034620	GO:1905653
10000	GO:0034626	GO:0036515
10000	GO:0034626	GO:0097497
10000	GO:0034638	GO:0048839
10000	GO:0034642	GO:1905146
10000	GO:0034650	GO:0060038
10000	GO:0034650	GO:2000689
10000	GO:0034656	GO:0072218
10000	GO:0034656	GO:1903055
10000	GO:0034656	GO:1905259
10000	GO:0034656	GO:2000689
10000	GO:0034694	GO:0051046
10000	GO:0034694	GO:1903936
10000	GO:0034695	GO:0051053
10000	GO:0034698	GO:1901017
10000	GO:0034727	GO:1902883
10000	GO:0034756	GO:1900150
10000	GO:0034756	GO:1904863
10000	GO:0034757	GO:0060717
10000	GO:0034757	GO:1990403
10000	GO:0034758	GO:0036336
10000	GO:0034758	GO:0099170
10000	GO:0034758	GO:1902253
10000	GO:0034759	GO:0098885
10000	GO:0034760	GO:0061548
10000	GO:0034762	GO:0044027
10000	GO:0034762	GO:0061873
10000	GO:0034763	GO:1903690
10000	GO:0034765	GO:0050995
10000	GO:0034766	GO:0050819
10000	GO:0034767	GO:0098937
10000	GO:0034775	GO:1901136
10000	GO:0034776	GO:0060455
10000	GO:0034959	GO:0060040
10000	GO:0034959	GO:1902425
10000	GO:0034963	GO:0097510
10000	GO:0034964	GO:0097746
10000	GO:0034964	GO:1903525
10000	GO:0034976	GO:1901419
10000	GO:0034982	GO:0043393
10000	GO:0035019	GO:0045576
10000	GO:0035019	GO:0050909
10000	GO:0035022	GO:0060456
10000	GO:0035023	GO:0072348
10000	GO:0035025	GO:0038016
10000	GO:0035025	GO:0045112
10000	GO:0035026	GO:0042918
10000	GO:0035038	GO:0061582
10000	GO:0035039	GO:1905460
10000	GO:0035041	GO:1903140
10000	GO:0035050	GO:1901846
10000	GO:0035051	GO:0071985
10000	GO:0035051	GO:1902576
10000	GO:0035063	GO:0044572
10000	GO:0035063	GO:0046100
10000	GO:0035063	GO:0051308
10000	GO:0035088	GO:0104004
10000	GO:0035089	GO:0060466
10000	GO:0035090	GO:0050884
10000	GO:0035092	GO:1903775
10000	GO:0035094	GO:1901020
10000	GO:0035107	GO:2000334
10000	GO:0035113	GO:1903077
10000	GO:0035116	GO:1905793
10000	GO:0035120	GO:0060397
10000	GO:0035127	GO:2000784
10000	GO:0035128	GO:0060113
10000	GO:0035136	GO:0048769
10000	GO:0035137	GO:1903383
10000	GO:0035148	GO:0046940
10000	GO:0035148	GO:0098737
10000	GO:0035150	GO:0046637
10000	GO:0035150	GO:0050655
10000	GO:0035166	GO:1990683
10000	GO:0035176	GO:1904010
10000	GO:0035194	GO:0048864
10000	GO:0035194	GO:0050870
10000	GO:0035212	GO:0050764
10000	GO:0035235	GO:0060375
10000	GO:0035239	GO:0090114
10000	GO:0035247	GO:0097532
10000	GO:0035249	GO:0043173
10000	GO:0035249	GO:0060471
10000	GO:0035249	GO:1902167
10000	GO:0035278	GO:0045110
10000	GO:0035278	GO:1905608
10000	GO:0035283	GO:1903244
10000	GO:0035283	GO:1904598
10000	GO:0035296	GO:0065005
10000	GO:0035303	GO:0071731
10000	GO:0035303	GO:0097536
10000	GO:0035305	GO:0048312
10000	GO:0035306	GO:0070229
10000	GO:0035315	GO:0043067
10000	GO:0035330	GO:0035604
10000	GO:0035330	GO:1990575
10000	GO:0035331	GO:1901732
10000	GO:0035334	GO:0071868
10000	GO:0035334	GO:1904906
10000	GO:0035335	GO:0036213
10000	GO:0035335	GO:0050965
10000	GO:0035337	GO:0060623
10000	GO:0035337	GO:2000501
10000	GO:0035340	GO:0098698
10000	GO:0035340	GO:0099612
10000	GO:0035344	GO:0036119
10000	GO:0035348	GO:0085029
10000	GO:0035350	GO:0097745
10000	GO:0035352	GO:1901252
10000	GO:0035358	GO:0042886
10000	GO:0035358	GO:0061309
10000	GO:0035372	GO:0046330
10000	GO:0035372	GO:0051793
10000	GO:0035377	GO:0051391
10000	GO:0035378	GO:0042401
10000	GO:0035378	GO:0046654
10000	GO:0035382	GO:0150064
10000	GO:0035383	GO:0072202
10000	GO:0035383	GO:1990737
10000	GO:0035384	GO:2000814
10000	GO:0035385	GO:1904377
10000	GO:0035394	GO:1901881
10000	GO:0035395	GO:0042403
10000	GO:0035397	GO:1903450
10000	GO:0035425	GO:0042214
10000	GO:0035425	GO:0110020
10000	GO:0035425	GO:1900228
10000	GO:0035426	GO:1904307
10000	GO:0035426	GO:1905274
10000	GO:0035429	GO:0045869
10000	GO:0035429	GO:0070900
10000	GO:0035437	GO:0090170
10000	GO:0035441	GO:0042758
10000	GO:0035441	GO:0072053
10000	GO:0035441	GO:1902570
10000	GO:0035441	GO:1903801
10000	GO:0035442	GO:0098885
10000	GO:0035444	GO:0070918
10000	GO:0035445	GO:0046984
10000	GO:0035445	GO:1902858
10000	GO:0035445	GO:2001188
10000	GO:0035457	GO:0043525
10000	GO:0035457	GO:0045719
10000	GO:0035457	GO:0097267
10000	GO:0035458	GO:0061433
10000	GO:0035459	GO:0048557
10000	GO:0035459	GO:0120071
10000	GO:0035461	GO:0060842
10000	GO:0035461	GO:2001212
10000	GO:0035470	GO:0051884
10000	GO:0035470	GO:0060261
10000	GO:0035482	GO:0044381
10000	GO:0035482	GO:0060536
10000	GO:0035483	GO:0070278
10000	GO:0035490	GO:0060979
10000	GO:0035490	GO:0085020
10000	GO:0035490	GO:1990637
10000	GO:0035491	GO:0070536
10000	GO:0035493	GO:0035665
10000	GO:0035494	GO:0044090
10000	GO:0035498	GO:0097475
10000	GO:0035498	GO:1903565
10000	GO:0035499	GO:0046620
10000	GO:0035499	GO:0050929
10000	GO:0035499	GO:1903715
10000	GO:0035502	GO:0044331
10000	GO:0035502	GO:0071881
10000	GO:0035519	GO:0051798
10000	GO:0035520	GO:0070651
10000	GO:0035520	GO:1903556
10000	GO:0035524	GO:0051345
10000	GO:0035524	GO:0070886
10000	GO:0035526	GO:1904306
10000	GO:0035542	GO:0090155
10000	GO:0035544	GO:0060437
10000	GO:0035545	GO:0110081
10000	GO:0035556	GO:1905049
10000	GO:0035562	GO:1902047
10000	GO:0035562	GO:1905537
10000	GO:0035563	GO:0044281
10000	GO:0035567	GO:0038190
10000	GO:0035567	GO:1901136
10000	GO:0035567	GO:1903900
10000	GO:0035573	GO:1990029
10000	GO:0035588	GO:1900228
10000	GO:0035589	GO:0070831
10000	GO:0035590	GO:0042129
10000	GO:0035600	GO:0036146
10000	GO:0035600	GO:0050808
10000	GO:0035600	GO:1903978
10000	GO:0035601	GO:0060213
10000	GO:0035602	GO:0055091
10000	GO:0035603	GO:0046437
10000	GO:0035603	GO:0072174
10000	GO:0035603	GO:1900115
10000	GO:0035606	GO:1901193
10000	GO:0035607	GO:0046352
10000	GO:0035607	GO:0061913
10000	GO:0035607	GO:1902834
10000	GO:0035610	GO:0070960
10000	GO:0035617	GO:1990428
10000	GO:0035621	GO:0051149
10000	GO:0035627	GO:0050714
10000	GO:0035633	GO:0060027
10000	GO:0035633	GO:2000487
10000	GO:0035634	GO:0120229
10000	GO:0035640	GO:0048133
10000	GO:0035641	GO:0048384
10000	GO:0035641	GO:1902567
10000	GO:0035645	GO:0043103
10000	GO:0035645	GO:0044409
10000	GO:0035645	GO:0051459
10000	GO:0035645	GO:0070527
10000	GO:0035645	GO:1902231
10000	GO:0035645	GO:2001280
10000	GO:0035646	GO:2000534
10000	GO:0035652	GO:0071831
10000	GO:0035654	GO:0043087
10000	GO:0035655	GO:1905429
10000	GO:0035665	GO:1903942
10000	GO:0035666	GO:0042168
10000	GO:0035667	GO:0061371
10000	GO:0035668	GO:0051944
10000	GO:0035668	GO:0060346
10000	GO:0035668	GO:0099590
10000	GO:0035672	GO:0098735
10000	GO:0035675	GO:0110063
10000	GO:0035677	GO:0061764
10000	GO:0035684	GO:0089718
10000	GO:0035689	GO:0099641
10000	GO:0035691	GO:1900004
10000	GO:0035696	GO:0048537
10000	GO:0035696	GO:0060009
10000	GO:0035696	GO:0060470
10000	GO:0035696	GO:0090110
10000	GO:0035701	GO:1902174
10000	GO:0035702	GO:1903008
10000	GO:0035705	GO:0086092
10000	GO:0035705	GO:0141198
10000	GO:0035709	GO:0072662
10000	GO:0035709	GO:1904018
10000	GO:0035710	GO:0036076
10000	GO:0035711	GO:0061074
10000	GO:0035711	GO:0098915
10000	GO:0035711	GO:1902363
10000	GO:0035712	GO:0090091
10000	GO:0035720	GO:1900248
10000	GO:0035721	GO:0072331
10000	GO:0035723	GO:0070731
10000	GO:0035725	GO:0060117
10000	GO:0035725	GO:1901160
10000	GO:0035725	GO:1904253
10000	GO:0035726	GO:0141194
10000	GO:0035726	GO:2000565
10000	GO:0035728	GO:1904580
10000	GO:0035729	GO:1901629
10000	GO:0035729	GO:2000193
10000	GO:0035733	GO:0051295
10000	GO:0035733	GO:0071895
10000	GO:0035733	GO:0086002
10000	GO:0035733	GO:1901679
10000	GO:0035733	GO:1905508
10000	GO:0035735	GO:0050882
10000	GO:0035750	GO:2000849
10000	GO:0035751	GO:0045835
10000	GO:0035751	GO:1904831
10000	GO:0035752	GO:0060765
10000	GO:0035759	GO:0060268
10000	GO:0035759	GO:1902723
10000	GO:0035767	GO:0050863
10000	GO:0035767	GO:1904750
10000	GO:0035768	GO:0042350
10000	GO:0035768	GO:0060421
10000	GO:0035772	GO:1900195
10000	GO:0035772	GO:2001200
10000	GO:0035773	GO:0040017
10000	GO:0035773	GO:0051156
10000	GO:0035773	GO:1904778
10000	GO:0035787	GO:1902817
10000	GO:0035791	GO:0055092
10000	GO:0035791	GO:1904613
10000	GO:0035793	GO:2000108
10000	GO:0035794	GO:0070296
10000	GO:0035794	GO:0086055
10000	GO:0035799	GO:1902414
10000	GO:0035803	GO:0045292
10000	GO:0035803	GO:0090207
10000	GO:0035809	GO:0048662
10000	GO:0035810	GO:0120532
10000	GO:0035812	GO:0060177
10000	GO:0035812	GO:2000271
10000	GO:0035813	GO:0042221
10000	GO:0035822	GO:0044860
10000	GO:0035825	GO:2000744
10000	GO:0035849	GO:0051454
10000	GO:0035853	GO:2001304
10000	GO:0035855	GO:0071344
10000	GO:0035860	GO:1905706
10000	GO:0035862	GO:0060474
10000	GO:0035862	GO:0140743
10000	GO:0035862	GO:1903786
10000	GO:0035862	GO:1904906
10000	GO:0035863	GO:1902993
10000	GO:0035863	GO:2000504
10000	GO:0035871	GO:0048048
10000	GO:0035871	GO:0060542
10000	GO:0035871	GO:0110024
10000	GO:0035872	GO:0051446
10000	GO:0035872	GO:1904828
10000	GO:0035879	GO:1902339
10000	GO:0035880	GO:2000074
10000	GO:0035886	GO:0048022
10000	GO:0035886	GO:0090656
10000	GO:0035886	GO:0099010
10000	GO:0035886	GO:1901875
10000	GO:0035891	GO:0071709
10000	GO:0035900	GO:1990431
10000	GO:0035904	GO:0070432
10000	GO:0035904	GO:0085017
10000	GO:0035907	GO:0048199
10000	GO:0035907	GO:0071362
10000	GO:0035910	GO:0045087
10000	GO:0035912	GO:0043436
10000	GO:0035921	GO:0045343
10000	GO:0035921	GO:0072278
10000	GO:0035929	GO:1901383
10000	GO:0035929	GO:1902081
10000	GO:0035931	GO:0048239
10000	GO:0035932	GO:0046415
10000	GO:0035932	GO:1903039
10000	GO:0035934	GO:0051885
10000	GO:0035934	GO:2001140
10000	GO:0035945	GO:1902017
10000	GO:0035945	GO:1904355
10000	GO:0035946	GO:0046928
10000	GO:0035946	GO:1903333
10000	GO:0035962	GO:0140990
10000	GO:0035964	GO:0045751
10000	GO:0035965	GO:1904639
10000	GO:0035966	GO:0071469
10000	GO:0035967	GO:0072359
10000	GO:0035967	GO:1901328
10000	GO:0035973	GO:0046368
10000	GO:0035977	GO:0045947
10000	GO:0035984	GO:0051177
10000	GO:0035984	GO:0089709
10000	GO:0035987	GO:1905258
10000	GO:0035988	GO:0051057
10000	GO:0035989	GO:0043470
10000	GO:0035989	GO:1904899
10000	GO:0035990	GO:0050688
10000	GO:0035990	GO:1902226
10000	GO:0035992	GO:1905608
10000	GO:0035992	GO:2001171
10000	GO:0035993	GO:0050904
10000	GO:0035995	GO:1903984
10000	GO:0035999	GO:0051046
10000	GO:0035999	GO:1903311
10000	GO:0036006	GO:0090297
10000	GO:0036006	GO:0140739
10000	GO:0036010	GO:0160218
10000	GO:0036015	GO:0099527
10000	GO:0036016	GO:0051792
10000	GO:0036018	GO:0051246
10000	GO:0036035	GO:1900104
10000	GO:0036047	GO:0071248
10000	GO:0036048	GO:0071641
10000	GO:0036058	GO:0044245
10000	GO:0036060	GO:0043335
10000	GO:0036060	GO:0072055
10000	GO:0036065	GO:0141156
10000	GO:0036065	GO:1905049
10000	GO:0036066	GO:0072283
10000	GO:0036085	GO:1905340
10000	GO:0036088	GO:1904861
10000	GO:0036090	GO:0045061
10000	GO:0036090	GO:0070936
10000	GO:0036093	GO:0062100
10000	GO:0036101	GO:0045619
10000	GO:0036101	GO:1903524
10000	GO:0036109	GO:0072540
10000	GO:0036113	GO:1905867
10000	GO:0036114	GO:2000186
10000	GO:0036119	GO:0072132
10000	GO:0036120	GO:0070172
10000	GO:0036145	GO:0060271
10000	GO:0036145	GO:0071985
10000	GO:0036149	GO:1905908
10000	GO:0036152	GO:2000741
10000	GO:0036155	GO:0061015
10000	GO:0036155	GO:0140570
10000	GO:0036158	GO:0090400
10000	GO:0036166	GO:0061302
10000	GO:0036196	GO:0061073
10000	GO:0036198	GO:0050849
10000	GO:0036228	GO:0051145
10000	GO:0036250	GO:0042868
10000	GO:0036250	GO:1902275
10000	GO:0036255	GO:0045936
10000	GO:0036255	GO:1903565
10000	GO:0036257	GO:0075294
10000	GO:0036258	GO:0060700
10000	GO:0036260	GO:0071603
10000	GO:0036261	GO:0098700
10000	GO:0036285	GO:0061737
10000	GO:0036289	GO:1900005
10000	GO:0036293	GO:0050796
10000	GO:0036293	GO:2000632
10000	GO:0036296	GO:0060685
10000	GO:0036297	GO:1990414
10000	GO:0036298	GO:1903382
10000	GO:0036302	GO:0090317
10000	GO:0036304	GO:0045629
10000	GO:0036314	GO:0099575
10000	GO:0036316	GO:0045048
10000	GO:0036321	GO:0042772
10000	GO:0036321	GO:0071559
10000	GO:0036321	GO:1902816
10000	GO:0036323	GO:1902652
10000	GO:0036324	GO:1905449
10000	GO:0036336	GO:0051350
10000	GO:0036337	GO:0051963
10000	GO:0036342	GO:0048894
10000	GO:0036345	GO:0060044
10000	GO:0036359	GO:0098722
10000	GO:0036372	GO:0043094
10000	GO:0036372	GO:1905665
10000	GO:0036376	GO:1901343
10000	GO:0036376	GO:1903797
10000	GO:0036378	GO:0042417
10000	GO:0036378	GO:1903765
10000	GO:0036388	GO:0042117
10000	GO:0036388	GO:0043420
10000	GO:0036388	GO:0071472
10000	GO:0036388	GO:0106342
10000	GO:0036388	GO:2000798
10000	GO:0036415	GO:0043568
10000	GO:0036415	GO:0046100
10000	GO:0036415	GO:1901257
10000	GO:0036444	GO:0045761
10000	GO:0036444	GO:0046395
10000	GO:0036444	GO:0046689
10000	GO:0036444	GO:2000155
10000	GO:0036445	GO:0051946
10000	GO:0036445	GO:1904034
10000	GO:0036445	GO:1990849
10000	GO:0036462	GO:1902632
10000	GO:0036462	GO:1905908
10000	GO:0036465	GO:0045066
10000	GO:0036465	GO:0051924
10000	GO:0036471	GO:0140924
10000	GO:0036480	GO:0140053
10000	GO:0036481	GO:0050923
10000	GO:0036491	GO:2001012
10000	GO:0036493	GO:2000234
10000	GO:0036503	GO:0098722
10000	GO:0036506	GO:2000782
10000	GO:0036507	GO:2000977
10000	GO:0036514	GO:0061966
10000	GO:0036514	GO:0070884
10000	GO:0036516	GO:0043153
10000	GO:0036516	GO:1902475
10000	GO:0036518	GO:1905445
10000	GO:0036525	GO:1900923
10000	GO:0036525	GO:1902036
10000	GO:0038003	GO:0042987
10000	GO:0038003	GO:0098987
10000	GO:0038004	GO:0043207
10000	GO:0038007	GO:0060123
10000	GO:0038007	GO:0061190
10000	GO:0038016	GO:0060702
10000	GO:0038016	GO:0061101
10000	GO:0038018	GO:0042438
10000	GO:0038018	GO:0042537
10000	GO:0038018	GO:0071863
10000	GO:0038034	GO:1904457
10000	GO:0038060	GO:0043266
10000	GO:0038061	GO:0097017
10000	GO:0038061	GO:0097552
10000	GO:0038063	GO:1904762
10000	GO:0038066	GO:0045599
10000	GO:0038084	GO:2000297
10000	GO:0038086	GO:0051764
10000	GO:0038086	GO:1903783
10000	GO:0038089	GO:0048705
10000	GO:0038092	GO:0086097
10000	GO:0038094	GO:0043065
10000	GO:0038094	GO:1990708
10000	GO:0038095	GO:1902371
10000	GO:0038096	GO:0051231
10000	GO:0038097	GO:0071467
10000	GO:0038109	GO:1905551
10000	GO:0038115	GO:0044088
10000	GO:0038115	GO:0090716
10000	GO:0038115	GO:0120305
10000	GO:0038115	GO:1903450
10000	GO:0038116	GO:0050686
10000	GO:0038116	GO:0097187
10000	GO:0038119	GO:1904566
10000	GO:0038120	GO:0046328
10000	GO:0038120	GO:0140246
10000	GO:0038128	GO:0046985
10000	GO:0038129	GO:2000521
10000	GO:0038134	GO:0046986
10000	GO:0038134	GO:0060683
10000	GO:0038145	GO:0048200
10000	GO:0038146	GO:2000422
10000	GO:0038148	GO:0110011
10000	GO:0038154	GO:1904598
10000	GO:0038158	GO:0090148
10000	GO:0038158	GO:1990548
10000	GO:0038160	GO:1902172
10000	GO:0038160	GO:1903467
10000	GO:0038162	GO:0038165
10000	GO:0038163	GO:0048864
10000	GO:0038165	GO:0047496
10000	GO:0038165	GO:0050927
10000	GO:0038165	GO:1990776
10000	GO:0038166	GO:0045650
10000	GO:0038166	GO:0046959
10000	GO:0038166	GO:0061209
10000	GO:0038169	GO:0048382
10000	GO:0038169	GO:0060561
10000	GO:0038170	GO:0071658
10000	GO:0038171	GO:0090164
10000	GO:0038172	GO:0070898
10000	GO:0038173	GO:0070634
10000	GO:0038173	GO:1905386
10000	GO:0038178	GO:0043266
10000	GO:0038178	GO:0098990
10000	GO:0038178	GO:1905143
10000	GO:0038179	GO:0061518
10000	GO:0038179	GO:0090042
10000	GO:0038179	GO:1903604
10000	GO:0038179	GO:2000234
10000	GO:0038180	GO:1902630
10000	GO:0038180	GO:2000670
10000	GO:0038183	GO:1900136
10000	GO:0038188	GO:0042839
10000	GO:0038190	GO:0061179
10000	GO:0038193	GO:1902167
10000	GO:0038193	GO:1904349
10000	GO:0038193	GO:1905322
10000	GO:0038194	GO:0072698
10000	GO:0038195	GO:0070541
10000	GO:0038196	GO:0051716
10000	GO:0038203	GO:0090407
10000	GO:0038203	GO:1901188
10000	GO:0039529	GO:0045217
10000	GO:0039529	GO:0070315
10000	GO:0039530	GO:0071240
10000	GO:0039531	GO:0090086
10000	GO:0039532	GO:0060232
10000	GO:0039533	GO:0071389
10000	GO:0039654	GO:0045087
10000	GO:0039654	GO:0150033
10000	GO:0039663	GO:0120033
10000	GO:0039692	GO:0050867
10000	GO:0039692	GO:1904263
10000	GO:0039695	GO:0071870
10000	GO:0039695	GO:0098969
10000	GO:0039702	GO:0043161
10000	GO:0040008	GO:0070091
10000	GO:0040009	GO:0055026
10000	GO:0040010	GO:0062172
10000	GO:0040010	GO:0090204
10000	GO:0040011	GO:1903606
10000	GO:0040012	GO:0046338
10000	GO:0040017	GO:0090166
10000	GO:0040018	GO:0051170
10000	GO:0040019	GO:0061356
10000	GO:0040019	GO:0071947
10000	GO:0040019	GO:1902633
10000	GO:0040020	GO:2000635
10000	GO:0040029	GO:0050995
10000	GO:0040034	GO:1990697
10000	GO:0040038	GO:1990697
10000	GO:0042023	GO:0097494
10000	GO:0042026	GO:0042744
10000	GO:0042026	GO:0045765
10000	GO:0042026	GO:0051658
10000	GO:0042044	GO:1904691
10000	GO:0042045	GO:0051349
10000	GO:0042059	GO:1904595
10000	GO:0042060	GO:0045659
10000	GO:0042060	GO:0060966
10000	GO:0042074	GO:0048145
10000	GO:0042088	GO:1902165
10000	GO:0042088	GO:2000557
10000	GO:0042092	GO:0070473
10000	GO:0042098	GO:0062196
10000	GO:0042100	GO:0150062
10000	GO:0042102	GO:0048842
10000	GO:0042102	GO:0090141
10000	GO:0042113	GO:0098923
10000	GO:0042116	GO:0099183
10000	GO:0042116	GO:1900825
10000	GO:0042117	GO:2000173
10000	GO:0042118	GO:0042340
10000	GO:0042118	GO:0072022
10000	GO:0042126	GO:0097107
10000	GO:0042129	GO:0050957
10000	GO:0042130	GO:0043363
10000	GO:0042144	GO:0104004
10000	GO:0042147	GO:1901492
10000	GO:0042147	GO:2000677
10000	GO:0042158	GO:0070099
10000	GO:0042159	GO:0070373
10000	GO:0042159	GO:1903977
10000	GO:0042159	GO:2000225
10000	GO:0042160	GO:1903812
10000	GO:0042161	GO:1905430
10000	GO:0042167	GO:0150064
10000	GO:0042168	GO:0046296
10000	GO:0042168	GO:0046755
10000	GO:0042168	GO:0051491
10000	GO:0042168	GO:0071495
10000	GO:0042168	GO:1903041
10000	GO:0042176	GO:0055070
10000	GO:0042178	GO:0071469
10000	GO:0042178	GO:1900373
10000	GO:0042178	GO:1902430
10000	GO:0042181	GO:0060405
10000	GO:0042182	GO:0100001
10000	GO:0042182	GO:1903350
10000	GO:0042197	GO:0042440
10000	GO:0042214	GO:1904880
10000	GO:0042219	GO:0099637
10000	GO:0042219	GO:1905820
10000	GO:0042221	GO:0061081
10000	GO:0042221	GO:1901843
10000	GO:0042249	GO:2000417
10000	GO:0042256	GO:0042492
10000	GO:0042256	GO:0098529
10000	GO:0042267	GO:0060038
10000	GO:0042267	GO:2001016
10000	GO:0042269	GO:0048103
10000	GO:0042269	GO:2000271
10000	GO:0042270	GO:1990559
10000	GO:0042271	GO:0043616
10000	GO:0042271	GO:1901663
10000	GO:0042273	GO:1901030
10000	GO:0042274	GO:1903392
10000	GO:0042306	GO:0140966
10000	GO:0042307	GO:1904059
10000	GO:0042308	GO:1903799
10000	GO:0042310	GO:0150102
10000	GO:0042310	GO:0150151
10000	GO:0042311	GO:0061171
10000	GO:0042313	GO:1990089
10000	GO:0042323	GO:0048806
10000	GO:0042323	GO:2000378
10000	GO:0042325	GO:0070342
10000	GO:0042335	GO:0046295
10000	GO:0042335	GO:1905199
10000	GO:0042339	GO:0051664
10000	GO:0042339	GO:0060323
10000	GO:0042340	GO:0106118
10000	GO:0042340	GO:1900543
10000	GO:0042340	GO:1901841
10000	GO:0042351	GO:0060073
10000	GO:0042351	GO:0106106
10000	GO:0042359	GO:0052008
10000	GO:0042360	GO:0045682
10000	GO:0042361	GO:0043366
10000	GO:0042361	GO:1990540
10000	GO:0042363	GO:0110032
10000	GO:0042363	GO:0150059
10000	GO:0042364	GO:2000184
10000	GO:0042365	GO:1901655
10000	GO:0042369	GO:0070430
10000	GO:0042371	GO:0120188
10000	GO:0042373	GO:0072055
10000	GO:0042376	GO:2000229
10000	GO:0042396	GO:0072088
10000	GO:0042396	GO:0072164
10000	GO:0042402	GO:0051653
10000	GO:0042402	GO:0051792
10000	GO:0042403	GO:1902809
10000	GO:0042412	GO:1902204
10000	GO:0042412	GO:1904049
10000	GO:0042413	GO:0060766
10000	GO:0042413	GO:0090149
10000	GO:0042413	GO:2000209
10000	GO:0042414	GO:0070640
10000	GO:0042415	GO:0044313
10000	GO:0042415	GO:0055081
10000	GO:0042416	GO:0071321
10000	GO:0042417	GO:1902099
10000	GO:0042417	GO:1904823
10000	GO:0042417	GO:1990926
10000	GO:0042418	GO:0051338
10000	GO:0042418	GO:1901844
10000	GO:0042421	GO:0120183
10000	GO:0042421	GO:1900373
10000	GO:0042427	GO:0046628
10000	GO:0042428	GO:0043096
10000	GO:0042438	GO:0090091
10000	GO:0042439	GO:0090720
10000	GO:0042439	GO:1902914
10000	GO:0042451	GO:0110135
10000	GO:0042453	GO:0070374
10000	GO:0042455	GO:0098970
10000	GO:0042461	GO:0072377
10000	GO:0042471	GO:0055123
10000	GO:0042471	GO:1901188
10000	GO:0042471	GO:1905664
10000	GO:0042474	GO:0062098
10000	GO:0042474	GO:1903416
10000	GO:0042487	GO:0048703
10000	GO:0042490	GO:0044602
10000	GO:0042490	GO:0106342
10000	GO:0042494	GO:0044788
10000	GO:0042496	GO:0048199
10000	GO:0042496	GO:0048861
10000	GO:0042496	GO:0050671
10000	GO:0042496	GO:0150190
10000	GO:0042509	GO:0061163
10000	GO:0042531	GO:0071529
10000	GO:0042531	GO:0097403
10000	GO:0042531	GO:2000392
10000	GO:0042532	GO:0042554
10000	GO:0042537	GO:0043407
10000	GO:0042538	GO:0046686
10000	GO:0042539	GO:0042753
10000	GO:0042541	GO:0071320
10000	GO:0042541	GO:2001199
10000	GO:0042542	GO:1903998
10000	GO:0042551	GO:0060429
10000	GO:0042552	GO:0051661
10000	GO:0042552	GO:0090190
10000	GO:0042554	GO:1905700
10000	GO:0042558	GO:0045836
10000	GO:0042558	GO:0048245
10000	GO:0042558	GO:1904385
10000	GO:0042559	GO:0048839
10000	GO:0042574	GO:1903062
10000	GO:0042590	GO:0045124
10000	GO:0042590	GO:2000513
10000	GO:0042592	GO:1904635
10000	GO:0042593	GO:1900048
10000	GO:0042595	GO:0072172
10000	GO:0042595	GO:1901290
10000	GO:0042595	GO:2000231
10000	GO:0042596	GO:0071502
10000	GO:0042596	GO:0097581
10000	GO:0042596	GO:1905867
10000	GO:0042633	GO:0045879
10000	GO:0042633	GO:0061046
10000	GO:0042659	GO:0043251
10000	GO:0042659	GO:0070301
10000	GO:0042663	GO:0046134
10000	GO:0042663	GO:1905737
10000	GO:0042665	GO:1903850
10000	GO:0042666	GO:0045792
10000	GO:0042669	GO:0099046
10000	GO:0042692	GO:0061626
10000	GO:0042692	GO:1903060
10000	GO:0042693	GO:0048669
10000	GO:0042700	GO:0048066
10000	GO:0042701	GO:0070561
10000	GO:0042701	GO:0090193
10000	GO:0042711	GO:1900247
10000	GO:0042726	GO:0051648
10000	GO:0042726	GO:0071827
10000	GO:0042726	GO:2000679
10000	GO:0042727	GO:0090102
10000	GO:0042727	GO:1901381
10000	GO:0042730	GO:2000698
10000	GO:0042730	GO:2000832
10000	GO:0042733	GO:0050790
10000	GO:0042742	GO:0051694
10000	GO:0042744	GO:0060122
10000	GO:0042749	GO:1905278
10000	GO:0042752	GO:0045112
10000	GO:0042752	GO:1904823
10000	GO:0042755	GO:2000406
10000	GO:0042759	GO:0051145
10000	GO:0042760	GO:0045776
10000	GO:0042762	GO:1903036
10000	GO:0042771	GO:0098969
10000	GO:0042773	GO:0051783
10000	GO:0042775	GO:2000425
10000	GO:0042791	GO:0060376
10000	GO:0042791	GO:0097090
10000	GO:0042795	GO:1902226
10000	GO:0042820	GO:0140961
10000	GO:0042823	GO:2000109
10000	GO:0042832	GO:1900073
10000	GO:0042840	GO:0070427
10000	GO:0042866	GO:0046337
10000	GO:0042866	GO:0050671
10000	GO:0042867	GO:0061874
10000	GO:0042873	GO:0051454
10000	GO:0042886	GO:0060425
10000	GO:0042904	GO:1902229
10000	GO:0042905	GO:1901989
10000	GO:0042908	GO:0045229
10000	GO:0042908	GO:0180010
10000	GO:0042908	GO:1901992
10000	GO:0042921	GO:0070836
10000	GO:0042938	GO:0050851
10000	GO:0042939	GO:1902998
10000	GO:0042941	GO:0070131
10000	GO:0042942	GO:0072301
10000	GO:0042942	GO:0090156
10000	GO:0042953	GO:0160077
10000	GO:0042981	GO:0090329
10000	GO:0042981	GO:0098760
10000	GO:0042981	GO:2000271
10000	GO:0042982	GO:2000136
10000	GO:0042984	GO:0051954
10000	GO:0042984	GO:1904890
10000	GO:0042985	GO:1901671
10000	GO:0042998	GO:1902462
10000	GO:0043007	GO:0060128
10000	GO:0043007	GO:1902229
10000	GO:0043009	GO:0060024
10000	GO:0043009	GO:0110051
10000	GO:0043011	GO:0048254
10000	GO:0043029	GO:1901379
10000	GO:0043029	GO:1901890
10000	GO:0043030	GO:0045835
10000	GO:0043030	GO:1904884
10000	GO:0043031	GO:0060939
10000	GO:0043039	GO:0051897
10000	GO:0043043	GO:0048934
10000	GO:0043048	GO:0050882
10000	GO:0043063	GO:0072027
10000	GO:0043063	GO:0140493
10000	GO:0043065	GO:1905749
10000	GO:0043065	GO:2000852
10000	GO:0043066	GO:0071317
10000	GO:0043066	GO:1904108
10000	GO:0043067	GO:1902034
10000	GO:0043068	GO:0120317
10000	GO:0043085	GO:1903660
10000	GO:0043085	GO:1903894
10000	GO:0043086	GO:0046465
10000	GO:0043086	GO:0061470
10000	GO:0043087	GO:0072073
10000	GO:0043090	GO:1901258
10000	GO:0043096	GO:0070987
10000	GO:0043097	GO:0071244
10000	GO:0043101	GO:0048791
10000	GO:0043102	GO:0045820
10000	GO:0043111	GO:0046636
10000	GO:0043112	GO:0141124
10000	GO:0043112	GO:1902036
10000	GO:0043112	GO:1904829
10000	GO:0043112	GO:1905553
10000	GO:0043113	GO:1905025
10000	GO:0043114	GO:1990962
10000	GO:0043116	GO:0098719
10000	GO:0043116	GO:2000808
10000	GO:0043117	GO:0048636
10000	GO:0043117	GO:0060305
10000	GO:0043117	GO:1904780
10000	GO:0043117	GO:1905653
10000	GO:0043117	GO:1990830
10000	GO:0043123	GO:0090384
10000	GO:0043131	GO:1900260
10000	GO:0043131	GO:1902000
10000	GO:0043131	GO:1903801
10000	GO:0043134	GO:0097106
10000	GO:0043137	GO:1904659
10000	GO:0043152	GO:0045046
10000	GO:0043161	GO:0046135
10000	GO:0043161	GO:0120184
10000	GO:0043163	GO:0071264
10000	GO:0043163	GO:2000256
10000	GO:0043171	GO:0070960
10000	GO:0043173	GO:0086065
10000	GO:0043173	GO:1901293
10000	GO:0043174	GO:0062197
10000	GO:0043200	GO:0071397
10000	GO:0043200	GO:0090110
10000	GO:0043217	GO:2000061
10000	GO:0043242	GO:0097352
10000	GO:0043243	GO:0060261
10000	GO:0043248	GO:0098693
10000	GO:0043248	GO:1903895
10000	GO:0043251	GO:0060956
10000	GO:0043251	GO:0140212
10000	GO:0043252	GO:2000437
10000	GO:0043254	GO:0097105
10000	GO:0043254	GO:0160069
10000	GO:0043266	GO:0141005
10000	GO:0043267	GO:0072022
10000	GO:0043269	GO:0106288
10000	GO:0043270	GO:2000119
10000	GO:0043270	GO:2001279
10000	GO:0043271	GO:0045792
10000	GO:0043277	GO:0051606
10000	GO:0043277	GO:1990379
10000	GO:0043279	GO:0097151
10000	GO:0043297	GO:0106045
10000	GO:0043300	GO:0046295
10000	GO:0043300	GO:0051231
10000	GO:0043303	GO:1990776
10000	GO:0043313	GO:1905820
10000	GO:0043314	GO:0045917
10000	GO:0043318	GO:0046851
10000	GO:0043320	GO:0044597
10000	GO:0043321	GO:0046686
10000	GO:0043322	GO:1905155
10000	GO:0043324	GO:0043373
10000	GO:0043324	GO:0051307
10000	GO:0043324	GO:0090480
10000	GO:0043328	GO:0090347
10000	GO:0043328	GO:1904139
10000	GO:0043331	GO:0046341
10000	GO:0043331	GO:1904507
10000	GO:0043335	GO:0045653
10000	GO:0043363	GO:0045987
10000	GO:0043370	GO:1902903
10000	GO:0043371	GO:0106056
10000	GO:0043373	GO:2000773
10000	GO:0043374	GO:1901699
10000	GO:0043378	GO:0048729
10000	GO:0043380	GO:1990268
10000	GO:0043381	GO:2000391
10000	GO:0043382	GO:1905073
10000	GO:0043383	GO:0045830
10000	GO:0043385	GO:2000836
10000	GO:0043387	GO:0050917
10000	GO:0043397	GO:0050432
10000	GO:0043397	GO:0060235
10000	GO:0043397	GO:1905809
10000	GO:0043401	GO:2000628
10000	GO:0043403	GO:1990438
10000	GO:0043408	GO:0071724
10000	GO:0043408	GO:1904141
10000	GO:0043408	GO:2000348
10000	GO:0043413	GO:1905904
10000	GO:0043414	GO:1903588
10000	GO:0043415	GO:0072124
10000	GO:0043415	GO:0097210
10000	GO:0043416	GO:1901632
10000	GO:0043417	GO:0072579
10000	GO:0043417	GO:0090497
10000	GO:0043420	GO:2000395
10000	GO:0043434	GO:0050870
10000	GO:0043457	GO:0051875
10000	GO:0043461	GO:2000062
10000	GO:0043462	GO:0071695
10000	GO:0043465	GO:0097396
10000	GO:0043467	GO:0051050
10000	GO:0043467	GO:1901534
10000	GO:0043467	GO:2000359
10000	GO:0043470	GO:0140667
10000	GO:0043473	GO:0061881
10000	GO:0043476	GO:1900069
10000	GO:0043484	GO:0044861
10000	GO:0043485	GO:0048643
10000	GO:0043488	GO:0071676
10000	GO:0043489	GO:0048066
10000	GO:0043491	GO:0050686
10000	GO:0043500	GO:0051835
10000	GO:0043501	GO:0070963
10000	GO:0043501	GO:0072677
10000	GO:0043503	GO:0050714
10000	GO:0043506	GO:1902170
10000	GO:0043507	GO:0048278
10000	GO:0043517	GO:0046683
10000	GO:0043517	GO:0097646
10000	GO:0043518	GO:0051958
10000	GO:0043519	GO:1904382
10000	GO:0043534	GO:1900244
10000	GO:0043535	GO:0060736
10000	GO:0043536	GO:0048642
10000	GO:0043536	GO:0160024
10000	GO:0043537	GO:0043583
10000	GO:0043547	GO:0051961
10000	GO:0043547	GO:0097193
10000	GO:0043549	GO:0061184
10000	GO:0043555	GO:0060369
10000	GO:0043555	GO:2000543
10000	GO:0043558	GO:0106217
10000	GO:0043567	GO:0071402
10000	GO:0043567	GO:0090154
10000	GO:0043568	GO:0140205
10000	GO:0043569	GO:0046349
10000	GO:0043574	GO:0141060
10000	GO:0043576	GO:0055081
10000	GO:0043585	GO:0071398
10000	GO:0043586	GO:1901021
10000	GO:0043587	GO:0071401
10000	GO:0043587	GO:1904023
10000	GO:0043588	GO:1990918
10000	GO:0043602	GO:0060083
10000	GO:0043602	GO:1901859
10000	GO:0043610	GO:0045672
10000	GO:0043616	GO:0045191
10000	GO:0043616	GO:0060465
10000	GO:0043632	GO:1903286
10000	GO:0043633	GO:0045087
10000	GO:0043634	GO:0050992
10000	GO:0043634	GO:1902958
10000	GO:0043634	GO:1905699
10000	GO:0043634	GO:2000981
10000	GO:0043648	GO:0045292
10000	GO:0043648	GO:0070301
10000	GO:0043649	GO:1903004
10000	GO:0043651	GO:0045338
10000	GO:0043652	GO:0072522
10000	GO:0043652	GO:1902033
10000	GO:0043653	GO:0090183
10000	GO:0043691	GO:1900747
10000	GO:0043696	GO:1901907
10000	GO:0043696	GO:1902415
10000	GO:0043697	GO:0098813
10000	GO:0043697	GO:0110081
10000	GO:0043697	GO:2000342
10000	GO:0043697	GO:2001049
10000	GO:0043922	GO:0045626
10000	GO:0043922	GO:2001033
10000	GO:0043923	GO:0045022
10000	GO:0043923	GO:0086100
10000	GO:0043931	GO:0060168
10000	GO:0043931	GO:0060372
10000	GO:0043931	GO:0071772
10000	GO:0043931	GO:1901524
10000	GO:0043931	GO:1905279
10000	GO:0043931	GO:2000836
10000	GO:0043932	GO:0045745
10000	GO:0043932	GO:0060844
10000	GO:0043932	GO:1904479
10000	GO:0043933	GO:0061462
10000	GO:0043954	GO:2000880
10000	GO:0044027	GO:0045022
10000	GO:0044029	GO:0099084
10000	GO:0044058	GO:0051583
10000	GO:0044058	GO:0062237
10000	GO:0044060	GO:0046125
10000	GO:0044060	GO:0046754
10000	GO:0044070	GO:1904750
10000	GO:0044085	GO:0070836
10000	GO:0044085	GO:0120317
10000	GO:0044087	GO:2000676
10000	GO:0044088	GO:0046444
10000	GO:0044089	GO:0097581
10000	GO:0044089	GO:0099517
10000	GO:0044091	GO:0070542
10000	GO:0044092	GO:0070949
10000	GO:0044092	GO:1903795
10000	GO:0044206	GO:0090107
10000	GO:0044210	GO:0090201
10000	GO:0044238	GO:0140089
10000	GO:0044241	GO:0046832
10000	GO:0044269	GO:0090367
10000	GO:0044269	GO:0097502
10000	GO:0044273	GO:1903531
10000	GO:0044281	GO:2000594
10000	GO:0044282	GO:2000095
10000	GO:0044313	GO:0051606
10000	GO:0044314	GO:0048021
10000	GO:0044320	GO:0120190
10000	GO:0044320	GO:1902018
10000	GO:0044321	GO:0086004
10000	GO:0044344	GO:1902653
10000	GO:0044346	GO:0070254
10000	GO:0044351	GO:0046903
10000	GO:0044351	GO:0048819
10000	GO:0044355	GO:0070943
10000	GO:0044355	GO:0170034
10000	GO:0044357	GO:1901594
10000	GO:0044375	GO:0051728
10000	GO:0044375	GO:1904871
10000	GO:0044380	GO:0045670
10000	GO:0044381	GO:1904825
10000	GO:0044387	GO:0050778
10000	GO:0044396	GO:0061360
10000	GO:0044396	GO:0090042
10000	GO:0044406	GO:0050804
10000	GO:0044406	GO:0061190
10000	GO:0044419	GO:0097021
10000	GO:0044419	GO:0099158
10000	GO:0044419	GO:1901193
10000	GO:0044458	GO:1905229
10000	GO:0044524	GO:0045071
10000	GO:0044524	GO:0140253
10000	GO:0044528	GO:0055117
10000	GO:0044539	GO:1904749
10000	GO:0044550	GO:0062125
10000	GO:0044572	GO:2000525
10000	GO:0044580	GO:0045839
10000	GO:0044580	GO:0090218
10000	GO:0044601	GO:0045988
10000	GO:0044602	GO:0070842
10000	GO:0044703	GO:0140001
10000	GO:0044703	GO:2000316
10000	GO:0044703	GO:2000323
10000	GO:0044721	GO:1903378
10000	GO:0044726	GO:1990172
10000	GO:0044727	GO:0046054
10000	GO:0044743	GO:0062042
10000	GO:0044751	GO:0050908
10000	GO:0044751	GO:0051641
10000	GO:0044751	GO:1900245
10000	GO:0044752	GO:0072098
10000	GO:0044772	GO:0046880
10000	GO:0044773	GO:0045726
10000	GO:0044774	GO:1905038
10000	GO:0044779	GO:0071629
10000	GO:0044782	GO:0097176
10000	GO:0044785	GO:0045629
10000	GO:0044785	GO:0051549
10000	GO:0044785	GO:1990379
10000	GO:0044786	GO:0140543
10000	GO:0044790	GO:0071932
10000	GO:0044793	GO:0048871
10000	GO:0044793	GO:0090427
10000	GO:0044794	GO:0046101
10000	GO:0044795	GO:1902811
10000	GO:0044804	GO:0051258
10000	GO:0044818	GO:1904764
10000	GO:0044828	GO:0060729
10000	GO:0044839	GO:0097150
10000	GO:0044849	GO:0070897
10000	GO:0044849	GO:0090481
10000	GO:0044849	GO:1904442
10000	GO:0044854	GO:0051204
10000	GO:0044854	GO:0160028
10000	GO:0044856	GO:1904691
10000	GO:0044857	GO:0046105
10000	GO:0044861	GO:0045939
10000	GO:0044861	GO:0048026
10000	GO:0044861	GO:0048634
10000	GO:0044861	GO:0098771
10000	GO:0044870	GO:0061358
10000	GO:0044871	GO:0048537
10000	GO:0044871	GO:0048561
10000	GO:0044871	GO:2000231
10000	GO:0044872	GO:1903011
10000	GO:0044873	GO:1900194
10000	GO:0044878	GO:2000632
10000	GO:0045002	GO:0110090
10000	GO:0045003	GO:1905003
10000	GO:0045004	GO:0060931
10000	GO:0045005	GO:1900120
10000	GO:0045005	GO:1901143
10000	GO:0045006	GO:0097531
10000	GO:0045007	GO:0051867
10000	GO:0045010	GO:0061314
10000	GO:0045017	GO:0050790
10000	GO:0045019	GO:0071677
10000	GO:0045019	GO:1905533
10000	GO:0045022	GO:1905154
10000	GO:0045023	GO:0110032
10000	GO:0045039	GO:0098877
10000	GO:0045040	GO:1900378
10000	GO:0045041	GO:0045540
10000	GO:0045041	GO:0046068
10000	GO:0045041	GO:0072239
10000	GO:0045050	GO:0090222
10000	GO:0045055	GO:0046618
10000	GO:0045058	GO:0051884
10000	GO:0045060	GO:1904350
10000	GO:0045061	GO:1902216
10000	GO:0045062	GO:0060509
10000	GO:0045063	GO:0050820
10000	GO:0045064	GO:0046833
10000	GO:0045070	GO:0050906
10000	GO:0045070	GO:0055080
10000	GO:0045070	GO:0060299
10000	GO:0045070	GO:0071349
10000	GO:0045071	GO:0060674
10000	GO:0045071	GO:1903242
10000	GO:0045087	GO:0072199
10000	GO:0045087	GO:1903063
10000	GO:0045087	GO:1903126
10000	GO:0045088	GO:0071375
10000	GO:0045088	GO:0090666
10000	GO:0045088	GO:1903963
10000	GO:0045089	GO:0072332
10000	GO:0045103	GO:0061084
10000	GO:0045103	GO:1903000
10000	GO:0045104	GO:1902358
10000	GO:0045105	GO:1901193
10000	GO:0045109	GO:2001074
10000	GO:0045110	GO:0046618
10000	GO:0045110	GO:0048864
10000	GO:0045110	GO:0140354
10000	GO:0045112	GO:1901052
10000	GO:0045113	GO:0071468
10000	GO:0045113	GO:1904777
10000	GO:0045116	GO:1901275
10000	GO:0045124	GO:0060552
10000	GO:0045124	GO:1905935
10000	GO:0045143	GO:0046879
10000	GO:0045143	GO:0051552
10000	GO:0045161	GO:0048022
10000	GO:0045163	GO:1902100
10000	GO:0045165	GO:0046637
10000	GO:0045165	GO:0050882
10000	GO:0045168	GO:0072218
10000	GO:0045176	GO:2000738
10000	GO:0045185	GO:0045627
10000	GO:0045186	GO:0060291
10000	GO:0045187	GO:0071506
10000	GO:0045190	GO:0106044
10000	GO:0045197	GO:0046822
10000	GO:0045198	GO:0060545
10000	GO:0045200	GO:0070085
10000	GO:0045229	GO:0090715
10000	GO:0045234	GO:1900015
10000	GO:0045321	GO:0071354
10000	GO:0045329	GO:0071874
10000	GO:0045329	GO:1904585
10000	GO:0045329	GO:2000880
10000	GO:0045333	GO:0046174
10000	GO:0045339	GO:0071233
10000	GO:0045339	GO:0140236
10000	GO:0045339	GO:1990497
10000	GO:0045342	GO:1990456
10000	GO:0045342	GO:2000295
10000	GO:0045343	GO:0046502
10000	GO:0045343	GO:0070447
10000	GO:0045343	GO:1904692
10000	GO:0045344	GO:1902476
10000	GO:0045347	GO:1905038
10000	GO:0045444	GO:0050857
10000	GO:0045445	GO:0046785
10000	GO:0045445	GO:0051503
10000	GO:0045445	GO:0051796
10000	GO:0045445	GO:0060731
10000	GO:0045445	GO:0070961
10000	GO:0045445	GO:0071169
10000	GO:0045446	GO:0046856
10000	GO:0045453	GO:0051224
10000	GO:0045454	GO:0046039
10000	GO:0045472	GO:1905818
10000	GO:0045475	GO:0048807
10000	GO:0045475	GO:0051256
10000	GO:0045475	GO:0060843
10000	GO:0045494	GO:1905049
10000	GO:0045540	GO:0140245
10000	GO:0045540	GO:1900103
10000	GO:0045541	GO:0090327
10000	GO:0045541	GO:0140501
10000	GO:0045575	GO:0060097
10000	GO:0045576	GO:2000622
10000	GO:0045580	GO:0060048
10000	GO:0045580	GO:0070341
10000	GO:0045581	GO:0051641
10000	GO:0045581	GO:0071641
10000	GO:0045581	GO:0098953
10000	GO:0045581	GO:2000696
10000	GO:0045584	GO:0120253
10000	GO:0045586	GO:0071418
10000	GO:0045589	GO:0090182
10000	GO:0045589	GO:1904989
10000	GO:0045590	GO:1903576
10000	GO:0045591	GO:0051597
10000	GO:0045595	GO:0106104
10000	GO:0045596	GO:0061367
10000	GO:0045597	GO:0120532
10000	GO:0045598	GO:1990547
10000	GO:0045598	GO:2000480
10000	GO:0045600	GO:0051697
10000	GO:0045600	GO:1901098
10000	GO:0045603	GO:1905042
10000	GO:0045604	GO:0071641
10000	GO:0045605	GO:0046513
10000	GO:0045606	GO:1903122
10000	GO:0045607	GO:0051549
10000	GO:0045617	GO:0061588
10000	GO:0045617	GO:1901253
10000	GO:0045618	GO:1904018
10000	GO:0045619	GO:0048859
10000	GO:0045622	GO:0071801
10000	GO:0045624	GO:0046627
10000	GO:0045624	GO:0072383
10000	GO:0045624	GO:1905793
10000	GO:0045625	GO:0046295
10000	GO:0045625	GO:0090399
10000	GO:0045626	GO:0072194
10000	GO:0045628	GO:1905325
10000	GO:0045630	GO:0046320
10000	GO:0045630	GO:1904274
10000	GO:0045633	GO:0071724
10000	GO:0045637	GO:1903894
10000	GO:0045643	GO:0045660
10000	GO:0045643	GO:0048006
10000	GO:0045645	GO:2001049
10000	GO:0045648	GO:0086018
10000	GO:0045649	GO:0060340
10000	GO:0045654	GO:0072284
10000	GO:0045655	GO:0090310
10000	GO:0045656	GO:2001186
10000	GO:0045657	GO:1900044
10000	GO:0045658	GO:0070212
10000	GO:0045659	GO:1903312
10000	GO:0045660	GO:1905312
10000	GO:0045661	GO:0095500
10000	GO:0045661	GO:1901857
10000	GO:0045661	GO:2001045
10000	GO:0045662	GO:0070183
10000	GO:0045665	GO:0071314
10000	GO:0045667	GO:2000529
10000	GO:0045668	GO:1903780
10000	GO:0045670	GO:0071392
10000	GO:0045670	GO:1901731
10000	GO:0045672	GO:0071584
10000	GO:0045672	GO:1900084
10000	GO:0045683	GO:2000179
10000	GO:0045684	GO:0085020
10000	GO:0045717	GO:0070178
10000	GO:0045717	GO:1901053
10000	GO:0045720	GO:1901078
10000	GO:0045720	GO:1904239
10000	GO:0045721	GO:0097497
10000	GO:0045722	GO:0061999
10000	GO:0045723	GO:2000318
10000	GO:0045724	GO:0060911
10000	GO:0045726	GO:0046692
10000	GO:0045727	GO:1903706
10000	GO:0045730	GO:0048613
10000	GO:0045737	GO:2000383
10000	GO:0045738	GO:1900005
10000	GO:0045738	GO:1902999
10000	GO:0045739	GO:0070345
10000	GO:0045740	GO:2000360
10000	GO:0045742	GO:0150128
10000	GO:0045744	GO:0060061
10000	GO:0045747	GO:1904038
10000	GO:0045751	GO:0070126
10000	GO:0045752	GO:0070202
10000	GO:0045752	GO:0140719
10000	GO:0045761	GO:0150159
10000	GO:0045761	GO:1903640
10000	GO:0045764	GO:0051094
10000	GO:0045764	GO:1905485
10000	GO:0045766	GO:0099145
10000	GO:0045773	GO:1905310
10000	GO:0045777	GO:0048025
10000	GO:0045778	GO:2000638
10000	GO:0045779	GO:0060463
10000	GO:0045787	GO:0075521
10000	GO:0045794	GO:1905700
10000	GO:0045794	GO:2000850
10000	GO:0045795	GO:0098927
10000	GO:0045795	GO:1904676
10000	GO:0045796	GO:1904762
10000	GO:0045796	GO:2000754
10000	GO:0045797	GO:0050746
10000	GO:0045806	GO:0097376
10000	GO:0045815	GO:0070911
10000	GO:0045815	GO:1904777
10000	GO:0045818	GO:1904139
10000	GO:0045819	GO:0060294
10000	GO:0045819	GO:1905278
10000	GO:0045820	GO:1901068
10000	GO:0045822	GO:1902082
10000	GO:0045824	GO:0090189
10000	GO:0045828	GO:1905551
10000	GO:0045829	GO:0060644
10000	GO:0045829	GO:0097090
10000	GO:0045829	GO:1901748
10000	GO:0045830	GO:0048685
10000	GO:0045833	GO:1902037
10000	GO:0045833	GO:1902070
10000	GO:0045834	GO:0060412
10000	GO:0045834	GO:1902633
10000	GO:0045835	GO:0061025
10000	GO:0045836	GO:2000340
10000	GO:0045838	GO:2000047
10000	GO:0045842	GO:0046929
10000	GO:0045844	GO:0051279
10000	GO:0045851	GO:1904762
10000	GO:0045859	GO:0170034
10000	GO:0045869	GO:0048662
10000	GO:0045870	GO:0071638
10000	GO:0045870	GO:2000418
10000	GO:0045875	GO:1903294
10000	GO:0045879	GO:1902626
10000	GO:0045892	GO:0097696
10000	GO:0045892	GO:0106230
10000	GO:0045893	GO:0060014
10000	GO:0045899	GO:0071596
10000	GO:0045900	GO:0060456
10000	GO:0045900	GO:1904849
10000	GO:0045901	GO:0060932
10000	GO:0045905	GO:0048608
10000	GO:0045910	GO:1903565
10000	GO:0045911	GO:0045922
10000	GO:0045911	GO:0100001
10000	GO:0045912	GO:0046645
10000	GO:0045916	GO:0060717
10000	GO:0045916	GO:0070488
10000	GO:0045917	GO:1901557
10000	GO:0045917	GO:2000402
10000	GO:0045920	GO:0090504
10000	GO:0045921	GO:0046814
10000	GO:0045921	GO:0072677
10000	GO:0045921	GO:0140041
10000	GO:0045922	GO:0051155
10000	GO:0045922	GO:0070072
10000	GO:0045923	GO:0090220
10000	GO:0045925	GO:0099093
10000	GO:0045927	GO:1903402
10000	GO:0045933	GO:1903612
10000	GO:0045934	GO:0060406
10000	GO:0045935	GO:0071846
10000	GO:0045937	GO:0070828
10000	GO:0045938	GO:0097050
10000	GO:0045938	GO:1904823
10000	GO:0045939	GO:0046813
10000	GO:0045943	GO:0072375
10000	GO:0045943	GO:1901704
10000	GO:0045944	GO:0099548
10000	GO:0045945	GO:2000797
10000	GO:0045947	GO:0071786
10000	GO:0045947	GO:1900210
10000	GO:0045953	GO:0048669
10000	GO:0045954	GO:1901654
10000	GO:0045957	GO:0106049
10000	GO:0045960	GO:0051851
10000	GO:0045963	GO:0061687
10000	GO:0045967	GO:0061029
10000	GO:0045986	GO:0095500
10000	GO:0045986	GO:0141060
10000	GO:0045987	GO:0051258
10000	GO:0045989	GO:1904456
10000	GO:0045990	GO:0046349
10000	GO:0045990	GO:0048169
10000	GO:0045990	GO:0070173
10000	GO:0045992	GO:0071805
10000	GO:0045995	GO:0097499
10000	GO:0046006	GO:2000557
10000	GO:0046007	GO:0046061
10000	GO:0046007	GO:1902646
10000	GO:0046010	GO:2001136
10000	GO:0046015	GO:0050675
10000	GO:0046015	GO:0050928
10000	GO:0046015	GO:0060290
10000	GO:0046031	GO:0140541
10000	GO:0046033	GO:2001260
10000	GO:0046034	GO:0048536
10000	GO:0046034	GO:1905669
10000	GO:0046034	GO:2001136
10000	GO:0046036	GO:0050877
10000	GO:0046037	GO:0055089
10000	GO:0046037	GO:0098670
10000	GO:0046037	GO:1990386
10000	GO:0046038	GO:0110052
10000	GO:0046039	GO:0046485
10000	GO:0046039	GO:1902576
10000	GO:0046045	GO:1904948
10000	GO:0046050	GO:1905833
10000	GO:0046051	GO:0072025
10000	GO:0046051	GO:0140242
10000	GO:0046051	GO:2000501
10000	GO:0046055	GO:1901987
10000	GO:0046056	GO:0061048
10000	GO:0046056	GO:0072239
10000	GO:0046057	GO:0099152
10000	GO:0046060	GO:0050873
10000	GO:0046060	GO:1904731
10000	GO:0046060	GO:2000236
10000	GO:0046065	GO:0051867
10000	GO:0046065	GO:0061044
10000	GO:0046068	GO:0051100
10000	GO:0046068	GO:0099178
10000	GO:0046072	GO:0099050
10000	GO:0046073	GO:0106020
10000	GO:0046074	GO:0061197
10000	GO:0046078	GO:0086052
10000	GO:0046078	GO:1904752
10000	GO:0046080	GO:1903318
10000	GO:0046083	GO:0070668
10000	GO:0046083	GO:0071560
10000	GO:0046085	GO:0120163
10000	GO:0046098	GO:0060628
10000	GO:0046099	GO:0046887
10000	GO:0046099	GO:1904105
10000	GO:0046099	GO:2000406
10000	GO:0046100	GO:0070982
10000	GO:0046104	GO:0098870
10000	GO:0046108	GO:0170041
10000	GO:0046121	GO:0060928
10000	GO:0046121	GO:0071560
10000	GO:0046122	GO:0120071
10000	GO:0046125	GO:0046498
10000	GO:0046127	GO:0048683
10000	GO:0046127	GO:0090331
10000	GO:0046130	GO:0070831
10000	GO:0046131	GO:0090070
10000	GO:0046132	GO:0070432
10000	GO:0046136	GO:0098712
10000	GO:0046137	GO:0048337
10000	GO:0046146	GO:0097150
10000	GO:0046149	GO:0060292
10000	GO:0046149	GO:1905702
10000	GO:0046160	GO:0071621
10000	GO:0046160	GO:1901252
10000	GO:0046160	GO:1902884
10000	GO:0046164	GO:1901658
10000	GO:0046165	GO:0051096
10000	GO:0046167	GO:1904706
10000	GO:0046168	GO:0060965
10000	GO:0046185	GO:0051299
10000	GO:0046189	GO:0099538
10000	GO:0046204	GO:1903347
10000	GO:0046210	GO:0050854
10000	GO:0046210	GO:0050912
10000	GO:0046222	GO:0048541
10000	GO:0046222	GO:0051168
10000	GO:0046223	GO:1905604
10000	GO:0046226	GO:0046439
10000	GO:0046226	GO:0051134
10000	GO:0046226	GO:0060455
10000	GO:0046226	GO:1904149
10000	GO:0046294	GO:0061635
10000	GO:0046294	GO:0090038
10000	GO:0046294	GO:0099578
10000	GO:0046317	GO:1904020
10000	GO:0046320	GO:0046439
10000	GO:0046321	GO:0048714
10000	GO:0046321	GO:0090720
10000	GO:0046321	GO:1904417
10000	GO:0046325	GO:1902916
10000	GO:0046326	GO:1904030
10000	GO:0046326	GO:1905304
10000	GO:0046328	GO:0061367
10000	GO:0046328	GO:0071322
10000	GO:0046338	GO:0050830
10000	GO:0046338	GO:0060377
10000	GO:0046338	GO:0090045
10000	GO:0046340	GO:1990116
10000	GO:0046348	GO:0090069
10000	GO:0046359	GO:1903524
10000	GO:0046364	GO:0046501
10000	GO:0046365	GO:0090094
10000	GO:0046370	GO:0140112
10000	GO:0046373	GO:0051276
10000	GO:0046373	GO:1903495
10000	GO:0046373	GO:1904748
10000	GO:0046381	GO:0061197
10000	GO:0046381	GO:1903867
10000	GO:0046385	GO:0061004
10000	GO:0046386	GO:0071105
10000	GO:0046386	GO:1900260
10000	GO:0046391	GO:0072190
10000	GO:0046395	GO:0048149
10000	GO:0046395	GO:0072525
10000	GO:0046416	GO:0160075
10000	GO:0046425	GO:2000397
10000	GO:0046426	GO:1903259
10000	GO:0046427	GO:0061552
10000	GO:0046427	GO:1903334
10000	GO:0046437	GO:0050823
10000	GO:0046437	GO:1901419
10000	GO:0046437	GO:1903713
10000	GO:0046437	GO:1904200
10000	GO:0046439	GO:0060242
10000	GO:0046444	GO:1903165
10000	GO:0046449	GO:0140212
10000	GO:0046457	GO:0071168
10000	GO:0046459	GO:0090663
10000	GO:0046459	GO:2000020
10000	GO:0046460	GO:0160234
10000	GO:0046463	GO:0097051
10000	GO:0046463	GO:1905562
10000	GO:0046464	GO:1901657
10000	GO:0046466	GO:0070168
10000	GO:0046466	GO:1990180
10000	GO:0046467	GO:1904270
10000	GO:0046469	GO:1903817
10000	GO:0046473	GO:1904557
10000	GO:0046474	GO:0060965
10000	GO:0046474	GO:1904640
10000	GO:0046477	GO:0055081
10000	GO:0046477	GO:1902259
10000	GO:0046477	GO:1990399
10000	GO:0046478	GO:0048295
10000	GO:0046479	GO:0048672
10000	GO:0046486	GO:0050992
10000	GO:0046486	GO:1901898
10000	GO:0046487	GO:0070408
10000	GO:0046487	GO:1903747
10000	GO:0046488	GO:0060260
10000	GO:0046495	GO:0086036
10000	GO:0046495	GO:1902024
10000	GO:0046498	GO:0099562
10000	GO:0046498	GO:2000795
10000	GO:0046501	GO:0048513
10000	GO:0046501	GO:0072178
10000	GO:0046501	GO:1900272
10000	GO:0046502	GO:0071650
10000	GO:0046502	GO:0071691
10000	GO:0046512	GO:1903173
10000	GO:0046513	GO:0120316
10000	GO:0046514	GO:1905448
10000	GO:0046514	GO:2000110
10000	GO:0046514	GO:2000404
10000	GO:0046530	GO:0110024
10000	GO:0046530	GO:1904447
10000	GO:0046541	GO:0051147
10000	GO:0046545	GO:0170044
10000	GO:0046548	GO:0051971
10000	GO:0046579	GO:0046697
10000	GO:0046579	GO:0072521
10000	GO:0046580	GO:0061580
10000	GO:0046586	GO:2000793
10000	GO:0046597	GO:0070241
10000	GO:0046597	GO:1902356
10000	GO:0046598	GO:0046600
10000	GO:0046598	GO:0070602
10000	GO:0046600	GO:0051089
10000	GO:0046600	GO:0080135
10000	GO:0046600	GO:1902108
10000	GO:0046601	GO:0070431
10000	GO:0046603	GO:0051901
10000	GO:0046606	GO:0070120
10000	GO:0046621	GO:1905325
10000	GO:0046621	GO:2000572
10000	GO:0046626	GO:0055012
10000	GO:0046628	GO:1901857
10000	GO:0046629	GO:0046959
10000	GO:0046631	GO:0090646
10000	GO:0046633	GO:0140053
10000	GO:0046637	GO:0050728
10000	GO:0046637	GO:1905150
10000	GO:0046637	GO:2000675
10000	GO:0046638	GO:0150013
10000	GO:0046639	GO:0050862
10000	GO:0046639	GO:2000351
10000	GO:0046640	GO:2000479
10000	GO:0046641	GO:0060192
10000	GO:0046641	GO:0099163
10000	GO:0046642	GO:1901078
10000	GO:0046649	GO:1904170
10000	GO:0046651	GO:0048861
10000	GO:0046657	GO:0106101
10000	GO:0046676	GO:0051354
10000	GO:0046676	GO:1905413
10000	GO:0046684	GO:0098914
10000	GO:0046686	GO:0140651
10000	GO:0046689	GO:0051985
10000	GO:0046692	GO:0060576
10000	GO:0046692	GO:0070887
10000	GO:0046697	GO:0060088
10000	GO:0046704	GO:0061001
10000	GO:0046705	GO:0051798
10000	GO:0046712	GO:1904438
10000	GO:0046716	GO:0060396
10000	GO:0046719	GO:0061884
10000	GO:0046719	GO:0106119
10000	GO:0046719	GO:1905938
10000	GO:0046724	GO:0072396
10000	GO:0046725	GO:0090129
10000	GO:0046725	GO:0098732
10000	GO:0046725	GO:1902532
10000	GO:0046726	GO:0051665
10000	GO:0046754	GO:0071902
10000	GO:0046754	GO:0097294
10000	GO:0046754	GO:0106278
10000	GO:0046794	GO:1902652
10000	GO:0046794	GO:2001252
10000	GO:0046813	GO:0071548
10000	GO:0046813	GO:1900103
10000	GO:0046814	GO:2000017
10000	GO:0046822	GO:1903322
10000	GO:0046824	GO:0060304
10000	GO:0046824	GO:0060586
10000	GO:0046825	GO:0060586
10000	GO:0046826	GO:1900182
10000	GO:0046831	GO:1900449
10000	GO:0046833	GO:0090026
10000	GO:0046833	GO:0140251
10000	GO:0046834	GO:1905456
10000	GO:0046835	GO:1905902
10000	GO:0046836	GO:0061762
10000	GO:0046839	GO:1903445
10000	GO:0046849	GO:0098974
10000	GO:0046851	GO:0071448
10000	GO:0046851	GO:1901896
10000	GO:0046854	GO:1900157
10000	GO:0046864	GO:0071042
10000	GO:0046864	GO:0080134
10000	GO:0046865	GO:0051709
10000	GO:0046874	GO:0051256
10000	GO:0046874	GO:0051983
10000	GO:0046874	GO:1903119
10000	GO:0046879	GO:0062029
10000	GO:0046880	GO:0070472
10000	GO:0046880	GO:0070911
10000	GO:0046880	GO:1903146
10000	GO:0046882	GO:2000737
10000	GO:0046887	GO:1903073
10000	GO:0046888	GO:1903259
10000	GO:0046890	GO:1901626
10000	GO:0046890	GO:2000805
10000	GO:0046898	GO:0090151
10000	GO:0046900	GO:0140754
10000	GO:0046901	GO:0060840
10000	GO:0046902	GO:1901962
10000	GO:0046940	GO:1901526
10000	GO:0046942	GO:0048687
10000	GO:0046959	GO:0090148
10000	GO:0046959	GO:2000527
10000	GO:0046967	GO:0061450
10000	GO:0046967	GO:1904038
10000	GO:0046967	GO:1904878
10000	GO:0046968	GO:0051354
10000	GO:0046984	GO:0098708
10000	GO:0046985	GO:0120056
10000	GO:0046986	GO:1902667
10000	GO:0047484	GO:2000338
10000	GO:0047496	GO:1903011
10000	GO:0047497	GO:0097552
10000	GO:0048002	GO:0071305
10000	GO:0048006	GO:0099563
10000	GO:0048006	GO:1903326
10000	GO:0048007	GO:0099587
10000	GO:0048012	GO:1901879
10000	GO:0048012	GO:2000554
10000	GO:0048014	GO:1904714
10000	GO:0048015	GO:0090273
10000	GO:0048021	GO:0051728
10000	GO:0048021	GO:0060784
10000	GO:0048021	GO:0099541
10000	GO:0048021	GO:0141150
10000	GO:0048023	GO:0071107
10000	GO:0048025	GO:2001057
10000	GO:0048041	GO:0072006
10000	GO:0048048	GO:0048668
10000	GO:0048048	GO:1905175
10000	GO:0048069	GO:0061448
10000	GO:0048069	GO:2000491
10000	GO:0048075	GO:0051791
10000	GO:0048086	GO:0051697
10000	GO:0048103	GO:0097176
10000	GO:0048103	GO:1903242
10000	GO:0048104	GO:0098814
10000	GO:0048137	GO:0051097
10000	GO:0048144	GO:1904252
10000	GO:0048145	GO:1905380
10000	GO:0048146	GO:0061931
10000	GO:0048167	GO:0097066
10000	GO:0048167	GO:1904387
10000	GO:0048168	GO:0061888
10000	GO:0048168	GO:0090336
10000	GO:0048170	GO:0072006
10000	GO:0048172	GO:2000331
10000	GO:0048174	GO:0140049
10000	GO:0048199	GO:0098870
10000	GO:0048203	GO:0072656
10000	GO:0048203	GO:0098967
10000	GO:0048207	GO:0086001
10000	GO:0048207	GO:2000425
10000	GO:0048210	GO:0072126
10000	GO:0048232	GO:0071692
10000	GO:0048239	GO:1904735
10000	GO:0048239	GO:1905477
10000	GO:0048246	GO:1902153
10000	GO:0048247	GO:1905764
10000	GO:0048247	GO:1905838
10000	GO:0048251	GO:0170040
10000	GO:0048251	GO:2000467
10000	GO:0048252	GO:2000182
10000	GO:0048259	GO:1902019
10000	GO:0048260	GO:0060467
10000	GO:0048260	GO:0097359
10000	GO:0048261	GO:2000252
10000	GO:0048263	GO:0050789
10000	GO:0048264	GO:0062112
10000	GO:0048265	GO:0060252
10000	GO:0048265	GO:0072537
10000	GO:0048268	GO:1904257
10000	GO:0048268	GO:1904692
10000	GO:0048285	GO:0051890
10000	GO:0048285	GO:0061374
10000	GO:0048286	GO:0071453
10000	GO:0048295	GO:1904994
10000	GO:0048295	GO:2001140
10000	GO:0048302	GO:0051946
10000	GO:0048304	GO:0072218
10000	GO:0048304	GO:0160207
10000	GO:0048308	GO:0051051
10000	GO:0048311	GO:0140214
10000	GO:0048312	GO:0071045
10000	GO:0048313	GO:0060245
10000	GO:0048318	GO:1903438
10000	GO:0048333	GO:1901889
10000	GO:0048337	GO:2001141
10000	GO:0048370	GO:0060383
10000	GO:0048370	GO:2000819
10000	GO:0048371	GO:0140958
10000	GO:0048382	GO:1905555
10000	GO:0048386	GO:2000353
10000	GO:0048469	GO:0050674
10000	GO:0048469	GO:1904375
10000	GO:0048469	GO:1905707
10000	GO:0048469	GO:2000772
10000	GO:0048483	GO:0061158
10000	GO:0048484	GO:1905395
10000	GO:0048485	GO:0090596
10000	GO:0048485	GO:1901053
10000	GO:0048486	GO:0097350
10000	GO:0048486	GO:0141164
10000	GO:0048486	GO:1904706
10000	GO:0048488	GO:0070072
10000	GO:0048488	GO:1900535
10000	GO:0048489	GO:1901908
10000	GO:0048490	GO:1903051
10000	GO:0048490	GO:2001189
10000	GO:0048499	GO:0097250
10000	GO:0048511	GO:0090224
10000	GO:0048511	GO:0098817
10000	GO:0048511	GO:2001280
10000	GO:0048512	GO:0072049
10000	GO:0048512	GO:0106120
10000	GO:0048514	GO:0051954
10000	GO:0048514	GO:1905551
10000	GO:0048518	GO:0060455
10000	GO:0048522	GO:0061930
10000	GO:0048522	GO:1902669
10000	GO:0048525	GO:1902572
10000	GO:0048532	GO:0061470
10000	GO:0048532	GO:0090630
10000	GO:0048532	GO:0140754
10000	GO:0048532	GO:1901526
10000	GO:0048536	GO:0061643
10000	GO:0048537	GO:1904897
10000	GO:0048539	GO:1905244
10000	GO:0048541	GO:0090025
10000	GO:0048541	GO:0120072
10000	GO:0048541	GO:1900377
10000	GO:0048550	GO:2000705
10000	GO:0048560	GO:0060957
10000	GO:0048560	GO:1900134
10000	GO:0048562	GO:0090663
10000	GO:0048566	GO:0051899
10000	GO:0048566	GO:0060310
10000	GO:0048566	GO:0071468
10000	GO:0048568	GO:0071305
10000	GO:0048568	GO:0099537
10000	GO:0048570	GO:0070961
10000	GO:0048572	GO:1904464
10000	GO:0048584	GO:0051394
10000	GO:0048596	GO:1901646
10000	GO:0048598	GO:1905563
10000	GO:0048599	GO:1904383
10000	GO:0048608	GO:1990823
10000	GO:0048619	GO:0071321
10000	GO:0048619	GO:0071470
10000	GO:0048627	GO:0051452
10000	GO:0048631	GO:1900180
10000	GO:0048631	GO:1903241
10000	GO:0048631	GO:2000588
10000	GO:0048632	GO:1900133
10000	GO:0048632	GO:1902106
10000	GO:0048635	GO:0097267
10000	GO:0048635	GO:1902475
10000	GO:0048639	GO:0097104
10000	GO:0048640	GO:1903428
10000	GO:0048642	GO:0061433
10000	GO:0048643	GO:1900118
10000	GO:0048644	GO:1903336
10000	GO:0048660	GO:1903073
10000	GO:0048661	GO:0051965
10000	GO:0048661	GO:1904515
10000	GO:0048662	GO:0140076
10000	GO:0048665	GO:0050818
10000	GO:0048665	GO:1903361
10000	GO:0048668	GO:1902859
10000	GO:0048669	GO:0060027
10000	GO:0048669	GO:2000800
10000	GO:0048670	GO:0060272
10000	GO:0048670	GO:1990882
10000	GO:0048672	GO:1900226
10000	GO:0048679	GO:0097026
10000	GO:0048680	GO:2000836
10000	GO:0048686	GO:1901668
10000	GO:0048687	GO:0160249
10000	GO:0048688	GO:0051302
10000	GO:0048688	GO:1903729
10000	GO:0048692	GO:0070534
10000	GO:0048692	GO:0160221
10000	GO:0048702	GO:0110088
10000	GO:0048703	GO:0060489
10000	GO:0048703	GO:1901186
10000	GO:0048704	GO:0140543
10000	GO:0048705	GO:0051151
10000	GO:0048706	GO:1901704
10000	GO:0048708	GO:0072060
10000	GO:0048712	GO:0051179
10000	GO:0048714	GO:0097647
10000	GO:0048714	GO:1902102
10000	GO:0048731	GO:0072210
10000	GO:0048732	GO:0061302
10000	GO:0048736	GO:0160021
10000	GO:0048742	GO:0051012
10000	GO:0048743	GO:0051584
10000	GO:0048743	GO:0070562
10000	GO:0048752	GO:1902205
10000	GO:0048753	GO:1902563
10000	GO:0048754	GO:0060126
10000	GO:0048769	GO:1901623
10000	GO:0048771	GO:0086013
10000	GO:0048771	GO:1901507
10000	GO:0048771	GO:1990172
10000	GO:0048771	GO:1990868
10000	GO:0048790	GO:0085029
10000	GO:0048790	GO:0110119
10000	GO:0048790	GO:1901647
10000	GO:0048791	GO:1903147
10000	GO:0048792	GO:0120071
10000	GO:0048793	GO:0097350
10000	GO:0048806	GO:0098657
10000	GO:0048813	GO:0051130
10000	GO:0048817	GO:1904987
10000	GO:0048840	GO:1903441
10000	GO:0048840	GO:1903751
10000	GO:0048840	GO:1905111
10000	GO:0048845	GO:0098664
10000	GO:0048846	GO:1990884
10000	GO:0048856	GO:0070303
10000	GO:0048858	GO:0060620
10000	GO:0048858	GO:0086027
10000	GO:0048861	GO:0050879
10000	GO:0048861	GO:2000851
10000	GO:0048863	GO:1904466
10000	GO:0048866	GO:0060510
10000	GO:0048866	GO:0072714
10000	GO:0048869	GO:1990051
10000	GO:0048870	GO:1903673
10000	GO:0048871	GO:2000182
10000	GO:0048935	GO:0072666
10000	GO:0048936	GO:0061333
10000	GO:0050000	GO:0070054
10000	GO:0050000	GO:1905115
10000	GO:0050432	GO:2000293
10000	GO:0050433	GO:0160144
10000	GO:0050434	GO:2000359
10000	GO:0050435	GO:0055107
10000	GO:0050435	GO:0070670
10000	GO:0050482	GO:0051241
10000	GO:0050651	GO:0060117
10000	GO:0050651	GO:0060828
10000	GO:0050651	GO:1900077
10000	GO:0050655	GO:0060736
10000	GO:0050655	GO:1904037
10000	GO:0050667	GO:0090721
10000	GO:0050667	GO:1903860
10000	GO:0050670	GO:0090096
10000	GO:0050670	GO:1904984
10000	GO:0050671	GO:1902605
10000	GO:0050673	GO:0072717
10000	GO:0050677	GO:1902010
10000	GO:0050677	GO:1904691
10000	GO:0050680	GO:0072027
10000	GO:0050680	GO:0086016
10000	GO:0050686	GO:0071493
10000	GO:0050686	GO:1905199
10000	GO:0050686	GO:2000523
10000	GO:0050687	GO:1902870
10000	GO:0050688	GO:0061772
10000	GO:0050689	GO:0099011
10000	GO:0050729	GO:1905956
10000	GO:0050746	GO:1905299
10000	GO:0050768	GO:1904482
10000	GO:0050768	GO:1905232
10000	GO:0050771	GO:0071727
10000	GO:0050774	GO:0071907
10000	GO:0050775	GO:1901668
10000	GO:0050777	GO:0070269
10000	GO:0050777	GO:0071307
10000	GO:0050777	GO:0098658
10000	GO:0050779	GO:0090663
10000	GO:0050789	GO:1905810
10000	GO:0050790	GO:0062111
10000	GO:0050792	GO:1905221
10000	GO:0050794	GO:0086019
10000	GO:0050794	GO:0150024
10000	GO:0050798	GO:0070482
10000	GO:0050801	GO:0098905
10000	GO:0050801	GO:2000049
10000	GO:0050802	GO:0098901
10000	GO:0050804	GO:0072218
10000	GO:0050807	GO:1903898
10000	GO:0050807	GO:2000549
10000	GO:0050808	GO:1903612
10000	GO:0050810	GO:2001248
10000	GO:0050812	GO:0160076
10000	GO:0050817	GO:0150159
10000	GO:0050817	GO:1900136
10000	GO:0050817	GO:1904412
10000	GO:0050819	GO:2000320
10000	GO:0050820	GO:0060615
10000	GO:0050823	GO:1990172
10000	GO:0050829	GO:1904535
10000	GO:0050829	GO:1905367
10000	GO:0050847	GO:0051043
10000	GO:0050847	GO:0060143
10000	GO:0050849	GO:0071501
10000	GO:0050853	GO:0098876
10000	GO:0050854	GO:0097053
10000	GO:0050855	GO:2001023
10000	GO:0050857	GO:0051414
10000	GO:0050857	GO:2000208
10000	GO:0050859	GO:1903553
10000	GO:0050863	GO:0071622
10000	GO:0050863	GO:0180012
10000	GO:0050865	GO:0051028
10000	GO:0050870	GO:2000548
10000	GO:0050873	GO:0140668
10000	GO:0050877	GO:0051289
10000	GO:0050879	GO:0120078
10000	GO:0050881	GO:0071471
10000	GO:0050882	GO:0060019
10000	GO:0050882	GO:0060298
10000	GO:0050884	GO:1902600
10000	GO:0050885	GO:0060147
10000	GO:0050886	GO:0061966
10000	GO:0050890	GO:1902175
10000	GO:0050892	GO:1990478
10000	GO:0050894	GO:0062012
10000	GO:0050900	GO:0097298
10000	GO:0050902	GO:0160054
10000	GO:0050904	GO:1901563
10000	GO:0050905	GO:0090200
10000	GO:0050907	GO:0080154
10000	GO:0050907	GO:0098704
10000	GO:0050911	GO:0098908
10000	GO:0050911	GO:1904850
10000	GO:0050916	GO:0051464
10000	GO:0050916	GO:1902218
10000	GO:0050917	GO:0051944
10000	GO:0050917	GO:0061760
10000	GO:0050919	GO:0070164
10000	GO:0050921	GO:0070989
10000	GO:0050922	GO:0060760
10000	GO:0050922	GO:0090301
10000	GO:0050924	GO:0098773
10000	GO:0050925	GO:1901632
10000	GO:0050926	GO:1904976
10000	GO:0050927	GO:0060067
10000	GO:0050927	GO:1901021
10000	GO:0050930	GO:0051260
10000	GO:0050932	GO:0098989
10000	GO:0050932	GO:1903094
10000	GO:0050932	GO:1903892
10000	GO:0050932	GO:1904257
10000	GO:0050942	GO:0071493
10000	GO:0050953	GO:0060842
10000	GO:0050957	GO:0097053
10000	GO:0050957	GO:1903935
10000	GO:0050960	GO:0051651
10000	GO:0050960	GO:0060536
10000	GO:0050961	GO:0090174
10000	GO:0050974	GO:1900158
10000	GO:0050976	GO:1903109
10000	GO:0050992	GO:0110057
10000	GO:0050993	GO:1902652
10000	GO:0050995	GO:0090326
10000	GO:0050996	GO:1904155
10000	GO:0050999	GO:0070684
10000	GO:0050999	GO:0106119
10000	GO:0051001	GO:0097009
10000	GO:0051013	GO:0086012
10000	GO:0051026	GO:0071404
10000	GO:0051029	GO:0090027
10000	GO:0051030	GO:0061183
10000	GO:0051031	GO:2000418
10000	GO:0051036	GO:1905885
10000	GO:0051041	GO:0060591
10000	GO:0051042	GO:0071469
10000	GO:0051049	GO:0060236
10000	GO:0051049	GO:0120189
10000	GO:0051051	GO:0097039
10000	GO:0051053	GO:0071326
10000	GO:0051054	GO:1901186
10000	GO:0051055	GO:0140123
10000	GO:0051056	GO:0061190
10000	GO:0051056	GO:0106342
10000	GO:0051057	GO:1902227
10000	GO:0051066	GO:0061448
10000	GO:0051083	GO:0098915
10000	GO:0051083	GO:1903895
10000	GO:0051089	GO:0070200
10000	GO:0051094	GO:1901953
10000	GO:0051097	GO:1904907
10000	GO:0051098	GO:0110024
10000	GO:0051099	GO:1900729
10000	GO:0051121	GO:0075713
10000	GO:0051123	GO:1901989
10000	GO:0051124	GO:0071621
10000	GO:0051127	GO:1902551
10000	GO:0051129	GO:1904377
10000	GO:0051132	GO:0086091
10000	GO:0051136	GO:0061140
10000	GO:0051140	GO:0060152
10000	GO:0051140	GO:1901329
10000	GO:0051141	GO:0060117
10000	GO:0051141	GO:2000573
10000	GO:0051141	GO:2000832
10000	GO:0051149	GO:0070172
10000	GO:0051149	GO:1903373
10000	GO:0051150	GO:0072318
10000	GO:0051151	GO:1900235
10000	GO:0051151	GO:1904803
10000	GO:0051152	GO:0097535
10000	GO:0051153	GO:0060142
10000	GO:0051154	GO:0098974
10000	GO:0051154	GO:0140242
10000	GO:0051160	GO:1904847
10000	GO:0051164	GO:0070528
10000	GO:0051164	GO:0071971
10000	GO:0051167	GO:0051917
10000	GO:0051168	GO:0106030
10000	GO:0051170	GO:0060412
10000	GO:0051170	GO:1902224
10000	GO:0051177	GO:1902214
10000	GO:0051205	GO:1903713
10000	GO:0051222	GO:0071105
10000	GO:0051222	GO:0150078
10000	GO:0051223	GO:1902902
10000	GO:0051228	GO:0160192
10000	GO:0051236	GO:0071896
10000	GO:0051236	GO:0090095
10000	GO:0051239	GO:2000774
10000	GO:0051240	GO:1990758
10000	GO:0051241	GO:0051615
10000	GO:0051247	GO:0071479
10000	GO:0051248	GO:0097054
10000	GO:0051248	GO:1904823
10000	GO:0051248	GO:1990546
10000	GO:0051253	GO:0070665
10000	GO:0051255	GO:1902099
10000	GO:0051255	GO:1903579
10000	GO:0051256	GO:1900047
10000	GO:0051258	GO:1904996
10000	GO:0051259	GO:1901654
10000	GO:0051262	GO:1904237
10000	GO:0051279	GO:0140075
10000	GO:0051281	GO:0055119
10000	GO:0051282	GO:0060577
10000	GO:0051282	GO:1904748
10000	GO:0051282	GO:1905703
10000	GO:0051283	GO:0051881
10000	GO:0051283	GO:0055093
10000	GO:0051283	GO:0061171
10000	GO:0051284	GO:1902003
10000	GO:0051290	GO:0051781
10000	GO:0051293	GO:0140569
10000	GO:0051293	GO:1901570
10000	GO:0051293	GO:2000547
10000	GO:0051294	GO:0060438
10000	GO:0051296	GO:0070951
10000	GO:0051298	GO:0097502
10000	GO:0051299	GO:0120329
10000	GO:0051299	GO:1904911
10000	GO:0051299	GO:1990570
10000	GO:0051307	GO:0071514
10000	GO:0051308	GO:0051581
10000	GO:0051316	GO:1904538
10000	GO:0051338	GO:1900163
10000	GO:0051345	GO:0060339
10000	GO:0051346	GO:1904754
10000	GO:0051349	GO:0065003
10000	GO:0051365	GO:0061141
10000	GO:0051385	GO:0061001
10000	GO:0051387	GO:0140527
10000	GO:0051402	GO:0070303
10000	GO:0051409	GO:1903803
10000	GO:0051410	GO:0086103
10000	GO:0051410	GO:1990399
10000	GO:0051445	GO:1902953
10000	GO:0051447	GO:1990044
10000	GO:0051451	GO:2000278
10000	GO:0051455	GO:1901343
10000	GO:0051457	GO:0090301
10000	GO:0051457	GO:0099605
10000	GO:0051457	GO:0140205
10000	GO:0051460	GO:1905871
10000	GO:0051461	GO:0072733
10000	GO:0051461	GO:1904271
10000	GO:0051462	GO:1902371
10000	GO:0051480	GO:2000720
10000	GO:0051481	GO:1902071
10000	GO:0051490	GO:0060932
10000	GO:0051490	GO:0070101
10000	GO:0051491	GO:0060601
10000	GO:0051491	GO:1902531
10000	GO:0051495	GO:1902914
10000	GO:0051496	GO:0098508
10000	GO:0051503	GO:1901623
10000	GO:0051510	GO:0071393
10000	GO:0051510	GO:1903748
10000	GO:0051511	GO:0051785
10000	GO:0051511	GO:1901558
10000	GO:0051541	GO:1903719
10000	GO:0051549	GO:0070417
10000	GO:0051552	GO:1902251
10000	GO:0051580	GO:0060309
10000	GO:0051583	GO:1903375
10000	GO:0051583	GO:1905534
10000	GO:0051585	GO:0070813
10000	GO:0051585	GO:0090233
10000	GO:0051586	GO:0070729
10000	GO:0051588	GO:0060092
10000	GO:0051589	GO:0072216
10000	GO:0051590	GO:1904748
10000	GO:0051591	GO:0060177
10000	GO:0051591	GO:0086045
10000	GO:0051597	GO:0090400
10000	GO:0051598	GO:0071897
10000	GO:0051598	GO:0090200
10000	GO:0051602	GO:2001300
10000	GO:0051604	GO:0141091
10000	GO:0051604	GO:1990834
10000	GO:0051608	GO:0061930
10000	GO:0051608	GO:1900544
10000	GO:0051612	GO:0120197
10000	GO:0051622	GO:0090212
10000	GO:0051622	GO:0150079
10000	GO:0051622	GO:1905935
10000	GO:0051625	GO:0098704
10000	GO:0051625	GO:2000554
10000	GO:0051645	GO:1990544
10000	GO:0051647	GO:1902626
10000	GO:0051648	GO:0070669
10000	GO:0051648	GO:0072011
10000	GO:0051649	GO:1904239
10000	GO:0051653	GO:0150089
10000	GO:0051653	GO:1903946
10000	GO:0051654	GO:0072577
10000	GO:0051656	GO:0071462
10000	GO:0051656	GO:1905115
10000	GO:0051656	GO:2000804
10000	GO:0051656	GO:2001114
10000	GO:0051657	GO:2000675
10000	GO:0051659	GO:1990410
10000	GO:0051659	GO:2000510
10000	GO:0051660	GO:0060287
10000	GO:0051660	GO:0061045
10000	GO:0051661	GO:0060168
10000	GO:0051661	GO:2000548
10000	GO:0051683	GO:1904394
10000	GO:0051693	GO:1901632
10000	GO:0051693	GO:2001114
10000	GO:0051695	GO:1905809
10000	GO:0051697	GO:0085017
10000	GO:0051701	GO:0061614
10000	GO:0051702	GO:1902175
10000	GO:0051703	GO:0141068
10000	GO:0051707	GO:1901072
10000	GO:0051709	GO:0061931
10000	GO:0051726	GO:0140331
10000	GO:0051728	GO:1901275
10000	GO:0051728	GO:1902567
10000	GO:0051729	GO:1902455
10000	GO:0051764	GO:0051988
10000	GO:0051764	GO:0071495
10000	GO:0051780	GO:0071231
10000	GO:0051781	GO:0051885
10000	GO:0051781	GO:1900139
10000	GO:0051782	GO:0070105
10000	GO:0051782	GO:0140448
10000	GO:0051782	GO:0150060
10000	GO:0051782	GO:1905278
10000	GO:0051784	GO:0060484
10000	GO:0051784	GO:0090625
10000	GO:0051788	GO:1901342
10000	GO:0051790	GO:1900924
10000	GO:0051792	GO:1905340
10000	GO:0051793	GO:0140694
10000	GO:0051794	GO:0150190
10000	GO:0051794	GO:1903817
10000	GO:0051796	GO:0071672
10000	GO:0051796	GO:1900147
10000	GO:0051798	GO:0090272
10000	GO:0051799	GO:1905063
10000	GO:0051823	GO:1902101
10000	GO:0051826	GO:0090238
10000	GO:0051835	GO:1903557
10000	GO:0051875	GO:1901836
10000	GO:0051877	GO:0140056
10000	GO:0051877	GO:1904588
10000	GO:0051896	GO:0140633
10000	GO:0051897	GO:0061698
10000	GO:0051901	GO:1901224
10000	GO:0051902	GO:0070306
10000	GO:0051902	GO:0098725
10000	GO:0051904	GO:0061621
10000	GO:0051904	GO:1903426
10000	GO:0051905	GO:2000155
10000	GO:0051913	GO:0110059
10000	GO:0051914	GO:0098746
10000	GO:0051917	GO:1902732
10000	GO:0051918	GO:0099558
10000	GO:0051918	GO:0140238
10000	GO:0051919	GO:1900011
10000	GO:0051924	GO:1904094
10000	GO:0051928	GO:0070857
10000	GO:0051930	GO:0160165
10000	GO:0051930	GO:1903861
10000	GO:0051932	GO:0072138
10000	GO:0051933	GO:0141150
10000	GO:0051933	GO:1990949
10000	GO:0051937	GO:1905448
10000	GO:0051940	GO:0060351
10000	GO:0051941	GO:0070473
10000	GO:0051941	GO:1902950
10000	GO:0051943	GO:0150104
10000	GO:0051956	GO:0090024
10000	GO:0051957	GO:0071372
10000	GO:0051960	GO:0072102
10000	GO:0051963	GO:2000346
10000	GO:0051965	GO:0071691
10000	GO:0051967	GO:2000373
10000	GO:0051970	GO:0110032
10000	GO:0051977	GO:0099149
10000	GO:0051986	GO:0071466
10000	GO:0051987	GO:0072076
10000	GO:0052651	GO:0061611
10000	GO:0052651	GO:1905651
10000	GO:0052652	GO:1905604
10000	GO:0052803	GO:0140861
10000	GO:0052803	GO:1905477
10000	GO:0055001	GO:0140447
10000	GO:0055001	GO:2001288
10000	GO:0055005	GO:0071230
10000	GO:0055007	GO:0097192
10000	GO:0055007	GO:1900121
10000	GO:0055008	GO:0060405
10000	GO:0055009	GO:0072528
10000	GO:0055009	GO:1903292
10000	GO:0055010	GO:1902031
10000	GO:0055013	GO:0150019
10000	GO:0055014	GO:0061343
10000	GO:0055014	GO:0072216
10000	GO:0055015	GO:0060996
10000	GO:0055015	GO:0070681
10000	GO:0055020	GO:0097006
10000	GO:0055021	GO:0090361
10000	GO:0055021	GO:1902038
10000	GO:0055022	GO:0060683
10000	GO:0055022	GO:1902567
10000	GO:0055026	GO:1903322
10000	GO:0055057	GO:0071389
10000	GO:0055062	GO:0106049
10000	GO:0055062	GO:2000855
10000	GO:0055071	GO:0090504
10000	GO:0055078	GO:0090291
10000	GO:0055080	GO:0090166
10000	GO:0055080	GO:0090303
10000	GO:0055081	GO:1905176
10000	GO:0055082	GO:1904889
10000	GO:0055088	GO:1903624
10000	GO:0055089	GO:0090206
10000	GO:0055091	GO:1905145
10000	GO:0055093	GO:1902315
10000	GO:0055095	GO:1905032
10000	GO:0055096	GO:1990543
10000	GO:0055107	GO:0060128
10000	GO:0055107	GO:0061004
10000	GO:0055113	GO:0071332
10000	GO:0055113	GO:0160194
10000	GO:0055118	GO:0071478
10000	GO:0055130	GO:0120532
10000	GO:0060009	GO:1905166
10000	GO:0060017	GO:0072697
10000	GO:0060022	GO:1990559
10000	GO:0060024	GO:0140928
10000	GO:0060025	GO:0071345
10000	GO:0060025	GO:0097528
10000	GO:0060026	GO:1905298
10000	GO:0060033	GO:0140245
10000	GO:0060033	GO:1903041
10000	GO:0060041	GO:1902104
10000	GO:0060044	GO:0061551
10000	GO:0060044	GO:0099174
10000	GO:0060045	GO:1905676
10000	GO:0060046	GO:0141171
10000	GO:0060046	GO:1904809
10000	GO:0060052	GO:0060837
10000	GO:0060052	GO:1903082
10000	GO:0060059	GO:1902902
10000	GO:0060061	GO:0140367
10000	GO:0060061	GO:1902218
10000	GO:0060071	GO:0071583
10000	GO:0060071	GO:2000452
10000	GO:0060071	GO:2001300
10000	GO:0060074	GO:2000635
10000	GO:0060079	GO:1905539
10000	GO:0060080	GO:1902228
10000	GO:0060080	GO:1902969
10000	GO:0060082	GO:1905693
10000	GO:0060083	GO:1903576
10000	GO:0060086	GO:0120193
10000	GO:0060087	GO:0072189
10000	GO:0060087	GO:1902042
10000	GO:0060087	GO:1904440
10000	GO:0060092	GO:1903608
10000	GO:0060092	GO:1904480
10000	GO:0060094	GO:1990466
10000	GO:0060100	GO:0060339
10000	GO:0060112	GO:0150200
10000	GO:0060113	GO:1903317
10000	GO:0060117	GO:1905289
10000	GO:0060117	GO:1990646
10000	GO:0060121	GO:0062099
10000	GO:0060122	GO:0061643
10000	GO:0060123	GO:1901099
10000	GO:0060129	GO:0060352
10000	GO:0060136	GO:1901558
10000	GO:0060137	GO:1903226
10000	GO:0060142	GO:0090370
10000	GO:0060142	GO:0140484
10000	GO:0060147	GO:0071233
10000	GO:0060147	GO:1904764
10000	GO:0060148	GO:1903769
10000	GO:0060149	GO:0086015
10000	GO:0060151	GO:1990048
10000	GO:0060152	GO:0061865
10000	GO:0060152	GO:2000851
10000	GO:0060155	GO:0071882
10000	GO:0060161	GO:1903490
10000	GO:0060168	GO:0140053
10000	GO:0060169	GO:0072161
10000	GO:0060173	GO:1904031
10000	GO:0060174	GO:2001044
10000	GO:0060177	GO:0160093
10000	GO:0060178	GO:1900719
10000	GO:0060179	GO:0160076
10000	GO:0060183	GO:1904154
10000	GO:0060197	GO:0090183
10000	GO:0060211	GO:0070366
10000	GO:0060211	GO:1905606
10000	GO:0060216	GO:0060349
10000	GO:0060218	GO:0062112
10000	GO:0060218	GO:0098727
10000	GO:0060219	GO:0090494
10000	GO:0060232	GO:1902017
10000	GO:0060232	GO:1903911
10000	GO:0060232	GO:1990809
10000	GO:0060249	GO:2001306
10000	GO:0060251	GO:1904828
10000	GO:0060255	GO:0090231
10000	GO:0060263	GO:0060373
10000	GO:0060263	GO:0061534
10000	GO:0060266	GO:0071285
10000	GO:0060266	GO:0150104
10000	GO:0060267	GO:0098810
10000	GO:0060267	GO:1903828
10000	GO:0060268	GO:1990390
10000	GO:0060268	GO:2001151
10000	GO:0060281	GO:2000768
10000	GO:0060285	GO:0072538
10000	GO:0060285	GO:1905904
10000	GO:0060287	GO:0097324
10000	GO:0060292	GO:0072233
10000	GO:0060292	GO:1903169
10000	GO:0060299	GO:1902206
10000	GO:0060299	GO:1903599
10000	GO:0060299	GO:1904589
10000	GO:0060300	GO:1905402
10000	GO:0060305	GO:0070836
10000	GO:0060307	GO:2001304
10000	GO:0060310	GO:0072711
10000	GO:0060310	GO:1904431
10000	GO:0060312	GO:1904036
10000	GO:0060317	GO:0061772
10000	GO:0060322	GO:0061190
10000	GO:0060322	GO:0070664
10000	GO:0060330	GO:0060486
10000	GO:0060330	GO:1903376
10000	GO:0060334	GO:0098928
10000	GO:0060335	GO:1903093
10000	GO:0060336	GO:0070731
10000	GO:0060337	GO:0072538
10000	GO:0060337	GO:0072749
10000	GO:0060338	GO:0099179
10000	GO:0060346	GO:0097711
10000	GO:0060346	GO:1900378
10000	GO:0060346	GO:1901335
10000	GO:0060347	GO:1905326
10000	GO:0060348	GO:0060373
10000	GO:0060359	GO:1900073
10000	GO:0060359	GO:2001242
10000	GO:0060369	GO:1903336
10000	GO:0060376	GO:0072199
10000	GO:0060378	GO:1900753
10000	GO:0060379	GO:1903504
10000	GO:0060382	GO:0061098
10000	GO:0060383	GO:1901787
10000	GO:0060383	GO:1903019
10000	GO:0060384	GO:0071929
10000	GO:0060386	GO:0070849
10000	GO:0060386	GO:0160207
10000	GO:0060391	GO:1904689
10000	GO:0060396	GO:0071496
10000	GO:0060396	GO:0086054
10000	GO:0060396	GO:0099093
10000	GO:0060399	GO:0070508
10000	GO:0060400	GO:0080171
10000	GO:0060402	GO:0090349
10000	GO:0060405	GO:0090326
10000	GO:0060413	GO:1903402
10000	GO:0060414	GO:0071599
10000	GO:0060415	GO:1904356
10000	GO:0060416	GO:1901255
10000	GO:0060425	GO:1902930
10000	GO:0060425	GO:1905101
10000	GO:0060437	GO:1902423
10000	GO:0060447	GO:0061723
10000	GO:0060447	GO:2000389
10000	GO:0060448	GO:1904401
10000	GO:0060449	GO:0160040
10000	GO:0060450	GO:0061043
10000	GO:0060453	GO:1902374
10000	GO:0060453	GO:2001037
10000	GO:0060463	GO:1905291
10000	GO:0060465	GO:0160234
10000	GO:0060466	GO:0071660
10000	GO:0060471	GO:0090324
10000	GO:0060474	GO:1901679
10000	GO:0060478	GO:1902630
10000	GO:0060479	GO:1901017
10000	GO:0060482	GO:0099541
10000	GO:0060488	GO:0061753
10000	GO:0060491	GO:0071344
10000	GO:0060501	GO:0061614
10000	GO:0060509	GO:1904028
10000	GO:0060510	GO:0097155
10000	GO:0060512	GO:0070340
10000	GO:0060512	GO:0072302
10000	GO:0060512	GO:1904691
10000	GO:0060512	GO:2000517
10000	GO:0060517	GO:0071464
10000	GO:0060523	GO:1900168
10000	GO:0060523	GO:1903671
10000	GO:0060527	GO:0140889
10000	GO:0060535	GO:1901804
10000	GO:0060537	GO:0061511
10000	GO:0060545	GO:1904690
10000	GO:0060551	GO:1900544
10000	GO:0060552	GO:1904614
10000	GO:0060556	GO:2001280
10000	GO:0060563	GO:1990138
10000	GO:0060591	GO:0120179
10000	GO:0060591	GO:1901170
10000	GO:0060612	GO:2000639
10000	GO:0060613	GO:1904426
10000	GO:0060615	GO:0099088
10000	GO:0060644	GO:1901327
10000	GO:0060664	GO:0070830
10000	GO:0060664	GO:0099527
10000	GO:0060665	GO:1900619
10000	GO:0060667	GO:1902236
10000	GO:0060670	GO:1905935
10000	GO:0060674	GO:1902218
10000	GO:0060674	GO:1904470
10000	GO:0060684	GO:0070447
10000	GO:0060685	GO:0070555
10000	GO:0060686	GO:0097681
10000	GO:0060686	GO:1902214
10000	GO:0060693	GO:1905330
10000	GO:0060696	GO:1904762
10000	GO:0060706	GO:1905870
10000	GO:0060715	GO:1903697
10000	GO:0060715	GO:2001137
10000	GO:0060717	GO:1905132
10000	GO:0060718	GO:1903542
10000	GO:0060730	GO:1902859
10000	GO:0060731	GO:1904028
10000	GO:0060732	GO:1900076
10000	GO:0060732	GO:2000818
10000	GO:0060736	GO:1903946
10000	GO:0060740	GO:0099044
10000	GO:0060749	GO:0090092
10000	GO:0060749	GO:2000539
10000	GO:0060753	GO:1903985
10000	GO:0060755	GO:1903975
10000	GO:0060759	GO:2000320
10000	GO:0060768	GO:2000523
10000	GO:0060828	GO:2000872
10000	GO:0060836	GO:0090331
10000	GO:0060838	GO:0061033
10000	GO:0060839	GO:0070221
10000	GO:0060843	GO:0070781
10000	GO:0060843	GO:0170064
10000	GO:0060844	GO:1905244
10000	GO:0060844	GO:2000319
10000	GO:0060847	GO:0099527
10000	GO:0060854	GO:1904533
10000	GO:0060857	GO:0070973
10000	GO:0060876	GO:0070911
10000	GO:0060896	GO:2000330
10000	GO:0060897	GO:1903676
10000	GO:0060900	GO:0090162
10000	GO:0060900	GO:0098583
10000	GO:0060900	GO:2000758
10000	GO:0060906	GO:1905049
10000	GO:0060906	GO:1905535
10000	GO:0060906	GO:1990737
10000	GO:0060907	GO:1904393
10000	GO:0060911	GO:0160077
10000	GO:0060921	GO:0072077
10000	GO:0060923	GO:0097213
10000	GO:0060927	GO:1903747
10000	GO:0060929	GO:2001170
10000	GO:0060930	GO:0106101
10000	GO:0060930	GO:1903350
10000	GO:0060931	GO:1905235
10000	GO:0060932	GO:0120252
10000	GO:0060939	GO:0070572
10000	GO:0060939	GO:1905523
10000	GO:0060940	GO:1903431
10000	GO:0060964	GO:1902031
10000	GO:0060965	GO:1904851
10000	GO:0060966	GO:0072538
10000	GO:0060971	GO:0072679
10000	GO:0060971	GO:0097187
10000	GO:0060972	GO:2001233
10000	GO:0060973	GO:1901031
10000	GO:0060981	GO:0071295
10000	GO:0060981	GO:0090671
10000	GO:0060992	GO:1990261
10000	GO:0060996	GO:1900143
10000	GO:0060997	GO:1904689
10000	GO:0060998	GO:0099639
10000	GO:0061001	GO:0180026
10000	GO:0061004	GO:0061870
10000	GO:0061005	GO:0071354
10000	GO:0061005	GO:1900744
10000	GO:0061024	GO:0097490
10000	GO:0061024	GO:0098758
10000	GO:0061025	GO:0110104
10000	GO:0061025	GO:1901249
10000	GO:0061025	GO:1902173
10000	GO:0061028	GO:0099624
10000	GO:0061033	GO:0072284
10000	GO:0061038	GO:1904567
10000	GO:0061038	GO:1905686
10000	GO:0061038	GO:2000360
10000	GO:0061044	GO:1902475
10000	GO:0061045	GO:0072141
10000	GO:0061046	GO:1904347
10000	GO:0061048	GO:1904542
10000	GO:0061051	GO:1903799
10000	GO:0061051	GO:1905955
10000	GO:0061052	GO:0071941
10000	GO:0061052	GO:2000360
10000	GO:0061055	GO:0065009
10000	GO:0061055	GO:1901246
10000	GO:0061073	GO:0061444
10000	GO:0061073	GO:1904333
10000	GO:0061073	GO:1905168
10000	GO:0061074	GO:1904582
10000	GO:0061081	GO:1900271
10000	GO:0061081	GO:1990570
10000	GO:0061097	GO:0071413
10000	GO:0061097	GO:0072259
10000	GO:0061098	GO:0090208
10000	GO:0061117	GO:0070070
10000	GO:0061117	GO:1904464
10000	GO:0061157	GO:0072092
10000	GO:0061162	GO:1903844
10000	GO:0061171	GO:2000780
10000	GO:0061172	GO:0150037
10000	GO:0061172	GO:1905033
10000	GO:0061172	GO:2000208
10000	GO:0061179	GO:1904478
10000	GO:0061183	GO:1903131
10000	GO:0061185	GO:1900158
10000	GO:0061185	GO:1905179
10000	GO:0061189	GO:0106030
10000	GO:0061198	GO:0140501
10000	GO:0061205	GO:2001279
10000	GO:0061209	GO:0072529
10000	GO:0061209	GO:1904653
10000	GO:0061227	GO:0071679
10000	GO:0061227	GO:1901896
10000	GO:0061227	GO:1904404
10000	GO:0061301	GO:0080134
10000	GO:0061304	GO:0070307
10000	GO:0061309	GO:1902725
10000	GO:0061311	GO:0097698
10000	GO:0061311	GO:2000413
10000	GO:0061314	GO:1902905
10000	GO:0061333	GO:0070778
10000	GO:0061337	GO:0072283
10000	GO:0061339	GO:0140074
10000	GO:0061343	GO:0071680
10000	GO:0061355	GO:1905672
10000	GO:0061357	GO:1902000
10000	GO:0061366	GO:0062042
10000	GO:0061367	GO:0061756
10000	GO:0061367	GO:0071639
10000	GO:0061367	GO:1903676
10000	GO:0061371	GO:0070649
10000	GO:0061383	GO:0072298
10000	GO:0061430	GO:0072303
10000	GO:0061430	GO:2000271
10000	GO:0061436	GO:0071772
10000	GO:0061440	GO:0099542
10000	GO:0061445	GO:0099562
10000	GO:0061448	GO:1901160
10000	GO:0061448	GO:1904491
10000	GO:0061452	GO:1900737
10000	GO:0061458	GO:0070563
10000	GO:0061458	GO:0120045
10000	GO:0061462	GO:0090303
10000	GO:0061469	GO:1902953
10000	GO:0061481	GO:0071596
10000	GO:0061481	GO:1905883
10000	GO:0061485	GO:1903334
10000	GO:0061512	GO:1902165
10000	GO:0061515	GO:1904562
10000	GO:0061517	GO:1901671
10000	GO:0061526	GO:0098535
10000	GO:0061526	GO:1905094
10000	GO:0061548	GO:0140455
10000	GO:0061548	GO:1902547
10000	GO:0061549	GO:0140361
10000	GO:0061549	GO:1905310
10000	GO:0061564	GO:0106342
10000	GO:0061573	GO:1904653
10000	GO:0061588	GO:0061938
10000	GO:0061590	GO:0072059
10000	GO:0061590	GO:1902915
10000	GO:0061611	GO:0070145
10000	GO:0061621	GO:1901526
10000	GO:0061635	GO:2000595
10000	GO:0061642	GO:1905808
10000	GO:0061668	GO:1904636
10000	GO:0061687	GO:2001236
10000	GO:0061692	GO:1903302
10000	GO:0061698	GO:0072173
10000	GO:0061698	GO:0097152
10000	GO:0061709	GO:1903543
10000	GO:0061713	GO:1904141
10000	GO:0061734	GO:0072006
10000	GO:0061734	GO:1905890
10000	GO:0061740	GO:0098609
10000	GO:0061743	GO:0071386
10000	GO:0061744	GO:1905904
10000	GO:0061753	GO:1901724
10000	GO:0061754	GO:0062237
10000	GO:0061755	GO:2000592
10000	GO:0061756	GO:1904411
10000	GO:0061760	GO:0099172
10000	GO:0061760	GO:2001259
10000	GO:0061762	GO:0090311
10000	GO:0061763	GO:1903061
10000	GO:0061771	GO:2000392
10000	GO:0061817	GO:2000612
10000	GO:0061820	GO:2000120
10000	GO:0061844	GO:0072375
10000	GO:0061853	GO:0098535
10000	GO:0061870	GO:0097502
10000	GO:0061890	GO:1902957
10000	GO:0061900	GO:0071224
10000	GO:0061906	GO:2000061
10000	GO:0061910	GO:2001017
10000	GO:0061921	GO:1903451
10000	GO:0061930	GO:1902267
10000	GO:0061931	GO:0071392
10000	GO:0061931	GO:0106049
10000	GO:0061931	GO:0140205
10000	GO:0061939	GO:0090364
10000	GO:0061952	GO:1901490
10000	GO:0061982	GO:0150138
10000	GO:0061982	GO:1990049
10000	GO:0061982	GO:2000232
10000	GO:0062012	GO:1903544
10000	GO:0062014	GO:1905222
10000	GO:0062027	GO:0086001
10000	GO:0062029	GO:1905448
10000	GO:0062033	GO:0140252
10000	GO:0062036	GO:1900117
10000	GO:0062042	GO:1903722
10000	GO:0062044	GO:2001224
10000	GO:0062094	GO:0070898
10000	GO:0062098	GO:1901678
10000	GO:0062099	GO:0097080
10000	GO:0062100	GO:1900063
10000	GO:0062111	GO:1900719
10000	GO:0062112	GO:0070125
10000	GO:0062112	GO:1904028
10000	GO:0062149	GO:2000557
10000	GO:0062170	GO:0099075
10000	GO:0062173	GO:2000439
10000	GO:0062175	GO:1900101
10000	GO:0062176	GO:0071225
10000	GO:0062197	GO:0140274
10000	GO:0062207	GO:1901978
10000	GO:0062208	GO:0141162
10000	GO:0062237	GO:1990884
10000	GO:0065001	GO:1990683
10000	GO:0065005	GO:0070234
10000	GO:0065008	GO:0089718
10000	GO:0065009	GO:2000678
10000	GO:0070054	GO:0071387
10000	GO:0070059	GO:0106288
10000	GO:0070060	GO:0090259
10000	GO:0070070	GO:2001032
10000	GO:0070071	GO:1903942
10000	GO:0070072	GO:0071872
10000	GO:0070072	GO:0072070
10000	GO:0070075	GO:1905725
10000	GO:0070091	GO:0099123
10000	GO:0070091	GO:1903671
10000	GO:0070093	GO:0070961
10000	GO:0070093	GO:0097345
10000	GO:0070099	GO:2001138
10000	GO:0070101	GO:2000269
10000	GO:0070104	GO:0071503
10000	GO:0070120	GO:1901176
10000	GO:0070125	GO:0072489
10000	GO:0070125	GO:1903001
10000	GO:0070130	GO:0071043
10000	GO:0070145	GO:1905550
10000	GO:0070150	GO:1905634
10000	GO:0070150	GO:2000348
10000	GO:0070159	GO:1901879
10000	GO:0070163	GO:1905209
10000	GO:0070163	GO:2000043
10000	GO:0070166	GO:0099525
10000	GO:0070166	GO:1900107
10000	GO:0070167	GO:0071716
10000	GO:0070171	GO:2000062
10000	GO:0070184	GO:1902601
10000	GO:0070189	GO:0098930
10000	GO:0070189	GO:0140214
10000	GO:0070193	GO:1904257
10000	GO:0070193	GO:1905704
10000	GO:0070197	GO:2000197
10000	GO:0070198	GO:0090715
10000	GO:0070200	GO:0097734
10000	GO:0070200	GO:2000535
10000	GO:0070203	GO:1904102
10000	GO:0070203	GO:1905885
10000	GO:0070203	GO:2000104
10000	GO:0070206	GO:1903588
10000	GO:0070206	GO:1904850
10000	GO:0070221	GO:0090737
10000	GO:0070227	GO:1905716
10000	GO:0070229	GO:0110062
10000	GO:0070232	GO:1905508
10000	GO:0070232	GO:2000377
10000	GO:0070232	GO:2000517
10000	GO:0070235	GO:1905513
10000	GO:0070241	GO:0072208
10000	GO:0070241	GO:0140253
10000	GO:0070243	GO:1904612
10000	GO:0070244	GO:1905664
10000	GO:0070245	GO:1905856
10000	GO:0070247	GO:1901671
10000	GO:0070247	GO:2000509
10000	GO:0070253	GO:0071693
10000	GO:0070257	GO:1904598
10000	GO:0070262	GO:0070428
10000	GO:0070262	GO:1904396
10000	GO:0070266	GO:2000720
10000	GO:0070278	GO:0071453
10000	GO:0070278	GO:0072662
10000	GO:0070286	GO:0140089
10000	GO:0070292	GO:1903241
10000	GO:0070294	GO:1902991
10000	GO:0070303	GO:0090068
10000	GO:0070303	GO:0099638
10000	GO:0070303	GO:1900076
10000	GO:0070303	GO:1990918
10000	GO:0070307	GO:0090291
10000	GO:0070316	GO:0071338
10000	GO:0070318	GO:0072177
10000	GO:0070327	GO:1903721
10000	GO:0070339	GO:1900480
10000	GO:0070341	GO:1902292
10000	GO:0070341	GO:1990799
10000	GO:0070342	GO:1904464
10000	GO:0070345	GO:2000565
10000	GO:0070350	GO:0071929
10000	GO:0070358	GO:0071873
10000	GO:0070358	GO:2000378
10000	GO:0070366	GO:0070830
10000	GO:0070366	GO:0099562
10000	GO:0070372	GO:0072387
10000	GO:0070373	GO:0090368
10000	GO:0070373	GO:2000521
10000	GO:0070374	GO:1901523
10000	GO:0070383	GO:1901656
10000	GO:0070384	GO:0071661
10000	GO:0070408	GO:2000181
10000	GO:0070409	GO:1903579
10000	GO:0070409	GO:1904896
10000	GO:0070417	GO:1900053
10000	GO:0070424	GO:0097205
10000	GO:0070425	GO:0099550
10000	GO:0070428	GO:1990758
10000	GO:0070430	GO:0097702
10000	GO:0070431	GO:1990145
10000	GO:0070459	GO:0072021
10000	GO:0070462	GO:0097421
10000	GO:0070476	GO:0097379
10000	GO:0070508	GO:0071398
10000	GO:0070508	GO:0097695
10000	GO:0070508	GO:1990755
10000	GO:0070509	GO:0071389
10000	GO:0070509	GO:0072657
10000	GO:0070527	GO:1905819
10000	GO:0070534	GO:0071887
10000	GO:0070536	GO:1901668
10000	GO:0070543	GO:1901632
10000	GO:0070555	GO:0071901
10000	GO:0070562	GO:0099630
10000	GO:0070562	GO:1900372
10000	GO:0070563	GO:1901626
10000	GO:0070564	GO:0090009
10000	GO:0070570	GO:1902817
10000	GO:0070570	GO:1903334
10000	GO:0070571	GO:0071716
10000	GO:0070571	GO:0072338
10000	GO:0070571	GO:1904448
10000	GO:0070572	GO:1901800
10000	GO:0070602	GO:2000209
10000	GO:0070613	GO:0090089
10000	GO:0070613	GO:1905818
10000	GO:0070633	GO:1904760
10000	GO:0070646	GO:1904481
10000	GO:0070647	GO:2000535
10000	GO:0070649	GO:2000109
10000	GO:0070662	GO:0140274
10000	GO:0070662	GO:1901863
10000	GO:0070664	GO:2000382
10000	GO:0070666	GO:1903384
10000	GO:0070676	GO:0160213
10000	GO:0070682	GO:0072665
10000	GO:0070682	GO:1903984
10000	GO:0070731	GO:2000556
10000	GO:0070779	GO:0071676
10000	GO:0070831	GO:1904655
10000	GO:0070841	GO:1904586
10000	GO:0070845	GO:0099637
10000	GO:0070845	GO:1902356
10000	GO:0070848	GO:1990034
10000	GO:0070857	GO:0140291
10000	GO:0070861	GO:0090141
10000	GO:0070874	GO:1902416
10000	GO:0070881	GO:0071549
10000	GO:0070884	GO:1905075
10000	GO:0070885	GO:0072282
10000	GO:0070887	GO:0120069
10000	GO:0070887	GO:1904586
10000	GO:0070897	GO:2000557
10000	GO:0070898	GO:0072736
10000	GO:0070900	GO:1904750
10000	GO:0070914	GO:0090087
10000	GO:0070914	GO:1905221
10000	GO:0070922	GO:0071354
10000	GO:0070942	GO:1905317
10000	GO:0070944	GO:0072010
10000	GO:0070944	GO:0072740
10000	GO:0070945	GO:1903059
10000	GO:0070947	GO:1904592
10000	GO:0070947	GO:1990268
10000	GO:0070961	GO:0072184
10000	GO:0070962	GO:0090043
10000	GO:0070963	GO:1902652
10000	GO:0070965	GO:0071041
10000	GO:0070966	GO:0098801
10000	GO:0070972	GO:1901858
10000	GO:0070979	GO:1900748
10000	GO:0070987	GO:0106047
10000	GO:0070988	GO:1902897
10000	GO:0071028	GO:2001259
10000	GO:0071031	GO:1902339
10000	GO:0071035	GO:0071219
10000	GO:0071035	GO:1904464
10000	GO:0071036	GO:1903576
10000	GO:0071036	GO:2001236
10000	GO:0071038	GO:0071281
10000	GO:0071045	GO:1900719
10000	GO:0071103	GO:0140231
10000	GO:0071104	GO:1902214
10000	GO:0071108	GO:1903898
10000	GO:0071139	GO:2000235
10000	GO:0071140	GO:0110077
10000	GO:0071168	GO:0071650
10000	GO:0071173	GO:1904888
10000	GO:0071174	GO:0071799
10000	GO:0071174	GO:1903012
10000	GO:0071214	GO:0072578
10000	GO:0071220	GO:1904736
10000	GO:0071228	GO:1990962
10000	GO:0071229	GO:2000320
10000	GO:0071233	GO:1900424
10000	GO:0071244	GO:0072080
10000	GO:0071257	GO:0097379
10000	GO:0071257	GO:1903921
10000	GO:0071259	GO:2000982
10000	GO:0071262	GO:0090394
10000	GO:0071262	GO:1905097
10000	GO:0071264	GO:1905445
10000	GO:0071266	GO:1904044
10000	GO:0071266	GO:2000729
10000	GO:0071273	GO:1905703
10000	GO:0071275	GO:1902038
10000	GO:0071279	GO:0072332
10000	GO:0071279	GO:0110119
10000	GO:0071280	GO:1904457
10000	GO:0071281	GO:2000554
10000	GO:0071285	GO:1903814
10000	GO:0071306	GO:1904235
10000	GO:0071307	GO:1903556
10000	GO:0071312	GO:2000338
10000	GO:0071313	GO:1900194
10000	GO:0071314	GO:1904649
10000	GO:0071317	GO:2001224
10000	GO:0071318	GO:1990559
10000	GO:0071326	GO:0090204
10000	GO:0071331	GO:2000346
10000	GO:0071332	GO:1905198
10000	GO:0071336	GO:0106056
10000	GO:0071344	GO:0106289
10000	GO:0071345	GO:2000402
10000	GO:0071347	GO:0106354
10000	GO:0071359	GO:1903569
10000	GO:0071360	GO:1905281
10000	GO:0071361	GO:1901465
10000	GO:0071364	GO:0071543
10000	GO:0071364	GO:0090188
10000	GO:0071372	GO:1904799
10000	GO:0071374	GO:1904140
10000	GO:0071375	GO:1902145
10000	GO:0071378	GO:0090559
10000	GO:0071379	GO:1905051
10000	GO:0071383	GO:1904351
10000	GO:0071384	GO:1902221
10000	GO:0071392	GO:0140914
10000	GO:0071394	GO:0071549
10000	GO:0071394	GO:1900193
10000	GO:0071396	GO:0140250
10000	GO:0071398	GO:0086070
10000	GO:0071398	GO:2001035
10000	GO:0071401	GO:1905516
10000	GO:0071403	GO:1990543
10000	GO:0071409	GO:0098943
10000	GO:0071454	GO:1903010
10000	GO:0071455	GO:1902985
10000	GO:0071460	GO:1905912
10000	GO:0071462	GO:1901186
10000	GO:0071468	GO:0071496
10000	GO:0071468	GO:0072124
10000	GO:0071469	GO:2000786
10000	GO:0071470	GO:0160127
10000	GO:0071472	GO:0140447
10000	GO:0071477	GO:0072016
10000	GO:0071477	GO:1990280
10000	GO:0071478	GO:1903056
10000	GO:0071492	GO:0072318
10000	GO:0071492	GO:2000847
10000	GO:0071493	GO:0097746
10000	GO:0071500	GO:0090181
10000	GO:0071503	GO:1905366
10000	GO:0071504	GO:0140459
10000	GO:0071514	GO:1904761
10000	GO:0071526	GO:1903430
10000	GO:0071542	GO:0170064
10000	GO:0071544	GO:1902267
10000	GO:0071545	GO:0090101
10000	GO:0071550	GO:2000752
10000	GO:0071569	GO:1904704
10000	GO:0071577	GO:2000822
10000	GO:0071578	GO:0140568
10000	GO:0071578	GO:1902817
10000	GO:0071579	GO:1904204
10000	GO:0071585	GO:1900004
10000	GO:0071586	GO:1902998
10000	GO:0071586	GO:1990167
10000	GO:0071604	GO:0097503
10000	GO:0071636	GO:0097499
10000	GO:0071637	GO:0090435
10000	GO:0071639	GO:1904352
10000	GO:0071640	GO:1905674
10000	GO:0071642	GO:1900117
10000	GO:0071642	GO:1903860
10000	GO:0071642	GO:2000697
10000	GO:0071644	GO:1902260
10000	GO:0071649	GO:1903327
10000	GO:0071650	GO:0072162
10000	GO:0071661	GO:2000589
10000	GO:0071663	GO:0120078
10000	GO:0071663	GO:0140543
10000	GO:0071670	GO:1903235
10000	GO:0071671	GO:1903797
10000	GO:0071672	GO:1900087
10000	GO:0071674	GO:0090364
10000	GO:0071677	GO:1990771
10000	GO:0071680	GO:0072711
10000	GO:0071680	GO:1990089
10000	GO:0071681	GO:0098662
10000	GO:0071688	GO:0090275
10000	GO:0071688	GO:2000195
10000	GO:0071692	GO:2000392
10000	GO:0071693	GO:1905063
10000	GO:0071695	GO:1905366
10000	GO:0071705	GO:1903490
10000	GO:0071709	GO:1901846
10000	GO:0071711	GO:0071726
10000	GO:0071711	GO:1902747
10000	GO:0071711	GO:1904972
10000	GO:0071715	GO:1905504
10000	GO:0071716	GO:0080170
10000	GO:0071722	GO:0160165
10000	GO:0071788	GO:1903409
10000	GO:0071798	GO:1904092
10000	GO:0071801	GO:0170041
10000	GO:0071803	GO:1902104
10000	GO:0071803	GO:1903381
10000	GO:0071812	GO:0120093
10000	GO:0071812	GO:2000723
10000	GO:0071816	GO:2000769
10000	GO:0071824	GO:2000767
10000	GO:0071827	GO:0098694
10000	GO:0071865	GO:1905640
10000	GO:0071865	GO:2000392
10000	GO:0071867	GO:1905153
10000	GO:0071868	GO:1901908
10000	GO:0071869	GO:0090669
10000	GO:0071869	GO:0097352
10000	GO:0071870	GO:0072753
10000	GO:0071870	GO:1901096
10000	GO:0071870	GO:1905676
10000	GO:0071878	GO:1903043
10000	GO:0071878	GO:1904809
10000	GO:0071879	GO:2001237
10000	GO:0071882	GO:0110095
10000	GO:0071887	GO:0072708
10000	GO:0071887	GO:1904598
10000	GO:0071888	GO:1900719
10000	GO:0071896	GO:1901646
10000	GO:0071897	GO:2000304
10000	GO:0071900	GO:1990809
10000	GO:0071909	GO:0099151
10000	GO:0071910	GO:0097704
10000	GO:0071910	GO:1903749
10000	GO:0071919	GO:1904772
10000	GO:0071926	GO:1900152
10000	GO:0071929	GO:1902531
10000	GO:0071932	GO:1905243
10000	GO:0071941	GO:2000213
10000	GO:0071947	GO:0110026
10000	GO:0071962	GO:0098786
10000	GO:0071962	GO:1900753
10000	GO:0071963	GO:0086019
10000	GO:0071971	GO:0072017
10000	GO:0072001	GO:1903394
10000	GO:0072007	GO:0090671
10000	GO:0072009	GO:0120034
10000	GO:0072010	GO:2000804
10000	GO:0072011	GO:1904472
10000	GO:0072012	GO:2001139
10000	GO:0072014	GO:1903000
10000	GO:0072015	GO:0090087
10000	GO:0072016	GO:0099163
10000	GO:0072017	GO:0150061
10000	GO:0072021	GO:1903504
10000	GO:0072034	GO:1902807
10000	GO:0072047	GO:0099140
10000	GO:0072047	GO:1903463
10000	GO:0072051	GO:2000821
10000	GO:0072059	GO:2000436
10000	GO:0072061	GO:2000356
10000	GO:0072073	GO:1901978
10000	GO:0072074	GO:0120180
10000	GO:0072076	GO:0072176
10000	GO:0072078	GO:1904896
10000	GO:0072078	GO:1990505
10000	GO:0072081	GO:1903035
10000	GO:0072102	GO:1905209
10000	GO:0072106	GO:1990548
10000	GO:0072107	GO:1904412
10000	GO:0072112	GO:1905209
10000	GO:0072125	GO:0140882
10000	GO:0072131	GO:1904784
10000	GO:0072131	GO:2000077
10000	GO:0072132	GO:0072709
10000	GO:0072143	GO:1905458
10000	GO:0072144	GO:1902950
10000	GO:0072160	GO:1904304
10000	GO:0072160	GO:2000329
10000	GO:0072160	GO:2000573
10000	GO:0072164	GO:1900543
10000	GO:0072166	GO:0140961
10000	GO:0072167	GO:1902204
10000	GO:0072169	GO:1902632
10000	GO:0072177	GO:1905634
10000	GO:0072182	GO:0098722
10000	GO:0072183	GO:1903697
10000	GO:0072183	GO:1905523
10000	GO:0072184	GO:1904635
10000	GO:0072184	GO:2001223
10000	GO:0072199	GO:1903512
10000	GO:0072201	GO:1903224
10000	GO:0072202	GO:0097049
10000	GO:0072205	GO:1903599
10000	GO:0072208	GO:0141187
10000	GO:0072215	GO:0090266
10000	GO:0072221	GO:1905031
10000	GO:0072230	GO:1904583
10000	GO:0072234	GO:1900153
10000	GO:0072235	GO:1903576
10000	GO:0072237	GO:0085029
10000	GO:0072239	GO:0090205
10000	GO:0072240	GO:1900005
10000	GO:0072240	GO:1901143
10000	GO:0072259	GO:0098905
10000	GO:0072267	GO:0120256
10000	GO:0072282	GO:1900226
10000	GO:0072287	GO:0086019
10000	GO:0072287	GO:1902993
10000	GO:0072287	GO:1905750
10000	GO:0072302	GO:1903894
10000	GO:0072303	GO:1904412
10000	GO:0072303	GO:1904613
10000	GO:0072308	GO:0120184
10000	GO:0072308	GO:1900736
10000	GO:0072311	GO:0099188
10000	GO:0072318	GO:1903522
10000	GO:0072330	GO:1902915
10000	GO:0072331	GO:1905604
10000	GO:0072334	GO:0099542
10000	GO:0072347	GO:1900150
10000	GO:0072350	GO:0160078
10000	GO:0072359	GO:0160127
10000	GO:0072359	GO:2000347
10000	GO:0072376	GO:0141163
10000	GO:0072376	GO:1990546
10000	GO:0072386	GO:0140274
10000	GO:0072393	GO:1904591
10000	GO:0072396	GO:1903365
10000	GO:0072489	GO:1904707
10000	GO:0072498	GO:0090596
10000	GO:0072498	GO:1901909
10000	GO:0072520	GO:2000146
10000	GO:0072521	GO:1902423
10000	GO:0072522	GO:2000807
10000	GO:0072525	GO:2000134
10000	GO:0072527	GO:1904180
10000	GO:0072537	GO:1904049
10000	GO:0072540	GO:0097638
10000	GO:0072553	GO:0098534
10000	GO:0072574	GO:0090271
10000	GO:0072583	GO:1903555
10000	GO:0072584	GO:1900039
10000	GO:0072656	GO:0080090
10000	GO:0072656	GO:0090155
10000	GO:0072663	GO:1905808
10000	GO:0072672	GO:0080090
10000	GO:0072674	GO:1902204
10000	GO:0072674	GO:1905461
10000	GO:0072675	GO:1902869
10000	GO:0072677	GO:2000486
10000	GO:0072695	GO:1904735
10000	GO:0072710	GO:0120060
10000	GO:0072711	GO:0090276
10000	GO:0072714	GO:0099111
10000	GO:0072715	GO:0140048
10000	GO:0072715	GO:2000786
10000	GO:0072716	GO:0090402
10000	GO:0072717	GO:0090480
10000	GO:0072717	GO:1900864
10000	GO:0072719	GO:0140115
10000	GO:0072720	GO:0140246
10000	GO:0072721	GO:2001294
10000	GO:0072741	GO:1901826
10000	GO:0072752	GO:2000676
10000	GO:0075294	GO:0120187
10000	GO:0075519	GO:2000354
10000	GO:0075519	GO:2001148
10000	GO:0075523	GO:2001113
10000	GO:0075525	GO:1905367
10000	GO:0075606	GO:1903297
10000	GO:0080120	GO:1901136
10000	GO:0080121	GO:1901162
10000	GO:0080129	GO:1902076
10000	GO:0080135	GO:1904779
10000	GO:0085020	GO:0086027
10000	GO:0086011	GO:2001044
10000	GO:0086012	GO:0090162
10000	GO:0086013	GO:1901557
10000	GO:0086021	GO:0140915
10000	GO:0086042	GO:1902236
10000	GO:0086046	GO:1904440
10000	GO:0086050	GO:2000594
10000	GO:0086066	GO:1905516
10000	GO:0086067	GO:1904015
10000	GO:0086070	GO:1901026
10000	GO:0086072	GO:0099093
10000	GO:0086091	GO:1905225
10000	GO:0086097	GO:0097700
10000	GO:0089718	GO:0097119
10000	GO:0089718	GO:0097152
10000	GO:0090009	GO:1902859
10000	GO:0090009	GO:1990962
10000	GO:0090023	GO:0090051
10000	GO:0090032	GO:0090190
10000	GO:0090042	GO:1905065
10000	GO:0090049	GO:1904880
10000	GO:0090063	GO:2000508
10000	GO:0090066	GO:1905504
10000	GO:0090069	GO:1904864
10000	GO:0090070	GO:0140966
10000	GO:0090075	GO:1905647
10000	GO:0090077	GO:1903713
10000	GO:0090083	GO:1903775
10000	GO:0090083	GO:2001153
10000	GO:0090085	GO:1902648
10000	GO:0090087	GO:1903197
10000	GO:0090090	GO:0120162
10000	GO:0090092	GO:2000370
10000	GO:0090104	GO:0090160
10000	GO:0090107	GO:0090238
10000	GO:0090107	GO:1900272
10000	GO:0090110	GO:0141217
10000	GO:0090111	GO:1900449
10000	GO:0090111	GO:1901568
10000	GO:0090111	GO:1990911
10000	GO:0090114	GO:1901653
10000	GO:0090114	GO:1903318
10000	GO:0090117	GO:0120045
10000	GO:0090117	GO:1901186
10000	GO:0090117	GO:1903540
10000	GO:0090119	GO:1900736
10000	GO:0090122	GO:1990708
10000	GO:0090131	GO:2000485
10000	GO:0090133	GO:1990399
10000	GO:0090135	GO:1903985
10000	GO:0090136	GO:1905562
10000	GO:0090140	GO:0150117
10000	GO:0090148	GO:1902000
10000	GO:0090151	GO:1900142
10000	GO:0090153	GO:1990051
10000	GO:0090154	GO:2001225
10000	GO:0090155	GO:1905415
10000	GO:0090156	GO:1990770
10000	GO:0090160	GO:0106072
10000	GO:0090162	GO:2001014
10000	GO:0090164	GO:0098810
10000	GO:0090170	GO:0106028
10000	GO:0090170	GO:2001026
10000	GO:0090174	GO:1902100
10000	GO:0090175	GO:1900115
10000	GO:0090176	GO:1900151
10000	GO:0090181	GO:0097325
10000	GO:0090182	GO:2000597
10000	GO:0090182	GO:2000668
10000	GO:0090184	GO:0106070
10000	GO:0090185	GO:0140352
10000	GO:0090188	GO:1902115
10000	GO:0090190	GO:1904054
10000	GO:0090200	GO:0098734
10000	GO:0090204	GO:0098728
10000	GO:0090207	GO:1902983
10000	GO:0090209	GO:1904970
10000	GO:0090209	GO:1905415
10000	GO:0090233	GO:2001306
10000	GO:0090234	GO:1904092
10000	GO:0090249	GO:1902616
10000	GO:0090263	GO:1990505
10000	GO:0090270	GO:0097070
10000	GO:0090270	GO:1900115
10000	GO:0090271	GO:1903170
10000	GO:0090271	GO:1904103
10000	GO:0090273	GO:0090362
10000	GO:0090273	GO:1903078
10000	GO:0090275	GO:1901355
10000	GO:0090279	GO:1900480
10000	GO:0090281	GO:2000491
10000	GO:0090287	GO:1903421
10000	GO:0090291	GO:1905164
10000	GO:0090301	GO:1901986
10000	GO:0090304	GO:0140820
10000	GO:0090307	GO:1902296
10000	GO:0090311	GO:1904480
10000	GO:0090313	GO:0120072
10000	GO:0090314	GO:1901327
10000	GO:0090314	GO:1905149
10000	GO:0090317	GO:0097536
10000	GO:0090322	GO:1900182
10000	GO:0090329	GO:1990845
10000	GO:0090331	GO:1903002
10000	GO:0090331	GO:1903711
10000	GO:0090331	GO:1904894
10000	GO:0090348	GO:1904439
10000	GO:0090349	GO:0106289
10000	GO:0090367	GO:1900106
10000	GO:0090367	GO:1903566
10000	GO:0090370	GO:1905668
10000	GO:0090383	GO:0106279
10000	GO:0090384	GO:1901135
10000	GO:0090384	GO:2000353
10000	GO:0090398	GO:1902461
10000	GO:0090398	GO:1903147
10000	GO:0090399	GO:0099518
10000	GO:0090400	GO:2000752
10000	GO:0090403	GO:1905939
10000	GO:0090435	GO:1901210
10000	GO:0090435	GO:2000199
10000	GO:0090481	GO:0099578
10000	GO:0090493	GO:1905345
10000	GO:0090497	GO:1904704
10000	GO:0090504	GO:0140018
10000	GO:0090504	GO:1902514
10000	GO:0090520	GO:1900535
10000	GO:0090520	GO:1901656
10000	GO:0090521	GO:0097113
10000	GO:0090521	GO:1903515
10000	GO:0090594	GO:0098916
10000	GO:0090594	GO:1990858
10000	GO:0090601	GO:2000096
10000	GO:0090646	GO:0140958
10000	GO:0090672	GO:0097500
10000	GO:0090672	GO:1905898
10000	GO:0090673	GO:1903621
10000	GO:0090677	GO:1903513
10000	GO:0090713	GO:1903434
10000	GO:0090715	GO:1901029
10000	GO:0090715	GO:1904466
10000	GO:0090716	GO:1900020
10000	GO:0090720	GO:0106020
10000	GO:0090735	GO:0140447
10000	GO:0090735	GO:1904331
10000	GO:0097012	GO:2000104
10000	GO:0097021	GO:2000698
10000	GO:0097029	GO:0140251
10000	GO:0097053	GO:1902731
10000	GO:0097053	GO:1903365
10000	GO:0097062	GO:0140060
10000	GO:0097062	GO:1901634
10000	GO:0097067	GO:1902172
10000	GO:0097068	GO:0099170
10000	GO:0097069	GO:1905432
10000	GO:0097070	GO:1901847
10000	GO:0097070	GO:1904034
10000	GO:0097084	GO:1901019
10000	GO:0097090	GO:1900480
10000	GO:0097094	GO:1901000
10000	GO:0097094	GO:2000756
10000	GO:0097111	GO:0099050
10000	GO:0097151	GO:1902859
10000	GO:0097152	GO:0098038
10000	GO:0097155	GO:0140212
10000	GO:0097176	GO:1901798
10000	GO:0097176	GO:1904934
10000	GO:0097186	GO:1901907
10000	GO:0097205	GO:0098976
10000	GO:0097205	GO:1903002
10000	GO:0097272	GO:1902070
10000	GO:0097291	GO:1901844
10000	GO:0097324	GO:1903575
10000	GO:0097325	GO:1901844
10000	GO:0097326	GO:1905667
10000	GO:0097341	GO:1903241
10000	GO:0097343	GO:1901843
10000	GO:0097350	GO:0140459
10000	GO:0097352	GO:2000437
10000	GO:0097374	GO:0141060
10000	GO:0097374	GO:1904887
10000	GO:0097377	GO:1901098
10000	GO:0097377	GO:2000522
10000	GO:0097379	GO:1990784
10000	GO:0097398	GO:1901879
10000	GO:0097411	GO:1903515
10000	GO:0097466	GO:1902836
10000	GO:0097466	GO:1904638
10000	GO:0097468	GO:1903721
10000	GO:0097477	GO:1990868
10000	GO:0097479	GO:1905936
10000	GO:0097491	GO:1902855
10000	GO:0097492	GO:0140708
10000	GO:0097498	GO:0097533
10000	GO:0097498	GO:1905051
10000	GO:0097503	GO:1901028
10000	GO:0097533	GO:1900127
10000	GO:0097534	GO:2001024
10000	GO:0097536	GO:1990268
10000	GO:0097551	GO:0098905
10000	GO:0097576	GO:0140374
10000	GO:0097623	GO:1901355
10000	GO:0097647	GO:1900131
10000	GO:0097681	GO:1902916
10000	GO:0097698	GO:0098908
10000	GO:0097698	GO:1904429
10000	GO:0097707	GO:1903775
10000	GO:0097709	GO:1902525
10000	GO:0097712	GO:1901990
10000	GO:0097722	GO:1904613
10000	GO:0097734	GO:1903428
10000	GO:0097734	GO:1903901
10000	GO:0097742	GO:1903780
10000	GO:0097753	GO:1904791
10000	GO:0098543	GO:0150094
10000	GO:0098581	GO:1903131
10000	GO:0098597	GO:0141119
10000	GO:0098598	GO:1904862
10000	GO:0098598	GO:2000753
10000	GO:0098609	GO:1903341
10000	GO:0098657	GO:1990776
10000	GO:0098658	GO:1905898
10000	GO:0098658	GO:2000822
10000	GO:0098659	GO:1990928
10000	GO:0098661	GO:1905786
10000	GO:0098693	GO:0106030
10000	GO:0098694	GO:1900864
10000	GO:0098704	GO:1901176
10000	GO:0098718	GO:1901629
10000	GO:0098722	GO:1901072
10000	GO:0098725	GO:1903914
10000	GO:0098727	GO:0140271
10000	GO:0098728	GO:1903530
10000	GO:0098737	GO:1904994
10000	GO:0098754	GO:1903195
10000	GO:0098771	GO:1904989
10000	GO:0098771	GO:2001256
10000	GO:0098773	GO:2001033
10000	GO:0098780	GO:0106288
10000	GO:0098784	GO:0120181
10000	GO:0098810	GO:1905147
10000	GO:0098817	GO:1901552
10000	GO:0098840	GO:1901068
10000	GO:0098856	GO:1904520
10000	GO:0098856	GO:2000790
10000	GO:0098867	GO:1901837
10000	GO:0098876	GO:1903027
10000	GO:0098876	GO:2000552
10000	GO:0098877	GO:1905686
10000	GO:0098877	GO:2000557
10000	GO:0098880	GO:1900480
10000	GO:0098883	GO:1902034
10000	GO:0098883	GO:2000659
10000	GO:0098905	GO:0098916
10000	GO:0098905	GO:1904177
10000	GO:0098914	GO:1901750
10000	GO:0098914	GO:2000042
10000	GO:0098917	GO:1901164
10000	GO:0098925	GO:1903844
10000	GO:0098925	GO:2000744
10000	GO:0098939	GO:1904246
10000	GO:0098942	GO:2001233
10000	GO:0098958	GO:2000846
10000	GO:0098967	GO:1904139
10000	GO:0098968	GO:1904414
10000	GO:0098977	GO:2000678
10000	GO:0098987	GO:1905867
10000	GO:0099010	GO:1903538
10000	GO:0099022	GO:1900120
10000	GO:0099024	GO:1903296
10000	GO:0099049	GO:1902284
10000	GO:0099054	GO:1903043
10000	GO:0099069	GO:0150007
10000	GO:0099069	GO:2001141
10000	GO:0099072	GO:1902985
10000	GO:0099075	GO:1901071
10000	GO:0099084	GO:1905686
10000	GO:0099161	GO:1901526
10000	GO:0099163	GO:1901847
10000	GO:0099172	GO:1903210
10000	GO:0099173	GO:1903027
10000	GO:0099180	GO:0099188
10000	GO:0099185	GO:1900026
10000	GO:0099543	GO:1905535
10000	GO:0099552	GO:0150099
10000	GO:0099552	GO:1900045
10000	GO:0099552	GO:1902018
10000	GO:0099553	GO:0140495
10000	GO:0099553	GO:1902817
10000	GO:0099554	GO:1903210
10000	GO:0099555	GO:0140447
10000	GO:0099555	GO:1900078
10000	GO:0099558	GO:1903575
10000	GO:0099560	GO:2000755
10000	GO:0099563	GO:0120158
10000	GO:0099576	GO:0120197
10000	GO:0099578	GO:1903140
10000	GO:0099578	GO:1990549
10000	GO:0099587	GO:1900210
10000	GO:0099587	GO:1901838
10000	GO:0099608	GO:1905652
10000	GO:0099610	GO:1902232
10000	GO:0099612	GO:2000110
10000	GO:0099623	GO:2001044
10000	GO:0099633	GO:1990399
10000	GO:0099641	GO:1990966
10000	GO:0099642	GO:1905205
10000	GO:0099642	GO:1990090
10000	GO:0104004	GO:0120057
10000	GO:0106020	GO:1900620
10000	GO:0106028	GO:1901976
10000	GO:0106028	GO:1904211
10000	GO:0106030	GO:1903523
10000	GO:0106044	GO:1901099
10000	GO:0106044	GO:1904594
10000	GO:0106045	GO:1905144
10000	GO:0106045	GO:2000328
10000	GO:0106046	GO:1905247
10000	GO:0106047	GO:0140495
10000	GO:0106048	GO:1900086
10000	GO:0106048	GO:1903999
10000	GO:0106049	GO:0110154
10000	GO:0106057	GO:1901419
10000	GO:0106064	GO:0141166
10000	GO:0106074	GO:1901652
10000	GO:0106090	GO:1990535
10000	GO:0106106	GO:0140053
10000	GO:0106107	GO:2000557
10000	GO:0106135	GO:2000209
10000	GO:0106288	GO:1905413
10000	GO:0106289	GO:1903427
10000	GO:0106300	GO:1904031
10000	GO:0106342	GO:2000649
10000	GO:0106354	GO:1903234
10000	GO:0106383	GO:1903972
10000	GO:0106402	GO:1902236
10000	GO:0110010	GO:0140214
10000	GO:0110012	GO:1903224
10000	GO:0110012	GO:1904507
10000	GO:0110012	GO:2000043
10000	GO:0110017	GO:2000078
10000	GO:0110031	GO:1902340
10000	GO:0110053	GO:1905795
10000	GO:0110053	GO:2000407
10000	GO:0110061	GO:0120041
10000	GO:0110063	GO:1904470
10000	GO:0110064	GO:1900121
10000	GO:0110075	GO:1904022
10000	GO:0110076	GO:0170038
10000	GO:0110091	GO:1900221
10000	GO:0110095	GO:1904350
10000	GO:0110095	GO:2000557
10000	GO:0110096	GO:1902527
10000	GO:0110096	GO:1904520
10000	GO:0110099	GO:0160217
10000	GO:0110104	GO:1902270
10000	GO:0110119	GO:2000261
10000	GO:0110156	GO:1902311
10000	GO:0120035	GO:2000395
10000	GO:0120040	GO:1903428
10000	GO:0120054	GO:2000403
10000	GO:0120056	GO:1905289
10000	GO:0120058	GO:1904101
10000	GO:0120058	GO:1905512
10000	GO:0120127	GO:1903405
10000	GO:0120169	GO:1902884
10000	GO:0120179	GO:1905169
10000	GO:0120184	GO:1903795
10000	GO:0120190	GO:2000562
10000	GO:0120193	GO:0141187
10000	GO:0120193	GO:0150032
10000	GO:0120193	GO:0150157
10000	GO:0120254	GO:1900229
10000	GO:0120255	GO:0160176
10000	GO:0120317	GO:0160049
10000	GO:0120322	GO:1900729
10000	GO:0120532	GO:1900424
10000	GO:0140041	GO:1904282
10000	GO:0140049	GO:0160025
10000	GO:0140058	GO:1904997
10000	GO:0140059	GO:1902747
10000	GO:0140067	GO:1902311
10000	GO:0140157	GO:1990408
10000	GO:0140207	GO:1903350
10000	GO:0140214	GO:1904331
10000	GO:0140231	GO:1903783
10000	GO:0140239	GO:0141065
10000	GO:0140239	GO:2000872
10000	GO:0140241	GO:1900117
10000	GO:0140246	GO:2000176
10000	GO:0140249	GO:1903608
10000	GO:0140271	GO:1901798
10000	GO:0140273	GO:1904442
10000	GO:0140273	GO:2001247
10000	GO:0140285	GO:1900052
10000	GO:0140329	GO:2000003
10000	GO:0140331	GO:1904343
10000	GO:0140331	GO:1904904
10000	GO:0140352	GO:1904596
10000	GO:0140367	GO:2000174
10000	GO:0140374	GO:1905235
10000	GO:0140447	GO:1905042
10000	GO:0140447	GO:1905134
10000	GO:0140450	GO:1902175
10000	GO:0140455	GO:1901165
10000	GO:0140459	GO:1902173
10000	GO:0140460	GO:1905380
10000	GO:0140462	GO:1901827
10000	GO:0140462	GO:1905630
10000	GO:0140466	GO:1903546
10000	GO:0140495	GO:1990918
10000	GO:0140499	GO:2000676
10000	GO:0140543	GO:1904450
10000	GO:0140570	GO:1901307
10000	GO:0140576	GO:1903579
10000	GO:0140591	GO:1904014
10000	GO:0140591	GO:2000793
10000	GO:0140627	GO:1903555
10000	GO:0140650	GO:1903604
10000	GO:0140667	GO:1903059
10000	GO:0140668	GO:1900368
10000	GO:0140668	GO:2000234
10000	GO:0140668	GO:2000347
10000	GO:0140694	GO:2001053
10000	GO:0140739	GO:1903569
10000	GO:0140745	GO:2001057
10000	GO:0140820	GO:1902618
10000	GO:0140861	GO:2000987
10000	GO:0140894	GO:1901203
10000	GO:0140924	GO:1904257
10000	GO:0140928	GO:1900028
10000	GO:0140966	GO:1903676
10000	GO:0140972	GO:1904886
10000	GO:0140990	GO:1990117
10000	GO:0140991	GO:1901660
10000	GO:0141005	GO:2000539
10000	GO:0141060	GO:1901382
10000	GO:0141112	GO:1905322
10000	GO:0141149	GO:1901800
10000	GO:0141151	GO:1904695
10000	GO:0141156	GO:1903847
10000	GO:0141176	GO:1901653
10000	GO:0141191	GO:1903676
10000	GO:0141198	GO:1901380
10000	GO:0150012	GO:1905274
10000	GO:0150020	GO:1902259
10000	GO:0150031	GO:1901074
10000	GO:0150035	GO:1901632
10000	GO:0150037	GO:1901340
10000	GO:0150052	GO:0150128
10000	GO:0150076	GO:1901733
10000	GO:0150076	GO:2000257
10000	GO:0150079	GO:1902617
10000	GO:0150098	GO:1903313
10000	GO:0150102	GO:1905534
10000	GO:0150103	GO:1900158
10000	GO:0150128	GO:1902528
10000	GO:0150146	GO:1903599
10000	GO:0150151	GO:1902225
10000	GO:0150172	GO:1903910
10000	GO:0150201	GO:1905707
10000	GO:0150202	GO:1990167
10000	GO:0160001	GO:1904304
10000	GO:0160007	GO:1905913
10000	GO:0160028	GO:1990755
10000	GO:0160049	GO:1902997
10000	GO:0160063	GO:2000196
10000	GO:0160078	GO:1901568
10000	GO:0160087	GO:2001298
10000	GO:0160091	GO:1901989
10000	GO:0160093	GO:1904979
10000	GO:0160176	GO:1904827
10000	GO:0160179	GO:1902231
10000	GO:0160217	GO:2000645
10000	GO:0160234	GO:1905938
10000	GO:0160244	GO:1902745
10000	GO:0170033	GO:1902080
10000	GO:0170033	GO:2000501
10000	GO:0170036	GO:1901252
10000	GO:0170038	GO:1905578
10000	GO:0170040	GO:1904538
10000	GO:0180012	GO:1904504
10000	GO:0180012	GO:1904667
10000	GO:0180026	GO:1901659
10000	GO:0180035	GO:2000311
10000	GO:1900006	GO:1901290
10000	GO:1900015	GO:1903920
10000	GO:1900025	GO:1903943
10000	GO:1900027	GO:1905186
10000	GO:1900029	GO:1904809
10000	GO:1900046	GO:1902766
10000	GO:1900047	GO:1902105
10000	GO:1900054	GO:1902806
10000	GO:1900063	GO:1990092
10000	GO:1900069	GO:1900247
10000	GO:1900069	GO:1903850
10000	GO:1900073	GO:1901874
10000	GO:1900078	GO:1905941
10000	GO:1900079	GO:1903060
10000	GO:1900081	GO:1905701
10000	GO:1900100	GO:1901252
10000	GO:1900102	GO:1903660
10000	GO:1900104	GO:1902033
10000	GO:1900104	GO:1902869
10000	GO:1900106	GO:2001262
10000	GO:1900107	GO:1905143
10000	GO:1900118	GO:1903527
10000	GO:1900118	GO:2001176
10000	GO:1900126	GO:2000208
10000	GO:1900142	GO:1904373
10000	GO:1900143	GO:1905780
10000	GO:1900149	GO:2001013
10000	GO:1900151	GO:1903351
10000	GO:1900159	GO:2000845
10000	GO:1900181	GO:1904116
10000	GO:1900191	GO:2000853
10000	GO:1900193	GO:1900226
10000	GO:1900195	GO:1902855
10000	GO:1900195	GO:2000353
10000	GO:1900208	GO:1901475
10000	GO:1900212	GO:2000380
10000	GO:1900221	GO:1901698
10000	GO:1900222	GO:1901751
10000	GO:1900223	GO:1904760
10000	GO:1900239	GO:1905936
10000	GO:1900245	GO:2000005
10000	GO:1900247	GO:2000015
10000	GO:1900249	GO:1904181
10000	GO:1900260	GO:1904653
10000	GO:1900271	GO:1903241
10000	GO:1900279	GO:1904430
10000	GO:1900280	GO:1905912
10000	GO:1900371	GO:1904880
10000	GO:1900407	GO:1904659
10000	GO:1900424	GO:1902072
10000	GO:1900425	GO:1904688
10000	GO:1900426	GO:1903527
10000	GO:1900453	GO:1904640
10000	GO:1900480	GO:1904761
10000	GO:1900623	GO:1902109
10000	GO:1900673	GO:1905038
10000	GO:1900729	GO:1901627
10000	GO:1900736	GO:1990748
10000	GO:1900736	GO:2001178
10000	GO:1900744	GO:1902423
10000	GO:1900744	GO:1905413
10000	GO:1900747	GO:1901861
10000	GO:1900747	GO:1904583
10000	GO:1900753	GO:2000136
10000	GO:1900864	GO:1904034
10000	GO:1901017	GO:1903341
10000	GO:1901020	GO:1902476
10000	GO:1901021	GO:1904914
10000	GO:1901072	GO:2000975
10000	GO:1901072	GO:2001223
10000	GO:1901074	GO:1904298
10000	GO:1901078	GO:1990086
10000	GO:1901082	GO:1902996
10000	GO:1901096	GO:1904412
10000	GO:1901137	GO:1903025
10000	GO:1901142	GO:1904825
10000	GO:1901161	GO:1901687
10000	GO:1901164	GO:1902044
10000	GO:1901164	GO:1903384
10000	GO:1901164	GO:1990708
10000	GO:1901166	GO:1902993
10000	GO:1901184	GO:1905006
10000	GO:1901184	GO:2000584
10000	GO:1901194	GO:1902994
10000	GO:1901208	GO:1901978
10000	GO:1901211	GO:2000357
10000	GO:1901246	GO:2001288
10000	GO:1901249	GO:1901796
10000	GO:1901255	GO:1905035
10000	GO:1901256	GO:1905027
10000	GO:1901264	GO:1905449
10000	GO:1901289	GO:1904465
10000	GO:1901304	GO:1902250
10000	GO:1901318	GO:1903108
10000	GO:1901329	GO:1904913
10000	GO:1901329	GO:1905716
10000	GO:1901330	GO:1901545
10000	GO:1901370	GO:1905132
10000	GO:1901380	GO:1904775
10000	GO:1901380	GO:2000592
10000	GO:1901386	GO:1990845
10000	GO:1901403	GO:2001262
10000	GO:1901463	GO:1904970
10000	GO:1901463	GO:1990755
10000	GO:1901475	GO:1990592
10000	GO:1901490	GO:1904780
10000	GO:1901491	GO:1903797
10000	GO:1901502	GO:1990770
10000	GO:1901506	GO:2000124
10000	GO:1901509	GO:2000269
10000	GO:1901557	GO:1902533
10000	GO:1901558	GO:1905453
10000	GO:1901558	GO:2000647
10000	GO:1901570	GO:1905451
10000	GO:1901605	GO:1902020
10000	GO:1901610	GO:1902004
10000	GO:1901620	GO:1903625
10000	GO:1901624	GO:1904640
10000	GO:1901625	GO:2000589
10000	GO:1901628	GO:1902761
10000	GO:1901629	GO:1904867
10000	GO:1901634	GO:1901989
10000	GO:1901645	GO:1905839
10000	GO:1901647	GO:1902897
10000	GO:1901673	GO:1905936
10000	GO:1901684	GO:1904869
10000	GO:1901684	GO:2000104
10000	GO:1901687	GO:1904736
10000	GO:1901724	GO:1990168
10000	GO:1901753	GO:1902339
10000	GO:1901753	GO:1904002
10000	GO:1901797	GO:1903043
10000	GO:1901835	GO:1903904
10000	GO:1901838	GO:1902236
10000	GO:1901846	GO:1901992
10000	GO:1901856	GO:2000279
10000	GO:1901857	GO:1903764
10000	GO:1901857	GO:2000097
10000	GO:1901859	GO:2000630
10000	GO:1901860	GO:2001298
10000	GO:1901873	GO:1903265
10000	GO:1901888	GO:2001049
10000	GO:1901907	GO:1902659
10000	GO:1901909	GO:1904188
10000	GO:1901910	GO:1903660
10000	GO:1901962	GO:1903546
10000	GO:1901976	GO:1903670
10000	GO:1901992	GO:1902903
10000	GO:1901994	GO:1904729
10000	GO:1902000	GO:1904027
10000	GO:1902001	GO:1905269
10000	GO:1902024	GO:1990410
10000	GO:1902035	GO:2000474
10000	GO:1902046	GO:1903426
10000	GO:1902072	GO:2000553
10000	GO:1902101	GO:2001169
10000	GO:1902103	GO:1905178
10000	GO:1902108	GO:1905793
10000	GO:1902175	GO:1902834
10000	GO:1902204	GO:2000834
10000	GO:1902215	GO:1905672
10000	GO:1902231	GO:1904862
10000	GO:1902247	GO:2000254
10000	GO:1902256	GO:1990049
10000	GO:1902267	GO:1904614
10000	GO:1902337	GO:1905874
10000	GO:1902339	GO:1902952
10000	GO:1902339	GO:1905606
10000	GO:1902339	GO:2000549
10000	GO:1902339	GO:2001214
10000	GO:1902358	GO:2001037
10000	GO:1902362	GO:1905223
10000	GO:1902369	GO:1903490
10000	GO:1902369	GO:1903567
10000	GO:1902371	GO:1903126
10000	GO:1902374	GO:1904103
10000	GO:1902389	GO:1903579
10000	GO:1902425	GO:2000334
10000	GO:1902455	GO:1990550
10000	GO:1902455	GO:2001260
10000	GO:1902462	GO:1903055
10000	GO:1902462	GO:1905890
10000	GO:1902473	GO:1904591
10000	GO:1902476	GO:1902646
10000	GO:1902483	GO:2000288
10000	GO:1902497	GO:1903612
10000	GO:1902511	GO:1905793
10000	GO:1902531	GO:2000176
10000	GO:1902531	GO:2000381
10000	GO:1902532	GO:1903504
10000	GO:1902551	GO:1904118
10000	GO:1902551	GO:2001033
10000	GO:1902572	GO:1905109
10000	GO:1902603	GO:1904948
10000	GO:1902612	GO:1904028
10000	GO:1902626	GO:1905278
10000	GO:1902630	GO:2000516
10000	GO:1902631	GO:1903712
10000	GO:1902633	GO:1903567
10000	GO:1902669	GO:1990823
10000	GO:1902722	GO:1903778
10000	GO:1902723	GO:1903365
10000	GO:1902742	GO:1903018
10000	GO:1902743	GO:1904356
10000	GO:1902766	GO:1903119
10000	GO:1902807	GO:1904093
10000	GO:1902808	GO:2000689
10000	GO:1902809	GO:1903842
10000	GO:1902824	GO:2000623
10000	GO:1902888	GO:1905709
10000	GO:1902905	GO:1904010
10000	GO:1902913	GO:1903055
10000	GO:1902915	GO:2000145
10000	GO:1902930	GO:1903806
10000	GO:1902954	GO:1903544
10000	GO:1902957	GO:1903936
10000	GO:1902992	GO:2001028
10000	GO:1902995	GO:2001039
10000	GO:1903008	GO:2000201
10000	GO:1903011	GO:1904582
10000	GO:1903018	GO:1904693
10000	GO:1903019	GO:1990809
10000	GO:1903020	GO:2000726
10000	GO:1903026	GO:1903259
10000	GO:1903038	GO:2000545
10000	GO:1903043	GO:1903690
10000	GO:1903044	GO:2000513
10000	GO:1903051	GO:1905069
10000	GO:1903054	GO:1905062
10000	GO:1903061	GO:1903969
10000	GO:1903064	GO:1905280
10000	GO:1903073	GO:1990748
10000	GO:1903078	GO:2000812
10000	GO:1903082	GO:1903436
10000	GO:1903108	GO:1905111
10000	GO:1903173	GO:1905000
10000	GO:1903180	GO:1905166
10000	GO:1903197	GO:1903430
10000	GO:1903276	GO:2000178
10000	GO:1903296	GO:1903409
10000	GO:1903311	GO:2000191
10000	GO:1903337	GO:1904438
10000	GO:1903337	GO:1990830
10000	GO:1903337	GO:2000003
10000	GO:1903341	GO:2000329
10000	GO:1903341	GO:2001248
10000	GO:1903348	GO:2001244
10000	GO:1903358	GO:1903487
10000	GO:1903373	GO:1903783
10000	GO:1903383	GO:2000408
10000	GO:1903394	GO:1905801
10000	GO:1903394	GO:2000395
10000	GO:1903405	GO:1904679
10000	GO:1903426	GO:1904211
10000	GO:1903428	GO:1904764
10000	GO:1903428	GO:2000413
10000	GO:1903429	GO:2000625
10000	GO:1903434	GO:1903860
10000	GO:1903436	GO:1990770
10000	GO:1903442	GO:1903722
10000	GO:1903445	GO:2000269
10000	GO:1903457	GO:2000147
10000	GO:1903466	GO:1904890
10000	GO:1903515	GO:1904026
10000	GO:1903516	GO:2001293
10000	GO:1903526	GO:1903972
10000	GO:1903532	GO:1904170
10000	GO:1903532	GO:1990569
10000	GO:1903567	GO:2001037
10000	GO:1903568	GO:1905809
10000	GO:1903569	GO:2000322
10000	GO:1903577	GO:1904156
10000	GO:1903579	GO:1990506
10000	GO:1903580	GO:1903765
10000	GO:1903589	GO:1990743
10000	GO:1903612	GO:2000147
10000	GO:1903626	GO:1905523
10000	GO:1903659	GO:2000319
10000	GO:1903659	GO:2001238
10000	GO:1903670	GO:1990442
10000	GO:1903671	GO:1903902
10000	GO:1903706	GO:2000016
10000	GO:1903706	GO:2000405
10000	GO:1903712	GO:1904827
10000	GO:1903719	GO:2000436
10000	GO:1903722	GO:1905032
10000	GO:1903725	GO:1905673
10000	GO:1903749	GO:1905461
10000	GO:1903751	GO:1990516
10000	GO:1903766	GO:1903903
10000	GO:1903778	GO:1905638
10000	GO:1903791	GO:1904387
10000	GO:1903795	GO:1990859
10000	GO:1903795	GO:2000185
10000	GO:1903795	GO:2000545
10000	GO:1903803	GO:2000353
10000	GO:1903806	GO:1990535
10000	GO:1903812	GO:1904177
10000	GO:1903812	GO:2000595
10000	GO:1903824	GO:2000853
10000	GO:1903895	GO:2000981
10000	GO:1903901	GO:1990959
10000	GO:1903901	GO:2000027
10000	GO:1903906	GO:1904028
10000	GO:1903912	GO:2000343
10000	GO:1903946	GO:1990048
10000	GO:1903946	GO:2001242
10000	GO:1903949	GO:1904016
10000	GO:1903949	GO:1904352
10000	GO:1903963	GO:1905302
10000	GO:1903972	GO:1905034
10000	GO:1903972	GO:2001109
10000	GO:1903985	GO:2001054
10000	GO:1904026	GO:1905550
10000	GO:1904032	GO:1990776
10000	GO:1904046	GO:1904056
10000	GO:1904057	GO:1905555
10000	GO:1904106	GO:2000827
10000	GO:1904157	GO:2000243
10000	GO:1904161	GO:2001012
10000	GO:1904238	GO:2000647
10000	GO:1904298	GO:2000181
10000	GO:1904304	GO:1990506
10000	GO:1904377	GO:1905344
10000	GO:1904377	GO:1905749
10000	GO:1904398	GO:1904861
10000	GO:1904406	GO:2001109
10000	GO:1904409	GO:2000551
10000	GO:1904409	GO:2000781
10000	GO:1904411	GO:2000849
10000	GO:1904472	GO:2000690
10000	GO:1904479	GO:2000351
10000	GO:1904481	GO:2000570
10000	GO:1904491	GO:1905062
10000	GO:1904508	GO:1905580
10000	GO:1904535	GO:1905090
10000	GO:1904557	GO:2000036
10000	GO:1904584	GO:2000718
10000	GO:1904591	GO:1905336
10000	GO:1904633	GO:2000061
10000	GO:1904635	GO:2000297
10000	GO:1904636	GO:1904990
10000	GO:1904655	GO:2000571
10000	GO:1904672	GO:2000050
10000	GO:1904704	GO:1904707
10000	GO:1904729	GO:1904736
10000	GO:1904730	GO:1904812
10000	GO:1904730	GO:2000350
10000	GO:1904738	GO:1905065
10000	GO:1904790	GO:1905755
10000	GO:1904790	GO:2000001
10000	GO:1904809	GO:2001222
10000	GO:1904827	GO:1905591
10000	GO:1904844	GO:1990442
10000	GO:1904860	GO:2000108
10000	GO:1904861	GO:2001170
10000	GO:1904862	GO:1905153
10000	GO:1904862	GO:2000322
10000	GO:1904874	GO:2000458
10000	GO:1904879	GO:2000631
10000	GO:1904888	GO:2000977
10000	GO:1904895	GO:1990758
10000	GO:1904907	GO:2001205
10000	GO:1904936	GO:1905186
10000	GO:1905004	GO:1905094
10000	GO:1905025	GO:2000008
10000	GO:1905027	GO:2001311
10000	GO:1905032	GO:2001238
10000	GO:1905039	GO:2000209
10000	GO:1905048	GO:2000389
10000	GO:1905063	GO:2000256
10000	GO:1905111	GO:2000471
10000	GO:1905115	GO:2000182
10000	GO:1905147	GO:2000050
10000	GO:1905164	GO:2000108
10000	GO:1905168	GO:2000670
10000	GO:1905174	GO:2000479
10000	GO:1905188	GO:2000374
10000	GO:1905199	GO:1905384
10000	GO:1905223	GO:2000768
10000	GO:1905225	GO:2000138
10000	GO:1905247	GO:1990834
10000	GO:1905299	GO:2000062
10000	GO:1905302	GO:1905794
10000	GO:1905305	GO:1905907
10000	GO:1905320	GO:1990708
10000	GO:1905355	GO:2001252
10000	GO:1905476	GO:1990044
10000	GO:1905508	GO:1990839
10000	GO:1905546	GO:2000200
10000	GO:1905557	GO:2000065
10000	GO:1905592	GO:1905602
10000	GO:1905631	GO:2000758
10000	GO:1905703	GO:2000811
10000	GO:1905706	GO:2000591
10000	GO:1905725	GO:2001280
10000	GO:1905749	GO:1990840
10000	GO:1905764	GO:2001236
10000	GO:1905794	GO:1905879
10000	GO:1905899	GO:2001206
10000	GO:1990074	GO:2000513
10000	GO:1990168	GO:1990539
10000	GO:1990173	GO:2000974
10000	GO:1990261	GO:2000351
10000	GO:1990516	GO:2000104
10000	GO:1990549	GO:2000782
10000	GO:1990626	GO:2001288
10000	GO:1990743	GO:2000471
10000	GO:1990874	GO:2000705
10000	GO:1990911	GO:2000002
10000	GO:1990961	GO:2000394
10000	GO:2000003	GO:2000768
10000	GO:2000008	GO:2000409
10000	GO:2000015	GO:2001111
10000	GO:2000042	GO:2000741
10000	GO:2000107	GO:2000309
10000	GO:2000114	GO:2000594
10000	GO:2000118	GO:2000589
10000	GO:2000235	GO:2000252
10000	GO:2000291	GO:2001206
10000	GO:2000297	GO:2000722
10000	GO:2000321	GO:2000634
10000	GO:2000369	GO:2000523
10000	GO:2000381	GO:2000471
10000	GO:2000403	GO:2000439
10000	GO:2000449	GO:2000707
10000	GO:2000451	GO:2001049
10000	GO:2000476	GO:2000826
10000	GO:2000487	GO:2000515
10000	GO:2000518	GO:2001286
10000	GO:2000547	GO:2001251
10000	GO:2000548	GO:2000670
10000	GO:2000569	GO:2000725
10000	GO:2000798	GO:2001025
10000	GO:2001014	GO:2001279
