25	GO:0000122,GO:0001525,GO:0001541,GO:0001569,GO:0001570,GO:0001666,GO:0001701,GO:0001822,GO:0001934,GO:0001938,GO:0002040,GO:0002042,GO:0002052,GO:0002092,GO:0002376,GO:0002575,GO:0002687,GO:0003007,GO:0003151,GO:0003169,GO:0006357,GO:0007200,GO:0007399,GO:0007498,GO:0007595,GO:0008284,GO:0008360,GO:0010595,GO:0010628,GO:0010629,GO:0010719,GO:0010749,GO:0030154,GO:0030224,GO:0030225,GO:0030324,GO:0030335,GO:0030855,GO:0031077,GO:0031290,GO:0031334,GO:0031954,GO:0035148,GO:0035767,GO:0035924,GO:0036303,GO:0036324,GO:0038033,GO:0038084,GO:0038091,GO:0038190,GO:0042462,GO:0043066,GO:0043117,GO:0043123,GO:0043129,GO:0043410,GO:0043536,GO:0045766,GO:0045785,GO:0045944,GO:0048010,GO:0048469,GO:0048593,GO:0048842,GO:0048844,GO:0050679,GO:0050918,GO:0050927,GO:0050930,GO:0051781,GO:0051894,GO:0051897,GO:0055013,GO:0060319,GO:0060749,GO:0060754,GO:0060948,GO:0060982,GO:0061042,GO:0070374,GO:0071456,GO:0071542,GO:0071679,GO:0090050,GO:0090190,GO:0097475,GO:0097533,GO:0120162,GO:1900748,GO:1901165,GO:1902894,GO:1902966,GO:1903141,GO:1903392,GO:1903589,GO:1903672,GO:1905278,GO:1905555,GO:1905604,GO:2000048,GO:2000573,GO:2001028	GO:0001837,GO:0001938,GO:0002088,GO:0002720,GO:0003138,GO:0003139,GO:0003281,GO:0003283,GO:0003408,GO:0006954,GO:0007200,GO:0007223,GO:0007409,GO:0007411,GO:0008104,GO:0008584,GO:0008595,GO:0010595,GO:0010628,GO:0010742,GO:0010820,GO:0010976,GO:0016055,GO:0021891,GO:0022008,GO:0030154,GO:0030182,GO:0030216,GO:0030901,GO:0032722,GO:0032729,GO:0032731,GO:0032755,GO:0032757,GO:0032760,GO:0035022,GO:0035567,GO:0036517,GO:0036518,GO:0042060,GO:0043032,GO:0043066,GO:0043122,GO:0043410,GO:0045165,GO:0045599,GO:0045732,GO:0045766,GO:0045778,GO:0045892,GO:0045893,GO:0045944,GO:0046330,GO:0048022,GO:0048146,GO:0048706,GO:0048806,GO:0048812,GO:0050727,GO:0050729,GO:0050807,GO:0051057,GO:0051216,GO:0051885,GO:0051897,GO:0051964,GO:0060070,GO:0060071,GO:0060324,GO:0060340,GO:0060760,GO:0060907,GO:0062009,GO:0071219,GO:0071222,GO:0071277,GO:0071300,GO:0071346,GO:0071425,GO:0071542,GO:0071560,GO:0072201,GO:0090090,GO:0097325,GO:0099054,GO:0099068,GO:0099170,GO:0099175,GO:0099566,GO:0150012,GO:1900020,GO:1902474,GO:1904861,GO:1904862,GO:1904934,GO:1904948,GO:2000052,GO:2001235
25	GO:0000122,GO:0001774,GO:0001878,GO:0002265,GO:0006357,GO:0006417,GO:0006816,GO:0006878,GO:0006897,GO:0006915,GO:0007155,GO:0007186,GO:0007189,GO:0007193,GO:0007219,GO:0007409,GO:0007417,GO:0007611,GO:0007612,GO:0007613,GO:0007617,GO:0007626,GO:0008088,GO:0008285,GO:0008306,GO:0008344,GO:0008542,GO:0010288,GO:0010468,GO:0010604,GO:0010628,GO:0010629,GO:0014005,GO:0016199,GO:0016322,GO:0016358,GO:0019722,GO:0019731,GO:0019732,GO:0030111,GO:0030178,GO:0030198,GO:0031175,GO:0031583,GO:0032224,GO:0032722,GO:0032729,GO:0032731,GO:0032755,GO:0032760,GO:0032930,GO:0034121,GO:0035235,GO:0036269,GO:0040014,GO:0042157,GO:0043065,GO:0043408,GO:0043410,GO:0043523,GO:0043525,GO:0045087,GO:0045429,GO:0045471,GO:0045666,GO:0045745,GO:0045752,GO:0045821,GO:0045931,GO:0045944,GO:0046330,GO:0048143,GO:0048169,GO:0048669,GO:0050729,GO:0050803,GO:0050808,GO:0050829,GO:0050830,GO:0050850,GO:0050867,GO:0050890,GO:0050918,GO:0051044,GO:0051246,GO:0051247,GO:0051260,GO:0051262,GO:0051580,GO:0051897,GO:0055096,GO:0061844,GO:0070206,GO:0070374,GO:0070555,GO:0071280,GO:0071287,GO:0071320,GO:0071874,GO:0090026,GO:0090090,GO:0098815,GO:0098989,GO:0110088,GO:0141137,GO:0141163,GO:0150003,GO:1900181,GO:1900221,GO:1900272,GO:1900273,GO:1900454,GO:1901224,GO:1902894,GO:1902950,GO:1902951,GO:1902993,GO:1903381,GO:1903523,GO:1904022,GO:1904472,GO:1904591,GO:1904646,GO:1905606,GO:1905898,GO:1905906,GO:1905908,GO:1905945,GO:1990000,GO:1990090,GO:1990418,GO:1990535,GO:2000406,GO:2000463,GO:2001238	GO:0001568,GO:0001819,GO:0001937,GO:0001960,GO:0007566,GO:0008284,GO:0008360,GO:0010596,GO:0010613,GO:0010614,GO:0010628,GO:0010629,GO:0010667,GO:0010718,GO:0010804,GO:0010838,GO:0016525,GO:0030334,GO:0030335,GO:0030336,GO:0030509,GO:0030511,GO:0031346,GO:0032480,GO:0032695,GO:0032705,GO:0032963,GO:0034392,GO:0035021,GO:0035024,GO:0035195,GO:0035278,GO:0036166,GO:0042058,GO:0042104,GO:0043066,GO:0043409,GO:0045590,GO:0045600,GO:0045603,GO:0045669,GO:0045766,GO:0045824,GO:0045930,GO:0050729,GO:0051497,GO:0051896,GO:0051897,GO:0060339,GO:0060940,GO:0061037,GO:0061154,GO:0070373,GO:0070374,GO:0071222,GO:0071479,GO:0071480,GO:0098586,GO:0106016,GO:1900017,GO:1900039,GO:1900082,GO:1900748,GO:1901223,GO:1901299,GO:1902254,GO:1902514,GO:1902731,GO:1903053,GO:1903427,GO:1903589,GO:1903766,GO:1904639,GO:1904695,GO:1904707,GO:1904728,GO:1904753,GO:1904754,GO:1904762,GO:1904827,GO:1904830,GO:1904996,GO:1905065,GO:1905460,GO:1905564,GO:1905955,GO:1990009,GO:2000318,GO:2000321,GO:2000377
25	GO:0000077,GO:0001782,GO:0001817,GO:0001932,GO:0001933,GO:0002223,GO:0002244,GO:0002250,GO:0002376,GO:0002431,GO:0002513,GO:0002553,GO:0002576,GO:0002758,GO:0002762,GO:0002768,GO:0002774,GO:0002862,GO:0002902,GO:0006468,GO:0006950,GO:0006954,GO:0006974,GO:0006991,GO:0007165,GO:0007169,GO:0008284,GO:0008285,GO:0009410,GO:0009636,GO:0009725,GO:0009743,GO:0010976,GO:0014003,GO:0015908,GO:0018108,GO:0030097,GO:0030218,GO:0030222,GO:0030335,GO:0030889,GO:0031175,GO:0031295,GO:0031663,GO:0032868,GO:0033003,GO:0033628,GO:0034136,GO:0034142,GO:0034144,GO:0034145,GO:0034165,GO:0034605,GO:0035556,GO:0038043,GO:0038095,GO:0038096,GO:0038159,GO:0042100,GO:0042327,GO:0043200,GO:0043304,GO:0043407,GO:0043410,GO:0043434,GO:0045087,GO:0045646,GO:0046777,GO:0048013,GO:0048678,GO:0050727,GO:0050777,GO:0050855,GO:0050859,GO:0050900,GO:0051279,GO:0060252,GO:0060369,GO:0060397,GO:0070372,GO:0070373,GO:0070447,GO:0070667,GO:0070668,GO:0071300,GO:0071396,GO:0090025,GO:0090330,GO:0097028,GO:1902532,GO:1902993,GO:2000670	GO:0001570,GO:0001657,GO:0001666,GO:0001763,GO:0001837,GO:0001843,GO:0002040,GO:0002062,GO:0002244,GO:0002248,GO:0002460,GO:0002859,GO:0003179,GO:0003180,GO:0006611,GO:0006754,GO:0006796,GO:0007179,GO:0007406,GO:0007435,GO:0007507,GO:0007565,GO:0008284,GO:0008285,GO:0009410,GO:0009611,GO:0009749,GO:0010332,GO:0010575,GO:0010628,GO:0010629,GO:0010716,GO:0010718,GO:0010742,GO:0010763,GO:0010936,GO:0014003,GO:0014008,GO:0016202,GO:0021915,GO:0030154,GO:0030214,GO:0030308,GO:0030334,GO:0030335,GO:0031100,GO:0031293,GO:0031334,GO:0031536,GO:0032355,GO:0032570,GO:0032667,GO:0032700,GO:0032740,GO:0032755,GO:0032760,GO:0032801,GO:0032930,GO:0032967,GO:0033280,GO:0034616,GO:0035902,GO:0036120,GO:0036446,GO:0042127,GO:0042306,GO:0042307,GO:0042475,GO:0042552,GO:0043065,GO:0043117,GO:0043123,GO:0043410,GO:0043536,GO:0043537,GO:0045066,GO:0045216,GO:0045471,GO:0045591,GO:0045596,GO:0045597,GO:0045599,GO:0045662,GO:0045742,GO:0045786,GO:0045892,GO:0045893,GO:0045944,GO:0048298,GO:0048535,GO:0048565,GO:0048642,GO:0048661,GO:0048839,GO:0050679,GO:0050680,GO:0050714,GO:0050729,GO:0050765,GO:0050832,GO:0050921,GO:0051130,GO:0051240,GO:0051247,GO:0051280,GO:0051781,GO:0051897,GO:0055010,GO:0060312,GO:0060325,GO:0060364,GO:0060391,GO:0070168,GO:0070374,GO:0070723,GO:0071260,GO:0071333,GO:0071363,GO:0071404,GO:0071456,GO:0071479,GO:0071549,GO:0071560,GO:0071677,GO:0071895,GO:0085029,GO:0090190,GO:0090263,GO:0097191,GO:0097421,GO:0098586,GO:0141091,GO:1900126,GO:1900182,GO:1901203,GO:1902074,GO:1902462,GO:1902894,GO:1902895,GO:1903077,GO:1904018,GO:1904894,GO:1905641,GO:1990314,GO:1990402,GO:2000048,GO:2000343,GO:2000353,GO:2000636,GO:2000727
25	GO:0000209,GO:0001649,GO:0001837,GO:0002052,GO:0003151,GO:0007155,GO:0007173,GO:0007399,GO:0008284,GO:0008285,GO:0009410,GO:0010629,GO:0010717,GO:0010718,GO:0010909,GO:0016055,GO:0016525,GO:0019827,GO:0021854,GO:0030182,GO:0030901,GO:0030902,GO:0030997,GO:0031396,GO:0032212,GO:0032355,GO:0032968,GO:0033234,GO:0034112,GO:0034333,GO:0034394,GO:0035315,GO:0035995,GO:0036023,GO:0036520,GO:0043065,GO:0043066,GO:0043161,GO:0043525,GO:0044331,GO:0045597,GO:0045765,GO:0045766,GO:0045892,GO:0045893,GO:0045944,GO:0045976,GO:0048145,GO:0048568,GO:0048643,GO:0048660,GO:0050767,GO:0050768,GO:0050982,GO:0051884,GO:0051963,GO:0060070,GO:0060231,GO:0060292,GO:0061154,GO:0061549,GO:0061550,GO:0070602,GO:0071363,GO:0071681,GO:0072182,GO:0072497,GO:0090090,GO:0090279,GO:0097091,GO:0098609,GO:1901331,GO:1903377,GO:1904888,GO:1904948,GO:1905555,GO:1990138,GO:1990403,GO:1990791,GO:2000008,GO:2000179	GO:0001774,GO:0002282,GO:0002291,GO:0002588,GO:0002862,GO:0002931,GO:0006909,GO:0006910,GO:0006955,GO:0006959,GO:0007165,GO:0007166,GO:0007613,GO:0010468,GO:0010507,GO:0010628,GO:0010875,GO:0010887,GO:0010891,GO:0010983,GO:0019216,GO:0030316,GO:0032006,GO:0032008,GO:0032497,GO:0032499,GO:0032675,GO:0032691,GO:0032720,GO:0032733,GO:0034136,GO:0034144,GO:0034151,GO:0034241,GO:0034351,GO:0035176,GO:0038160,GO:0042742,GO:0043066,GO:0043124,GO:0043268,GO:0043277,GO:0045088,GO:0045672,GO:0045728,GO:0045960,GO:0048143,GO:0048468,GO:0048678,GO:0050714,GO:0050766,GO:0050829,GO:0050850,GO:0050866,GO:0050921,GO:0051897,GO:0051898,GO:0055088,GO:0060075,GO:0060100,GO:0061518,GO:0061889,GO:0070269,GO:0070345,GO:0070374,GO:0070392,GO:0071223,GO:0071224,GO:0071333,GO:0071396,GO:0071402,GO:0071456,GO:0071526,GO:0071640,GO:0080090,GO:0097028,GO:0097062,GO:0097242,GO:0098657,GO:0110089,GO:0120035,GO:0140052,GO:0150062,GO:0150076,GO:0150078,GO:0150079,GO:0150094,GO:1900015,GO:1900016,GO:1900223,GO:1900226,GO:1901076,GO:1901224,GO:1901800,GO:1902227,GO:1902533,GO:1903078,GO:1903082,GO:1903376,GO:1903753,GO:1903980,GO:1904093,GO:1904141,GO:1904646,GO:1904951,GO:1905291,GO:1905581,GO:1905805,GO:1905808,GO:1905907,GO:2000350,GO:2001171
25	GO:0000165,GO:0006468,GO:0006897,GO:0006914,GO:0006979,GO:0007005,GO:0007029,GO:0007030,GO:0007040,GO:0007166,GO:0007254,GO:0007266,GO:0007283,GO:0007528,GO:0008104,GO:0008340,GO:0009267,GO:0009653,GO:0009968,GO:0010468,GO:0010506,GO:0010508,GO:0010955,GO:0010977,GO:0014041,GO:0016192,GO:0016242,GO:0019722,GO:0021756,GO:0021772,GO:0022028,GO:0030154,GO:0030162,GO:0030182,GO:0031344,GO:0031398,GO:0031647,GO:0032436,GO:0032760,GO:0034260,GO:0034599,GO:0034614,GO:0035542,GO:0035556,GO:0035564,GO:0035640,GO:0035641,GO:0035751,GO:0040012,GO:0042391,GO:0043068,GO:0043410,GO:0046039,GO:0046777,GO:0048312,GO:0048513,GO:0048812,GO:0050804,GO:0051239,GO:0051247,GO:0051646,GO:0051900,GO:0051966,GO:0060070,GO:0060079,GO:0060159,GO:0060161,GO:0060627,GO:0060628,GO:0060828,GO:0061001,GO:0070585,GO:0070973,GO:0071287,GO:0090140,GO:0090263,GO:0090394,GO:0140058,GO:0141161,GO:1900242,GO:1900244,GO:1901030,GO:1902236,GO:1902499,GO:1902531,GO:1902692,GO:1902803,GO:1902823,GO:1902902,GO:1903351,GO:1903748,GO:1903980,GO:1904644,GO:1904887,GO:1905279,GO:1905289,GO:1905504,GO:2000172,GO:2000300,GO:2000377	GO:0000122,GO:0000209,GO:0000266,GO:0000422,GO:0000423,GO:0006511,GO:0006513,GO:0006914,GO:0006979,GO:0006986,GO:0007005,GO:0007417,GO:0008344,GO:0009410,GO:0009896,GO:0010498,GO:0010506,GO:0010628,GO:0010629,GO:0010636,GO:0010637,GO:0010821,GO:0010906,GO:0010918,GO:0010994,GO:0014059,GO:0014850,GO:0016236,GO:0016567,GO:0016579,GO:0022603,GO:0030163,GO:0031396,GO:0031647,GO:0031648,GO:0032232,GO:0032368,GO:0032436,GO:0033132,GO:0034599,GO:0034620,GO:0034976,GO:0035519,GO:0035774,GO:0036503,GO:0042053,GO:0042417,GO:0043065,GO:0043123,GO:0043161,GO:0043524,GO:0043653,GO:0044314,GO:0044828,GO:0045732,GO:0045944,GO:0046329,GO:0046676,GO:0050804,GO:0050821,GO:0051412,GO:0051582,GO:0051646,GO:0051865,GO:0051881,GO:0051967,GO:0060544,GO:0060828,GO:0061734,GO:0070050,GO:0070534,GO:0070585,GO:0070842,GO:0070936,GO:0070979,GO:0071287,GO:0080090,GO:0085020,GO:0090090,GO:0090141,GO:0090201,GO:0090258,GO:0090394,GO:0097237,GO:0099072,GO:0099074,GO:0140251,GO:1900242,GO:1900407,GO:1901526,GO:1901800,GO:1902236,GO:1902254,GO:1902530,GO:1902803,GO:1903265,GO:1903351,GO:1903377,GO:1903382,GO:1903427,GO:1903530,GO:1903542,GO:1903747,GO:1903861,GO:1904049,GO:1904643,GO:1904845,GO:1904881,GO:1905091,GO:1905232,GO:1905281,GO:1905366,GO:1905477,GO:1990000,GO:2000377,GO:2000378,GO:2001171
25	GO:0000165,GO:0006468,GO:0006897,GO:0006914,GO:0006979,GO:0007005,GO:0007029,GO:0007030,GO:0007040,GO:0007166,GO:0007254,GO:0007266,GO:0007283,GO:0007528,GO:0008104,GO:0008340,GO:0009267,GO:0009653,GO:0009968,GO:0010468,GO:0010506,GO:0010508,GO:0010955,GO:0010977,GO:0014041,GO:0016192,GO:0016242,GO:0019722,GO:0021756,GO:0021772,GO:0022028,GO:0030154,GO:0030162,GO:0030182,GO:0031344,GO:0031398,GO:0031647,GO:0032436,GO:0032760,GO:0034260,GO:0034599,GO:0034614,GO:0035542,GO:0035556,GO:0035564,GO:0035640,GO:0035641,GO:0035751,GO:0040012,GO:0042391,GO:0043068,GO:0043410,GO:0046039,GO:0046777,GO:0048312,GO:0048513,GO:0048812,GO:0050804,GO:0051239,GO:0051247,GO:0051646,GO:0051900,GO:0051966,GO:0060070,GO:0060079,GO:0060159,GO:0060161,GO:0060627,GO:0060628,GO:0060828,GO:0061001,GO:0070585,GO:0070973,GO:0071287,GO:0090140,GO:0090263,GO:0090394,GO:0140058,GO:0141161,GO:1900242,GO:1900244,GO:1901030,GO:1902236,GO:1902499,GO:1902531,GO:1902692,GO:1902803,GO:1902823,GO:1902902,GO:1903351,GO:1903748,GO:1903980,GO:1904644,GO:1904887,GO:1905279,GO:1905289,GO:1905504,GO:2000172,GO:2000300,GO:2000377	GO:0000012,GO:0000122,GO:0000183,GO:0000720,GO:0000731,GO:0001525,GO:0001678,GO:0001934,GO:0001938,GO:0002821,GO:0006325,GO:0006346,GO:0006476,GO:0006642,GO:0006915,GO:0006974,GO:0006979,GO:0007179,GO:0007346,GO:0007517,GO:0007623,GO:0008284,GO:0008630,GO:0009267,GO:0010629,GO:0010824,GO:0010868,GO:0010875,GO:0010883,GO:0010906,GO:0016239,GO:0016567,GO:0018394,GO:0030154,GO:0030225,GO:0030512,GO:0030968,GO:0031393,GO:0031507,GO:0031509,GO:0031648,GO:0032007,GO:0032071,GO:0032436,GO:0032868,GO:0032922,GO:0033210,GO:0034391,GO:0035331,GO:0035356,GO:0035358,GO:0042127,GO:0042149,GO:0042326,GO:0042542,GO:0042632,GO:0042771,GO:0042981,GO:0043065,GO:0043066,GO:0043124,GO:0043161,GO:0043518,GO:0043536,GO:0044321,GO:0045348,GO:0045599,GO:0045722,GO:0045739,GO:0045766,GO:0045786,GO:0045892,GO:0045944,GO:0046015,GO:0046628,GO:0046890,GO:0048511,GO:0050793,GO:0050872,GO:0051152,GO:0051239,GO:0051658,GO:0051897,GO:0051898,GO:0055089,GO:0060766,GO:0060907,GO:0062013,GO:0070301,GO:0070857,GO:0070914,GO:0071356,GO:0071456,GO:0071479,GO:0090335,GO:0090400,GO:0097009,GO:0106230,GO:0140861,GO:1900034,GO:1901797,GO:1901984,GO:1902166,GO:1902176,GO:1902237,GO:1902424,GO:1904179,GO:2000111,GO:2000481,GO:2000655,GO:2000757,GO:2000773,GO:2000774,GO:2000781
25	GO:0000209,GO:0001649,GO:0001837,GO:0002052,GO:0003151,GO:0007155,GO:0007173,GO:0007399,GO:0008284,GO:0008285,GO:0009410,GO:0010629,GO:0010717,GO:0010718,GO:0010909,GO:0016055,GO:0016525,GO:0019827,GO:0021854,GO:0030182,GO:0030901,GO:0030902,GO:0030997,GO:0031396,GO:0032212,GO:0032355,GO:0032968,GO:0033234,GO:0034112,GO:0034333,GO:0034394,GO:0035315,GO:0035995,GO:0036023,GO:0036520,GO:0043065,GO:0043066,GO:0043161,GO:0043525,GO:0044331,GO:0045597,GO:0045765,GO:0045766,GO:0045892,GO:0045893,GO:0045944,GO:0045976,GO:0048145,GO:0048568,GO:0048643,GO:0048660,GO:0050767,GO:0050768,GO:0050982,GO:0051884,GO:0051963,GO:0060070,GO:0060231,GO:0060292,GO:0061154,GO:0061549,GO:0061550,GO:0070602,GO:0071363,GO:0071681,GO:0072182,GO:0072497,GO:0090090,GO:0090279,GO:0097091,GO:0098609,GO:1901331,GO:1903377,GO:1904888,GO:1904948,GO:1905555,GO:1990138,GO:1990403,GO:1990791,GO:2000008,GO:2000179	GO:0000122,GO:0001525,GO:0001541,GO:0001569,GO:0001570,GO:0001666,GO:0001701,GO:0001822,GO:0001934,GO:0001938,GO:0002040,GO:0002042,GO:0002052,GO:0002092,GO:0002376,GO:0002575,GO:0002687,GO:0003007,GO:0003151,GO:0003169,GO:0006357,GO:0007200,GO:0007399,GO:0007498,GO:0007595,GO:0008284,GO:0008360,GO:0010595,GO:0010628,GO:0010629,GO:0010719,GO:0010749,GO:0030154,GO:0030224,GO:0030225,GO:0030324,GO:0030335,GO:0030855,GO:0031077,GO:0031290,GO:0031334,GO:0031954,GO:0035148,GO:0035767,GO:0035924,GO:0036303,GO:0036324,GO:0038033,GO:0038084,GO:0038091,GO:0038190,GO:0042462,GO:0043066,GO:0043117,GO:0043123,GO:0043129,GO:0043410,GO:0043536,GO:0045766,GO:0045785,GO:0045944,GO:0048010,GO:0048469,GO:0048593,GO:0048842,GO:0048844,GO:0050679,GO:0050918,GO:0050927,GO:0050930,GO:0051781,GO:0051894,GO:0051897,GO:0055013,GO:0060319,GO:0060749,GO:0060754,GO:0060948,GO:0060982,GO:0061042,GO:0070374,GO:0071456,GO:0071542,GO:0071679,GO:0090050,GO:0090190,GO:0097475,GO:0097533,GO:0120162,GO:1900748,GO:1901165,GO:1902894,GO:1902966,GO:1903141,GO:1903392,GO:1903589,GO:1903672,GO:1905278,GO:1905555,GO:1905604,GO:2000048,GO:2000573,GO:2001028
25	GO:0000165,GO:0006468,GO:0006897,GO:0006914,GO:0006979,GO:0007005,GO:0007029,GO:0007030,GO:0007040,GO:0007166,GO:0007254,GO:0007266,GO:0007283,GO:0007528,GO:0008104,GO:0008340,GO:0009267,GO:0009653,GO:0009968,GO:0010468,GO:0010506,GO:0010508,GO:0010955,GO:0010977,GO:0014041,GO:0016192,GO:0016242,GO:0019722,GO:0021756,GO:0021772,GO:0022028,GO:0030154,GO:0030162,GO:0030182,GO:0031344,GO:0031398,GO:0031647,GO:0032436,GO:0032760,GO:0034260,GO:0034599,GO:0034614,GO:0035542,GO:0035556,GO:0035564,GO:0035640,GO:0035641,GO:0035751,GO:0040012,GO:0042391,GO:0043068,GO:0043410,GO:0046039,GO:0046777,GO:0048312,GO:0048513,GO:0048812,GO:0050804,GO:0051239,GO:0051247,GO:0051646,GO:0051900,GO:0051966,GO:0060070,GO:0060079,GO:0060159,GO:0060161,GO:0060627,GO:0060628,GO:0060828,GO:0061001,GO:0070585,GO:0070973,GO:0071287,GO:0090140,GO:0090263,GO:0090394,GO:0140058,GO:0141161,GO:1900242,GO:1900244,GO:1901030,GO:1902236,GO:1902499,GO:1902531,GO:1902692,GO:1902803,GO:1902823,GO:1902902,GO:1903351,GO:1903748,GO:1903980,GO:1904644,GO:1904887,GO:1905279,GO:1905289,GO:1905504,GO:2000172,GO:2000300,GO:2000377	GO:0000122,GO:0001501,GO:0001502,GO:0001503,GO:0001658,GO:0001708,GO:0001837,GO:0001894,GO:0001942,GO:0002009,GO:0002053,GO:0002062,GO:0002683,GO:0003170,GO:0003179,GO:0003180,GO:0003203,GO:0003413,GO:0003415,GO:0003430,GO:0006334,GO:0006338,GO:0007165,GO:0007173,GO:0007283,GO:0007417,GO:0007507,GO:0008284,GO:0008584,GO:0010467,GO:0010564,GO:0010628,GO:0010634,GO:0014036,GO:0019100,GO:0030154,GO:0030279,GO:0030850,GO:0030858,GO:0030879,GO:0030903,GO:0030916,GO:0032331,GO:0032332,GO:0035019,GO:0042127,GO:0042981,GO:0043066,GO:0045662,GO:0045668,GO:0045892,GO:0045893,GO:0045944,GO:0046322,GO:0046533,GO:0048709,GO:0050679,GO:0050680,GO:0051216,GO:0060008,GO:0060009,GO:0060041,GO:0060174,GO:0060221,GO:0060517,GO:0060729,GO:0060784,GO:0061036,GO:0061138,GO:0065003,GO:0070168,GO:0070371,GO:0070542,GO:0071260,GO:0071300,GO:0071347,GO:0071364,GO:0071504,GO:0071560,GO:0071599,GO:0071773,GO:0072034,GO:0072170,GO:0072190,GO:0072289,GO:0090090,GO:0090103,GO:0090184,GO:0090190,GO:1902732,GO:1902894,GO:1904864,GO:2000020,GO:2000741
25	GO:0001774,GO:0002282,GO:0002291,GO:0002588,GO:0002862,GO:0002931,GO:0006909,GO:0006910,GO:0006955,GO:0006959,GO:0007165,GO:0007166,GO:0007613,GO:0010468,GO:0010507,GO:0010628,GO:0010875,GO:0010887,GO:0010891,GO:0010983,GO:0019216,GO:0030316,GO:0032006,GO:0032008,GO:0032497,GO:0032499,GO:0032675,GO:0032691,GO:0032720,GO:0032733,GO:0034136,GO:0034144,GO:0034151,GO:0034241,GO:0034351,GO:0035176,GO:0038160,GO:0042742,GO:0043066,GO:0043124,GO:0043268,GO:0043277,GO:0045088,GO:0045672,GO:0045728,GO:0045960,GO:0048143,GO:0048468,GO:0048678,GO:0050714,GO:0050766,GO:0050829,GO:0050850,GO:0050866,GO:0050921,GO:0051897,GO:0051898,GO:0055088,GO:0060075,GO:0060100,GO:0061518,GO:0061889,GO:0070269,GO:0070345,GO:0070374,GO:0070392,GO:0071223,GO:0071224,GO:0071333,GO:0071396,GO:0071402,GO:0071456,GO:0071526,GO:0071640,GO:0080090,GO:0097028,GO:0097062,GO:0097242,GO:0098657,GO:0110089,GO:0120035,GO:0140052,GO:0150062,GO:0150076,GO:0150078,GO:0150079,GO:0150094,GO:1900015,GO:1900016,GO:1900223,GO:1900226,GO:1901076,GO:1901224,GO:1901800,GO:1902227,GO:1902533,GO:1903078,GO:1903082,GO:1903376,GO:1903753,GO:1903980,GO:1904093,GO:1904141,GO:1904646,GO:1904951,GO:1905291,GO:1905581,GO:1905805,GO:1905808,GO:1905907,GO:2000350,GO:2001171	GO:0001837,GO:0001938,GO:0002088,GO:0002720,GO:0003138,GO:0003139,GO:0003281,GO:0003283,GO:0003408,GO:0006954,GO:0007200,GO:0007223,GO:0007409,GO:0007411,GO:0008104,GO:0008584,GO:0008595,GO:0010595,GO:0010628,GO:0010742,GO:0010820,GO:0010976,GO:0016055,GO:0021891,GO:0022008,GO:0030154,GO:0030182,GO:0030216,GO:0030901,GO:0032722,GO:0032729,GO:0032731,GO:0032755,GO:0032757,GO:0032760,GO:0035022,GO:0035567,GO:0036517,GO:0036518,GO:0042060,GO:0043032,GO:0043066,GO:0043122,GO:0043410,GO:0045165,GO:0045599,GO:0045732,GO:0045766,GO:0045778,GO:0045892,GO:0045893,GO:0045944,GO:0046330,GO:0048022,GO:0048146,GO:0048706,GO:0048806,GO:0048812,GO:0050727,GO:0050729,GO:0050807,GO:0051057,GO:0051216,GO:0051885,GO:0051897,GO:0051964,GO:0060070,GO:0060071,GO:0060324,GO:0060340,GO:0060760,GO:0060907,GO:0062009,GO:0071219,GO:0071222,GO:0071277,GO:0071300,GO:0071346,GO:0071425,GO:0071542,GO:0071560,GO:0072201,GO:0090090,GO:0097325,GO:0099054,GO:0099068,GO:0099170,GO:0099175,GO:0099566,GO:0150012,GO:1900020,GO:1902474,GO:1904861,GO:1904862,GO:1904934,GO:1904948,GO:2000052,GO:2001235
25	GO:0000122,GO:0001890,GO:0006355,GO:0006357,GO:0006631,GO:0007186,GO:0007584,GO:0008217,GO:0009755,GO:0010628,GO:0010629,GO:0010745,GO:0010875,GO:0010887,GO:0010888,GO:0015909,GO:0016525,GO:0030154,GO:0030224,GO:0030509,GO:0030512,GO:0030514,GO:0030522,GO:0030855,GO:0031348,GO:0031667,GO:0032376,GO:0032869,GO:0033993,GO:0035357,GO:0042593,GO:0042752,GO:0042789,GO:0043409,GO:0043537,GO:0045087,GO:0045165,GO:0045444,GO:0045600,GO:0045668,GO:0045834,GO:0045892,GO:0045893,GO:0045923,GO:0045944,GO:0048384,GO:0048469,GO:0048511,GO:0048662,GO:0050728,GO:0050872,GO:0050873,GO:0051049,GO:0051241,GO:0055088,GO:0060336,GO:0060392,GO:0070165,GO:0071404,GO:0071456,GO:0090258,GO:0140077,GO:0141193,GO:1900076,GO:1901202,GO:1902894,GO:1902895,GO:1903243,GO:1903845,GO:1904179,GO:1904597,GO:1904706,GO:1904893,GO:1905461,GO:1905563,GO:2001235	GO:0001837,GO:0001938,GO:0002088,GO:0002720,GO:0003138,GO:0003139,GO:0003281,GO:0003283,GO:0003408,GO:0006954,GO:0007200,GO:0007223,GO:0007409,GO:0007411,GO:0008104,GO:0008584,GO:0008595,GO:0010595,GO:0010628,GO:0010742,GO:0010820,GO:0010976,GO:0016055,GO:0021891,GO:0022008,GO:0030154,GO:0030182,GO:0030216,GO:0030901,GO:0032722,GO:0032729,GO:0032731,GO:0032755,GO:0032757,GO:0032760,GO:0035022,GO:0035567,GO:0036517,GO:0036518,GO:0042060,GO:0043032,GO:0043066,GO:0043122,GO:0043410,GO:0045165,GO:0045599,GO:0045732,GO:0045766,GO:0045778,GO:0045892,GO:0045893,GO:0045944,GO:0046330,GO:0048022,GO:0048146,GO:0048706,GO:0048806,GO:0048812,GO:0050727,GO:0050729,GO:0050807,GO:0051057,GO:0051216,GO:0051885,GO:0051897,GO:0051964,GO:0060070,GO:0060071,GO:0060324,GO:0060340,GO:0060760,GO:0060907,GO:0062009,GO:0071219,GO:0071222,GO:0071277,GO:0071300,GO:0071346,GO:0071425,GO:0071542,GO:0071560,GO:0072201,GO:0090090,GO:0097325,GO:0099054,GO:0099068,GO:0099170,GO:0099175,GO:0099566,GO:0150012,GO:1900020,GO:1902474,GO:1904861,GO:1904862,GO:1904934,GO:1904948,GO:2000052,GO:2001235
25	GO:0000122,GO:0001709,GO:0001806,GO:0001817,GO:0001822,GO:0001823,GO:0002376,GO:0002520,GO:0003180,GO:0003215,GO:0003281,GO:0006355,GO:0006357,GO:0006952,GO:0006954,GO:0007165,GO:0008285,GO:0008584,GO:0009410,GO:0009615,GO:0009653,GO:0009967,GO:0010332,GO:0010467,GO:0010595,GO:0010719,GO:0030154,GO:0030217,GO:0030225,GO:0030856,GO:0031929,GO:0032736,GO:0032753,GO:0032754,GO:0033600,GO:0035457,GO:0042421,GO:0043491,GO:0043583,GO:0043627,GO:0045064,GO:0045087,GO:0045165,GO:0045471,GO:0045582,GO:0045786,GO:0045892,GO:0045893,GO:0045944,GO:0048485,GO:0048568,GO:0048646,GO:0048731,GO:0050728,GO:0050793,GO:0050852,GO:0051216,GO:0051897,GO:0060037,GO:0060065,GO:0060070,GO:0060231,GO:0060676,GO:0071353,GO:0071356,GO:0072107,GO:0072178,GO:0072179,GO:0072182,GO:0072676,GO:0090102,GO:1902895,GO:2000146,GO:2000352,GO:2000611,GO:2000679,GO:2000683	GO:0000012,GO:0000122,GO:0000183,GO:0000720,GO:0000731,GO:0001525,GO:0001678,GO:0001934,GO:0001938,GO:0002821,GO:0006325,GO:0006346,GO:0006476,GO:0006642,GO:0006915,GO:0006974,GO:0006979,GO:0007179,GO:0007346,GO:0007517,GO:0007623,GO:0008284,GO:0008630,GO:0009267,GO:0010629,GO:0010824,GO:0010868,GO:0010875,GO:0010883,GO:0010906,GO:0016239,GO:0016567,GO:0018394,GO:0030154,GO:0030225,GO:0030512,GO:0030968,GO:0031393,GO:0031507,GO:0031509,GO:0031648,GO:0032007,GO:0032071,GO:0032436,GO:0032868,GO:0032922,GO:0033210,GO:0034391,GO:0035331,GO:0035356,GO:0035358,GO:0042127,GO:0042149,GO:0042326,GO:0042542,GO:0042632,GO:0042771,GO:0042981,GO:0043065,GO:0043066,GO:0043124,GO:0043161,GO:0043518,GO:0043536,GO:0044321,GO:0045348,GO:0045599,GO:0045722,GO:0045739,GO:0045766,GO:0045786,GO:0045892,GO:0045944,GO:0046015,GO:0046628,GO:0046890,GO:0048511,GO:0050793,GO:0050872,GO:0051152,GO:0051239,GO:0051658,GO:0051897,GO:0051898,GO:0055089,GO:0060766,GO:0060907,GO:0062013,GO:0070301,GO:0070857,GO:0070914,GO:0071356,GO:0071456,GO:0071479,GO:0090335,GO:0090400,GO:0097009,GO:0106230,GO:0140861,GO:1900034,GO:1901797,GO:1901984,GO:1902166,GO:1902176,GO:1902237,GO:1902424,GO:1904179,GO:2000111,GO:2000481,GO:2000655,GO:2000757,GO:2000773,GO:2000774,GO:2000781
25	GO:0000278,GO:0002252,GO:0002429,GO:0006281,GO:0006298,GO:0006355,GO:0006897,GO:0006909,GO:0006914,GO:0006915,GO:0006974,GO:0006979,GO:0007155,GO:0007173,GO:0007204,GO:0007229,GO:0007611,GO:0008306,GO:0008630,GO:0009410,GO:0010468,GO:0010506,GO:0010557,GO:0010595,GO:0030036,GO:0030041,GO:0030100,GO:0030155,GO:0030516,GO:0030845,GO:0031113,GO:0032489,GO:0032956,GO:0034599,GO:0034976,GO:0035556,GO:0035791,GO:0036211,GO:0038096,GO:0038189,GO:0042770,GO:0043065,GO:0043525,GO:0043542,GO:0045580,GO:0045595,GO:0045785,GO:0045907,GO:0045944,GO:0048008,GO:0048013,GO:0048146,GO:0051444,GO:0051450,GO:0051496,GO:0051726,GO:0051882,GO:0051894,GO:0060038,GO:0070301,GO:0071103,GO:0071560,GO:0071871,GO:0090050,GO:0097706,GO:0099150,GO:0141214,GO:1900006,GO:1900026,GO:1900272,GO:1901701,GO:1902036,GO:1902531,GO:1903055,GO:1903210,GO:1903351,GO:1903905,GO:1904518,GO:1905244,GO:1905555,GO:2000042,GO:2000145,GO:2000406	GO:0000012,GO:0000122,GO:0000183,GO:0000720,GO:0000731,GO:0001525,GO:0001678,GO:0001934,GO:0001938,GO:0002821,GO:0006325,GO:0006346,GO:0006476,GO:0006642,GO:0006915,GO:0006974,GO:0006979,GO:0007179,GO:0007346,GO:0007517,GO:0007623,GO:0008284,GO:0008630,GO:0009267,GO:0010629,GO:0010824,GO:0010868,GO:0010875,GO:0010883,GO:0010906,GO:0016239,GO:0016567,GO:0018394,GO:0030154,GO:0030225,GO:0030512,GO:0030968,GO:0031393,GO:0031507,GO:0031509,GO:0031648,GO:0032007,GO:0032071,GO:0032436,GO:0032868,GO:0032922,GO:0033210,GO:0034391,GO:0035331,GO:0035356,GO:0035358,GO:0042127,GO:0042149,GO:0042326,GO:0042542,GO:0042632,GO:0042771,GO:0042981,GO:0043065,GO:0043066,GO:0043124,GO:0043161,GO:0043518,GO:0043536,GO:0044321,GO:0045348,GO:0045599,GO:0045722,GO:0045739,GO:0045766,GO:0045786,GO:0045892,GO:0045944,GO:0046015,GO:0046628,GO:0046890,GO:0048511,GO:0050793,GO:0050872,GO:0051152,GO:0051239,GO:0051658,GO:0051897,GO:0051898,GO:0055089,GO:0060766,GO:0060907,GO:0062013,GO:0070301,GO:0070857,GO:0070914,GO:0071356,GO:0071456,GO:0071479,GO:0090335,GO:0090400,GO:0097009,GO:0106230,GO:0140861,GO:1900034,GO:1901797,GO:1901984,GO:1902166,GO:1902176,GO:1902237,GO:1902424,GO:1904179,GO:2000111,GO:2000481,GO:2000655,GO:2000757,GO:2000773,GO:2000774,GO:2000781
25	GO:0000122,GO:0001570,GO:0001666,GO:0001937,GO:0006641,GO:0006816,GO:0006874,GO:0006940,GO:0007519,GO:0008104,GO:0009267,GO:0009617,GO:0010524,GO:0010608,GO:0010628,GO:0010875,GO:0016050,GO:0019065,GO:0019217,GO:0019915,GO:0030154,GO:0030193,GO:0030301,GO:0030335,GO:0030514,GO:0030857,GO:0030879,GO:0031295,GO:0031397,GO:0031398,GO:0031623,GO:0032507,GO:0032570,GO:0033484,GO:0038016,GO:0038166,GO:0042632,GO:0043123,GO:0043409,GO:0043627,GO:0044860,GO:0045019,GO:0045907,GO:0046209,GO:0046426,GO:0048550,GO:0051480,GO:0051592,GO:0051899,GO:0055074,GO:0060056,GO:0060070,GO:0060546,GO:0070836,GO:0071218,GO:0071375,GO:0071455,GO:0072584,GO:0086091,GO:0090090,GO:0097190,GO:0098903,GO:0098909,GO:0098911,GO:0120162,GO:1900027,GO:1901380,GO:1901844,GO:1903361,GO:1903598,GO:1904294,GO:2000535,GO:2000811,GO:2001238,GO:2001244	GO:0001659,GO:0001666,GO:0001963,GO:0001975,GO:0001976,GO:0002027,GO:0002028,GO:0002031,GO:0002052,GO:0002092,GO:0006874,GO:0006914,GO:0007165,GO:0007186,GO:0007188,GO:0007195,GO:0007200,GO:0007212,GO:0007270,GO:0007409,GO:0007416,GO:0007608,GO:0007616,GO:0007626,GO:0007628,GO:0008104,GO:0008285,GO:0008306,GO:0008542,GO:0009410,GO:0009416,GO:0009636,GO:0010039,GO:0014059,GO:0014854,GO:0016055,GO:0021756,GO:0021769,GO:0021853,GO:0021984,GO:0030336,GO:0030432,GO:0030900,GO:0031223,GO:0032228,GO:0032355,GO:0032467,GO:0032922,GO:0033602,GO:0034776,GO:0035094,GO:0035305,GO:0035556,GO:0042220,GO:0042321,GO:0042417,GO:0042756,GO:0043266,GO:0043278,GO:0043408,GO:0045471,GO:0045745,GO:0045776,GO:0045824,GO:0045944,GO:0046676,GO:0046717,GO:0048148,GO:0048149,GO:0048169,GO:0048678,GO:0048755,GO:0050482,GO:0050709,GO:0050769,GO:0050805,GO:0051209,GO:0051240,GO:0051481,GO:0051580,GO:0051584,GO:0051586,GO:0051823,GO:0051898,GO:0051952,GO:0051967,GO:0060079,GO:0060124,GO:0060134,GO:0060158,GO:0060160,GO:0070374,GO:0071300,GO:0071361,GO:0090325,GO:0097305,GO:0099170,GO:0099171,GO:0160213,GO:1900038,GO:1900168,GO:1900273,GO:1903530,GO:1990384
25	GO:0001649,GO:0001938,GO:0002042,GO:0002430,GO:0003376,GO:0005977,GO:0005978,GO:0005979,GO:0006006,GO:0006417,GO:0006468,GO:0006809,GO:0006915,GO:0006924,GO:0006979,GO:0007165,GO:0007173,GO:0007186,GO:0007399,GO:0008283,GO:0008286,GO:0009408,GO:0009725,GO:0010507,GO:0010595,GO:0010628,GO:0010629,GO:0010748,GO:0010761,GO:0010907,GO:0010975,GO:0016242,GO:0018105,GO:0018107,GO:0019221,GO:0030154,GO:0030307,GO:0030334,GO:0030335,GO:0031295,GO:0031397,GO:0031929,GO:0031999,GO:0032079,GO:0032436,GO:0032869,GO:0033138,GO:0033554,GO:0034405,GO:0035556,GO:0035655,GO:0042307,GO:0042981,GO:0043066,GO:0043276,GO:0043488,GO:0043491,GO:0043536,GO:0045429,GO:0045600,GO:0045725,GO:0045746,GO:0045861,GO:0045944,GO:0046209,GO:0046326,GO:0046889,GO:0048009,GO:0048266,GO:0048661,GO:0051247,GO:0051897,GO:0060079,GO:0060416,GO:0060644,GO:0070141,GO:0070585,GO:0070848,GO:0071364,GO:0072656,GO:0072752,GO:0090201,GO:0097700,GO:0099175,GO:0110002,GO:0140052,GO:0150033,GO:0160049,GO:0160213,GO:1900087,GO:1900182,GO:1901796,GO:1902018,GO:1902176,GO:1903038,GO:1903078,GO:1903318,GO:1903384,GO:1903898,GO:1904263,GO:1904515,GO:1905552,GO:1905786,GO:1990090,GO:1990418,GO:2000010,GO:2000074,GO:2000402,GO:2001240,GO:2001243	GO:0000122,GO:0001501,GO:0001503,GO:0001649,GO:0001658,GO:0001666,GO:0001701,GO:0001837,GO:0001934,GO:0002062,GO:0002573,GO:0003007,GO:0003129,GO:0003133,GO:0003176,GO:0003181,GO:0003203,GO:0003210,GO:0003272,GO:0003331,GO:0006355,GO:0006879,GO:0006954,GO:0007219,GO:0007267,GO:0007507,GO:0008284,GO:0008285,GO:0009887,GO:0010467,GO:0010628,GO:0010629,GO:0010718,GO:0010894,GO:0010922,GO:0021537,GO:0021978,GO:0022408,GO:0030154,GO:0030177,GO:0030282,GO:0030316,GO:0030335,GO:0030501,GO:0030509,GO:0030512,GO:0032348,GO:0033690,GO:0035051,GO:0035054,GO:0035360,GO:0042475,GO:0042482,GO:0043065,GO:0043410,GO:0043569,GO:0045165,GO:0045597,GO:0045599,GO:0045600,GO:0045666,GO:0045778,GO:0045786,GO:0045892,GO:0045893,GO:0045944,GO:0048662,GO:0048711,GO:0048762,GO:0048839,GO:0051042,GO:0051216,GO:0055007,GO:0055008,GO:0060039,GO:0060128,GO:0060129,GO:0060317,GO:0060348,GO:0060391,GO:0060426,GO:0060485,GO:0060537,GO:0061036,GO:0070374,GO:0071773,GO:0072138,GO:0090090,GO:1900159,GO:1900745,GO:1901331,GO:1902895,GO:1905072,GO:1905222,GO:2000065,GO:2000725,GO:2000726
25	GO:0001837,GO:0001954,GO:0003170,GO:0005977,GO:0006468,GO:0006983,GO:0007005,GO:0007399,GO:0007623,GO:0008286,GO:0009968,GO:0010508,GO:0010628,GO:0010629,GO:0010719,GO:0010975,GO:0016055,GO:0018105,GO:0019082,GO:0021766,GO:0030010,GO:0030011,GO:0030154,GO:0030336,GO:0030516,GO:0031175,GO:0031333,GO:0031334,GO:0031398,GO:0032007,GO:0032092,GO:0032436,GO:0032481,GO:0032880,GO:0032886,GO:0034976,GO:0035556,GO:0036016,GO:0042752,GO:0043066,GO:0043161,GO:0043525,GO:0045597,GO:0045668,GO:0045719,GO:0045724,GO:0045732,GO:0045879,GO:0046777,GO:0046825,GO:0046827,GO:0048511,GO:0048814,GO:0050770,GO:0060070,GO:0060079,GO:0070507,GO:0070885,GO:0071109,GO:0071300,GO:0090090,GO:0097191,GO:0097192,GO:0099171,GO:0106027,GO:0150101,GO:0160213,GO:1900034,GO:1900181,GO:1900271,GO:1901030,GO:1901701,GO:1902042,GO:1903566,GO:1903940,GO:1904339,GO:1904646,GO:1904781,GO:1904951,GO:2000077,GO:2000466,GO:2000740	GO:0000122,GO:0001525,GO:0001558,GO:0001889,GO:0001934,GO:0001935,GO:0002639,GO:0006355,GO:0006357,GO:0006366,GO:0006511,GO:0006629,GO:0006633,GO:0006914,GO:0006915,GO:0006955,GO:0006986,GO:0007517,GO:0008284,GO:0010506,GO:0010508,GO:0010832,GO:0015031,GO:0030154,GO:0030335,GO:0030512,GO:0030968,GO:0031647,GO:0031648,GO:0031670,GO:0032008,GO:0032755,GO:0032869,GO:0034599,GO:0034976,GO:0035356,GO:0035470,GO:0035924,GO:0036498,GO:0036500,GO:0036503,GO:0042149,GO:0042307,GO:0042632,GO:0043066,GO:0043491,GO:0045348,GO:0045579,GO:0045582,GO:0045600,GO:0045766,GO:0045944,GO:0048010,GO:0048666,GO:0051897,GO:0055089,GO:0055092,GO:0060392,GO:0060612,GO:0070059,GO:0070373,GO:0071073,GO:0071222,GO:0071230,GO:0071332,GO:0071333,GO:0071353,GO:0071375,GO:0071498,GO:0071499,GO:1900017,GO:1900100,GO:1900102,GO:1901985,GO:1902236,GO:1903489,GO:1904294,GO:1904707,GO:1904754,GO:1990418,GO:2000347,GO:2000353
25	GO:0001660,GO:0001819,GO:0002282,GO:0002711,GO:0006915,GO:0006954,GO:0006955,GO:0007165,GO:0007267,GO:0007566,GO:0008284,GO:0008285,GO:0010573,GO:0010575,GO:0010628,GO:0010641,GO:0010718,GO:0010744,GO:0010829,GO:0014805,GO:0019221,GO:0030213,GO:0030224,GO:0030335,GO:0030949,GO:0031394,GO:0031622,GO:0032308,GO:0032496,GO:0032691,GO:0032725,GO:0032729,GO:0032743,GO:0032755,GO:0032757,GO:0033092,GO:0034116,GO:0042102,GO:0043122,GO:0043123,GO:0043409,GO:0043410,GO:0045429,GO:0045766,GO:0045833,GO:0045840,GO:0045893,GO:0045917,GO:0046330,GO:0046627,GO:0046827,GO:0050691,GO:0050728,GO:0050729,GO:0050767,GO:0050768,GO:0050796,GO:0050805,GO:0050830,GO:0050995,GO:0050996,GO:0050999,GO:0051044,GO:0051781,GO:0051897,GO:0060252,GO:0060355,GO:0070164,GO:0070372,GO:0070374,GO:0070487,GO:0070498,GO:0070555,GO:0071222,GO:0071260,GO:0071466,GO:0071639,GO:0097398,GO:0150078,GO:1900745,GO:1901224,GO:1902680,GO:1903140,GO:1903530,GO:1903597,GO:1905075,GO:2000556,GO:2000660,GO:2001240	GO:0000122,GO:0001525,GO:0001542,GO:0001666,GO:0001819,GO:0001890,GO:0001936,GO:0002021,GO:0003300,GO:0006112,GO:0006114,GO:0006629,GO:0006909,GO:0007165,GO:0007259,GO:0007565,GO:0007584,GO:0007623,GO:0008217,GO:0008284,GO:0008343,GO:0009062,GO:0009892,GO:0010507,GO:0010888,GO:0014823,GO:0019953,GO:0030217,GO:0031667,GO:0032008,GO:0032099,GO:0032310,GO:0032355,GO:0032735,GO:0032755,GO:0032757,GO:0032760,GO:0032814,GO:0032817,GO:0032868,GO:0033197,GO:0033210,GO:0033686,GO:0035360,GO:0035556,GO:0035630,GO:0038108,GO:0042102,GO:0042269,GO:0042307,GO:0043066,GO:0043270,GO:0043410,GO:0044320,GO:0045471,GO:0045765,GO:0045906,GO:0046325,GO:0046427,GO:0046628,GO:0046850,GO:0046881,GO:0048639,GO:0050892,GO:0050901,GO:0050999,GO:0051051,GO:0051726,GO:0051897,GO:0060587,GO:0061037,GO:0070093,GO:0071298,GO:0071300,GO:0090335,GO:0097009,GO:0097696,GO:0098868,GO:0120162,GO:1900015,GO:1900745,GO:1904651,GO:1990051,GO:2000379,GO:2000486,GO:2000491
25	GO:0000122,GO:0001774,GO:0001878,GO:0002265,GO:0006357,GO:0006417,GO:0006816,GO:0006878,GO:0006897,GO:0006915,GO:0007155,GO:0007186,GO:0007189,GO:0007193,GO:0007219,GO:0007409,GO:0007417,GO:0007611,GO:0007612,GO:0007613,GO:0007617,GO:0007626,GO:0008088,GO:0008285,GO:0008306,GO:0008344,GO:0008542,GO:0010288,GO:0010468,GO:0010604,GO:0010628,GO:0010629,GO:0014005,GO:0016199,GO:0016322,GO:0016358,GO:0019722,GO:0019731,GO:0019732,GO:0030111,GO:0030178,GO:0030198,GO:0031175,GO:0031583,GO:0032224,GO:0032722,GO:0032729,GO:0032731,GO:0032755,GO:0032760,GO:0032930,GO:0034121,GO:0035235,GO:0036269,GO:0040014,GO:0042157,GO:0043065,GO:0043408,GO:0043410,GO:0043523,GO:0043525,GO:0045087,GO:0045429,GO:0045471,GO:0045666,GO:0045745,GO:0045752,GO:0045821,GO:0045931,GO:0045944,GO:0046330,GO:0048143,GO:0048169,GO:0048669,GO:0050729,GO:0050803,GO:0050808,GO:0050829,GO:0050830,GO:0050850,GO:0050867,GO:0050890,GO:0050918,GO:0051044,GO:0051246,GO:0051247,GO:0051260,GO:0051262,GO:0051580,GO:0051897,GO:0055096,GO:0061844,GO:0070206,GO:0070374,GO:0070555,GO:0071280,GO:0071287,GO:0071320,GO:0071874,GO:0090026,GO:0090090,GO:0098815,GO:0098989,GO:0110088,GO:0141137,GO:0141163,GO:0150003,GO:1900181,GO:1900221,GO:1900272,GO:1900273,GO:1900454,GO:1901224,GO:1902894,GO:1902950,GO:1902951,GO:1902993,GO:1903381,GO:1903523,GO:1904022,GO:1904472,GO:1904591,GO:1904646,GO:1905606,GO:1905898,GO:1905906,GO:1905908,GO:1905945,GO:1990000,GO:1990090,GO:1990418,GO:1990535,GO:2000406,GO:2000463,GO:2001238	GO:0001570,GO:0001657,GO:0001666,GO:0001763,GO:0001837,GO:0001843,GO:0002040,GO:0002062,GO:0002244,GO:0002248,GO:0002460,GO:0002859,GO:0003179,GO:0003180,GO:0006611,GO:0006754,GO:0006796,GO:0007179,GO:0007406,GO:0007435,GO:0007507,GO:0007565,GO:0008284,GO:0008285,GO:0009410,GO:0009611,GO:0009749,GO:0010332,GO:0010575,GO:0010628,GO:0010629,GO:0010716,GO:0010718,GO:0010742,GO:0010763,GO:0010936,GO:0014003,GO:0014008,GO:0016202,GO:0021915,GO:0030154,GO:0030214,GO:0030308,GO:0030334,GO:0030335,GO:0031100,GO:0031293,GO:0031334,GO:0031536,GO:0032355,GO:0032570,GO:0032667,GO:0032700,GO:0032740,GO:0032755,GO:0032760,GO:0032801,GO:0032930,GO:0032967,GO:0033280,GO:0034616,GO:0035902,GO:0036120,GO:0036446,GO:0042127,GO:0042306,GO:0042307,GO:0042475,GO:0042552,GO:0043065,GO:0043117,GO:0043123,GO:0043410,GO:0043536,GO:0043537,GO:0045066,GO:0045216,GO:0045471,GO:0045591,GO:0045596,GO:0045597,GO:0045599,GO:0045662,GO:0045742,GO:0045786,GO:0045892,GO:0045893,GO:0045944,GO:0048298,GO:0048535,GO:0048565,GO:0048642,GO:0048661,GO:0048839,GO:0050679,GO:0050680,GO:0050714,GO:0050729,GO:0050765,GO:0050832,GO:0050921,GO:0051130,GO:0051240,GO:0051247,GO:0051280,GO:0051781,GO:0051897,GO:0055010,GO:0060312,GO:0060325,GO:0060364,GO:0060391,GO:0070168,GO:0070374,GO:0070723,GO:0071260,GO:0071333,GO:0071363,GO:0071404,GO:0071456,GO:0071479,GO:0071549,GO:0071560,GO:0071677,GO:0071895,GO:0085029,GO:0090190,GO:0090263,GO:0097191,GO:0097421,GO:0098586,GO:0141091,GO:1900126,GO:1900182,GO:1901203,GO:1902074,GO:1902462,GO:1902894,GO:1902895,GO:1903077,GO:1904018,GO:1904894,GO:1905641,GO:1990314,GO:1990402,GO:2000048,GO:2000343,GO:2000353,GO:2000636,GO:2000727
25	GO:0000122,GO:0001569,GO:0001570,GO:0001656,GO:0001658,GO:0001708,GO:0001755,GO:0001947,GO:0002320,GO:0003140,GO:0006508,GO:0007224,GO:0007267,GO:0007389,GO:0007405,GO:0007411,GO:0007417,GO:0007418,GO:0007507,GO:0008209,GO:0008284,GO:0009880,GO:0009888,GO:0009949,GO:0009953,GO:0010468,GO:0010629,GO:0016539,GO:0016540,GO:0021930,GO:0030162,GO:0030182,GO:0030324,GO:0030326,GO:0030336,GO:0030539,GO:0030850,GO:0030900,GO:0030901,GO:0030902,GO:0033077,GO:0033089,GO:0033092,GO:0035295,GO:0042127,GO:0042481,GO:0042733,GO:0043066,GO:0043369,GO:0045059,GO:0045060,GO:0045165,GO:0045596,GO:0045880,GO:0045893,GO:0045944,GO:0046638,GO:0048468,GO:0048513,GO:0048538,GO:0048663,GO:0048709,GO:0048745,GO:0048754,GO:0048864,GO:0050793,GO:0051781,GO:0060684,GO:0061053,GO:0061189,GO:0071542,GO:0072136,GO:0072205,GO:0090370,GO:0097190,GO:0097264,GO:1900107,GO:1900180,GO:1904339,GO:2000062,GO:2000063,GO:2000357,GO:2000358,GO:2000729	GO:0001568,GO:0001819,GO:0001937,GO:0001960,GO:0007566,GO:0008284,GO:0008360,GO:0010596,GO:0010613,GO:0010614,GO:0010628,GO:0010629,GO:0010667,GO:0010718,GO:0010804,GO:0010838,GO:0016525,GO:0030334,GO:0030335,GO:0030336,GO:0030509,GO:0030511,GO:0031346,GO:0032480,GO:0032695,GO:0032705,GO:0032963,GO:0034392,GO:0035021,GO:0035024,GO:0035195,GO:0035278,GO:0036166,GO:0042058,GO:0042104,GO:0043066,GO:0043409,GO:0045590,GO:0045600,GO:0045603,GO:0045669,GO:0045766,GO:0045824,GO:0045930,GO:0050729,GO:0051497,GO:0051896,GO:0051897,GO:0060339,GO:0060940,GO:0061037,GO:0061154,GO:0070373,GO:0070374,GO:0071222,GO:0071479,GO:0071480,GO:0098586,GO:0106016,GO:1900017,GO:1900039,GO:1900082,GO:1900748,GO:1901223,GO:1901299,GO:1902254,GO:1902514,GO:1902731,GO:1903053,GO:1903427,GO:1903589,GO:1903766,GO:1904639,GO:1904695,GO:1904707,GO:1904728,GO:1904753,GO:1904754,GO:1904762,GO:1904827,GO:1904830,GO:1904996,GO:1905065,GO:1905460,GO:1905564,GO:1905955,GO:1990009,GO:2000318,GO:2000321,GO:2000377
25	GO:0000165,GO:0006468,GO:0006897,GO:0006914,GO:0006979,GO:0007005,GO:0007029,GO:0007030,GO:0007040,GO:0007166,GO:0007254,GO:0007266,GO:0007283,GO:0007528,GO:0008104,GO:0008340,GO:0009267,GO:0009653,GO:0009968,GO:0010468,GO:0010506,GO:0010508,GO:0010955,GO:0010977,GO:0014041,GO:0016192,GO:0016242,GO:0019722,GO:0021756,GO:0021772,GO:0022028,GO:0030154,GO:0030162,GO:0030182,GO:0031344,GO:0031398,GO:0031647,GO:0032436,GO:0032760,GO:0034260,GO:0034599,GO:0034614,GO:0035542,GO:0035556,GO:0035564,GO:0035640,GO:0035641,GO:0035751,GO:0040012,GO:0042391,GO:0043068,GO:0043410,GO:0046039,GO:0046777,GO:0048312,GO:0048513,GO:0048812,GO:0050804,GO:0051239,GO:0051247,GO:0051646,GO:0051900,GO:0051966,GO:0060070,GO:0060079,GO:0060159,GO:0060161,GO:0060627,GO:0060628,GO:0060828,GO:0061001,GO:0070585,GO:0070973,GO:0071287,GO:0090140,GO:0090263,GO:0090394,GO:0140058,GO:0141161,GO:1900242,GO:1900244,GO:1901030,GO:1902236,GO:1902499,GO:1902531,GO:1902692,GO:1902803,GO:1902823,GO:1902902,GO:1903351,GO:1903748,GO:1903980,GO:1904644,GO:1904887,GO:1905279,GO:1905289,GO:1905504,GO:2000172,GO:2000300,GO:2000377	GO:0001568,GO:0001819,GO:0001937,GO:0001960,GO:0007566,GO:0008284,GO:0008360,GO:0010596,GO:0010613,GO:0010614,GO:0010628,GO:0010629,GO:0010667,GO:0010718,GO:0010804,GO:0010838,GO:0016525,GO:0030334,GO:0030335,GO:0030336,GO:0030509,GO:0030511,GO:0031346,GO:0032480,GO:0032695,GO:0032705,GO:0032963,GO:0034392,GO:0035021,GO:0035024,GO:0035195,GO:0035278,GO:0036166,GO:0042058,GO:0042104,GO:0043066,GO:0043409,GO:0045590,GO:0045600,GO:0045603,GO:0045669,GO:0045766,GO:0045824,GO:0045930,GO:0050729,GO:0051497,GO:0051896,GO:0051897,GO:0060339,GO:0060940,GO:0061037,GO:0061154,GO:0070373,GO:0070374,GO:0071222,GO:0071479,GO:0071480,GO:0098586,GO:0106016,GO:1900017,GO:1900039,GO:1900082,GO:1900748,GO:1901223,GO:1901299,GO:1902254,GO:1902514,GO:1902731,GO:1903053,GO:1903427,GO:1903589,GO:1903766,GO:1904639,GO:1904695,GO:1904707,GO:1904728,GO:1904753,GO:1904754,GO:1904762,GO:1904827,GO:1904830,GO:1904996,GO:1905065,GO:1905460,GO:1905564,GO:1905955,GO:1990009,GO:2000318,GO:2000321,GO:2000377
25	GO:0000012,GO:0000122,GO:0000183,GO:0000720,GO:0000731,GO:0001525,GO:0001678,GO:0001934,GO:0001938,GO:0002821,GO:0006325,GO:0006346,GO:0006476,GO:0006642,GO:0006915,GO:0006974,GO:0006979,GO:0007179,GO:0007346,GO:0007517,GO:0007623,GO:0008284,GO:0008630,GO:0009267,GO:0010629,GO:0010824,GO:0010868,GO:0010875,GO:0010883,GO:0010906,GO:0016239,GO:0016567,GO:0018394,GO:0030154,GO:0030225,GO:0030512,GO:0030968,GO:0031393,GO:0031507,GO:0031509,GO:0031648,GO:0032007,GO:0032071,GO:0032436,GO:0032868,GO:0032922,GO:0033210,GO:0034391,GO:0035331,GO:0035356,GO:0035358,GO:0042127,GO:0042149,GO:0042326,GO:0042542,GO:0042632,GO:0042771,GO:0042981,GO:0043065,GO:0043066,GO:0043124,GO:0043161,GO:0043518,GO:0043536,GO:0044321,GO:0045348,GO:0045599,GO:0045722,GO:0045739,GO:0045766,GO:0045786,GO:0045892,GO:0045944,GO:0046015,GO:0046628,GO:0046890,GO:0048511,GO:0050793,GO:0050872,GO:0051152,GO:0051239,GO:0051658,GO:0051897,GO:0051898,GO:0055089,GO:0060766,GO:0060907,GO:0062013,GO:0070301,GO:0070857,GO:0070914,GO:0071356,GO:0071456,GO:0071479,GO:0090335,GO:0090400,GO:0097009,GO:0106230,GO:0140861,GO:1900034,GO:1901797,GO:1901984,GO:1902166,GO:1902176,GO:1902237,GO:1902424,GO:1904179,GO:2000111,GO:2000481,GO:2000655,GO:2000757,GO:2000773,GO:2000774,GO:2000781	GO:0000122,GO:0001666,GO:0001774,GO:0001819,GO:0001937,GO:0001975,GO:0002037,GO:0002281,GO:0002439,GO:0002639,GO:0002700,GO:0002719,GO:0003009,GO:0003085,GO:0006325,GO:0006954,GO:0006955,GO:0007259,GO:0007623,GO:0008285,GO:0008625,GO:0008630,GO:0009410,GO:0009612,GO:0009615,GO:0009617,GO:0009651,GO:0009750,GO:0010459,GO:0010573,GO:0010628,GO:0010629,GO:0010744,GO:0010888,GO:0014823,GO:0019722,GO:0031334,GO:0031349,GO:0031622,GO:0031642,GO:0031667,GO:0032496,GO:0032715,GO:0032722,GO:0032724,GO:0032731,GO:0032741,GO:0032755,GO:0032757,GO:0033209,GO:0034116,GO:0034138,GO:0035900,GO:0036005,GO:0042127,GO:0042311,GO:0043065,GO:0043066,GO:0043068,GO:0043122,GO:0043123,GO:0043243,GO:0043410,GO:0043525,GO:0043537,GO:0045071,GO:0045087,GO:0045429,GO:0045471,GO:0045598,GO:0045599,GO:0045668,GO:0045672,GO:0045732,GO:0045760,GO:0045785,GO:0045840,GO:0045892,GO:0045893,GO:0045930,GO:0045944,GO:0046325,GO:0046330,GO:0046677,GO:0048143,GO:0048566,GO:0048661,GO:0050729,GO:0050768,GO:0050793,GO:0050796,GO:0050804,GO:0050806,GO:0050807,GO:0050890,GO:0050901,GO:0050966,GO:0050995,GO:0051044,GO:0051046,GO:0051222,GO:0051239,GO:0051384,GO:0051798,GO:0051897,GO:0051966,GO:0060252,GO:0060557,GO:0061044,GO:0061048,GO:0070374,GO:0070886,GO:0071219,GO:0071222,GO:0071300,GO:0071316,GO:0071346,GO:0071479,GO:0071677,GO:0071803,GO:0072577,GO:0072659,GO:0090324,GO:0090594,GO:0097191,GO:0097237,GO:0097421,GO:0097527,GO:0120190,GO:0140374,GO:0140460,GO:0150078,GO:0150129,GO:1900017,GO:1900222,GO:1901224,GO:1901647,GO:1902004,GO:1902065,GO:1902565,GO:1902894,GO:1902895,GO:1903078,GO:1903140,GO:1903347,GO:1903829,GO:1904638,GO:1904646,GO:1904707,GO:1904880,GO:1904996,GO:1904999,GO:1905235,GO:1905242,GO:1990268,GO:2000010,GO:2000334,GO:2000343,GO:2000347,GO:2000351,GO:2000377,GO:2000573,GO:2001234,GO:2001238,GO:2001240
25	GO:0000302,GO:0001523,GO:0001937,GO:0006629,GO:0006641,GO:0006869,GO:0006898,GO:0007010,GO:0007186,GO:0007271,GO:0007616,GO:0008202,GO:0008203,GO:0010544,GO:0010596,GO:0010629,GO:0010642,GO:0010875,GO:0010877,GO:0010976,GO:0010977,GO:0015909,GO:0017038,GO:0019068,GO:0030195,GO:0030516,GO:0031175,GO:0032438,GO:0032489,GO:0032805,GO:0033344,GO:0033700,GO:0034372,GO:0034374,GO:0034375,GO:0034380,GO:0034382,GO:0034384,GO:0034447,GO:0035641,GO:0038060,GO:0042157,GO:0042158,GO:0042632,GO:0042981,GO:0042982,GO:0043254,GO:0043409,GO:0043537,GO:0043691,GO:0044794,GO:0045088,GO:0045429,GO:0045541,GO:0045807,GO:0045893,GO:0046889,GO:0048168,GO:0048662,GO:0050709,GO:0050728,GO:0050807,GO:0051044,GO:0051055,GO:0051246,GO:0051248,GO:0055089,GO:0055090,GO:0060999,GO:0061000,GO:0061136,GO:0061771,GO:0070328,GO:0070374,GO:0071402,GO:0071830,GO:0071831,GO:0090090,GO:0090181,GO:0090205,GO:0090370,GO:0097006,GO:0097113,GO:0097114,GO:0098869,GO:0140077,GO:1900221,GO:1900223,GO:1900272,GO:1901627,GO:1901631,GO:1902004,GO:1902430,GO:1902951,GO:1902952,GO:1902991,GO:1902995,GO:1902998,GO:1902999,GO:1903001,GO:1903002,GO:1905890,GO:1905906,GO:1905907,GO:1905908,GO:2000822	GO:0000122,GO:0000165,GO:0001649,GO:0001657,GO:0001666,GO:0001836,GO:0006355,GO:0006357,GO:0006955,GO:0007179,GO:0007254,GO:0008285,GO:0009653,GO:0010332,GO:0010467,GO:0010628,GO:0010629,GO:0010718,GO:0023019,GO:0030154,GO:0030279,GO:0030308,GO:0030325,GO:0030335,GO:0030501,GO:0031053,GO:0031665,GO:0032332,GO:0032502,GO:0032731,GO:0032909,GO:0032916,GO:0032924,GO:0033689,GO:0036120,GO:0038092,GO:0042060,GO:0042110,GO:0042177,GO:0042220,GO:0042307,GO:0043066,GO:0045216,GO:0045429,GO:0045596,GO:0045599,GO:0045893,GO:0045944,GO:0050728,GO:0050776,GO:0050821,GO:0050927,GO:0051481,GO:0051496,GO:0051881,GO:0051894,GO:0060290,GO:0060391,GO:0060395,GO:0061001,GO:0061045,GO:0061450,GO:0061767,GO:0071333,GO:0071363,GO:0071560,GO:0071635,GO:0090263,GO:0097190,GO:0097191,GO:0097305,GO:0098586,GO:0141091,GO:1901203,GO:1902893,GO:1902894,GO:1902895,GO:1903243,GO:1990776
25	GO:0000122,GO:0000209,GO:0000266,GO:0000422,GO:0000423,GO:0006511,GO:0006513,GO:0006914,GO:0006979,GO:0006986,GO:0007005,GO:0007417,GO:0008344,GO:0009410,GO:0009896,GO:0010498,GO:0010506,GO:0010628,GO:0010629,GO:0010636,GO:0010637,GO:0010821,GO:0010906,GO:0010918,GO:0010994,GO:0014059,GO:0014850,GO:0016236,GO:0016567,GO:0016579,GO:0022603,GO:0030163,GO:0031396,GO:0031647,GO:0031648,GO:0032232,GO:0032368,GO:0032436,GO:0033132,GO:0034599,GO:0034620,GO:0034976,GO:0035519,GO:0035774,GO:0036503,GO:0042053,GO:0042417,GO:0043065,GO:0043123,GO:0043161,GO:0043524,GO:0043653,GO:0044314,GO:0044828,GO:0045732,GO:0045944,GO:0046329,GO:0046676,GO:0050804,GO:0050821,GO:0051412,GO:0051582,GO:0051646,GO:0051865,GO:0051881,GO:0051967,GO:0060544,GO:0060828,GO:0061734,GO:0070050,GO:0070534,GO:0070585,GO:0070842,GO:0070936,GO:0070979,GO:0071287,GO:0080090,GO:0085020,GO:0090090,GO:0090141,GO:0090201,GO:0090258,GO:0090394,GO:0097237,GO:0099072,GO:0099074,GO:0140251,GO:1900242,GO:1900407,GO:1901526,GO:1901800,GO:1902236,GO:1902254,GO:1902530,GO:1902803,GO:1903265,GO:1903351,GO:1903377,GO:1903382,GO:1903427,GO:1903530,GO:1903542,GO:1903747,GO:1903861,GO:1904049,GO:1904643,GO:1904845,GO:1904881,GO:1905091,GO:1905232,GO:1905281,GO:1905366,GO:1905477,GO:1990000,GO:2000377,GO:2000378,GO:2001171	GO:0000122,GO:0002244,GO:0006289,GO:0006355,GO:0006357,GO:0006914,GO:0006915,GO:0006974,GO:0006979,GO:0006983,GO:0007265,GO:0007623,GO:0008104,GO:0008285,GO:0008340,GO:0009299,GO:0009410,GO:0009411,GO:0010212,GO:0010332,GO:0010628,GO:0012501,GO:0016032,GO:0030308,GO:0030330,GO:0031571,GO:0032211,GO:0033209,GO:0034644,GO:0042149,GO:0042771,GO:0042981,GO:0043065,GO:0043066,GO:0043153,GO:0045815,GO:0045892,GO:0045893,GO:0045899,GO:0045944,GO:0046677,GO:0048147,GO:0048511,GO:0048512,GO:0048539,GO:0051053,GO:0051097,GO:0051262,GO:0051726,GO:0060218,GO:0060333,GO:0062100,GO:0065003,GO:0070059,GO:0070245,GO:0071456,GO:0071466,GO:0071479,GO:0071480,GO:0072331,GO:0072332,GO:0072717,GO:0090200,GO:0090398,GO:0090399,GO:0090403,GO:0097190,GO:0097193,GO:0097252,GO:1900119,GO:1902749,GO:1902895,GO:1903451,GO:1905856,GO:2000379,GO:2000774,GO:2001242,GO:2001244
25	GO:0000122,GO:0000209,GO:0000266,GO:0000422,GO:0000423,GO:0006511,GO:0006513,GO:0006914,GO:0006979,GO:0006986,GO:0007005,GO:0007417,GO:0008344,GO:0009410,GO:0009896,GO:0010498,GO:0010506,GO:0010628,GO:0010629,GO:0010636,GO:0010637,GO:0010821,GO:0010906,GO:0010918,GO:0010994,GO:0014059,GO:0014850,GO:0016236,GO:0016567,GO:0016579,GO:0022603,GO:0030163,GO:0031396,GO:0031647,GO:0031648,GO:0032232,GO:0032368,GO:0032436,GO:0033132,GO:0034599,GO:0034620,GO:0034976,GO:0035519,GO:0035774,GO:0036503,GO:0042053,GO:0042417,GO:0043065,GO:0043123,GO:0043161,GO:0043524,GO:0043653,GO:0044314,GO:0044828,GO:0045732,GO:0045944,GO:0046329,GO:0046676,GO:0050804,GO:0050821,GO:0051412,GO:0051582,GO:0051646,GO:0051865,GO:0051881,GO:0051967,GO:0060544,GO:0060828,GO:0061734,GO:0070050,GO:0070534,GO:0070585,GO:0070842,GO:0070936,GO:0070979,GO:0071287,GO:0080090,GO:0085020,GO:0090090,GO:0090141,GO:0090201,GO:0090258,GO:0090394,GO:0097237,GO:0099072,GO:0099074,GO:0140251,GO:1900242,GO:1900407,GO:1901526,GO:1901800,GO:1902236,GO:1902254,GO:1902530,GO:1902803,GO:1903265,GO:1903351,GO:1903377,GO:1903382,GO:1903427,GO:1903530,GO:1903542,GO:1903747,GO:1903861,GO:1904049,GO:1904643,GO:1904845,GO:1904881,GO:1905091,GO:1905232,GO:1905281,GO:1905366,GO:1905477,GO:1990000,GO:2000377,GO:2000378,GO:2001171	GO:0000122,GO:0001569,GO:0001570,GO:0001656,GO:0001658,GO:0001708,GO:0001755,GO:0001947,GO:0002320,GO:0003140,GO:0006508,GO:0007224,GO:0007267,GO:0007389,GO:0007405,GO:0007411,GO:0007417,GO:0007418,GO:0007507,GO:0008209,GO:0008284,GO:0009880,GO:0009888,GO:0009949,GO:0009953,GO:0010468,GO:0010629,GO:0016539,GO:0016540,GO:0021930,GO:0030162,GO:0030182,GO:0030324,GO:0030326,GO:0030336,GO:0030539,GO:0030850,GO:0030900,GO:0030901,GO:0030902,GO:0033077,GO:0033089,GO:0033092,GO:0035295,GO:0042127,GO:0042481,GO:0042733,GO:0043066,GO:0043369,GO:0045059,GO:0045060,GO:0045165,GO:0045596,GO:0045880,GO:0045893,GO:0045944,GO:0046638,GO:0048468,GO:0048513,GO:0048538,GO:0048663,GO:0048709,GO:0048745,GO:0048754,GO:0048864,GO:0050793,GO:0051781,GO:0060684,GO:0061053,GO:0061189,GO:0071542,GO:0072136,GO:0072205,GO:0090370,GO:0097190,GO:0097264,GO:1900107,GO:1900180,GO:1904339,GO:2000062,GO:2000063,GO:2000357,GO:2000358,GO:2000729
25	GO:0000165,GO:0006468,GO:0006897,GO:0006914,GO:0006979,GO:0007005,GO:0007029,GO:0007030,GO:0007040,GO:0007166,GO:0007254,GO:0007266,GO:0007283,GO:0007528,GO:0008104,GO:0008340,GO:0009267,GO:0009653,GO:0009968,GO:0010468,GO:0010506,GO:0010508,GO:0010955,GO:0010977,GO:0014041,GO:0016192,GO:0016242,GO:0019722,GO:0021756,GO:0021772,GO:0022028,GO:0030154,GO:0030162,GO:0030182,GO:0031344,GO:0031398,GO:0031647,GO:0032436,GO:0032760,GO:0034260,GO:0034599,GO:0034614,GO:0035542,GO:0035556,GO:0035564,GO:0035640,GO:0035641,GO:0035751,GO:0040012,GO:0042391,GO:0043068,GO:0043410,GO:0046039,GO:0046777,GO:0048312,GO:0048513,GO:0048812,GO:0050804,GO:0051239,GO:0051247,GO:0051646,GO:0051900,GO:0051966,GO:0060070,GO:0060079,GO:0060159,GO:0060161,GO:0060627,GO:0060628,GO:0060828,GO:0061001,GO:0070585,GO:0070973,GO:0071287,GO:0090140,GO:0090263,GO:0090394,GO:0140058,GO:0141161,GO:1900242,GO:1900244,GO:1901030,GO:1902236,GO:1902499,GO:1902531,GO:1902692,GO:1902803,GO:1902823,GO:1902902,GO:1903351,GO:1903748,GO:1903980,GO:1904644,GO:1904887,GO:1905279,GO:1905289,GO:1905504,GO:2000172,GO:2000300,GO:2000377	GO:0000122,GO:0000165,GO:0001649,GO:0001657,GO:0001666,GO:0001836,GO:0006355,GO:0006357,GO:0006955,GO:0007179,GO:0007254,GO:0008285,GO:0009653,GO:0010332,GO:0010467,GO:0010628,GO:0010629,GO:0010718,GO:0023019,GO:0030154,GO:0030279,GO:0030308,GO:0030325,GO:0030335,GO:0030501,GO:0031053,GO:0031665,GO:0032332,GO:0032502,GO:0032731,GO:0032909,GO:0032916,GO:0032924,GO:0033689,GO:0036120,GO:0038092,GO:0042060,GO:0042110,GO:0042177,GO:0042220,GO:0042307,GO:0043066,GO:0045216,GO:0045429,GO:0045596,GO:0045599,GO:0045893,GO:0045944,GO:0050728,GO:0050776,GO:0050821,GO:0050927,GO:0051481,GO:0051496,GO:0051881,GO:0051894,GO:0060290,GO:0060391,GO:0060395,GO:0061001,GO:0061045,GO:0061450,GO:0061767,GO:0071333,GO:0071363,GO:0071560,GO:0071635,GO:0090263,GO:0097190,GO:0097191,GO:0097305,GO:0098586,GO:0141091,GO:1901203,GO:1902893,GO:1902894,GO:1902895,GO:1903243,GO:1990776
25	GO:0000302,GO:0001523,GO:0001937,GO:0006629,GO:0006641,GO:0006869,GO:0006898,GO:0007010,GO:0007186,GO:0007271,GO:0007616,GO:0008202,GO:0008203,GO:0010544,GO:0010596,GO:0010629,GO:0010642,GO:0010875,GO:0010877,GO:0010976,GO:0010977,GO:0015909,GO:0017038,GO:0019068,GO:0030195,GO:0030516,GO:0031175,GO:0032438,GO:0032489,GO:0032805,GO:0033344,GO:0033700,GO:0034372,GO:0034374,GO:0034375,GO:0034380,GO:0034382,GO:0034384,GO:0034447,GO:0035641,GO:0038060,GO:0042157,GO:0042158,GO:0042632,GO:0042981,GO:0042982,GO:0043254,GO:0043409,GO:0043537,GO:0043691,GO:0044794,GO:0045088,GO:0045429,GO:0045541,GO:0045807,GO:0045893,GO:0046889,GO:0048168,GO:0048662,GO:0050709,GO:0050728,GO:0050807,GO:0051044,GO:0051055,GO:0051246,GO:0051248,GO:0055089,GO:0055090,GO:0060999,GO:0061000,GO:0061136,GO:0061771,GO:0070328,GO:0070374,GO:0071402,GO:0071830,GO:0071831,GO:0090090,GO:0090181,GO:0090205,GO:0090370,GO:0097006,GO:0097113,GO:0097114,GO:0098869,GO:0140077,GO:1900221,GO:1900223,GO:1900272,GO:1901627,GO:1901631,GO:1902004,GO:1902430,GO:1902951,GO:1902952,GO:1902991,GO:1902995,GO:1902998,GO:1902999,GO:1903001,GO:1903002,GO:1905890,GO:1905906,GO:1905907,GO:1905908,GO:2000822	GO:0000122,GO:0002244,GO:0006289,GO:0006355,GO:0006357,GO:0006914,GO:0006915,GO:0006974,GO:0006979,GO:0006983,GO:0007265,GO:0007623,GO:0008104,GO:0008285,GO:0008340,GO:0009299,GO:0009410,GO:0009411,GO:0010212,GO:0010332,GO:0010628,GO:0012501,GO:0016032,GO:0030308,GO:0030330,GO:0031571,GO:0032211,GO:0033209,GO:0034644,GO:0042149,GO:0042771,GO:0042981,GO:0043065,GO:0043066,GO:0043153,GO:0045815,GO:0045892,GO:0045893,GO:0045899,GO:0045944,GO:0046677,GO:0048147,GO:0048511,GO:0048512,GO:0048539,GO:0051053,GO:0051097,GO:0051262,GO:0051726,GO:0060218,GO:0060333,GO:0062100,GO:0065003,GO:0070059,GO:0070245,GO:0071456,GO:0071466,GO:0071479,GO:0071480,GO:0072331,GO:0072332,GO:0072717,GO:0090200,GO:0090398,GO:0090399,GO:0090403,GO:0097190,GO:0097193,GO:0097252,GO:1900119,GO:1902749,GO:1902895,GO:1903451,GO:1905856,GO:2000379,GO:2000774,GO:2001242,GO:2001244
50	GO:0000165,GO:0006468,GO:0006897,GO:0006914,GO:0006979,GO:0007005,GO:0007029,GO:0007030,GO:0007040,GO:0007166,GO:0007254,GO:0007266,GO:0007283,GO:0007528,GO:0008104,GO:0008340,GO:0009267,GO:0009653,GO:0009968,GO:0010468,GO:0010506,GO:0010508,GO:0010955,GO:0010977,GO:0014041,GO:0016192,GO:0016242,GO:0019722,GO:0021756,GO:0021772,GO:0022028,GO:0030154,GO:0030162,GO:0030182,GO:0031344,GO:0031398,GO:0031647,GO:0032436,GO:0032760,GO:0034260,GO:0034599,GO:0034614,GO:0035542,GO:0035556,GO:0035564,GO:0035640,GO:0035641,GO:0035751,GO:0040012,GO:0042391,GO:0043068,GO:0043410,GO:0046039,GO:0046777,GO:0048312,GO:0048513,GO:0048812,GO:0050804,GO:0051239,GO:0051247,GO:0051646,GO:0051900,GO:0051966,GO:0060070,GO:0060079,GO:0060159,GO:0060161,GO:0060627,GO:0060628,GO:0060828,GO:0061001,GO:0070585,GO:0070973,GO:0071287,GO:0090140,GO:0090263,GO:0090394,GO:0140058,GO:0141161,GO:1900242,GO:1900244,GO:1901030,GO:1902236,GO:1902499,GO:1902531,GO:1902692,GO:1902803,GO:1902823,GO:1902902,GO:1903351,GO:1903748,GO:1903980,GO:1904644,GO:1904887,GO:1905279,GO:1905289,GO:1905504,GO:2000172,GO:2000300,GO:2000377	GO:0001570,GO:0001657,GO:0001666,GO:0001763,GO:0001837,GO:0001843,GO:0002040,GO:0002062,GO:0002244,GO:0002248,GO:0002460,GO:0002859,GO:0003179,GO:0003180,GO:0006611,GO:0006754,GO:0006796,GO:0007179,GO:0007406,GO:0007435,GO:0007507,GO:0007565,GO:0008284,GO:0008285,GO:0009410,GO:0009611,GO:0009749,GO:0010332,GO:0010575,GO:0010628,GO:0010629,GO:0010716,GO:0010718,GO:0010742,GO:0010763,GO:0010936,GO:0014003,GO:0014008,GO:0016202,GO:0021915,GO:0030154,GO:0030214,GO:0030308,GO:0030334,GO:0030335,GO:0031100,GO:0031293,GO:0031334,GO:0031536,GO:0032355,GO:0032570,GO:0032667,GO:0032700,GO:0032740,GO:0032755,GO:0032760,GO:0032801,GO:0032930,GO:0032967,GO:0033280,GO:0034616,GO:0035902,GO:0036120,GO:0036446,GO:0042127,GO:0042306,GO:0042307,GO:0042475,GO:0042552,GO:0043065,GO:0043117,GO:0043123,GO:0043410,GO:0043536,GO:0043537,GO:0045066,GO:0045216,GO:0045471,GO:0045591,GO:0045596,GO:0045597,GO:0045599,GO:0045662,GO:0045742,GO:0045786,GO:0045892,GO:0045893,GO:0045944,GO:0048298,GO:0048535,GO:0048565,GO:0048642,GO:0048661,GO:0048839,GO:0050679,GO:0050680,GO:0050714,GO:0050729,GO:0050765,GO:0050832,GO:0050921,GO:0051130,GO:0051240,GO:0051247,GO:0051280,GO:0051781,GO:0051897,GO:0055010,GO:0060312,GO:0060325,GO:0060364,GO:0060391,GO:0070168,GO:0070374,GO:0070723,GO:0071260,GO:0071333,GO:0071363,GO:0071404,GO:0071456,GO:0071479,GO:0071549,GO:0071560,GO:0071677,GO:0071895,GO:0085029,GO:0090190,GO:0090263,GO:0097191,GO:0097421,GO:0098586,GO:0141091,GO:1900126,GO:1900182,GO:1901203,GO:1902074,GO:1902462,GO:1902894,GO:1902895,GO:1903077,GO:1904018,GO:1904894,GO:1905641,GO:1990314,GO:1990402,GO:2000048,GO:2000343,GO:2000353,GO:2000636,GO:2000727
50	GO:0000122,GO:0001774,GO:0001878,GO:0002265,GO:0006357,GO:0006417,GO:0006816,GO:0006878,GO:0006897,GO:0006915,GO:0007155,GO:0007186,GO:0007189,GO:0007193,GO:0007219,GO:0007409,GO:0007417,GO:0007611,GO:0007612,GO:0007613,GO:0007617,GO:0007626,GO:0008088,GO:0008285,GO:0008306,GO:0008344,GO:0008542,GO:0010288,GO:0010468,GO:0010604,GO:0010628,GO:0010629,GO:0014005,GO:0016199,GO:0016322,GO:0016358,GO:0019722,GO:0019731,GO:0019732,GO:0030111,GO:0030178,GO:0030198,GO:0031175,GO:0031583,GO:0032224,GO:0032722,GO:0032729,GO:0032731,GO:0032755,GO:0032760,GO:0032930,GO:0034121,GO:0035235,GO:0036269,GO:0040014,GO:0042157,GO:0043065,GO:0043408,GO:0043410,GO:0043523,GO:0043525,GO:0045087,GO:0045429,GO:0045471,GO:0045666,GO:0045745,GO:0045752,GO:0045821,GO:0045931,GO:0045944,GO:0046330,GO:0048143,GO:0048169,GO:0048669,GO:0050729,GO:0050803,GO:0050808,GO:0050829,GO:0050830,GO:0050850,GO:0050867,GO:0050890,GO:0050918,GO:0051044,GO:0051246,GO:0051247,GO:0051260,GO:0051262,GO:0051580,GO:0051897,GO:0055096,GO:0061844,GO:0070206,GO:0070374,GO:0070555,GO:0071280,GO:0071287,GO:0071320,GO:0071874,GO:0090026,GO:0090090,GO:0098815,GO:0098989,GO:0110088,GO:0141137,GO:0141163,GO:0150003,GO:1900181,GO:1900221,GO:1900272,GO:1900273,GO:1900454,GO:1901224,GO:1902894,GO:1902950,GO:1902951,GO:1902993,GO:1903381,GO:1903523,GO:1904022,GO:1904472,GO:1904591,GO:1904646,GO:1905606,GO:1905898,GO:1905906,GO:1905908,GO:1905945,GO:1990000,GO:1990090,GO:1990418,GO:1990535,GO:2000406,GO:2000463,GO:2001238	GO:0000122,GO:0001659,GO:0001666,GO:0001754,GO:0001817,GO:0002317,GO:0002931,GO:0006355,GO:0006357,GO:0006606,GO:0006952,GO:0006953,GO:0006954,GO:0006955,GO:0007165,GO:0007179,GO:0007259,GO:0007399,GO:0008284,GO:0010507,GO:0010575,GO:0010628,GO:0010629,GO:0010730,GO:0019221,GO:0030154,GO:0030335,GO:0030522,GO:0030968,GO:0032355,GO:0032731,GO:0032733,GO:0032755,GO:0032757,GO:0032760,GO:0032870,GO:0033210,GO:0034097,GO:0035723,GO:0038110,GO:0038113,GO:0038154,GO:0038155,GO:0042127,GO:0042593,GO:0042755,GO:0043123,GO:0043124,GO:0043434,GO:0043491,GO:0043524,GO:0044320,GO:0044321,GO:0045471,GO:0045648,GO:0045747,GO:0045766,GO:0045893,GO:0045944,GO:0046902,GO:0048708,GO:0048861,GO:0050728,GO:0050729,GO:0050766,GO:0050804,GO:0051240,GO:0051726,GO:0060019,GO:0060259,GO:0060396,GO:0060397,GO:0070102,GO:0070120,GO:0072538,GO:0072540,GO:0090091,GO:0097009,GO:0097398,GO:0097696,GO:0099527,GO:0106015,GO:0140105,GO:1900016,GO:1900017,GO:1900037,GO:1902728,GO:1902895,GO:1905564,GO:2000635,GO:2001171,GO:2001243
50	GO:0000122,GO:0001774,GO:0001878,GO:0002265,GO:0006357,GO:0006417,GO:0006816,GO:0006878,GO:0006897,GO:0006915,GO:0007155,GO:0007186,GO:0007189,GO:0007193,GO:0007219,GO:0007409,GO:0007417,GO:0007611,GO:0007612,GO:0007613,GO:0007617,GO:0007626,GO:0008088,GO:0008285,GO:0008306,GO:0008344,GO:0008542,GO:0010288,GO:0010468,GO:0010604,GO:0010628,GO:0010629,GO:0014005,GO:0016199,GO:0016322,GO:0016358,GO:0019722,GO:0019731,GO:0019732,GO:0030111,GO:0030178,GO:0030198,GO:0031175,GO:0031583,GO:0032224,GO:0032722,GO:0032729,GO:0032731,GO:0032755,GO:0032760,GO:0032930,GO:0034121,GO:0035235,GO:0036269,GO:0040014,GO:0042157,GO:0043065,GO:0043408,GO:0043410,GO:0043523,GO:0043525,GO:0045087,GO:0045429,GO:0045471,GO:0045666,GO:0045745,GO:0045752,GO:0045821,GO:0045931,GO:0045944,GO:0046330,GO:0048143,GO:0048169,GO:0048669,GO:0050729,GO:0050803,GO:0050808,GO:0050829,GO:0050830,GO:0050850,GO:0050867,GO:0050890,GO:0050918,GO:0051044,GO:0051246,GO:0051247,GO:0051260,GO:0051262,GO:0051580,GO:0051897,GO:0055096,GO:0061844,GO:0070206,GO:0070374,GO:0070555,GO:0071280,GO:0071287,GO:0071320,GO:0071874,GO:0090026,GO:0090090,GO:0098815,GO:0098989,GO:0110088,GO:0141137,GO:0141163,GO:0150003,GO:1900181,GO:1900221,GO:1900272,GO:1900273,GO:1900454,GO:1901224,GO:1902894,GO:1902950,GO:1902951,GO:1902993,GO:1903381,GO:1903523,GO:1904022,GO:1904472,GO:1904591,GO:1904646,GO:1905606,GO:1905898,GO:1905906,GO:1905908,GO:1905945,GO:1990000,GO:1990090,GO:1990418,GO:1990535,GO:2000406,GO:2000463,GO:2001238	GO:0000122,GO:0001570,GO:0001666,GO:0001937,GO:0006641,GO:0006816,GO:0006874,GO:0006940,GO:0007519,GO:0008104,GO:0009267,GO:0009617,GO:0010524,GO:0010608,GO:0010628,GO:0010875,GO:0016050,GO:0019065,GO:0019217,GO:0019915,GO:0030154,GO:0030193,GO:0030301,GO:0030335,GO:0030514,GO:0030857,GO:0030879,GO:0031295,GO:0031397,GO:0031398,GO:0031623,GO:0032507,GO:0032570,GO:0033484,GO:0038016,GO:0038166,GO:0042632,GO:0043123,GO:0043409,GO:0043627,GO:0044860,GO:0045019,GO:0045907,GO:0046209,GO:0046426,GO:0048550,GO:0051480,GO:0051592,GO:0051899,GO:0055074,GO:0060056,GO:0060070,GO:0060546,GO:0070836,GO:0071218,GO:0071375,GO:0071455,GO:0072584,GO:0086091,GO:0090090,GO:0097190,GO:0098903,GO:0098909,GO:0098911,GO:0120162,GO:1900027,GO:1901380,GO:1901844,GO:1903361,GO:1903598,GO:1904294,GO:2000535,GO:2000811,GO:2001238,GO:2001244
50	GO:0000122,GO:0000165,GO:0001568,GO:0001649,GO:0001764,GO:0001782,GO:0001947,GO:0001958,GO:0001974,GO:0002062,GO:0002467,GO:0002634,GO:0002931,GO:0003138,GO:0003139,GO:0003151,GO:0003185,GO:0003211,GO:0006355,GO:0006915,GO:0006959,GO:0007399,GO:0007507,GO:0007517,GO:0007519,GO:0007521,GO:0007611,GO:0010628,GO:0010629,GO:0014033,GO:0014902,GO:0030154,GO:0030182,GO:0030220,GO:0030279,GO:0030318,GO:0030501,GO:0030890,GO:0035984,GO:0042100,GO:0043410,GO:0043523,GO:0043524,GO:0043537,GO:0045652,GO:0045663,GO:0045666,GO:0045669,GO:0045893,GO:0045944,GO:0046928,GO:0048167,GO:0048643,GO:0048666,GO:0048667,GO:0050853,GO:0051145,GO:0051963,GO:0051966,GO:0055012,GO:0060025,GO:0060045,GO:0060079,GO:0060998,GO:0061333,GO:0071222,GO:0071277,GO:0071374,GO:0071466,GO:0071498,GO:0071560,GO:0072102,GO:0072160,GO:0098989,GO:0098990,GO:1904706,GO:1904753,GO:1905563,GO:2000111,GO:2000727,GO:2000987,GO:2001013,GO:2001016	GO:0000122,GO:0002244,GO:0006289,GO:0006355,GO:0006357,GO:0006914,GO:0006915,GO:0006974,GO:0006979,GO:0006983,GO:0007265,GO:0007623,GO:0008104,GO:0008285,GO:0008340,GO:0009299,GO:0009410,GO:0009411,GO:0010212,GO:0010332,GO:0010628,GO:0012501,GO:0016032,GO:0030308,GO:0030330,GO:0031571,GO:0032211,GO:0033209,GO:0034644,GO:0042149,GO:0042771,GO:0042981,GO:0043065,GO:0043066,GO:0043153,GO:0045815,GO:0045892,GO:0045893,GO:0045899,GO:0045944,GO:0046677,GO:0048147,GO:0048511,GO:0048512,GO:0048539,GO:0051053,GO:0051097,GO:0051262,GO:0051726,GO:0060218,GO:0060333,GO:0062100,GO:0065003,GO:0070059,GO:0070245,GO:0071456,GO:0071466,GO:0071479,GO:0071480,GO:0072331,GO:0072332,GO:0072717,GO:0090200,GO:0090398,GO:0090399,GO:0090403,GO:0097190,GO:0097193,GO:0097252,GO:1900119,GO:1902749,GO:1902895,GO:1903451,GO:1905856,GO:2000379,GO:2000774,GO:2001242,GO:2001244
50	GO:0000278,GO:0001525,GO:0001569,GO:0001974,GO:0001975,GO:0002027,GO:0003015,GO:0003094,GO:0003207,GO:0003220,GO:0003228,GO:0003253,GO:0003357,GO:0006874,GO:0006939,GO:0007005,GO:0007165,GO:0007186,GO:0007190,GO:0007200,GO:0007204,GO:0007411,GO:0007507,GO:0007585,GO:0008217,GO:0008283,GO:0009611,GO:0010467,GO:0014033,GO:0014034,GO:0014824,GO:0014829,GO:0016322,GO:0030878,GO:0031175,GO:0032835,GO:0034599,GO:0035050,GO:0035904,GO:0042310,GO:0042415,GO:0042474,GO:0044751,GO:0048066,GO:0048484,GO:0048485,GO:0048675,GO:0048706,GO:0050905,GO:0055078,GO:0060070,GO:0060324,GO:0060385,GO:0061626,GO:0070294,GO:0070588,GO:0071372,GO:0071373,GO:0071526,GO:0072011,GO:0072112,GO:0086100,GO:0097018,GO:0097084,GO:0097152,GO:0097237,GO:0097492,GO:0141156,GO:1903210,GO:1903537,GO:1904888,GO:1905144,GO:1905871,GO:2001259	GO:0001774,GO:0001819,GO:0002250,GO:0002376,GO:0006325,GO:0006338,GO:0006915,GO:0006979,GO:0007155,GO:0007165,GO:0007167,GO:0007204,GO:0007259,GO:0007498,GO:0008284,GO:0008285,GO:0008631,GO:0009755,GO:0010572,GO:0010667,GO:0010811,GO:0019221,GO:0022407,GO:0022408,GO:0030041,GO:0030154,GO:0030218,GO:0030335,GO:0031103,GO:0031663,GO:0031959,GO:0032024,GO:0032731,GO:0032760,GO:0033194,GO:0033209,GO:0034612,GO:0035166,GO:0035556,GO:0035722,GO:0038043,GO:0038065,GO:0038155,GO:0038156,GO:0038157,GO:0038162,GO:0038163,GO:0042102,GO:0042307,GO:0042531,GO:0042976,GO:0042981,GO:0043065,GO:0043066,GO:0043410,GO:0043524,GO:0043687,GO:0045087,GO:0045348,GO:0045428,GO:0045429,GO:0045597,GO:0045944,GO:0046425,GO:0046634,GO:0046677,GO:0046777,GO:0048008,GO:0048861,GO:0050727,GO:0050804,GO:0050867,GO:0051897,GO:0060333,GO:0060391,GO:0060396,GO:0060397,GO:0060399,GO:0061180,GO:0070102,GO:0070120,GO:0070665,GO:0070671,GO:0070757,GO:0097191,GO:0120162,GO:0120186,GO:0140546,GO:1900016,GO:1901731,GO:1902533,GO:1902728,GO:1904037,GO:1904707,GO:1905539
50	GO:0000209,GO:0001649,GO:0001837,GO:0002052,GO:0003151,GO:0007155,GO:0007173,GO:0007399,GO:0008284,GO:0008285,GO:0009410,GO:0010629,GO:0010717,GO:0010718,GO:0010909,GO:0016055,GO:0016525,GO:0019827,GO:0021854,GO:0030182,GO:0030901,GO:0030902,GO:0030997,GO:0031396,GO:0032212,GO:0032355,GO:0032968,GO:0033234,GO:0034112,GO:0034333,GO:0034394,GO:0035315,GO:0035995,GO:0036023,GO:0036520,GO:0043065,GO:0043066,GO:0043161,GO:0043525,GO:0044331,GO:0045597,GO:0045765,GO:0045766,GO:0045892,GO:0045893,GO:0045944,GO:0045976,GO:0048145,GO:0048568,GO:0048643,GO:0048660,GO:0050767,GO:0050768,GO:0050982,GO:0051884,GO:0051963,GO:0060070,GO:0060231,GO:0060292,GO:0061154,GO:0061549,GO:0061550,GO:0070602,GO:0071363,GO:0071681,GO:0072182,GO:0072497,GO:0090090,GO:0090279,GO:0097091,GO:0098609,GO:1901331,GO:1903377,GO:1904888,GO:1904948,GO:1905555,GO:1990138,GO:1990403,GO:1990791,GO:2000008,GO:2000179	GO:0001774,GO:0001819,GO:0002250,GO:0002376,GO:0006325,GO:0006338,GO:0006915,GO:0006979,GO:0007155,GO:0007165,GO:0007167,GO:0007204,GO:0007259,GO:0007498,GO:0008284,GO:0008285,GO:0008631,GO:0009755,GO:0010572,GO:0010667,GO:0010811,GO:0019221,GO:0022407,GO:0022408,GO:0030041,GO:0030154,GO:0030218,GO:0030335,GO:0031103,GO:0031663,GO:0031959,GO:0032024,GO:0032731,GO:0032760,GO:0033194,GO:0033209,GO:0034612,GO:0035166,GO:0035556,GO:0035722,GO:0038043,GO:0038065,GO:0038155,GO:0038156,GO:0038157,GO:0038162,GO:0038163,GO:0042102,GO:0042307,GO:0042531,GO:0042976,GO:0042981,GO:0043065,GO:0043066,GO:0043410,GO:0043524,GO:0043687,GO:0045087,GO:0045348,GO:0045428,GO:0045429,GO:0045597,GO:0045944,GO:0046425,GO:0046634,GO:0046677,GO:0046777,GO:0048008,GO:0048861,GO:0050727,GO:0050804,GO:0050867,GO:0051897,GO:0060333,GO:0060391,GO:0060396,GO:0060397,GO:0060399,GO:0061180,GO:0070102,GO:0070120,GO:0070665,GO:0070671,GO:0070757,GO:0097191,GO:0120162,GO:0120186,GO:0140546,GO:1900016,GO:1901731,GO:1902533,GO:1902728,GO:1904037,GO:1904707,GO:1905539
50	GO:0000278,GO:0001525,GO:0001569,GO:0001974,GO:0001975,GO:0002027,GO:0003015,GO:0003094,GO:0003207,GO:0003220,GO:0003228,GO:0003253,GO:0003357,GO:0006874,GO:0006939,GO:0007005,GO:0007165,GO:0007186,GO:0007190,GO:0007200,GO:0007204,GO:0007411,GO:0007507,GO:0007585,GO:0008217,GO:0008283,GO:0009611,GO:0010467,GO:0014033,GO:0014034,GO:0014824,GO:0014829,GO:0016322,GO:0030878,GO:0031175,GO:0032835,GO:0034599,GO:0035050,GO:0035904,GO:0042310,GO:0042415,GO:0042474,GO:0044751,GO:0048066,GO:0048484,GO:0048485,GO:0048675,GO:0048706,GO:0050905,GO:0055078,GO:0060070,GO:0060324,GO:0060385,GO:0061626,GO:0070294,GO:0070588,GO:0071372,GO:0071373,GO:0071526,GO:0072011,GO:0072112,GO:0086100,GO:0097018,GO:0097084,GO:0097152,GO:0097237,GO:0097492,GO:0141156,GO:1903210,GO:1903537,GO:1904888,GO:1905144,GO:1905871,GO:2001259	GO:0001568,GO:0001819,GO:0001937,GO:0001960,GO:0007566,GO:0008284,GO:0008360,GO:0010596,GO:0010613,GO:0010614,GO:0010628,GO:0010629,GO:0010667,GO:0010718,GO:0010804,GO:0010838,GO:0016525,GO:0030334,GO:0030335,GO:0030336,GO:0030509,GO:0030511,GO:0031346,GO:0032480,GO:0032695,GO:0032705,GO:0032963,GO:0034392,GO:0035021,GO:0035024,GO:0035195,GO:0035278,GO:0036166,GO:0042058,GO:0042104,GO:0043066,GO:0043409,GO:0045590,GO:0045600,GO:0045603,GO:0045669,GO:0045766,GO:0045824,GO:0045930,GO:0050729,GO:0051497,GO:0051896,GO:0051897,GO:0060339,GO:0060940,GO:0061037,GO:0061154,GO:0070373,GO:0070374,GO:0071222,GO:0071479,GO:0071480,GO:0098586,GO:0106016,GO:1900017,GO:1900039,GO:1900082,GO:1900748,GO:1901223,GO:1901299,GO:1902254,GO:1902514,GO:1902731,GO:1903053,GO:1903427,GO:1903589,GO:1903766,GO:1904639,GO:1904695,GO:1904707,GO:1904728,GO:1904753,GO:1904754,GO:1904762,GO:1904827,GO:1904830,GO:1904996,GO:1905065,GO:1905460,GO:1905564,GO:1905955,GO:1990009,GO:2000318,GO:2000321,GO:2000377
50	GO:0000209,GO:0001649,GO:0001837,GO:0002052,GO:0003151,GO:0007155,GO:0007173,GO:0007399,GO:0008284,GO:0008285,GO:0009410,GO:0010629,GO:0010717,GO:0010718,GO:0010909,GO:0016055,GO:0016525,GO:0019827,GO:0021854,GO:0030182,GO:0030901,GO:0030902,GO:0030997,GO:0031396,GO:0032212,GO:0032355,GO:0032968,GO:0033234,GO:0034112,GO:0034333,GO:0034394,GO:0035315,GO:0035995,GO:0036023,GO:0036520,GO:0043065,GO:0043066,GO:0043161,GO:0043525,GO:0044331,GO:0045597,GO:0045765,GO:0045766,GO:0045892,GO:0045893,GO:0045944,GO:0045976,GO:0048145,GO:0048568,GO:0048643,GO:0048660,GO:0050767,GO:0050768,GO:0050982,GO:0051884,GO:0051963,GO:0060070,GO:0060231,GO:0060292,GO:0061154,GO:0061549,GO:0061550,GO:0070602,GO:0071363,GO:0071681,GO:0072182,GO:0072497,GO:0090090,GO:0090279,GO:0097091,GO:0098609,GO:1901331,GO:1903377,GO:1904888,GO:1904948,GO:1905555,GO:1990138,GO:1990403,GO:1990791,GO:2000008,GO:2000179	GO:0000122,GO:0001525,GO:0001558,GO:0001889,GO:0001934,GO:0001935,GO:0002639,GO:0006355,GO:0006357,GO:0006366,GO:0006511,GO:0006629,GO:0006633,GO:0006914,GO:0006915,GO:0006955,GO:0006986,GO:0007517,GO:0008284,GO:0010506,GO:0010508,GO:0010832,GO:0015031,GO:0030154,GO:0030335,GO:0030512,GO:0030968,GO:0031647,GO:0031648,GO:0031670,GO:0032008,GO:0032755,GO:0032869,GO:0034599,GO:0034976,GO:0035356,GO:0035470,GO:0035924,GO:0036498,GO:0036500,GO:0036503,GO:0042149,GO:0042307,GO:0042632,GO:0043066,GO:0043491,GO:0045348,GO:0045579,GO:0045582,GO:0045600,GO:0045766,GO:0045944,GO:0048010,GO:0048666,GO:0051897,GO:0055089,GO:0055092,GO:0060392,GO:0060612,GO:0070059,GO:0070373,GO:0071073,GO:0071222,GO:0071230,GO:0071332,GO:0071333,GO:0071353,GO:0071375,GO:0071498,GO:0071499,GO:1900017,GO:1900100,GO:1900102,GO:1901985,GO:1902236,GO:1903489,GO:1904294,GO:1904707,GO:1904754,GO:1990418,GO:2000347,GO:2000353
50	GO:0000278,GO:0001525,GO:0001569,GO:0001974,GO:0001975,GO:0002027,GO:0003015,GO:0003094,GO:0003207,GO:0003220,GO:0003228,GO:0003253,GO:0003357,GO:0006874,GO:0006939,GO:0007005,GO:0007165,GO:0007186,GO:0007190,GO:0007200,GO:0007204,GO:0007411,GO:0007507,GO:0007585,GO:0008217,GO:0008283,GO:0009611,GO:0010467,GO:0014033,GO:0014034,GO:0014824,GO:0014829,GO:0016322,GO:0030878,GO:0031175,GO:0032835,GO:0034599,GO:0035050,GO:0035904,GO:0042310,GO:0042415,GO:0042474,GO:0044751,GO:0048066,GO:0048484,GO:0048485,GO:0048675,GO:0048706,GO:0050905,GO:0055078,GO:0060070,GO:0060324,GO:0060385,GO:0061626,GO:0070294,GO:0070588,GO:0071372,GO:0071373,GO:0071526,GO:0072011,GO:0072112,GO:0086100,GO:0097018,GO:0097084,GO:0097152,GO:0097237,GO:0097492,GO:0141156,GO:1903210,GO:1903537,GO:1904888,GO:1905144,GO:1905871,GO:2001259	GO:0000077,GO:0001782,GO:0001817,GO:0001932,GO:0001933,GO:0002223,GO:0002244,GO:0002250,GO:0002376,GO:0002431,GO:0002513,GO:0002553,GO:0002576,GO:0002758,GO:0002762,GO:0002768,GO:0002774,GO:0002862,GO:0002902,GO:0006468,GO:0006950,GO:0006954,GO:0006974,GO:0006991,GO:0007165,GO:0007169,GO:0008284,GO:0008285,GO:0009410,GO:0009636,GO:0009725,GO:0009743,GO:0010976,GO:0014003,GO:0015908,GO:0018108,GO:0030097,GO:0030218,GO:0030222,GO:0030335,GO:0030889,GO:0031175,GO:0031295,GO:0031663,GO:0032868,GO:0033003,GO:0033628,GO:0034136,GO:0034142,GO:0034144,GO:0034145,GO:0034165,GO:0034605,GO:0035556,GO:0038043,GO:0038095,GO:0038096,GO:0038159,GO:0042100,GO:0042327,GO:0043200,GO:0043304,GO:0043407,GO:0043410,GO:0043434,GO:0045087,GO:0045646,GO:0046777,GO:0048013,GO:0048678,GO:0050727,GO:0050777,GO:0050855,GO:0050859,GO:0050900,GO:0051279,GO:0060252,GO:0060369,GO:0060397,GO:0070372,GO:0070373,GO:0070447,GO:0070667,GO:0070668,GO:0071300,GO:0071396,GO:0090025,GO:0090330,GO:0097028,GO:1902532,GO:1902993,GO:2000670
50	GO:0000122,GO:0000165,GO:0001568,GO:0001649,GO:0001764,GO:0001782,GO:0001947,GO:0001958,GO:0001974,GO:0002062,GO:0002467,GO:0002634,GO:0002931,GO:0003138,GO:0003139,GO:0003151,GO:0003185,GO:0003211,GO:0006355,GO:0006915,GO:0006959,GO:0007399,GO:0007507,GO:0007517,GO:0007519,GO:0007521,GO:0007611,GO:0010628,GO:0010629,GO:0014033,GO:0014902,GO:0030154,GO:0030182,GO:0030220,GO:0030279,GO:0030318,GO:0030501,GO:0030890,GO:0035984,GO:0042100,GO:0043410,GO:0043523,GO:0043524,GO:0043537,GO:0045652,GO:0045663,GO:0045666,GO:0045669,GO:0045893,GO:0045944,GO:0046928,GO:0048167,GO:0048643,GO:0048666,GO:0048667,GO:0050853,GO:0051145,GO:0051963,GO:0051966,GO:0055012,GO:0060025,GO:0060045,GO:0060079,GO:0060998,GO:0061333,GO:0071222,GO:0071277,GO:0071374,GO:0071466,GO:0071498,GO:0071560,GO:0072102,GO:0072160,GO:0098989,GO:0098990,GO:1904706,GO:1904753,GO:1905563,GO:2000111,GO:2000727,GO:2000987,GO:2001013,GO:2001016	GO:0000122,GO:0000165,GO:0001649,GO:0001657,GO:0001666,GO:0001836,GO:0006355,GO:0006357,GO:0006955,GO:0007179,GO:0007254,GO:0008285,GO:0009653,GO:0010332,GO:0010467,GO:0010628,GO:0010629,GO:0010718,GO:0023019,GO:0030154,GO:0030279,GO:0030308,GO:0030325,GO:0030335,GO:0030501,GO:0031053,GO:0031665,GO:0032332,GO:0032502,GO:0032731,GO:0032909,GO:0032916,GO:0032924,GO:0033689,GO:0036120,GO:0038092,GO:0042060,GO:0042110,GO:0042177,GO:0042220,GO:0042307,GO:0043066,GO:0045216,GO:0045429,GO:0045596,GO:0045599,GO:0045893,GO:0045944,GO:0050728,GO:0050776,GO:0050821,GO:0050927,GO:0051481,GO:0051496,GO:0051881,GO:0051894,GO:0060290,GO:0060391,GO:0060395,GO:0061001,GO:0061045,GO:0061450,GO:0061767,GO:0071333,GO:0071363,GO:0071560,GO:0071635,GO:0090263,GO:0097190,GO:0097191,GO:0097305,GO:0098586,GO:0141091,GO:1901203,GO:1902893,GO:1902894,GO:1902895,GO:1903243,GO:1990776
50	GO:0000122,GO:0000165,GO:0001649,GO:0001657,GO:0001666,GO:0001836,GO:0006355,GO:0006357,GO:0006955,GO:0007179,GO:0007254,GO:0008285,GO:0009653,GO:0010332,GO:0010467,GO:0010628,GO:0010629,GO:0010718,GO:0023019,GO:0030154,GO:0030279,GO:0030308,GO:0030325,GO:0030335,GO:0030501,GO:0031053,GO:0031665,GO:0032332,GO:0032502,GO:0032731,GO:0032909,GO:0032916,GO:0032924,GO:0033689,GO:0036120,GO:0038092,GO:0042060,GO:0042110,GO:0042177,GO:0042220,GO:0042307,GO:0043066,GO:0045216,GO:0045429,GO:0045596,GO:0045599,GO:0045893,GO:0045944,GO:0050728,GO:0050776,GO:0050821,GO:0050927,GO:0051481,GO:0051496,GO:0051881,GO:0051894,GO:0060290,GO:0060391,GO:0060395,GO:0061001,GO:0061045,GO:0061450,GO:0061767,GO:0071333,GO:0071363,GO:0071560,GO:0071635,GO:0090263,GO:0097190,GO:0097191,GO:0097305,GO:0098586,GO:0141091,GO:1901203,GO:1902893,GO:1902894,GO:1902895,GO:1903243,GO:1990776	GO:0000122,GO:0001666,GO:0001774,GO:0001819,GO:0001937,GO:0001975,GO:0002037,GO:0002281,GO:0002439,GO:0002639,GO:0002700,GO:0002719,GO:0003009,GO:0003085,GO:0006325,GO:0006954,GO:0006955,GO:0007259,GO:0007623,GO:0008285,GO:0008625,GO:0008630,GO:0009410,GO:0009612,GO:0009615,GO:0009617,GO:0009651,GO:0009750,GO:0010459,GO:0010573,GO:0010628,GO:0010629,GO:0010744,GO:0010888,GO:0014823,GO:0019722,GO:0031334,GO:0031349,GO:0031622,GO:0031642,GO:0031667,GO:0032496,GO:0032715,GO:0032722,GO:0032724,GO:0032731,GO:0032741,GO:0032755,GO:0032757,GO:0033209,GO:0034116,GO:0034138,GO:0035900,GO:0036005,GO:0042127,GO:0042311,GO:0043065,GO:0043066,GO:0043068,GO:0043122,GO:0043123,GO:0043243,GO:0043410,GO:0043525,GO:0043537,GO:0045071,GO:0045087,GO:0045429,GO:0045471,GO:0045598,GO:0045599,GO:0045668,GO:0045672,GO:0045732,GO:0045760,GO:0045785,GO:0045840,GO:0045892,GO:0045893,GO:0045930,GO:0045944,GO:0046325,GO:0046330,GO:0046677,GO:0048143,GO:0048566,GO:0048661,GO:0050729,GO:0050768,GO:0050793,GO:0050796,GO:0050804,GO:0050806,GO:0050807,GO:0050890,GO:0050901,GO:0050966,GO:0050995,GO:0051044,GO:0051046,GO:0051222,GO:0051239,GO:0051384,GO:0051798,GO:0051897,GO:0051966,GO:0060252,GO:0060557,GO:0061044,GO:0061048,GO:0070374,GO:0070886,GO:0071219,GO:0071222,GO:0071300,GO:0071316,GO:0071346,GO:0071479,GO:0071677,GO:0071803,GO:0072577,GO:0072659,GO:0090324,GO:0090594,GO:0097191,GO:0097237,GO:0097421,GO:0097527,GO:0120190,GO:0140374,GO:0140460,GO:0150078,GO:0150129,GO:1900017,GO:1900222,GO:1901224,GO:1901647,GO:1902004,GO:1902065,GO:1902565,GO:1902894,GO:1902895,GO:1903078,GO:1903140,GO:1903347,GO:1903829,GO:1904638,GO:1904646,GO:1904707,GO:1904880,GO:1904996,GO:1904999,GO:1905235,GO:1905242,GO:1990268,GO:2000010,GO:2000334,GO:2000343,GO:2000347,GO:2000351,GO:2000377,GO:2000573,GO:2001234,GO:2001238,GO:2001240
50	GO:0000278,GO:0002252,GO:0002429,GO:0006281,GO:0006298,GO:0006355,GO:0006897,GO:0006909,GO:0006914,GO:0006915,GO:0006974,GO:0006979,GO:0007155,GO:0007173,GO:0007204,GO:0007229,GO:0007611,GO:0008306,GO:0008630,GO:0009410,GO:0010468,GO:0010506,GO:0010557,GO:0010595,GO:0030036,GO:0030041,GO:0030100,GO:0030155,GO:0030516,GO:0030845,GO:0031113,GO:0032489,GO:0032956,GO:0034599,GO:0034976,GO:0035556,GO:0035791,GO:0036211,GO:0038096,GO:0038189,GO:0042770,GO:0043065,GO:0043525,GO:0043542,GO:0045580,GO:0045595,GO:0045785,GO:0045907,GO:0045944,GO:0048008,GO:0048013,GO:0048146,GO:0051444,GO:0051450,GO:0051496,GO:0051726,GO:0051882,GO:0051894,GO:0060038,GO:0070301,GO:0071103,GO:0071560,GO:0071871,GO:0090050,GO:0097706,GO:0099150,GO:0141214,GO:1900006,GO:1900026,GO:1900272,GO:1901701,GO:1902036,GO:1902531,GO:1903055,GO:1903210,GO:1903351,GO:1903905,GO:1904518,GO:1905244,GO:1905555,GO:2000042,GO:2000145,GO:2000406	GO:0001774,GO:0002282,GO:0002291,GO:0002588,GO:0002862,GO:0002931,GO:0006909,GO:0006910,GO:0006955,GO:0006959,GO:0007165,GO:0007166,GO:0007613,GO:0010468,GO:0010507,GO:0010628,GO:0010875,GO:0010887,GO:0010891,GO:0010983,GO:0019216,GO:0030316,GO:0032006,GO:0032008,GO:0032497,GO:0032499,GO:0032675,GO:0032691,GO:0032720,GO:0032733,GO:0034136,GO:0034144,GO:0034151,GO:0034241,GO:0034351,GO:0035176,GO:0038160,GO:0042742,GO:0043066,GO:0043124,GO:0043268,GO:0043277,GO:0045088,GO:0045672,GO:0045728,GO:0045960,GO:0048143,GO:0048468,GO:0048678,GO:0050714,GO:0050766,GO:0050829,GO:0050850,GO:0050866,GO:0050921,GO:0051897,GO:0051898,GO:0055088,GO:0060075,GO:0060100,GO:0061518,GO:0061889,GO:0070269,GO:0070345,GO:0070374,GO:0070392,GO:0071223,GO:0071224,GO:0071333,GO:0071396,GO:0071402,GO:0071456,GO:0071526,GO:0071640,GO:0080090,GO:0097028,GO:0097062,GO:0097242,GO:0098657,GO:0110089,GO:0120035,GO:0140052,GO:0150062,GO:0150076,GO:0150078,GO:0150079,GO:0150094,GO:1900015,GO:1900016,GO:1900223,GO:1900226,GO:1901076,GO:1901224,GO:1901800,GO:1902227,GO:1902533,GO:1903078,GO:1903082,GO:1903376,GO:1903753,GO:1903980,GO:1904093,GO:1904141,GO:1904646,GO:1904951,GO:1905291,GO:1905581,GO:1905805,GO:1905808,GO:1905907,GO:2000350,GO:2001171
50	GO:0000122,GO:0001570,GO:0001666,GO:0001937,GO:0006641,GO:0006816,GO:0006874,GO:0006940,GO:0007519,GO:0008104,GO:0009267,GO:0009617,GO:0010524,GO:0010608,GO:0010628,GO:0010875,GO:0016050,GO:0019065,GO:0019217,GO:0019915,GO:0030154,GO:0030193,GO:0030301,GO:0030335,GO:0030514,GO:0030857,GO:0030879,GO:0031295,GO:0031397,GO:0031398,GO:0031623,GO:0032507,GO:0032570,GO:0033484,GO:0038016,GO:0038166,GO:0042632,GO:0043123,GO:0043409,GO:0043627,GO:0044860,GO:0045019,GO:0045907,GO:0046209,GO:0046426,GO:0048550,GO:0051480,GO:0051592,GO:0051899,GO:0055074,GO:0060056,GO:0060070,GO:0060546,GO:0070836,GO:0071218,GO:0071375,GO:0071455,GO:0072584,GO:0086091,GO:0090090,GO:0097190,GO:0098903,GO:0098909,GO:0098911,GO:0120162,GO:1900027,GO:1901380,GO:1901844,GO:1903361,GO:1903598,GO:1904294,GO:2000535,GO:2000811,GO:2001238,GO:2001244	GO:0001781,GO:0001960,GO:0002314,GO:0002384,GO:0002446,GO:0002548,GO:0002639,GO:0002675,GO:0002690,GO:0006953,GO:0006954,GO:0006955,GO:0006959,GO:0007259,GO:0008284,GO:0008285,GO:0010573,GO:0010574,GO:0010575,GO:0010628,GO:0010718,GO:0010888,GO:0014823,GO:0019221,GO:0030154,GO:0030168,GO:0031018,GO:0031175,GO:0032494,GO:0032682,GO:0032722,GO:0032731,GO:0032733,GO:0032740,GO:0032745,GO:0032755,GO:0032757,GO:0032760,GO:0032966,GO:0033138,GO:0035425,GO:0035633,GO:0038001,GO:0042102,GO:0042593,GO:0043065,GO:0043066,GO:0043410,GO:0045599,GO:0045669,GO:0045727,GO:0045765,GO:0045779,GO:0045893,GO:0045944,GO:0046427,GO:0048661,GO:0050731,GO:0050768,GO:0050796,GO:0050829,GO:0050830,GO:0050871,GO:0051223,GO:0051251,GO:0051384,GO:0051607,GO:0060252,GO:0061470,GO:0061888,GO:0070050,GO:0070091,GO:0070092,GO:0070102,GO:0070301,GO:0070345,GO:0071222,GO:0072540,GO:0072574,GO:0090091,GO:0090594,GO:0097421,GO:0097696,GO:0098586,GO:0150077,GO:0150078,GO:1900017,GO:1901731,GO:1902512,GO:1902895,GO:1903978,GO:1904894,GO:1904996,GO:2000553,GO:2000635,GO:2000660,GO:2000676
50	GO:0001837,GO:0001954,GO:0003170,GO:0005977,GO:0006468,GO:0006983,GO:0007005,GO:0007399,GO:0007623,GO:0008286,GO:0009968,GO:0010508,GO:0010628,GO:0010629,GO:0010719,GO:0010975,GO:0016055,GO:0018105,GO:0019082,GO:0021766,GO:0030010,GO:0030011,GO:0030154,GO:0030336,GO:0030516,GO:0031175,GO:0031333,GO:0031334,GO:0031398,GO:0032007,GO:0032092,GO:0032436,GO:0032481,GO:0032880,GO:0032886,GO:0034976,GO:0035556,GO:0036016,GO:0042752,GO:0043066,GO:0043161,GO:0043525,GO:0045597,GO:0045668,GO:0045719,GO:0045724,GO:0045732,GO:0045879,GO:0046777,GO:0046825,GO:0046827,GO:0048511,GO:0048814,GO:0050770,GO:0060070,GO:0060079,GO:0070507,GO:0070885,GO:0071109,GO:0071300,GO:0090090,GO:0097191,GO:0097192,GO:0099171,GO:0106027,GO:0150101,GO:0160213,GO:1900034,GO:1900181,GO:1900271,GO:1901030,GO:1901701,GO:1902042,GO:1903566,GO:1903940,GO:1904339,GO:1904646,GO:1904781,GO:1904951,GO:2000077,GO:2000466,GO:2000740	GO:0000012,GO:0000122,GO:0000183,GO:0000720,GO:0000731,GO:0001525,GO:0001678,GO:0001934,GO:0001938,GO:0002821,GO:0006325,GO:0006346,GO:0006476,GO:0006642,GO:0006915,GO:0006974,GO:0006979,GO:0007179,GO:0007346,GO:0007517,GO:0007623,GO:0008284,GO:0008630,GO:0009267,GO:0010629,GO:0010824,GO:0010868,GO:0010875,GO:0010883,GO:0010906,GO:0016239,GO:0016567,GO:0018394,GO:0030154,GO:0030225,GO:0030512,GO:0030968,GO:0031393,GO:0031507,GO:0031509,GO:0031648,GO:0032007,GO:0032071,GO:0032436,GO:0032868,GO:0032922,GO:0033210,GO:0034391,GO:0035331,GO:0035356,GO:0035358,GO:0042127,GO:0042149,GO:0042326,GO:0042542,GO:0042632,GO:0042771,GO:0042981,GO:0043065,GO:0043066,GO:0043124,GO:0043161,GO:0043518,GO:0043536,GO:0044321,GO:0045348,GO:0045599,GO:0045722,GO:0045739,GO:0045766,GO:0045786,GO:0045892,GO:0045944,GO:0046015,GO:0046628,GO:0046890,GO:0048511,GO:0050793,GO:0050872,GO:0051152,GO:0051239,GO:0051658,GO:0051897,GO:0051898,GO:0055089,GO:0060766,GO:0060907,GO:0062013,GO:0070301,GO:0070857,GO:0070914,GO:0071356,GO:0071456,GO:0071479,GO:0090335,GO:0090400,GO:0097009,GO:0106230,GO:0140861,GO:1900034,GO:1901797,GO:1901984,GO:1902166,GO:1902176,GO:1902237,GO:1902424,GO:1904179,GO:2000111,GO:2000481,GO:2000655,GO:2000757,GO:2000773,GO:2000774,GO:2000781
50	GO:0001660,GO:0001819,GO:0002282,GO:0002711,GO:0006915,GO:0006954,GO:0006955,GO:0007165,GO:0007267,GO:0007566,GO:0008284,GO:0008285,GO:0010573,GO:0010575,GO:0010628,GO:0010641,GO:0010718,GO:0010744,GO:0010829,GO:0014805,GO:0019221,GO:0030213,GO:0030224,GO:0030335,GO:0030949,GO:0031394,GO:0031622,GO:0032308,GO:0032496,GO:0032691,GO:0032725,GO:0032729,GO:0032743,GO:0032755,GO:0032757,GO:0033092,GO:0034116,GO:0042102,GO:0043122,GO:0043123,GO:0043409,GO:0043410,GO:0045429,GO:0045766,GO:0045833,GO:0045840,GO:0045893,GO:0045917,GO:0046330,GO:0046627,GO:0046827,GO:0050691,GO:0050728,GO:0050729,GO:0050767,GO:0050768,GO:0050796,GO:0050805,GO:0050830,GO:0050995,GO:0050996,GO:0050999,GO:0051044,GO:0051781,GO:0051897,GO:0060252,GO:0060355,GO:0070164,GO:0070372,GO:0070374,GO:0070487,GO:0070498,GO:0070555,GO:0071222,GO:0071260,GO:0071466,GO:0071639,GO:0097398,GO:0150078,GO:1900745,GO:1901224,GO:1902680,GO:1903140,GO:1903530,GO:1903597,GO:1905075,GO:2000556,GO:2000660,GO:2001240	GO:0000122,GO:0000165,GO:0001568,GO:0001649,GO:0001764,GO:0001782,GO:0001947,GO:0001958,GO:0001974,GO:0002062,GO:0002467,GO:0002634,GO:0002931,GO:0003138,GO:0003139,GO:0003151,GO:0003185,GO:0003211,GO:0006355,GO:0006915,GO:0006959,GO:0007399,GO:0007507,GO:0007517,GO:0007519,GO:0007521,GO:0007611,GO:0010628,GO:0010629,GO:0014033,GO:0014902,GO:0030154,GO:0030182,GO:0030220,GO:0030279,GO:0030318,GO:0030501,GO:0030890,GO:0035984,GO:0042100,GO:0043410,GO:0043523,GO:0043524,GO:0043537,GO:0045652,GO:0045663,GO:0045666,GO:0045669,GO:0045893,GO:0045944,GO:0046928,GO:0048167,GO:0048643,GO:0048666,GO:0048667,GO:0050853,GO:0051145,GO:0051963,GO:0051966,GO:0055012,GO:0060025,GO:0060045,GO:0060079,GO:0060998,GO:0061333,GO:0071222,GO:0071277,GO:0071374,GO:0071466,GO:0071498,GO:0071560,GO:0072102,GO:0072160,GO:0098989,GO:0098990,GO:1904706,GO:1904753,GO:1905563,GO:2000111,GO:2000727,GO:2000987,GO:2001013,GO:2001016
50	GO:0000122,GO:0001569,GO:0001570,GO:0001656,GO:0001658,GO:0001708,GO:0001755,GO:0001947,GO:0002320,GO:0003140,GO:0006508,GO:0007224,GO:0007267,GO:0007389,GO:0007405,GO:0007411,GO:0007417,GO:0007418,GO:0007507,GO:0008209,GO:0008284,GO:0009880,GO:0009888,GO:0009949,GO:0009953,GO:0010468,GO:0010629,GO:0016539,GO:0016540,GO:0021930,GO:0030162,GO:0030182,GO:0030324,GO:0030326,GO:0030336,GO:0030539,GO:0030850,GO:0030900,GO:0030901,GO:0030902,GO:0033077,GO:0033089,GO:0033092,GO:0035295,GO:0042127,GO:0042481,GO:0042733,GO:0043066,GO:0043369,GO:0045059,GO:0045060,GO:0045165,GO:0045596,GO:0045880,GO:0045893,GO:0045944,GO:0046638,GO:0048468,GO:0048513,GO:0048538,GO:0048663,GO:0048709,GO:0048745,GO:0048754,GO:0048864,GO:0050793,GO:0051781,GO:0060684,GO:0061053,GO:0061189,GO:0071542,GO:0072136,GO:0072205,GO:0090370,GO:0097190,GO:0097264,GO:1900107,GO:1900180,GO:1904339,GO:2000062,GO:2000063,GO:2000357,GO:2000358,GO:2000729	GO:0000122,GO:0001659,GO:0001666,GO:0001754,GO:0001817,GO:0002317,GO:0002931,GO:0006355,GO:0006357,GO:0006606,GO:0006952,GO:0006953,GO:0006954,GO:0006955,GO:0007165,GO:0007179,GO:0007259,GO:0007399,GO:0008284,GO:0010507,GO:0010575,GO:0010628,GO:0010629,GO:0010730,GO:0019221,GO:0030154,GO:0030335,GO:0030522,GO:0030968,GO:0032355,GO:0032731,GO:0032733,GO:0032755,GO:0032757,GO:0032760,GO:0032870,GO:0033210,GO:0034097,GO:0035723,GO:0038110,GO:0038113,GO:0038154,GO:0038155,GO:0042127,GO:0042593,GO:0042755,GO:0043123,GO:0043124,GO:0043434,GO:0043491,GO:0043524,GO:0044320,GO:0044321,GO:0045471,GO:0045648,GO:0045747,GO:0045766,GO:0045893,GO:0045944,GO:0046902,GO:0048708,GO:0048861,GO:0050728,GO:0050729,GO:0050766,GO:0050804,GO:0051240,GO:0051726,GO:0060019,GO:0060259,GO:0060396,GO:0060397,GO:0070102,GO:0070120,GO:0072538,GO:0072540,GO:0090091,GO:0097009,GO:0097398,GO:0097696,GO:0099527,GO:0106015,GO:0140105,GO:1900016,GO:1900017,GO:1900037,GO:1902728,GO:1902895,GO:1905564,GO:2000635,GO:2001171,GO:2001243
50	GO:0001649,GO:0001938,GO:0002042,GO:0002430,GO:0003376,GO:0005977,GO:0005978,GO:0005979,GO:0006006,GO:0006417,GO:0006468,GO:0006809,GO:0006915,GO:0006924,GO:0006979,GO:0007165,GO:0007173,GO:0007186,GO:0007399,GO:0008283,GO:0008286,GO:0009408,GO:0009725,GO:0010507,GO:0010595,GO:0010628,GO:0010629,GO:0010748,GO:0010761,GO:0010907,GO:0010975,GO:0016242,GO:0018105,GO:0018107,GO:0019221,GO:0030154,GO:0030307,GO:0030334,GO:0030335,GO:0031295,GO:0031397,GO:0031929,GO:0031999,GO:0032079,GO:0032436,GO:0032869,GO:0033138,GO:0033554,GO:0034405,GO:0035556,GO:0035655,GO:0042307,GO:0042981,GO:0043066,GO:0043276,GO:0043488,GO:0043491,GO:0043536,GO:0045429,GO:0045600,GO:0045725,GO:0045746,GO:0045861,GO:0045944,GO:0046209,GO:0046326,GO:0046889,GO:0048009,GO:0048266,GO:0048661,GO:0051247,GO:0051897,GO:0060079,GO:0060416,GO:0060644,GO:0070141,GO:0070585,GO:0070848,GO:0071364,GO:0072656,GO:0072752,GO:0090201,GO:0097700,GO:0099175,GO:0110002,GO:0140052,GO:0150033,GO:0160049,GO:0160213,GO:1900087,GO:1900182,GO:1901796,GO:1902018,GO:1902176,GO:1903038,GO:1903078,GO:1903318,GO:1903384,GO:1903898,GO:1904263,GO:1904515,GO:1905552,GO:1905786,GO:1990090,GO:1990418,GO:2000010,GO:2000074,GO:2000402,GO:2001240,GO:2001243	GO:0000302,GO:0001523,GO:0001937,GO:0006629,GO:0006641,GO:0006869,GO:0006898,GO:0007010,GO:0007186,GO:0007271,GO:0007616,GO:0008202,GO:0008203,GO:0010544,GO:0010596,GO:0010629,GO:0010642,GO:0010875,GO:0010877,GO:0010976,GO:0010977,GO:0015909,GO:0017038,GO:0019068,GO:0030195,GO:0030516,GO:0031175,GO:0032438,GO:0032489,GO:0032805,GO:0033344,GO:0033700,GO:0034372,GO:0034374,GO:0034375,GO:0034380,GO:0034382,GO:0034384,GO:0034447,GO:0035641,GO:0038060,GO:0042157,GO:0042158,GO:0042632,GO:0042981,GO:0042982,GO:0043254,GO:0043409,GO:0043537,GO:0043691,GO:0044794,GO:0045088,GO:0045429,GO:0045541,GO:0045807,GO:0045893,GO:0046889,GO:0048168,GO:0048662,GO:0050709,GO:0050728,GO:0050807,GO:0051044,GO:0051055,GO:0051246,GO:0051248,GO:0055089,GO:0055090,GO:0060999,GO:0061000,GO:0061136,GO:0061771,GO:0070328,GO:0070374,GO:0071402,GO:0071830,GO:0071831,GO:0090090,GO:0090181,GO:0090205,GO:0090370,GO:0097006,GO:0097113,GO:0097114,GO:0098869,GO:0140077,GO:1900221,GO:1900223,GO:1900272,GO:1901627,GO:1901631,GO:1902004,GO:1902430,GO:1902951,GO:1902952,GO:1902991,GO:1902995,GO:1902998,GO:1902999,GO:1903001,GO:1903002,GO:1905890,GO:1905906,GO:1905907,GO:1905908,GO:2000822
50	GO:0000122,GO:0001774,GO:0001878,GO:0002265,GO:0006357,GO:0006417,GO:0006816,GO:0006878,GO:0006897,GO:0006915,GO:0007155,GO:0007186,GO:0007189,GO:0007193,GO:0007219,GO:0007409,GO:0007417,GO:0007611,GO:0007612,GO:0007613,GO:0007617,GO:0007626,GO:0008088,GO:0008285,GO:0008306,GO:0008344,GO:0008542,GO:0010288,GO:0010468,GO:0010604,GO:0010628,GO:0010629,GO:0014005,GO:0016199,GO:0016322,GO:0016358,GO:0019722,GO:0019731,GO:0019732,GO:0030111,GO:0030178,GO:0030198,GO:0031175,GO:0031583,GO:0032224,GO:0032722,GO:0032729,GO:0032731,GO:0032755,GO:0032760,GO:0032930,GO:0034121,GO:0035235,GO:0036269,GO:0040014,GO:0042157,GO:0043065,GO:0043408,GO:0043410,GO:0043523,GO:0043525,GO:0045087,GO:0045429,GO:0045471,GO:0045666,GO:0045745,GO:0045752,GO:0045821,GO:0045931,GO:0045944,GO:0046330,GO:0048143,GO:0048169,GO:0048669,GO:0050729,GO:0050803,GO:0050808,GO:0050829,GO:0050830,GO:0050850,GO:0050867,GO:0050890,GO:0050918,GO:0051044,GO:0051246,GO:0051247,GO:0051260,GO:0051262,GO:0051580,GO:0051897,GO:0055096,GO:0061844,GO:0070206,GO:0070374,GO:0070555,GO:0071280,GO:0071287,GO:0071320,GO:0071874,GO:0090026,GO:0090090,GO:0098815,GO:0098989,GO:0110088,GO:0141137,GO:0141163,GO:0150003,GO:1900181,GO:1900221,GO:1900272,GO:1900273,GO:1900454,GO:1901224,GO:1902894,GO:1902950,GO:1902951,GO:1902993,GO:1903381,GO:1903523,GO:1904022,GO:1904472,GO:1904591,GO:1904646,GO:1905606,GO:1905898,GO:1905906,GO:1905908,GO:1905945,GO:1990000,GO:1990090,GO:1990418,GO:1990535,GO:2000406,GO:2000463,GO:2001238	GO:0000902,GO:0001501,GO:0001654,GO:0001666,GO:0001822,GO:0001837,GO:0001843,GO:0001942,GO:0003007,GO:0003148,GO:0003149,GO:0003151,GO:0003179,GO:0003181,GO:0003184,GO:0003203,GO:0003215,GO:0003222,GO:0003274,GO:0003289,GO:0003407,GO:0007179,GO:0007423,GO:0007435,GO:0007507,GO:0008284,GO:0008285,GO:0008347,GO:0008584,GO:0009611,GO:0009792,GO:0010002,GO:0010628,GO:0010629,GO:0010634,GO:0010718,GO:0010936,GO:0014706,GO:0016477,GO:0016525,GO:0023052,GO:0030097,GO:0030199,GO:0030307,GO:0030308,GO:0030326,GO:0030593,GO:0030855,GO:0031069,GO:0032570,GO:0032874,GO:0032909,GO:0032956,GO:0033630,GO:0035910,GO:0042060,GO:0042127,GO:0042416,GO:0042476,GO:0042704,GO:0043065,GO:0043525,GO:0045216,GO:0045597,GO:0045726,GO:0045747,GO:0045787,GO:0045823,GO:0046580,GO:0048103,GO:0048566,GO:0048666,GO:0048699,GO:0048839,GO:0050680,GO:0050714,GO:0050778,GO:0051130,GO:0051240,GO:0051781,GO:0051794,GO:0051795,GO:0051891,GO:0051897,GO:0060038,GO:0060065,GO:0060317,GO:0060325,GO:0060391,GO:0060412,GO:0060413,GO:0061626,GO:0062009,GO:0062043,GO:0071363,GO:0090091,GO:0097191,GO:0141091,GO:1900182,GO:1902256,GO:1902895,GO:1903701,GO:1904238,GO:1904888,GO:1905006,GO:1905007
50	GO:0001774,GO:0001819,GO:0002250,GO:0002376,GO:0006325,GO:0006338,GO:0006915,GO:0006979,GO:0007155,GO:0007165,GO:0007167,GO:0007204,GO:0007259,GO:0007498,GO:0008284,GO:0008285,GO:0008631,GO:0009755,GO:0010572,GO:0010667,GO:0010811,GO:0019221,GO:0022407,GO:0022408,GO:0030041,GO:0030154,GO:0030218,GO:0030335,GO:0031103,GO:0031663,GO:0031959,GO:0032024,GO:0032731,GO:0032760,GO:0033194,GO:0033209,GO:0034612,GO:0035166,GO:0035556,GO:0035722,GO:0038043,GO:0038065,GO:0038155,GO:0038156,GO:0038157,GO:0038162,GO:0038163,GO:0042102,GO:0042307,GO:0042531,GO:0042976,GO:0042981,GO:0043065,GO:0043066,GO:0043410,GO:0043524,GO:0043687,GO:0045087,GO:0045348,GO:0045428,GO:0045429,GO:0045597,GO:0045944,GO:0046425,GO:0046634,GO:0046677,GO:0046777,GO:0048008,GO:0048861,GO:0050727,GO:0050804,GO:0050867,GO:0051897,GO:0060333,GO:0060391,GO:0060396,GO:0060397,GO:0060399,GO:0061180,GO:0070102,GO:0070120,GO:0070665,GO:0070671,GO:0070757,GO:0097191,GO:0120162,GO:0120186,GO:0140546,GO:1900016,GO:1901731,GO:1902533,GO:1902728,GO:1904037,GO:1904707,GO:1905539	GO:0001570,GO:0001657,GO:0001666,GO:0001763,GO:0001837,GO:0001843,GO:0002040,GO:0002062,GO:0002244,GO:0002248,GO:0002460,GO:0002859,GO:0003179,GO:0003180,GO:0006611,GO:0006754,GO:0006796,GO:0007179,GO:0007406,GO:0007435,GO:0007507,GO:0007565,GO:0008284,GO:0008285,GO:0009410,GO:0009611,GO:0009749,GO:0010332,GO:0010575,GO:0010628,GO:0010629,GO:0010716,GO:0010718,GO:0010742,GO:0010763,GO:0010936,GO:0014003,GO:0014008,GO:0016202,GO:0021915,GO:0030154,GO:0030214,GO:0030308,GO:0030334,GO:0030335,GO:0031100,GO:0031293,GO:0031334,GO:0031536,GO:0032355,GO:0032570,GO:0032667,GO:0032700,GO:0032740,GO:0032755,GO:0032760,GO:0032801,GO:0032930,GO:0032967,GO:0033280,GO:0034616,GO:0035902,GO:0036120,GO:0036446,GO:0042127,GO:0042306,GO:0042307,GO:0042475,GO:0042552,GO:0043065,GO:0043117,GO:0043123,GO:0043410,GO:0043536,GO:0043537,GO:0045066,GO:0045216,GO:0045471,GO:0045591,GO:0045596,GO:0045597,GO:0045599,GO:0045662,GO:0045742,GO:0045786,GO:0045892,GO:0045893,GO:0045944,GO:0048298,GO:0048535,GO:0048565,GO:0048642,GO:0048661,GO:0048839,GO:0050679,GO:0050680,GO:0050714,GO:0050729,GO:0050765,GO:0050832,GO:0050921,GO:0051130,GO:0051240,GO:0051247,GO:0051280,GO:0051781,GO:0051897,GO:0055010,GO:0060312,GO:0060325,GO:0060364,GO:0060391,GO:0070168,GO:0070374,GO:0070723,GO:0071260,GO:0071333,GO:0071363,GO:0071404,GO:0071456,GO:0071479,GO:0071549,GO:0071560,GO:0071677,GO:0071895,GO:0085029,GO:0090190,GO:0090263,GO:0097191,GO:0097421,GO:0098586,GO:0141091,GO:1900126,GO:1900182,GO:1901203,GO:1902074,GO:1902462,GO:1902894,GO:1902895,GO:1903077,GO:1904018,GO:1904894,GO:1905641,GO:1990314,GO:1990402,GO:2000048,GO:2000343,GO:2000353,GO:2000636,GO:2000727
50	GO:0000122,GO:0001501,GO:0001503,GO:0001649,GO:0001658,GO:0001666,GO:0001701,GO:0001837,GO:0001934,GO:0002062,GO:0002573,GO:0003007,GO:0003129,GO:0003133,GO:0003176,GO:0003181,GO:0003203,GO:0003210,GO:0003272,GO:0003331,GO:0006355,GO:0006879,GO:0006954,GO:0007219,GO:0007267,GO:0007507,GO:0008284,GO:0008285,GO:0009887,GO:0010467,GO:0010628,GO:0010629,GO:0010718,GO:0010894,GO:0010922,GO:0021537,GO:0021978,GO:0022408,GO:0030154,GO:0030177,GO:0030282,GO:0030316,GO:0030335,GO:0030501,GO:0030509,GO:0030512,GO:0032348,GO:0033690,GO:0035051,GO:0035054,GO:0035360,GO:0042475,GO:0042482,GO:0043065,GO:0043410,GO:0043569,GO:0045165,GO:0045597,GO:0045599,GO:0045600,GO:0045666,GO:0045778,GO:0045786,GO:0045892,GO:0045893,GO:0045944,GO:0048662,GO:0048711,GO:0048762,GO:0048839,GO:0051042,GO:0051216,GO:0055007,GO:0055008,GO:0060039,GO:0060128,GO:0060129,GO:0060317,GO:0060348,GO:0060391,GO:0060426,GO:0060485,GO:0060537,GO:0061036,GO:0070374,GO:0071773,GO:0072138,GO:0090090,GO:1900159,GO:1900745,GO:1901331,GO:1902895,GO:1905072,GO:1905222,GO:2000065,GO:2000725,GO:2000726	GO:0000209,GO:0001649,GO:0001837,GO:0002052,GO:0003151,GO:0007155,GO:0007173,GO:0007399,GO:0008284,GO:0008285,GO:0009410,GO:0010629,GO:0010717,GO:0010718,GO:0010909,GO:0016055,GO:0016525,GO:0019827,GO:0021854,GO:0030182,GO:0030901,GO:0030902,GO:0030997,GO:0031396,GO:0032212,GO:0032355,GO:0032968,GO:0033234,GO:0034112,GO:0034333,GO:0034394,GO:0035315,GO:0035995,GO:0036023,GO:0036520,GO:0043065,GO:0043066,GO:0043161,GO:0043525,GO:0044331,GO:0045597,GO:0045765,GO:0045766,GO:0045892,GO:0045893,GO:0045944,GO:0045976,GO:0048145,GO:0048568,GO:0048643,GO:0048660,GO:0050767,GO:0050768,GO:0050982,GO:0051884,GO:0051963,GO:0060070,GO:0060231,GO:0060292,GO:0061154,GO:0061549,GO:0061550,GO:0070602,GO:0071363,GO:0071681,GO:0072182,GO:0072497,GO:0090090,GO:0090279,GO:0097091,GO:0098609,GO:1901331,GO:1903377,GO:1904888,GO:1904948,GO:1905555,GO:1990138,GO:1990403,GO:1990791,GO:2000008,GO:2000179
50	GO:0000122,GO:0001503,GO:0001649,GO:0001657,GO:0001658,GO:0001822,GO:0001823,GO:0001934,GO:0001938,GO:0001958,GO:0002043,GO:0002062,GO:0002244,GO:0002320,GO:0002573,GO:0003007,GO:0003129,GO:0003139,GO:0003148,GO:0003149,GO:0003151,GO:0003163,GO:0003180,GO:0003184,GO:0003197,GO:0003279,GO:0003323,GO:0007498,GO:0008284,GO:0008285,GO:0009791,GO:0010453,GO:0010467,GO:0010628,GO:0010629,GO:0010718,GO:0021537,GO:0022408,GO:0030154,GO:0030224,GO:0030225,GO:0030335,GO:0030501,GO:0030509,GO:0030513,GO:0030858,GO:0032092,GO:0032967,GO:0033085,GO:0033088,GO:0035990,GO:0035993,GO:0042306,GO:0042476,GO:0043065,GO:0043068,GO:0045596,GO:0045603,GO:0045606,GO:0045662,GO:0045669,GO:0045778,GO:0045786,GO:0045839,GO:0045843,GO:0045892,GO:0045893,GO:0045944,GO:0048286,GO:0048392,GO:0048661,GO:0048662,GO:0048745,GO:0048863,GO:0050679,GO:0050918,GO:0051216,GO:0051241,GO:0055007,GO:0055020,GO:0060391,GO:0060425,GO:0060426,GO:0060433,GO:0060438,GO:0060441,GO:0060502,GO:0060503,GO:0060537,GO:0060976,GO:0061036,GO:0061047,GO:0061626,GO:0070244,GO:0071773,GO:0072104,GO:0072125,GO:0072179,GO:0072197,GO:0072200,GO:0090189,GO:0090191,GO:0090194,GO:1900182,GO:1900745,GO:1901331,GO:1902894,GO:1904706,GO:1904753,GO:1905312,GO:2000005,GO:2000007,GO:2000636,GO:2000725,GO:2001237	GO:0000122,GO:0001525,GO:0001657,GO:0001701,GO:0001837,GO:0002053,GO:0003148,GO:0003149,GO:0003416,GO:0006915,GO:0007267,GO:0007409,GO:0008284,GO:0008543,GO:0008589,GO:0009791,GO:0009880,GO:0009887,GO:0010518,GO:0010839,GO:0016331,GO:0018108,GO:0021769,GO:0021847,GO:0021860,GO:0022612,GO:0030177,GO:0030282,GO:0030324,GO:0030855,GO:0030901,GO:0030916,GO:0031069,GO:0032496,GO:0032808,GO:0033688,GO:0035265,GO:0035602,GO:0035603,GO:0035604,GO:0035607,GO:0042472,GO:0042476,GO:0043009,GO:0043410,GO:0044344,GO:0045165,GO:0045471,GO:0045595,GO:0045667,GO:0045787,GO:0045944,GO:0046777,GO:0048286,GO:0048333,GO:0048557,GO:0048562,GO:0048565,GO:0048568,GO:0048608,GO:0048701,GO:0048705,GO:0048730,GO:0048755,GO:0048762,GO:0050679,GO:0050680,GO:0051150,GO:0051781,GO:0055010,GO:0060045,GO:0060174,GO:0060348,GO:0060349,GO:0060442,GO:0060445,GO:0060449,GO:0060463,GO:0060484,GO:0060501,GO:0060512,GO:0060523,GO:0060527,GO:0060529,GO:0060601,GO:0060615,GO:0060664,GO:0060667,GO:0060670,GO:0060688,GO:0060915,GO:0060916,GO:0070372,GO:0070374,GO:0071300,GO:0071456,GO:0071560,GO:0090263,GO:1904707,GO:1904888
50	GO:0000165,GO:0006468,GO:0006897,GO:0006914,GO:0006979,GO:0007005,GO:0007029,GO:0007030,GO:0007040,GO:0007166,GO:0007254,GO:0007266,GO:0007283,GO:0007528,GO:0008104,GO:0008340,GO:0009267,GO:0009653,GO:0009968,GO:0010468,GO:0010506,GO:0010508,GO:0010955,GO:0010977,GO:0014041,GO:0016192,GO:0016242,GO:0019722,GO:0021756,GO:0021772,GO:0022028,GO:0030154,GO:0030162,GO:0030182,GO:0031344,GO:0031398,GO:0031647,GO:0032436,GO:0032760,GO:0034260,GO:0034599,GO:0034614,GO:0035542,GO:0035556,GO:0035564,GO:0035640,GO:0035641,GO:0035751,GO:0040012,GO:0042391,GO:0043068,GO:0043410,GO:0046039,GO:0046777,GO:0048312,GO:0048513,GO:0048812,GO:0050804,GO:0051239,GO:0051247,GO:0051646,GO:0051900,GO:0051966,GO:0060070,GO:0060079,GO:0060159,GO:0060161,GO:0060627,GO:0060628,GO:0060828,GO:0061001,GO:0070585,GO:0070973,GO:0071287,GO:0090140,GO:0090263,GO:0090394,GO:0140058,GO:0141161,GO:1900242,GO:1900244,GO:1901030,GO:1902236,GO:1902499,GO:1902531,GO:1902692,GO:1902803,GO:1902823,GO:1902902,GO:1903351,GO:1903748,GO:1903980,GO:1904644,GO:1904887,GO:1905279,GO:1905289,GO:1905504,GO:2000172,GO:2000300,GO:2000377	GO:0001837,GO:0001938,GO:0002088,GO:0002720,GO:0003138,GO:0003139,GO:0003281,GO:0003283,GO:0003408,GO:0006954,GO:0007200,GO:0007223,GO:0007409,GO:0007411,GO:0008104,GO:0008584,GO:0008595,GO:0010595,GO:0010628,GO:0010742,GO:0010820,GO:0010976,GO:0016055,GO:0021891,GO:0022008,GO:0030154,GO:0030182,GO:0030216,GO:0030901,GO:0032722,GO:0032729,GO:0032731,GO:0032755,GO:0032757,GO:0032760,GO:0035022,GO:0035567,GO:0036517,GO:0036518,GO:0042060,GO:0043032,GO:0043066,GO:0043122,GO:0043410,GO:0045165,GO:0045599,GO:0045732,GO:0045766,GO:0045778,GO:0045892,GO:0045893,GO:0045944,GO:0046330,GO:0048022,GO:0048146,GO:0048706,GO:0048806,GO:0048812,GO:0050727,GO:0050729,GO:0050807,GO:0051057,GO:0051216,GO:0051885,GO:0051897,GO:0051964,GO:0060070,GO:0060071,GO:0060324,GO:0060340,GO:0060760,GO:0060907,GO:0062009,GO:0071219,GO:0071222,GO:0071277,GO:0071300,GO:0071346,GO:0071425,GO:0071542,GO:0071560,GO:0072201,GO:0090090,GO:0097325,GO:0099054,GO:0099068,GO:0099170,GO:0099175,GO:0099566,GO:0150012,GO:1900020,GO:1902474,GO:1904861,GO:1904862,GO:1904934,GO:1904948,GO:2000052,GO:2001235
50	GO:0000122,GO:0000165,GO:0001666,GO:0001821,GO:0001975,GO:0003015,GO:0003094,GO:0003100,GO:0003253,GO:0003357,GO:0006366,GO:0006874,GO:0007005,GO:0007166,GO:0007186,GO:0007204,GO:0007267,GO:0007411,GO:0008217,GO:0008284,GO:0009410,GO:0010193,GO:0010460,GO:0010467,GO:0010595,GO:0010613,GO:0010629,GO:0014033,GO:0014034,GO:0014823,GO:0014824,GO:0014826,GO:0019229,GO:0019722,GO:0023019,GO:0030072,GO:0030185,GO:0030195,GO:0030335,GO:0030878,GO:0031175,GO:0031394,GO:0032308,GO:0032496,GO:0033574,GO:0034392,GO:0034696,GO:0035050,GO:0035094,GO:0035556,GO:0035994,GO:0042045,GO:0042310,GO:0042482,GO:0042554,GO:0043200,GO:0043410,GO:0043491,GO:0044321,GO:0044751,GO:0045321,GO:0045429,GO:0045793,GO:0045840,GO:0045944,GO:0045987,GO:0046330,GO:0046887,GO:0046888,GO:0048661,GO:0048675,GO:0050850,GO:0051248,GO:0051899,GO:0060070,GO:0060137,GO:0060298,GO:0060385,GO:0061051,GO:0061626,GO:0070101,GO:0070294,GO:0070301,GO:0070371,GO:0070588,GO:0071277,GO:0071346,GO:0071347,GO:0071356,GO:0071372,GO:0071373,GO:0071375,GO:0071385,GO:0071389,GO:0071398,GO:0071456,GO:0071466,GO:0071526,GO:0071548,GO:0071559,GO:0071560,GO:0072011,GO:0072112,GO:0086100,GO:0090023,GO:0097237,GO:0097492,GO:0097746,GO:0141156,GO:0160195,GO:1900182,GO:1901224,GO:1902074,GO:1903537,GO:1904707,GO:1905653,GO:2001259	GO:0000122,GO:0001890,GO:0006355,GO:0006357,GO:0006631,GO:0007186,GO:0007584,GO:0008217,GO:0009755,GO:0010628,GO:0010629,GO:0010745,GO:0010875,GO:0010887,GO:0010888,GO:0015909,GO:0016525,GO:0030154,GO:0030224,GO:0030509,GO:0030512,GO:0030514,GO:0030522,GO:0030855,GO:0031348,GO:0031667,GO:0032376,GO:0032869,GO:0033993,GO:0035357,GO:0042593,GO:0042752,GO:0042789,GO:0043409,GO:0043537,GO:0045087,GO:0045165,GO:0045444,GO:0045600,GO:0045668,GO:0045834,GO:0045892,GO:0045893,GO:0045923,GO:0045944,GO:0048384,GO:0048469,GO:0048511,GO:0048662,GO:0050728,GO:0050872,GO:0050873,GO:0051049,GO:0051241,GO:0055088,GO:0060336,GO:0060392,GO:0070165,GO:0071404,GO:0071456,GO:0090258,GO:0140077,GO:0141193,GO:1900076,GO:1901202,GO:1902894,GO:1902895,GO:1903243,GO:1903845,GO:1904179,GO:1904597,GO:1904706,GO:1904893,GO:1905461,GO:1905563,GO:2001235
50	GO:0000302,GO:0001523,GO:0001937,GO:0006629,GO:0006641,GO:0006869,GO:0006898,GO:0007010,GO:0007186,GO:0007271,GO:0007616,GO:0008202,GO:0008203,GO:0010544,GO:0010596,GO:0010629,GO:0010642,GO:0010875,GO:0010877,GO:0010976,GO:0010977,GO:0015909,GO:0017038,GO:0019068,GO:0030195,GO:0030516,GO:0031175,GO:0032438,GO:0032489,GO:0032805,GO:0033344,GO:0033700,GO:0034372,GO:0034374,GO:0034375,GO:0034380,GO:0034382,GO:0034384,GO:0034447,GO:0035641,GO:0038060,GO:0042157,GO:0042158,GO:0042632,GO:0042981,GO:0042982,GO:0043254,GO:0043409,GO:0043537,GO:0043691,GO:0044794,GO:0045088,GO:0045429,GO:0045541,GO:0045807,GO:0045893,GO:0046889,GO:0048168,GO:0048662,GO:0050709,GO:0050728,GO:0050807,GO:0051044,GO:0051055,GO:0051246,GO:0051248,GO:0055089,GO:0055090,GO:0060999,GO:0061000,GO:0061136,GO:0061771,GO:0070328,GO:0070374,GO:0071402,GO:0071830,GO:0071831,GO:0090090,GO:0090181,GO:0090205,GO:0090370,GO:0097006,GO:0097113,GO:0097114,GO:0098869,GO:0140077,GO:1900221,GO:1900223,GO:1900272,GO:1901627,GO:1901631,GO:1902004,GO:1902430,GO:1902951,GO:1902952,GO:1902991,GO:1902995,GO:1902998,GO:1902999,GO:1903001,GO:1903002,GO:1905890,GO:1905906,GO:1905907,GO:1905908,GO:2000822	GO:0000122,GO:0001525,GO:0001554,GO:0001837,GO:0001947,GO:0002052,GO:0003151,GO:0003157,GO:0003160,GO:0003162,GO:0003169,GO:0003180,GO:0003181,GO:0003182,GO:0003184,GO:0003192,GO:0003198,GO:0003203,GO:0003207,GO:0003208,GO:0003209,GO:0003213,GO:0003214,GO:0003222,GO:0003241,GO:0003264,GO:0003273,GO:0003332,GO:0003344,GO:0006355,GO:0006357,GO:0006606,GO:0006955,GO:0007219,GO:0007221,GO:0007283,GO:0007368,GO:0007411,GO:0007507,GO:0008284,GO:0008285,GO:0010467,GO:0010614,GO:0010628,GO:0010629,GO:0010667,GO:0010718,GO:0010812,GO:0010832,GO:0014031,GO:0021515,GO:0030154,GO:0030163,GO:0030279,GO:0030334,GO:0030335,GO:0030513,GO:0030514,GO:0031100,GO:0032495,GO:0032496,GO:0032966,GO:0035148,GO:0035924,GO:0042127,GO:0042246,GO:0043086,GO:0045070,GO:0045603,GO:0045662,GO:0045665,GO:0045668,GO:0045687,GO:0045892,GO:0045893,GO:0045944,GO:0046427,GO:0046579,GO:0048708,GO:0048709,GO:0048711,GO:0048715,GO:0048873,GO:0050768,GO:0050793,GO:0051152,GO:0055008,GO:0060038,GO:0060045,GO:0060253,GO:0060271,GO:0060317,GO:0060354,GO:0060379,GO:0060411,GO:0060412,GO:0060842,GO:0060843,GO:0060948,GO:0060956,GO:0060979,GO:0060982,GO:0061344,GO:0061384,GO:0062043,GO:0070168,GO:0070374,GO:0070986,GO:0071228,GO:0071372,GO:0071456,GO:0072017,GO:0072044,GO:0072144,GO:0072538,GO:0090051,GO:0097150,GO:0097400,GO:0099565,GO:0120163,GO:1901201,GO:1902339,GO:2000048,GO:2000737,GO:2000811,GO:2000974,GO:2001027
50	GO:0000165,GO:0006468,GO:0006897,GO:0006914,GO:0006979,GO:0007005,GO:0007029,GO:0007030,GO:0007040,GO:0007166,GO:0007254,GO:0007266,GO:0007283,GO:0007528,GO:0008104,GO:0008340,GO:0009267,GO:0009653,GO:0009968,GO:0010468,GO:0010506,GO:0010508,GO:0010955,GO:0010977,GO:0014041,GO:0016192,GO:0016242,GO:0019722,GO:0021756,GO:0021772,GO:0022028,GO:0030154,GO:0030162,GO:0030182,GO:0031344,GO:0031398,GO:0031647,GO:0032436,GO:0032760,GO:0034260,GO:0034599,GO:0034614,GO:0035542,GO:0035556,GO:0035564,GO:0035640,GO:0035641,GO:0035751,GO:0040012,GO:0042391,GO:0043068,GO:0043410,GO:0046039,GO:0046777,GO:0048312,GO:0048513,GO:0048812,GO:0050804,GO:0051239,GO:0051247,GO:0051646,GO:0051900,GO:0051966,GO:0060070,GO:0060079,GO:0060159,GO:0060161,GO:0060627,GO:0060628,GO:0060828,GO:0061001,GO:0070585,GO:0070973,GO:0071287,GO:0090140,GO:0090263,GO:0090394,GO:0140058,GO:0141161,GO:1900242,GO:1900244,GO:1901030,GO:1902236,GO:1902499,GO:1902531,GO:1902692,GO:1902803,GO:1902823,GO:1902902,GO:1903351,GO:1903748,GO:1903980,GO:1904644,GO:1904887,GO:1905279,GO:1905289,GO:1905504,GO:2000172,GO:2000300,GO:2000377	GO:0000122,GO:0002244,GO:0006289,GO:0006355,GO:0006357,GO:0006914,GO:0006915,GO:0006974,GO:0006979,GO:0006983,GO:0007265,GO:0007623,GO:0008104,GO:0008285,GO:0008340,GO:0009299,GO:0009410,GO:0009411,GO:0010212,GO:0010332,GO:0010628,GO:0012501,GO:0016032,GO:0030308,GO:0030330,GO:0031571,GO:0032211,GO:0033209,GO:0034644,GO:0042149,GO:0042771,GO:0042981,GO:0043065,GO:0043066,GO:0043153,GO:0045815,GO:0045892,GO:0045893,GO:0045899,GO:0045944,GO:0046677,GO:0048147,GO:0048511,GO:0048512,GO:0048539,GO:0051053,GO:0051097,GO:0051262,GO:0051726,GO:0060218,GO:0060333,GO:0062100,GO:0065003,GO:0070059,GO:0070245,GO:0071456,GO:0071466,GO:0071479,GO:0071480,GO:0072331,GO:0072332,GO:0072717,GO:0090200,GO:0090398,GO:0090399,GO:0090403,GO:0097190,GO:0097193,GO:0097252,GO:1900119,GO:1902749,GO:1902895,GO:1903451,GO:1905856,GO:2000379,GO:2000774,GO:2001242,GO:2001244
50	GO:0001659,GO:0001666,GO:0001963,GO:0001975,GO:0001976,GO:0002027,GO:0002028,GO:0002031,GO:0002052,GO:0002092,GO:0006874,GO:0006914,GO:0007165,GO:0007186,GO:0007188,GO:0007195,GO:0007200,GO:0007212,GO:0007270,GO:0007409,GO:0007416,GO:0007608,GO:0007616,GO:0007626,GO:0007628,GO:0008104,GO:0008285,GO:0008306,GO:0008542,GO:0009410,GO:0009416,GO:0009636,GO:0010039,GO:0014059,GO:0014854,GO:0016055,GO:0021756,GO:0021769,GO:0021853,GO:0021984,GO:0030336,GO:0030432,GO:0030900,GO:0031223,GO:0032228,GO:0032355,GO:0032467,GO:0032922,GO:0033602,GO:0034776,GO:0035094,GO:0035305,GO:0035556,GO:0042220,GO:0042321,GO:0042417,GO:0042756,GO:0043266,GO:0043278,GO:0043408,GO:0045471,GO:0045745,GO:0045776,GO:0045824,GO:0045944,GO:0046676,GO:0046717,GO:0048148,GO:0048149,GO:0048169,GO:0048678,GO:0048755,GO:0050482,GO:0050709,GO:0050769,GO:0050805,GO:0051209,GO:0051240,GO:0051481,GO:0051580,GO:0051584,GO:0051586,GO:0051823,GO:0051898,GO:0051952,GO:0051967,GO:0060079,GO:0060124,GO:0060134,GO:0060158,GO:0060160,GO:0070374,GO:0071300,GO:0071361,GO:0090325,GO:0097305,GO:0099170,GO:0099171,GO:0160213,GO:1900038,GO:1900168,GO:1900273,GO:1903530,GO:1990384	GO:0000122,GO:0000165,GO:0001666,GO:0001821,GO:0001975,GO:0003015,GO:0003094,GO:0003100,GO:0003253,GO:0003357,GO:0006366,GO:0006874,GO:0007005,GO:0007166,GO:0007186,GO:0007204,GO:0007267,GO:0007411,GO:0008217,GO:0008284,GO:0009410,GO:0010193,GO:0010460,GO:0010467,GO:0010595,GO:0010613,GO:0010629,GO:0014033,GO:0014034,GO:0014823,GO:0014824,GO:0014826,GO:0019229,GO:0019722,GO:0023019,GO:0030072,GO:0030185,GO:0030195,GO:0030335,GO:0030878,GO:0031175,GO:0031394,GO:0032308,GO:0032496,GO:0033574,GO:0034392,GO:0034696,GO:0035050,GO:0035094,GO:0035556,GO:0035994,GO:0042045,GO:0042310,GO:0042482,GO:0042554,GO:0043200,GO:0043410,GO:0043491,GO:0044321,GO:0044751,GO:0045321,GO:0045429,GO:0045793,GO:0045840,GO:0045944,GO:0045987,GO:0046330,GO:0046887,GO:0046888,GO:0048661,GO:0048675,GO:0050850,GO:0051248,GO:0051899,GO:0060070,GO:0060137,GO:0060298,GO:0060385,GO:0061051,GO:0061626,GO:0070101,GO:0070294,GO:0070301,GO:0070371,GO:0070588,GO:0071277,GO:0071346,GO:0071347,GO:0071356,GO:0071372,GO:0071373,GO:0071375,GO:0071385,GO:0071389,GO:0071398,GO:0071456,GO:0071466,GO:0071526,GO:0071548,GO:0071559,GO:0071560,GO:0072011,GO:0072112,GO:0086100,GO:0090023,GO:0097237,GO:0097492,GO:0097746,GO:0141156,GO:0160195,GO:1900182,GO:1901224,GO:1902074,GO:1903537,GO:1904707,GO:1905653,GO:2001259
50	GO:0000122,GO:0001525,GO:0001657,GO:0001701,GO:0001837,GO:0002053,GO:0003148,GO:0003149,GO:0003416,GO:0006915,GO:0007267,GO:0007409,GO:0008284,GO:0008543,GO:0008589,GO:0009791,GO:0009880,GO:0009887,GO:0010518,GO:0010839,GO:0016331,GO:0018108,GO:0021769,GO:0021847,GO:0021860,GO:0022612,GO:0030177,GO:0030282,GO:0030324,GO:0030855,GO:0030901,GO:0030916,GO:0031069,GO:0032496,GO:0032808,GO:0033688,GO:0035265,GO:0035602,GO:0035603,GO:0035604,GO:0035607,GO:0042472,GO:0042476,GO:0043009,GO:0043410,GO:0044344,GO:0045165,GO:0045471,GO:0045595,GO:0045667,GO:0045787,GO:0045944,GO:0046777,GO:0048286,GO:0048333,GO:0048557,GO:0048562,GO:0048565,GO:0048568,GO:0048608,GO:0048701,GO:0048705,GO:0048730,GO:0048755,GO:0048762,GO:0050679,GO:0050680,GO:0051150,GO:0051781,GO:0055010,GO:0060045,GO:0060174,GO:0060348,GO:0060349,GO:0060442,GO:0060445,GO:0060449,GO:0060463,GO:0060484,GO:0060501,GO:0060512,GO:0060523,GO:0060527,GO:0060529,GO:0060601,GO:0060615,GO:0060664,GO:0060667,GO:0060670,GO:0060688,GO:0060915,GO:0060916,GO:0070372,GO:0070374,GO:0071300,GO:0071456,GO:0071560,GO:0090263,GO:1904707,GO:1904888	GO:0000122,GO:0001709,GO:0001806,GO:0001817,GO:0001822,GO:0001823,GO:0002376,GO:0002520,GO:0003180,GO:0003215,GO:0003281,GO:0006355,GO:0006357,GO:0006952,GO:0006954,GO:0007165,GO:0008285,GO:0008584,GO:0009410,GO:0009615,GO:0009653,GO:0009967,GO:0010332,GO:0010467,GO:0010595,GO:0010719,GO:0030154,GO:0030217,GO:0030225,GO:0030856,GO:0031929,GO:0032736,GO:0032753,GO:0032754,GO:0033600,GO:0035457,GO:0042421,GO:0043491,GO:0043583,GO:0043627,GO:0045064,GO:0045087,GO:0045165,GO:0045471,GO:0045582,GO:0045786,GO:0045892,GO:0045893,GO:0045944,GO:0048485,GO:0048568,GO:0048646,GO:0048731,GO:0050728,GO:0050793,GO:0050852,GO:0051216,GO:0051897,GO:0060037,GO:0060065,GO:0060070,GO:0060231,GO:0060676,GO:0071353,GO:0071356,GO:0072107,GO:0072178,GO:0072179,GO:0072182,GO:0072676,GO:0090102,GO:1902895,GO:2000146,GO:2000352,GO:2000611,GO:2000679,GO:2000683
50	GO:0000077,GO:0001782,GO:0001817,GO:0001932,GO:0001933,GO:0002223,GO:0002244,GO:0002250,GO:0002376,GO:0002431,GO:0002513,GO:0002553,GO:0002576,GO:0002758,GO:0002762,GO:0002768,GO:0002774,GO:0002862,GO:0002902,GO:0006468,GO:0006950,GO:0006954,GO:0006974,GO:0006991,GO:0007165,GO:0007169,GO:0008284,GO:0008285,GO:0009410,GO:0009636,GO:0009725,GO:0009743,GO:0010976,GO:0014003,GO:0015908,GO:0018108,GO:0030097,GO:0030218,GO:0030222,GO:0030335,GO:0030889,GO:0031175,GO:0031295,GO:0031663,GO:0032868,GO:0033003,GO:0033628,GO:0034136,GO:0034142,GO:0034144,GO:0034145,GO:0034165,GO:0034605,GO:0035556,GO:0038043,GO:0038095,GO:0038096,GO:0038159,GO:0042100,GO:0042327,GO:0043200,GO:0043304,GO:0043407,GO:0043410,GO:0043434,GO:0045087,GO:0045646,GO:0046777,GO:0048013,GO:0048678,GO:0050727,GO:0050777,GO:0050855,GO:0050859,GO:0050900,GO:0051279,GO:0060252,GO:0060369,GO:0060397,GO:0070372,GO:0070373,GO:0070447,GO:0070667,GO:0070668,GO:0071300,GO:0071396,GO:0090025,GO:0090330,GO:0097028,GO:1902532,GO:1902993,GO:2000670	GO:0000122,GO:0001666,GO:0001774,GO:0001819,GO:0001937,GO:0001975,GO:0002037,GO:0002281,GO:0002439,GO:0002639,GO:0002700,GO:0002719,GO:0003009,GO:0003085,GO:0006325,GO:0006954,GO:0006955,GO:0007259,GO:0007623,GO:0008285,GO:0008625,GO:0008630,GO:0009410,GO:0009612,GO:0009615,GO:0009617,GO:0009651,GO:0009750,GO:0010459,GO:0010573,GO:0010628,GO:0010629,GO:0010744,GO:0010888,GO:0014823,GO:0019722,GO:0031334,GO:0031349,GO:0031622,GO:0031642,GO:0031667,GO:0032496,GO:0032715,GO:0032722,GO:0032724,GO:0032731,GO:0032741,GO:0032755,GO:0032757,GO:0033209,GO:0034116,GO:0034138,GO:0035900,GO:0036005,GO:0042127,GO:0042311,GO:0043065,GO:0043066,GO:0043068,GO:0043122,GO:0043123,GO:0043243,GO:0043410,GO:0043525,GO:0043537,GO:0045071,GO:0045087,GO:0045429,GO:0045471,GO:0045598,GO:0045599,GO:0045668,GO:0045672,GO:0045732,GO:0045760,GO:0045785,GO:0045840,GO:0045892,GO:0045893,GO:0045930,GO:0045944,GO:0046325,GO:0046330,GO:0046677,GO:0048143,GO:0048566,GO:0048661,GO:0050729,GO:0050768,GO:0050793,GO:0050796,GO:0050804,GO:0050806,GO:0050807,GO:0050890,GO:0050901,GO:0050966,GO:0050995,GO:0051044,GO:0051046,GO:0051222,GO:0051239,GO:0051384,GO:0051798,GO:0051897,GO:0051966,GO:0060252,GO:0060557,GO:0061044,GO:0061048,GO:0070374,GO:0070886,GO:0071219,GO:0071222,GO:0071300,GO:0071316,GO:0071346,GO:0071479,GO:0071677,GO:0071803,GO:0072577,GO:0072659,GO:0090324,GO:0090594,GO:0097191,GO:0097237,GO:0097421,GO:0097527,GO:0120190,GO:0140374,GO:0140460,GO:0150078,GO:0150129,GO:1900017,GO:1900222,GO:1901224,GO:1901647,GO:1902004,GO:1902065,GO:1902565,GO:1902894,GO:1902895,GO:1903078,GO:1903140,GO:1903347,GO:1903829,GO:1904638,GO:1904646,GO:1904707,GO:1904880,GO:1904996,GO:1904999,GO:1905235,GO:1905242,GO:1990268,GO:2000010,GO:2000334,GO:2000343,GO:2000347,GO:2000351,GO:2000377,GO:2000573,GO:2001234,GO:2001238,GO:2001240
50	GO:0000122,GO:0001525,GO:0001554,GO:0001837,GO:0001947,GO:0002052,GO:0003151,GO:0003157,GO:0003160,GO:0003162,GO:0003169,GO:0003180,GO:0003181,GO:0003182,GO:0003184,GO:0003192,GO:0003198,GO:0003203,GO:0003207,GO:0003208,GO:0003209,GO:0003213,GO:0003214,GO:0003222,GO:0003241,GO:0003264,GO:0003273,GO:0003332,GO:0003344,GO:0006355,GO:0006357,GO:0006606,GO:0006955,GO:0007219,GO:0007221,GO:0007283,GO:0007368,GO:0007411,GO:0007507,GO:0008284,GO:0008285,GO:0010467,GO:0010614,GO:0010628,GO:0010629,GO:0010667,GO:0010718,GO:0010812,GO:0010832,GO:0014031,GO:0021515,GO:0030154,GO:0030163,GO:0030279,GO:0030334,GO:0030335,GO:0030513,GO:0030514,GO:0031100,GO:0032495,GO:0032496,GO:0032966,GO:0035148,GO:0035924,GO:0042127,GO:0042246,GO:0043086,GO:0045070,GO:0045603,GO:0045662,GO:0045665,GO:0045668,GO:0045687,GO:0045892,GO:0045893,GO:0045944,GO:0046427,GO:0046579,GO:0048708,GO:0048709,GO:0048711,GO:0048715,GO:0048873,GO:0050768,GO:0050793,GO:0051152,GO:0055008,GO:0060038,GO:0060045,GO:0060253,GO:0060271,GO:0060317,GO:0060354,GO:0060379,GO:0060411,GO:0060412,GO:0060842,GO:0060843,GO:0060948,GO:0060956,GO:0060979,GO:0060982,GO:0061344,GO:0061384,GO:0062043,GO:0070168,GO:0070374,GO:0070986,GO:0071228,GO:0071372,GO:0071456,GO:0072017,GO:0072044,GO:0072144,GO:0072538,GO:0090051,GO:0097150,GO:0097400,GO:0099565,GO:0120163,GO:1901201,GO:1902339,GO:2000048,GO:2000737,GO:2000811,GO:2000974,GO:2001027	GO:0000122,GO:0001525,GO:0001541,GO:0001569,GO:0001570,GO:0001666,GO:0001701,GO:0001822,GO:0001934,GO:0001938,GO:0002040,GO:0002042,GO:0002052,GO:0002092,GO:0002376,GO:0002575,GO:0002687,GO:0003007,GO:0003151,GO:0003169,GO:0006357,GO:0007200,GO:0007399,GO:0007498,GO:0007595,GO:0008284,GO:0008360,GO:0010595,GO:0010628,GO:0010629,GO:0010719,GO:0010749,GO:0030154,GO:0030224,GO:0030225,GO:0030324,GO:0030335,GO:0030855,GO:0031077,GO:0031290,GO:0031334,GO:0031954,GO:0035148,GO:0035767,GO:0035924,GO:0036303,GO:0036324,GO:0038033,GO:0038084,GO:0038091,GO:0038190,GO:0042462,GO:0043066,GO:0043117,GO:0043123,GO:0043129,GO:0043410,GO:0043536,GO:0045766,GO:0045785,GO:0045944,GO:0048010,GO:0048469,GO:0048593,GO:0048842,GO:0048844,GO:0050679,GO:0050918,GO:0050927,GO:0050930,GO:0051781,GO:0051894,GO:0051897,GO:0055013,GO:0060319,GO:0060749,GO:0060754,GO:0060948,GO:0060982,GO:0061042,GO:0070374,GO:0071456,GO:0071542,GO:0071679,GO:0090050,GO:0090190,GO:0097475,GO:0097533,GO:0120162,GO:1900748,GO:1901165,GO:1902894,GO:1902966,GO:1903141,GO:1903392,GO:1903589,GO:1903672,GO:1905278,GO:1905555,GO:1905604,GO:2000048,GO:2000573,GO:2001028
50	GO:0000122,GO:0001525,GO:0001554,GO:0001837,GO:0001947,GO:0002052,GO:0003151,GO:0003157,GO:0003160,GO:0003162,GO:0003169,GO:0003180,GO:0003181,GO:0003182,GO:0003184,GO:0003192,GO:0003198,GO:0003203,GO:0003207,GO:0003208,GO:0003209,GO:0003213,GO:0003214,GO:0003222,GO:0003241,GO:0003264,GO:0003273,GO:0003332,GO:0003344,GO:0006355,GO:0006357,GO:0006606,GO:0006955,GO:0007219,GO:0007221,GO:0007283,GO:0007368,GO:0007411,GO:0007507,GO:0008284,GO:0008285,GO:0010467,GO:0010614,GO:0010628,GO:0010629,GO:0010667,GO:0010718,GO:0010812,GO:0010832,GO:0014031,GO:0021515,GO:0030154,GO:0030163,GO:0030279,GO:0030334,GO:0030335,GO:0030513,GO:0030514,GO:0031100,GO:0032495,GO:0032496,GO:0032966,GO:0035148,GO:0035924,GO:0042127,GO:0042246,GO:0043086,GO:0045070,GO:0045603,GO:0045662,GO:0045665,GO:0045668,GO:0045687,GO:0045892,GO:0045893,GO:0045944,GO:0046427,GO:0046579,GO:0048708,GO:0048709,GO:0048711,GO:0048715,GO:0048873,GO:0050768,GO:0050793,GO:0051152,GO:0055008,GO:0060038,GO:0060045,GO:0060253,GO:0060271,GO:0060317,GO:0060354,GO:0060379,GO:0060411,GO:0060412,GO:0060842,GO:0060843,GO:0060948,GO:0060956,GO:0060979,GO:0060982,GO:0061344,GO:0061384,GO:0062043,GO:0070168,GO:0070374,GO:0070986,GO:0071228,GO:0071372,GO:0071456,GO:0072017,GO:0072044,GO:0072144,GO:0072538,GO:0090051,GO:0097150,GO:0097400,GO:0099565,GO:0120163,GO:1901201,GO:1902339,GO:2000048,GO:2000737,GO:2000811,GO:2000974,GO:2001027	GO:0000122,GO:0000165,GO:0001649,GO:0001657,GO:0001666,GO:0001836,GO:0006355,GO:0006357,GO:0006955,GO:0007179,GO:0007254,GO:0008285,GO:0009653,GO:0010332,GO:0010467,GO:0010628,GO:0010629,GO:0010718,GO:0023019,GO:0030154,GO:0030279,GO:0030308,GO:0030325,GO:0030335,GO:0030501,GO:0031053,GO:0031665,GO:0032332,GO:0032502,GO:0032731,GO:0032909,GO:0032916,GO:0032924,GO:0033689,GO:0036120,GO:0038092,GO:0042060,GO:0042110,GO:0042177,GO:0042220,GO:0042307,GO:0043066,GO:0045216,GO:0045429,GO:0045596,GO:0045599,GO:0045893,GO:0045944,GO:0050728,GO:0050776,GO:0050821,GO:0050927,GO:0051481,GO:0051496,GO:0051881,GO:0051894,GO:0060290,GO:0060391,GO:0060395,GO:0061001,GO:0061045,GO:0061450,GO:0061767,GO:0071333,GO:0071363,GO:0071560,GO:0071635,GO:0090263,GO:0097190,GO:0097191,GO:0097305,GO:0098586,GO:0141091,GO:1901203,GO:1902893,GO:1902894,GO:1902895,GO:1903243,GO:1990776
50	GO:0000122,GO:0001570,GO:0001666,GO:0001937,GO:0006641,GO:0006816,GO:0006874,GO:0006940,GO:0007519,GO:0008104,GO:0009267,GO:0009617,GO:0010524,GO:0010608,GO:0010628,GO:0010875,GO:0016050,GO:0019065,GO:0019217,GO:0019915,GO:0030154,GO:0030193,GO:0030301,GO:0030335,GO:0030514,GO:0030857,GO:0030879,GO:0031295,GO:0031397,GO:0031398,GO:0031623,GO:0032507,GO:0032570,GO:0033484,GO:0038016,GO:0038166,GO:0042632,GO:0043123,GO:0043409,GO:0043627,GO:0044860,GO:0045019,GO:0045907,GO:0046209,GO:0046426,GO:0048550,GO:0051480,GO:0051592,GO:0051899,GO:0055074,GO:0060056,GO:0060070,GO:0060546,GO:0070836,GO:0071218,GO:0071375,GO:0071455,GO:0072584,GO:0086091,GO:0090090,GO:0097190,GO:0098903,GO:0098909,GO:0098911,GO:0120162,GO:1900027,GO:1901380,GO:1901844,GO:1903361,GO:1903598,GO:1904294,GO:2000535,GO:2000811,GO:2001238,GO:2001244	GO:0001774,GO:0001819,GO:0002250,GO:0002376,GO:0006325,GO:0006338,GO:0006915,GO:0006979,GO:0007155,GO:0007165,GO:0007167,GO:0007204,GO:0007259,GO:0007498,GO:0008284,GO:0008285,GO:0008631,GO:0009755,GO:0010572,GO:0010667,GO:0010811,GO:0019221,GO:0022407,GO:0022408,GO:0030041,GO:0030154,GO:0030218,GO:0030335,GO:0031103,GO:0031663,GO:0031959,GO:0032024,GO:0032731,GO:0032760,GO:0033194,GO:0033209,GO:0034612,GO:0035166,GO:0035556,GO:0035722,GO:0038043,GO:0038065,GO:0038155,GO:0038156,GO:0038157,GO:0038162,GO:0038163,GO:0042102,GO:0042307,GO:0042531,GO:0042976,GO:0042981,GO:0043065,GO:0043066,GO:0043410,GO:0043524,GO:0043687,GO:0045087,GO:0045348,GO:0045428,GO:0045429,GO:0045597,GO:0045944,GO:0046425,GO:0046634,GO:0046677,GO:0046777,GO:0048008,GO:0048861,GO:0050727,GO:0050804,GO:0050867,GO:0051897,GO:0060333,GO:0060391,GO:0060396,GO:0060397,GO:0060399,GO:0061180,GO:0070102,GO:0070120,GO:0070665,GO:0070671,GO:0070757,GO:0097191,GO:0120162,GO:0120186,GO:0140546,GO:1900016,GO:1901731,GO:1902533,GO:1902728,GO:1904037,GO:1904707,GO:1905539
50	GO:0000122,GO:0001709,GO:0001806,GO:0001817,GO:0001822,GO:0001823,GO:0002376,GO:0002520,GO:0003180,GO:0003215,GO:0003281,GO:0006355,GO:0006357,GO:0006952,GO:0006954,GO:0007165,GO:0008285,GO:0008584,GO:0009410,GO:0009615,GO:0009653,GO:0009967,GO:0010332,GO:0010467,GO:0010595,GO:0010719,GO:0030154,GO:0030217,GO:0030225,GO:0030856,GO:0031929,GO:0032736,GO:0032753,GO:0032754,GO:0033600,GO:0035457,GO:0042421,GO:0043491,GO:0043583,GO:0043627,GO:0045064,GO:0045087,GO:0045165,GO:0045471,GO:0045582,GO:0045786,GO:0045892,GO:0045893,GO:0045944,GO:0048485,GO:0048568,GO:0048646,GO:0048731,GO:0050728,GO:0050793,GO:0050852,GO:0051216,GO:0051897,GO:0060037,GO:0060065,GO:0060070,GO:0060231,GO:0060676,GO:0071353,GO:0071356,GO:0072107,GO:0072178,GO:0072179,GO:0072182,GO:0072676,GO:0090102,GO:1902895,GO:2000146,GO:2000352,GO:2000611,GO:2000679,GO:2000683	GO:0000122,GO:0001525,GO:0001554,GO:0001837,GO:0001947,GO:0002052,GO:0003151,GO:0003157,GO:0003160,GO:0003162,GO:0003169,GO:0003180,GO:0003181,GO:0003182,GO:0003184,GO:0003192,GO:0003198,GO:0003203,GO:0003207,GO:0003208,GO:0003209,GO:0003213,GO:0003214,GO:0003222,GO:0003241,GO:0003264,GO:0003273,GO:0003332,GO:0003344,GO:0006355,GO:0006357,GO:0006606,GO:0006955,GO:0007219,GO:0007221,GO:0007283,GO:0007368,GO:0007411,GO:0007507,GO:0008284,GO:0008285,GO:0010467,GO:0010614,GO:0010628,GO:0010629,GO:0010667,GO:0010718,GO:0010812,GO:0010832,GO:0014031,GO:0021515,GO:0030154,GO:0030163,GO:0030279,GO:0030334,GO:0030335,GO:0030513,GO:0030514,GO:0031100,GO:0032495,GO:0032496,GO:0032966,GO:0035148,GO:0035924,GO:0042127,GO:0042246,GO:0043086,GO:0045070,GO:0045603,GO:0045662,GO:0045665,GO:0045668,GO:0045687,GO:0045892,GO:0045893,GO:0045944,GO:0046427,GO:0046579,GO:0048708,GO:0048709,GO:0048711,GO:0048715,GO:0048873,GO:0050768,GO:0050793,GO:0051152,GO:0055008,GO:0060038,GO:0060045,GO:0060253,GO:0060271,GO:0060317,GO:0060354,GO:0060379,GO:0060411,GO:0060412,GO:0060842,GO:0060843,GO:0060948,GO:0060956,GO:0060979,GO:0060982,GO:0061344,GO:0061384,GO:0062043,GO:0070168,GO:0070374,GO:0070986,GO:0071228,GO:0071372,GO:0071456,GO:0072017,GO:0072044,GO:0072144,GO:0072538,GO:0090051,GO:0097150,GO:0097400,GO:0099565,GO:0120163,GO:1901201,GO:1902339,GO:2000048,GO:2000737,GO:2000811,GO:2000974,GO:2001027
50	GO:0000122,GO:0001501,GO:0001503,GO:0001649,GO:0001658,GO:0001666,GO:0001701,GO:0001837,GO:0001934,GO:0002062,GO:0002573,GO:0003007,GO:0003129,GO:0003133,GO:0003176,GO:0003181,GO:0003203,GO:0003210,GO:0003272,GO:0003331,GO:0006355,GO:0006879,GO:0006954,GO:0007219,GO:0007267,GO:0007507,GO:0008284,GO:0008285,GO:0009887,GO:0010467,GO:0010628,GO:0010629,GO:0010718,GO:0010894,GO:0010922,GO:0021537,GO:0021978,GO:0022408,GO:0030154,GO:0030177,GO:0030282,GO:0030316,GO:0030335,GO:0030501,GO:0030509,GO:0030512,GO:0032348,GO:0033690,GO:0035051,GO:0035054,GO:0035360,GO:0042475,GO:0042482,GO:0043065,GO:0043410,GO:0043569,GO:0045165,GO:0045597,GO:0045599,GO:0045600,GO:0045666,GO:0045778,GO:0045786,GO:0045892,GO:0045893,GO:0045944,GO:0048662,GO:0048711,GO:0048762,GO:0048839,GO:0051042,GO:0051216,GO:0055007,GO:0055008,GO:0060039,GO:0060128,GO:0060129,GO:0060317,GO:0060348,GO:0060391,GO:0060426,GO:0060485,GO:0060537,GO:0061036,GO:0070374,GO:0071773,GO:0072138,GO:0090090,GO:1900159,GO:1900745,GO:1901331,GO:1902895,GO:1905072,GO:1905222,GO:2000065,GO:2000725,GO:2000726	GO:0000122,GO:0001890,GO:0006355,GO:0006357,GO:0006631,GO:0007186,GO:0007584,GO:0008217,GO:0009755,GO:0010628,GO:0010629,GO:0010745,GO:0010875,GO:0010887,GO:0010888,GO:0015909,GO:0016525,GO:0030154,GO:0030224,GO:0030509,GO:0030512,GO:0030514,GO:0030522,GO:0030855,GO:0031348,GO:0031667,GO:0032376,GO:0032869,GO:0033993,GO:0035357,GO:0042593,GO:0042752,GO:0042789,GO:0043409,GO:0043537,GO:0045087,GO:0045165,GO:0045444,GO:0045600,GO:0045668,GO:0045834,GO:0045892,GO:0045893,GO:0045923,GO:0045944,GO:0048384,GO:0048469,GO:0048511,GO:0048662,GO:0050728,GO:0050872,GO:0050873,GO:0051049,GO:0051241,GO:0055088,GO:0060336,GO:0060392,GO:0070165,GO:0071404,GO:0071456,GO:0090258,GO:0140077,GO:0141193,GO:1900076,GO:1901202,GO:1902894,GO:1902895,GO:1903243,GO:1903845,GO:1904179,GO:1904597,GO:1904706,GO:1904893,GO:1905461,GO:1905563,GO:2001235
50	GO:0000122,GO:0000165,GO:0001666,GO:0001821,GO:0001975,GO:0003015,GO:0003094,GO:0003100,GO:0003253,GO:0003357,GO:0006366,GO:0006874,GO:0007005,GO:0007166,GO:0007186,GO:0007204,GO:0007267,GO:0007411,GO:0008217,GO:0008284,GO:0009410,GO:0010193,GO:0010460,GO:0010467,GO:0010595,GO:0010613,GO:0010629,GO:0014033,GO:0014034,GO:0014823,GO:0014824,GO:0014826,GO:0019229,GO:0019722,GO:0023019,GO:0030072,GO:0030185,GO:0030195,GO:0030335,GO:0030878,GO:0031175,GO:0031394,GO:0032308,GO:0032496,GO:0033574,GO:0034392,GO:0034696,GO:0035050,GO:0035094,GO:0035556,GO:0035994,GO:0042045,GO:0042310,GO:0042482,GO:0042554,GO:0043200,GO:0043410,GO:0043491,GO:0044321,GO:0044751,GO:0045321,GO:0045429,GO:0045793,GO:0045840,GO:0045944,GO:0045987,GO:0046330,GO:0046887,GO:0046888,GO:0048661,GO:0048675,GO:0050850,GO:0051248,GO:0051899,GO:0060070,GO:0060137,GO:0060298,GO:0060385,GO:0061051,GO:0061626,GO:0070101,GO:0070294,GO:0070301,GO:0070371,GO:0070588,GO:0071277,GO:0071346,GO:0071347,GO:0071356,GO:0071372,GO:0071373,GO:0071375,GO:0071385,GO:0071389,GO:0071398,GO:0071456,GO:0071466,GO:0071526,GO:0071548,GO:0071559,GO:0071560,GO:0072011,GO:0072112,GO:0086100,GO:0090023,GO:0097237,GO:0097492,GO:0097746,GO:0141156,GO:0160195,GO:1900182,GO:1901224,GO:1902074,GO:1903537,GO:1904707,GO:1905653,GO:2001259	GO:0000122,GO:0001773,GO:0001935,GO:0001938,GO:0002218,GO:0002250,GO:0002270,GO:0002281,GO:0002376,GO:0002407,GO:0002437,GO:0002643,GO:0002840,GO:0006259,GO:0006265,GO:0006281,GO:0006284,GO:0006302,GO:0006303,GO:0006310,GO:0006325,GO:0006338,GO:0006914,GO:0006935,GO:0006954,GO:0006955,GO:0006974,GO:0007165,GO:0007204,GO:0010508,GO:0010596,GO:0017055,GO:0031175,GO:0031507,GO:0032392,GO:0032425,GO:0032689,GO:0032722,GO:0032727,GO:0032728,GO:0032731,GO:0032732,GO:0032733,GO:0032735,GO:0032755,GO:0032757,GO:0032760,GO:0033151,GO:0034137,GO:0034145,GO:0034165,GO:0035711,GO:0035767,GO:0042104,GO:0043065,GO:0043277,GO:0043371,GO:0043388,GO:0043410,GO:0043536,GO:0043537,GO:0045063,GO:0045087,GO:0045089,GO:0045597,GO:0045944,GO:0046330,GO:0046598,GO:0048468,GO:0050792,GO:0050918,GO:0051052,GO:0070374,GO:0071222,GO:0071639,GO:0090026,GO:0090303,GO:0097350,GO:1901224,GO:1903672,GO:1903706,GO:1905564,GO:2000343,GO:2000426,GO:2000819,GO:2001200
50	GO:0001659,GO:0001666,GO:0001963,GO:0001975,GO:0001976,GO:0002027,GO:0002028,GO:0002031,GO:0002052,GO:0002092,GO:0006874,GO:0006914,GO:0007165,GO:0007186,GO:0007188,GO:0007195,GO:0007200,GO:0007212,GO:0007270,GO:0007409,GO:0007416,GO:0007608,GO:0007616,GO:0007626,GO:0007628,GO:0008104,GO:0008285,GO:0008306,GO:0008542,GO:0009410,GO:0009416,GO:0009636,GO:0010039,GO:0014059,GO:0014854,GO:0016055,GO:0021756,GO:0021769,GO:0021853,GO:0021984,GO:0030336,GO:0030432,GO:0030900,GO:0031223,GO:0032228,GO:0032355,GO:0032467,GO:0032922,GO:0033602,GO:0034776,GO:0035094,GO:0035305,GO:0035556,GO:0042220,GO:0042321,GO:0042417,GO:0042756,GO:0043266,GO:0043278,GO:0043408,GO:0045471,GO:0045745,GO:0045776,GO:0045824,GO:0045944,GO:0046676,GO:0046717,GO:0048148,GO:0048149,GO:0048169,GO:0048678,GO:0048755,GO:0050482,GO:0050709,GO:0050769,GO:0050805,GO:0051209,GO:0051240,GO:0051481,GO:0051580,GO:0051584,GO:0051586,GO:0051823,GO:0051898,GO:0051952,GO:0051967,GO:0060079,GO:0060124,GO:0060134,GO:0060158,GO:0060160,GO:0070374,GO:0071300,GO:0071361,GO:0090325,GO:0097305,GO:0099170,GO:0099171,GO:0160213,GO:1900038,GO:1900168,GO:1900273,GO:1903530,GO:1990384	GO:0000122,GO:0001525,GO:0001542,GO:0001666,GO:0001819,GO:0001890,GO:0001936,GO:0002021,GO:0003300,GO:0006112,GO:0006114,GO:0006629,GO:0006909,GO:0007165,GO:0007259,GO:0007565,GO:0007584,GO:0007623,GO:0008217,GO:0008284,GO:0008343,GO:0009062,GO:0009892,GO:0010507,GO:0010888,GO:0014823,GO:0019953,GO:0030217,GO:0031667,GO:0032008,GO:0032099,GO:0032310,GO:0032355,GO:0032735,GO:0032755,GO:0032757,GO:0032760,GO:0032814,GO:0032817,GO:0032868,GO:0033197,GO:0033210,GO:0033686,GO:0035360,GO:0035556,GO:0035630,GO:0038108,GO:0042102,GO:0042269,GO:0042307,GO:0043066,GO:0043270,GO:0043410,GO:0044320,GO:0045471,GO:0045765,GO:0045906,GO:0046325,GO:0046427,GO:0046628,GO:0046850,GO:0046881,GO:0048639,GO:0050892,GO:0050901,GO:0050999,GO:0051051,GO:0051726,GO:0051897,GO:0060587,GO:0061037,GO:0070093,GO:0071298,GO:0071300,GO:0090335,GO:0097009,GO:0097696,GO:0098868,GO:0120162,GO:1900015,GO:1900745,GO:1904651,GO:1990051,GO:2000379,GO:2000486,GO:2000491
50	GO:0001837,GO:0001954,GO:0003170,GO:0005977,GO:0006468,GO:0006983,GO:0007005,GO:0007399,GO:0007623,GO:0008286,GO:0009968,GO:0010508,GO:0010628,GO:0010629,GO:0010719,GO:0010975,GO:0016055,GO:0018105,GO:0019082,GO:0021766,GO:0030010,GO:0030011,GO:0030154,GO:0030336,GO:0030516,GO:0031175,GO:0031333,GO:0031334,GO:0031398,GO:0032007,GO:0032092,GO:0032436,GO:0032481,GO:0032880,GO:0032886,GO:0034976,GO:0035556,GO:0036016,GO:0042752,GO:0043066,GO:0043161,GO:0043525,GO:0045597,GO:0045668,GO:0045719,GO:0045724,GO:0045732,GO:0045879,GO:0046777,GO:0046825,GO:0046827,GO:0048511,GO:0048814,GO:0050770,GO:0060070,GO:0060079,GO:0070507,GO:0070885,GO:0071109,GO:0071300,GO:0090090,GO:0097191,GO:0097192,GO:0099171,GO:0106027,GO:0150101,GO:0160213,GO:1900034,GO:1900181,GO:1900271,GO:1901030,GO:1901701,GO:1902042,GO:1903566,GO:1903940,GO:1904339,GO:1904646,GO:1904781,GO:1904951,GO:2000077,GO:2000466,GO:2000740	GO:0001525,GO:0001569,GO:0001570,GO:0001755,GO:0001764,GO:0001938,GO:0002040,GO:0002042,GO:0003148,GO:0006930,GO:0007165,GO:0007229,GO:0007267,GO:0007399,GO:0007411,GO:0008045,GO:0009611,GO:0009887,GO:0010595,GO:0014911,GO:0021612,GO:0021637,GO:0021649,GO:0021785,GO:0021828,GO:0030154,GO:0030947,GO:0031290,GO:0032489,GO:0035729,GO:0035767,GO:0035924,GO:0036486,GO:0038084,GO:0038189,GO:0038190,GO:0042327,GO:0043524,GO:0043542,GO:0045766,GO:0046718,GO:0048008,GO:0048010,GO:0048012,GO:0048666,GO:0048842,GO:0048844,GO:0048846,GO:0050918,GO:0051491,GO:0051496,GO:0051894,GO:0060385,GO:0060627,GO:0060978,GO:0060982,GO:0061299,GO:0061441,GO:0061549,GO:0061551,GO:0070374,GO:0071526,GO:0071679,GO:0090050,GO:0097102,GO:0097374,GO:0097475,GO:0097490,GO:0097491,GO:0099173,GO:0120035,GO:0150018,GO:0150020,GO:1900026,GO:1901166,GO:1902946,GO:1903375,GO:1904835,GO:1905040,GO:2001237
50	GO:0001525,GO:0001569,GO:0001570,GO:0001755,GO:0001764,GO:0001938,GO:0002040,GO:0002042,GO:0003148,GO:0006930,GO:0007165,GO:0007229,GO:0007267,GO:0007399,GO:0007411,GO:0008045,GO:0009611,GO:0009887,GO:0010595,GO:0014911,GO:0021612,GO:0021637,GO:0021649,GO:0021785,GO:0021828,GO:0030154,GO:0030947,GO:0031290,GO:0032489,GO:0035729,GO:0035767,GO:0035924,GO:0036486,GO:0038084,GO:0038189,GO:0038190,GO:0042327,GO:0043524,GO:0043542,GO:0045766,GO:0046718,GO:0048008,GO:0048010,GO:0048012,GO:0048666,GO:0048842,GO:0048844,GO:0048846,GO:0050918,GO:0051491,GO:0051496,GO:0051894,GO:0060385,GO:0060627,GO:0060978,GO:0060982,GO:0061299,GO:0061441,GO:0061549,GO:0061551,GO:0070374,GO:0071526,GO:0071679,GO:0090050,GO:0097102,GO:0097374,GO:0097475,GO:0097490,GO:0097491,GO:0099173,GO:0120035,GO:0150018,GO:0150020,GO:1900026,GO:1901166,GO:1902946,GO:1903375,GO:1904835,GO:1905040,GO:2001237	GO:0000122,GO:0001501,GO:0001502,GO:0001503,GO:0001658,GO:0001708,GO:0001837,GO:0001894,GO:0001942,GO:0002009,GO:0002053,GO:0002062,GO:0002683,GO:0003170,GO:0003179,GO:0003180,GO:0003203,GO:0003413,GO:0003415,GO:0003430,GO:0006334,GO:0006338,GO:0007165,GO:0007173,GO:0007283,GO:0007417,GO:0007507,GO:0008284,GO:0008584,GO:0010467,GO:0010564,GO:0010628,GO:0010634,GO:0014036,GO:0019100,GO:0030154,GO:0030279,GO:0030850,GO:0030858,GO:0030879,GO:0030903,GO:0030916,GO:0032331,GO:0032332,GO:0035019,GO:0042127,GO:0042981,GO:0043066,GO:0045662,GO:0045668,GO:0045892,GO:0045893,GO:0045944,GO:0046322,GO:0046533,GO:0048709,GO:0050679,GO:0050680,GO:0051216,GO:0060008,GO:0060009,GO:0060041,GO:0060174,GO:0060221,GO:0060517,GO:0060729,GO:0060784,GO:0061036,GO:0061138,GO:0065003,GO:0070168,GO:0070371,GO:0070542,GO:0071260,GO:0071300,GO:0071347,GO:0071364,GO:0071504,GO:0071560,GO:0071599,GO:0071773,GO:0072034,GO:0072170,GO:0072190,GO:0072289,GO:0090090,GO:0090103,GO:0090184,GO:0090190,GO:1902732,GO:1902894,GO:1904864,GO:2000020,GO:2000741
50	GO:0001837,GO:0001954,GO:0003170,GO:0005977,GO:0006468,GO:0006983,GO:0007005,GO:0007399,GO:0007623,GO:0008286,GO:0009968,GO:0010508,GO:0010628,GO:0010629,GO:0010719,GO:0010975,GO:0016055,GO:0018105,GO:0019082,GO:0021766,GO:0030010,GO:0030011,GO:0030154,GO:0030336,GO:0030516,GO:0031175,GO:0031333,GO:0031334,GO:0031398,GO:0032007,GO:0032092,GO:0032436,GO:0032481,GO:0032880,GO:0032886,GO:0034976,GO:0035556,GO:0036016,GO:0042752,GO:0043066,GO:0043161,GO:0043525,GO:0045597,GO:0045668,GO:0045719,GO:0045724,GO:0045732,GO:0045879,GO:0046777,GO:0046825,GO:0046827,GO:0048511,GO:0048814,GO:0050770,GO:0060070,GO:0060079,GO:0070507,GO:0070885,GO:0071109,GO:0071300,GO:0090090,GO:0097191,GO:0097192,GO:0099171,GO:0106027,GO:0150101,GO:0160213,GO:1900034,GO:1900181,GO:1900271,GO:1901030,GO:1901701,GO:1902042,GO:1903566,GO:1903940,GO:1904339,GO:1904646,GO:1904781,GO:1904951,GO:2000077,GO:2000466,GO:2000740	GO:0000122,GO:0000165,GO:0001649,GO:0001657,GO:0001666,GO:0001836,GO:0006355,GO:0006357,GO:0006955,GO:0007179,GO:0007254,GO:0008285,GO:0009653,GO:0010332,GO:0010467,GO:0010628,GO:0010629,GO:0010718,GO:0023019,GO:0030154,GO:0030279,GO:0030308,GO:0030325,GO:0030335,GO:0030501,GO:0031053,GO:0031665,GO:0032332,GO:0032502,GO:0032731,GO:0032909,GO:0032916,GO:0032924,GO:0033689,GO:0036120,GO:0038092,GO:0042060,GO:0042110,GO:0042177,GO:0042220,GO:0042307,GO:0043066,GO:0045216,GO:0045429,GO:0045596,GO:0045599,GO:0045893,GO:0045944,GO:0050728,GO:0050776,GO:0050821,GO:0050927,GO:0051481,GO:0051496,GO:0051881,GO:0051894,GO:0060290,GO:0060391,GO:0060395,GO:0061001,GO:0061045,GO:0061450,GO:0061767,GO:0071333,GO:0071363,GO:0071560,GO:0071635,GO:0090263,GO:0097190,GO:0097191,GO:0097305,GO:0098586,GO:0141091,GO:1901203,GO:1902893,GO:1902894,GO:1902895,GO:1903243,GO:1990776
50	GO:0000278,GO:0002252,GO:0002429,GO:0006281,GO:0006298,GO:0006355,GO:0006897,GO:0006909,GO:0006914,GO:0006915,GO:0006974,GO:0006979,GO:0007155,GO:0007173,GO:0007204,GO:0007229,GO:0007611,GO:0008306,GO:0008630,GO:0009410,GO:0010468,GO:0010506,GO:0010557,GO:0010595,GO:0030036,GO:0030041,GO:0030100,GO:0030155,GO:0030516,GO:0030845,GO:0031113,GO:0032489,GO:0032956,GO:0034599,GO:0034976,GO:0035556,GO:0035791,GO:0036211,GO:0038096,GO:0038189,GO:0042770,GO:0043065,GO:0043525,GO:0043542,GO:0045580,GO:0045595,GO:0045785,GO:0045907,GO:0045944,GO:0048008,GO:0048013,GO:0048146,GO:0051444,GO:0051450,GO:0051496,GO:0051726,GO:0051882,GO:0051894,GO:0060038,GO:0070301,GO:0071103,GO:0071560,GO:0071871,GO:0090050,GO:0097706,GO:0099150,GO:0141214,GO:1900006,GO:1900026,GO:1900272,GO:1901701,GO:1902036,GO:1902531,GO:1903055,GO:1903210,GO:1903351,GO:1903905,GO:1904518,GO:1905244,GO:1905555,GO:2000042,GO:2000145,GO:2000406	GO:0001781,GO:0001960,GO:0002314,GO:0002384,GO:0002446,GO:0002548,GO:0002639,GO:0002675,GO:0002690,GO:0006953,GO:0006954,GO:0006955,GO:0006959,GO:0007259,GO:0008284,GO:0008285,GO:0010573,GO:0010574,GO:0010575,GO:0010628,GO:0010718,GO:0010888,GO:0014823,GO:0019221,GO:0030154,GO:0030168,GO:0031018,GO:0031175,GO:0032494,GO:0032682,GO:0032722,GO:0032731,GO:0032733,GO:0032740,GO:0032745,GO:0032755,GO:0032757,GO:0032760,GO:0032966,GO:0033138,GO:0035425,GO:0035633,GO:0038001,GO:0042102,GO:0042593,GO:0043065,GO:0043066,GO:0043410,GO:0045599,GO:0045669,GO:0045727,GO:0045765,GO:0045779,GO:0045893,GO:0045944,GO:0046427,GO:0048661,GO:0050731,GO:0050768,GO:0050796,GO:0050829,GO:0050830,GO:0050871,GO:0051223,GO:0051251,GO:0051384,GO:0051607,GO:0060252,GO:0061470,GO:0061888,GO:0070050,GO:0070091,GO:0070092,GO:0070102,GO:0070301,GO:0070345,GO:0071222,GO:0072540,GO:0072574,GO:0090091,GO:0090594,GO:0097421,GO:0097696,GO:0098586,GO:0150077,GO:0150078,GO:1900017,GO:1901731,GO:1902512,GO:1902895,GO:1903978,GO:1904894,GO:1904996,GO:2000553,GO:2000635,GO:2000660,GO:2000676
50	GO:0000122,GO:0001525,GO:0001554,GO:0001837,GO:0001947,GO:0002052,GO:0003151,GO:0003157,GO:0003160,GO:0003162,GO:0003169,GO:0003180,GO:0003181,GO:0003182,GO:0003184,GO:0003192,GO:0003198,GO:0003203,GO:0003207,GO:0003208,GO:0003209,GO:0003213,GO:0003214,GO:0003222,GO:0003241,GO:0003264,GO:0003273,GO:0003332,GO:0003344,GO:0006355,GO:0006357,GO:0006606,GO:0006955,GO:0007219,GO:0007221,GO:0007283,GO:0007368,GO:0007411,GO:0007507,GO:0008284,GO:0008285,GO:0010467,GO:0010614,GO:0010628,GO:0010629,GO:0010667,GO:0010718,GO:0010812,GO:0010832,GO:0014031,GO:0021515,GO:0030154,GO:0030163,GO:0030279,GO:0030334,GO:0030335,GO:0030513,GO:0030514,GO:0031100,GO:0032495,GO:0032496,GO:0032966,GO:0035148,GO:0035924,GO:0042127,GO:0042246,GO:0043086,GO:0045070,GO:0045603,GO:0045662,GO:0045665,GO:0045668,GO:0045687,GO:0045892,GO:0045893,GO:0045944,GO:0046427,GO:0046579,GO:0048708,GO:0048709,GO:0048711,GO:0048715,GO:0048873,GO:0050768,GO:0050793,GO:0051152,GO:0055008,GO:0060038,GO:0060045,GO:0060253,GO:0060271,GO:0060317,GO:0060354,GO:0060379,GO:0060411,GO:0060412,GO:0060842,GO:0060843,GO:0060948,GO:0060956,GO:0060979,GO:0060982,GO:0061344,GO:0061384,GO:0062043,GO:0070168,GO:0070374,GO:0070986,GO:0071228,GO:0071372,GO:0071456,GO:0072017,GO:0072044,GO:0072144,GO:0072538,GO:0090051,GO:0097150,GO:0097400,GO:0099565,GO:0120163,GO:1901201,GO:1902339,GO:2000048,GO:2000737,GO:2000811,GO:2000974,GO:2001027	GO:0000012,GO:0000122,GO:0000183,GO:0000720,GO:0000731,GO:0001525,GO:0001678,GO:0001934,GO:0001938,GO:0002821,GO:0006325,GO:0006346,GO:0006476,GO:0006642,GO:0006915,GO:0006974,GO:0006979,GO:0007179,GO:0007346,GO:0007517,GO:0007623,GO:0008284,GO:0008630,GO:0009267,GO:0010629,GO:0010824,GO:0010868,GO:0010875,GO:0010883,GO:0010906,GO:0016239,GO:0016567,GO:0018394,GO:0030154,GO:0030225,GO:0030512,GO:0030968,GO:0031393,GO:0031507,GO:0031509,GO:0031648,GO:0032007,GO:0032071,GO:0032436,GO:0032868,GO:0032922,GO:0033210,GO:0034391,GO:0035331,GO:0035356,GO:0035358,GO:0042127,GO:0042149,GO:0042326,GO:0042542,GO:0042632,GO:0042771,GO:0042981,GO:0043065,GO:0043066,GO:0043124,GO:0043161,GO:0043518,GO:0043536,GO:0044321,GO:0045348,GO:0045599,GO:0045722,GO:0045739,GO:0045766,GO:0045786,GO:0045892,GO:0045944,GO:0046015,GO:0046628,GO:0046890,GO:0048511,GO:0050793,GO:0050872,GO:0051152,GO:0051239,GO:0051658,GO:0051897,GO:0051898,GO:0055089,GO:0060766,GO:0060907,GO:0062013,GO:0070301,GO:0070857,GO:0070914,GO:0071356,GO:0071456,GO:0071479,GO:0090335,GO:0090400,GO:0097009,GO:0106230,GO:0140861,GO:1900034,GO:1901797,GO:1901984,GO:1902166,GO:1902176,GO:1902237,GO:1902424,GO:1904179,GO:2000111,GO:2000481,GO:2000655,GO:2000757,GO:2000773,GO:2000774,GO:2000781
50	GO:0001774,GO:0002282,GO:0002291,GO:0002588,GO:0002862,GO:0002931,GO:0006909,GO:0006910,GO:0006955,GO:0006959,GO:0007165,GO:0007166,GO:0007613,GO:0010468,GO:0010507,GO:0010628,GO:0010875,GO:0010887,GO:0010891,GO:0010983,GO:0019216,GO:0030316,GO:0032006,GO:0032008,GO:0032497,GO:0032499,GO:0032675,GO:0032691,GO:0032720,GO:0032733,GO:0034136,GO:0034144,GO:0034151,GO:0034241,GO:0034351,GO:0035176,GO:0038160,GO:0042742,GO:0043066,GO:0043124,GO:0043268,GO:0043277,GO:0045088,GO:0045672,GO:0045728,GO:0045960,GO:0048143,GO:0048468,GO:0048678,GO:0050714,GO:0050766,GO:0050829,GO:0050850,GO:0050866,GO:0050921,GO:0051897,GO:0051898,GO:0055088,GO:0060075,GO:0060100,GO:0061518,GO:0061889,GO:0070269,GO:0070345,GO:0070374,GO:0070392,GO:0071223,GO:0071224,GO:0071333,GO:0071396,GO:0071402,GO:0071456,GO:0071526,GO:0071640,GO:0080090,GO:0097028,GO:0097062,GO:0097242,GO:0098657,GO:0110089,GO:0120035,GO:0140052,GO:0150062,GO:0150076,GO:0150078,GO:0150079,GO:0150094,GO:1900015,GO:1900016,GO:1900223,GO:1900226,GO:1901076,GO:1901224,GO:1901800,GO:1902227,GO:1902533,GO:1903078,GO:1903082,GO:1903376,GO:1903753,GO:1903980,GO:1904093,GO:1904141,GO:1904646,GO:1904951,GO:1905291,GO:1905581,GO:1905805,GO:1905808,GO:1905907,GO:2000350,GO:2001171	GO:0000122,GO:0001525,GO:0001558,GO:0001889,GO:0001934,GO:0001935,GO:0002639,GO:0006355,GO:0006357,GO:0006366,GO:0006511,GO:0006629,GO:0006633,GO:0006914,GO:0006915,GO:0006955,GO:0006986,GO:0007517,GO:0008284,GO:0010506,GO:0010508,GO:0010832,GO:0015031,GO:0030154,GO:0030335,GO:0030512,GO:0030968,GO:0031647,GO:0031648,GO:0031670,GO:0032008,GO:0032755,GO:0032869,GO:0034599,GO:0034976,GO:0035356,GO:0035470,GO:0035924,GO:0036498,GO:0036500,GO:0036503,GO:0042149,GO:0042307,GO:0042632,GO:0043066,GO:0043491,GO:0045348,GO:0045579,GO:0045582,GO:0045600,GO:0045766,GO:0045944,GO:0048010,GO:0048666,GO:0051897,GO:0055089,GO:0055092,GO:0060392,GO:0060612,GO:0070059,GO:0070373,GO:0071073,GO:0071222,GO:0071230,GO:0071332,GO:0071333,GO:0071353,GO:0071375,GO:0071498,GO:0071499,GO:1900017,GO:1900100,GO:1900102,GO:1901985,GO:1902236,GO:1903489,GO:1904294,GO:1904707,GO:1904754,GO:1990418,GO:2000347,GO:2000353
50	GO:0000122,GO:0001709,GO:0001806,GO:0001817,GO:0001822,GO:0001823,GO:0002376,GO:0002520,GO:0003180,GO:0003215,GO:0003281,GO:0006355,GO:0006357,GO:0006952,GO:0006954,GO:0007165,GO:0008285,GO:0008584,GO:0009410,GO:0009615,GO:0009653,GO:0009967,GO:0010332,GO:0010467,GO:0010595,GO:0010719,GO:0030154,GO:0030217,GO:0030225,GO:0030856,GO:0031929,GO:0032736,GO:0032753,GO:0032754,GO:0033600,GO:0035457,GO:0042421,GO:0043491,GO:0043583,GO:0043627,GO:0045064,GO:0045087,GO:0045165,GO:0045471,GO:0045582,GO:0045786,GO:0045892,GO:0045893,GO:0045944,GO:0048485,GO:0048568,GO:0048646,GO:0048731,GO:0050728,GO:0050793,GO:0050852,GO:0051216,GO:0051897,GO:0060037,GO:0060065,GO:0060070,GO:0060231,GO:0060676,GO:0071353,GO:0071356,GO:0072107,GO:0072178,GO:0072179,GO:0072182,GO:0072676,GO:0090102,GO:1902895,GO:2000146,GO:2000352,GO:2000611,GO:2000679,GO:2000683	GO:0001660,GO:0001819,GO:0002282,GO:0002711,GO:0006915,GO:0006954,GO:0006955,GO:0007165,GO:0007267,GO:0007566,GO:0008284,GO:0008285,GO:0010573,GO:0010575,GO:0010628,GO:0010641,GO:0010718,GO:0010744,GO:0010829,GO:0014805,GO:0019221,GO:0030213,GO:0030224,GO:0030335,GO:0030949,GO:0031394,GO:0031622,GO:0032308,GO:0032496,GO:0032691,GO:0032725,GO:0032729,GO:0032743,GO:0032755,GO:0032757,GO:0033092,GO:0034116,GO:0042102,GO:0043122,GO:0043123,GO:0043409,GO:0043410,GO:0045429,GO:0045766,GO:0045833,GO:0045840,GO:0045893,GO:0045917,GO:0046330,GO:0046627,GO:0046827,GO:0050691,GO:0050728,GO:0050729,GO:0050767,GO:0050768,GO:0050796,GO:0050805,GO:0050830,GO:0050995,GO:0050996,GO:0050999,GO:0051044,GO:0051781,GO:0051897,GO:0060252,GO:0060355,GO:0070164,GO:0070372,GO:0070374,GO:0070487,GO:0070498,GO:0070555,GO:0071222,GO:0071260,GO:0071466,GO:0071639,GO:0097398,GO:0150078,GO:1900745,GO:1901224,GO:1902680,GO:1903140,GO:1903530,GO:1903597,GO:1905075,GO:2000556,GO:2000660,GO:2001240
50	GO:0000278,GO:0002252,GO:0002429,GO:0006281,GO:0006298,GO:0006355,GO:0006897,GO:0006909,GO:0006914,GO:0006915,GO:0006974,GO:0006979,GO:0007155,GO:0007173,GO:0007204,GO:0007229,GO:0007611,GO:0008306,GO:0008630,GO:0009410,GO:0010468,GO:0010506,GO:0010557,GO:0010595,GO:0030036,GO:0030041,GO:0030100,GO:0030155,GO:0030516,GO:0030845,GO:0031113,GO:0032489,GO:0032956,GO:0034599,GO:0034976,GO:0035556,GO:0035791,GO:0036211,GO:0038096,GO:0038189,GO:0042770,GO:0043065,GO:0043525,GO:0043542,GO:0045580,GO:0045595,GO:0045785,GO:0045907,GO:0045944,GO:0048008,GO:0048013,GO:0048146,GO:0051444,GO:0051450,GO:0051496,GO:0051726,GO:0051882,GO:0051894,GO:0060038,GO:0070301,GO:0071103,GO:0071560,GO:0071871,GO:0090050,GO:0097706,GO:0099150,GO:0141214,GO:1900006,GO:1900026,GO:1900272,GO:1901701,GO:1902036,GO:1902531,GO:1903055,GO:1903210,GO:1903351,GO:1903905,GO:1904518,GO:1905244,GO:1905555,GO:2000042,GO:2000145,GO:2000406	GO:0000122,GO:0000165,GO:0001649,GO:0001657,GO:0001666,GO:0001836,GO:0006355,GO:0006357,GO:0006955,GO:0007179,GO:0007254,GO:0008285,GO:0009653,GO:0010332,GO:0010467,GO:0010628,GO:0010629,GO:0010718,GO:0023019,GO:0030154,GO:0030279,GO:0030308,GO:0030325,GO:0030335,GO:0030501,GO:0031053,GO:0031665,GO:0032332,GO:0032502,GO:0032731,GO:0032909,GO:0032916,GO:0032924,GO:0033689,GO:0036120,GO:0038092,GO:0042060,GO:0042110,GO:0042177,GO:0042220,GO:0042307,GO:0043066,GO:0045216,GO:0045429,GO:0045596,GO:0045599,GO:0045893,GO:0045944,GO:0050728,GO:0050776,GO:0050821,GO:0050927,GO:0051481,GO:0051496,GO:0051881,GO:0051894,GO:0060290,GO:0060391,GO:0060395,GO:0061001,GO:0061045,GO:0061450,GO:0061767,GO:0071333,GO:0071363,GO:0071560,GO:0071635,GO:0090263,GO:0097190,GO:0097191,GO:0097305,GO:0098586,GO:0141091,GO:1901203,GO:1902893,GO:1902894,GO:1902895,GO:1903243,GO:1990776
50	GO:0001660,GO:0001819,GO:0002282,GO:0002711,GO:0006915,GO:0006954,GO:0006955,GO:0007165,GO:0007267,GO:0007566,GO:0008284,GO:0008285,GO:0010573,GO:0010575,GO:0010628,GO:0010641,GO:0010718,GO:0010744,GO:0010829,GO:0014805,GO:0019221,GO:0030213,GO:0030224,GO:0030335,GO:0030949,GO:0031394,GO:0031622,GO:0032308,GO:0032496,GO:0032691,GO:0032725,GO:0032729,GO:0032743,GO:0032755,GO:0032757,GO:0033092,GO:0034116,GO:0042102,GO:0043122,GO:0043123,GO:0043409,GO:0043410,GO:0045429,GO:0045766,GO:0045833,GO:0045840,GO:0045893,GO:0045917,GO:0046330,GO:0046627,GO:0046827,GO:0050691,GO:0050728,GO:0050729,GO:0050767,GO:0050768,GO:0050796,GO:0050805,GO:0050830,GO:0050995,GO:0050996,GO:0050999,GO:0051044,GO:0051781,GO:0051897,GO:0060252,GO:0060355,GO:0070164,GO:0070372,GO:0070374,GO:0070487,GO:0070498,GO:0070555,GO:0071222,GO:0071260,GO:0071466,GO:0071639,GO:0097398,GO:0150078,GO:1900745,GO:1901224,GO:1902680,GO:1903140,GO:1903530,GO:1903597,GO:1905075,GO:2000556,GO:2000660,GO:2001240	GO:0000122,GO:0001666,GO:0001774,GO:0001819,GO:0001937,GO:0001975,GO:0002037,GO:0002281,GO:0002439,GO:0002639,GO:0002700,GO:0002719,GO:0003009,GO:0003085,GO:0006325,GO:0006954,GO:0006955,GO:0007259,GO:0007623,GO:0008285,GO:0008625,GO:0008630,GO:0009410,GO:0009612,GO:0009615,GO:0009617,GO:0009651,GO:0009750,GO:0010459,GO:0010573,GO:0010628,GO:0010629,GO:0010744,GO:0010888,GO:0014823,GO:0019722,GO:0031334,GO:0031349,GO:0031622,GO:0031642,GO:0031667,GO:0032496,GO:0032715,GO:0032722,GO:0032724,GO:0032731,GO:0032741,GO:0032755,GO:0032757,GO:0033209,GO:0034116,GO:0034138,GO:0035900,GO:0036005,GO:0042127,GO:0042311,GO:0043065,GO:0043066,GO:0043068,GO:0043122,GO:0043123,GO:0043243,GO:0043410,GO:0043525,GO:0043537,GO:0045071,GO:0045087,GO:0045429,GO:0045471,GO:0045598,GO:0045599,GO:0045668,GO:0045672,GO:0045732,GO:0045760,GO:0045785,GO:0045840,GO:0045892,GO:0045893,GO:0045930,GO:0045944,GO:0046325,GO:0046330,GO:0046677,GO:0048143,GO:0048566,GO:0048661,GO:0050729,GO:0050768,GO:0050793,GO:0050796,GO:0050804,GO:0050806,GO:0050807,GO:0050890,GO:0050901,GO:0050966,GO:0050995,GO:0051044,GO:0051046,GO:0051222,GO:0051239,GO:0051384,GO:0051798,GO:0051897,GO:0051966,GO:0060252,GO:0060557,GO:0061044,GO:0061048,GO:0070374,GO:0070886,GO:0071219,GO:0071222,GO:0071300,GO:0071316,GO:0071346,GO:0071479,GO:0071677,GO:0071803,GO:0072577,GO:0072659,GO:0090324,GO:0090594,GO:0097191,GO:0097237,GO:0097421,GO:0097527,GO:0120190,GO:0140374,GO:0140460,GO:0150078,GO:0150129,GO:1900017,GO:1900222,GO:1901224,GO:1901647,GO:1902004,GO:1902065,GO:1902565,GO:1902894,GO:1902895,GO:1903078,GO:1903140,GO:1903347,GO:1903829,GO:1904638,GO:1904646,GO:1904707,GO:1904880,GO:1904996,GO:1904999,GO:1905235,GO:1905242,GO:1990268,GO:2000010,GO:2000334,GO:2000343,GO:2000347,GO:2000351,GO:2000377,GO:2000573,GO:2001234,GO:2001238,GO:2001240
50	GO:0000122,GO:0001890,GO:0006355,GO:0006357,GO:0006631,GO:0007186,GO:0007584,GO:0008217,GO:0009755,GO:0010628,GO:0010629,GO:0010745,GO:0010875,GO:0010887,GO:0010888,GO:0015909,GO:0016525,GO:0030154,GO:0030224,GO:0030509,GO:0030512,GO:0030514,GO:0030522,GO:0030855,GO:0031348,GO:0031667,GO:0032376,GO:0032869,GO:0033993,GO:0035357,GO:0042593,GO:0042752,GO:0042789,GO:0043409,GO:0043537,GO:0045087,GO:0045165,GO:0045444,GO:0045600,GO:0045668,GO:0045834,GO:0045892,GO:0045893,GO:0045923,GO:0045944,GO:0048384,GO:0048469,GO:0048511,GO:0048662,GO:0050728,GO:0050872,GO:0050873,GO:0051049,GO:0051241,GO:0055088,GO:0060336,GO:0060392,GO:0070165,GO:0071404,GO:0071456,GO:0090258,GO:0140077,GO:0141193,GO:1900076,GO:1901202,GO:1902894,GO:1902895,GO:1903243,GO:1903845,GO:1904179,GO:1904597,GO:1904706,GO:1904893,GO:1905461,GO:1905563,GO:2001235	GO:0000122,GO:0001525,GO:0001558,GO:0001889,GO:0001934,GO:0001935,GO:0002639,GO:0006355,GO:0006357,GO:0006366,GO:0006511,GO:0006629,GO:0006633,GO:0006914,GO:0006915,GO:0006955,GO:0006986,GO:0007517,GO:0008284,GO:0010506,GO:0010508,GO:0010832,GO:0015031,GO:0030154,GO:0030335,GO:0030512,GO:0030968,GO:0031647,GO:0031648,GO:0031670,GO:0032008,GO:0032755,GO:0032869,GO:0034599,GO:0034976,GO:0035356,GO:0035470,GO:0035924,GO:0036498,GO:0036500,GO:0036503,GO:0042149,GO:0042307,GO:0042632,GO:0043066,GO:0043491,GO:0045348,GO:0045579,GO:0045582,GO:0045600,GO:0045766,GO:0045944,GO:0048010,GO:0048666,GO:0051897,GO:0055089,GO:0055092,GO:0060392,GO:0060612,GO:0070059,GO:0070373,GO:0071073,GO:0071222,GO:0071230,GO:0071332,GO:0071333,GO:0071353,GO:0071375,GO:0071498,GO:0071499,GO:1900017,GO:1900100,GO:1900102,GO:1901985,GO:1902236,GO:1903489,GO:1904294,GO:1904707,GO:1904754,GO:1990418,GO:2000347,GO:2000353
50	GO:0000122,GO:0000209,GO:0000266,GO:0000422,GO:0000423,GO:0006511,GO:0006513,GO:0006914,GO:0006979,GO:0006986,GO:0007005,GO:0007417,GO:0008344,GO:0009410,GO:0009896,GO:0010498,GO:0010506,GO:0010628,GO:0010629,GO:0010636,GO:0010637,GO:0010821,GO:0010906,GO:0010918,GO:0010994,GO:0014059,GO:0014850,GO:0016236,GO:0016567,GO:0016579,GO:0022603,GO:0030163,GO:0031396,GO:0031647,GO:0031648,GO:0032232,GO:0032368,GO:0032436,GO:0033132,GO:0034599,GO:0034620,GO:0034976,GO:0035519,GO:0035774,GO:0036503,GO:0042053,GO:0042417,GO:0043065,GO:0043123,GO:0043161,GO:0043524,GO:0043653,GO:0044314,GO:0044828,GO:0045732,GO:0045944,GO:0046329,GO:0046676,GO:0050804,GO:0050821,GO:0051412,GO:0051582,GO:0051646,GO:0051865,GO:0051881,GO:0051967,GO:0060544,GO:0060828,GO:0061734,GO:0070050,GO:0070534,GO:0070585,GO:0070842,GO:0070936,GO:0070979,GO:0071287,GO:0080090,GO:0085020,GO:0090090,GO:0090141,GO:0090201,GO:0090258,GO:0090394,GO:0097237,GO:0099072,GO:0099074,GO:0140251,GO:1900242,GO:1900407,GO:1901526,GO:1901800,GO:1902236,GO:1902254,GO:1902530,GO:1902803,GO:1903265,GO:1903351,GO:1903377,GO:1903382,GO:1903427,GO:1903530,GO:1903542,GO:1903747,GO:1903861,GO:1904049,GO:1904643,GO:1904845,GO:1904881,GO:1905091,GO:1905232,GO:1905281,GO:1905366,GO:1905477,GO:1990000,GO:2000377,GO:2000378,GO:2001171	GO:0001837,GO:0001938,GO:0002088,GO:0002720,GO:0003138,GO:0003139,GO:0003281,GO:0003283,GO:0003408,GO:0006954,GO:0007200,GO:0007223,GO:0007409,GO:0007411,GO:0008104,GO:0008584,GO:0008595,GO:0010595,GO:0010628,GO:0010742,GO:0010820,GO:0010976,GO:0016055,GO:0021891,GO:0022008,GO:0030154,GO:0030182,GO:0030216,GO:0030901,GO:0032722,GO:0032729,GO:0032731,GO:0032755,GO:0032757,GO:0032760,GO:0035022,GO:0035567,GO:0036517,GO:0036518,GO:0042060,GO:0043032,GO:0043066,GO:0043122,GO:0043410,GO:0045165,GO:0045599,GO:0045732,GO:0045766,GO:0045778,GO:0045892,GO:0045893,GO:0045944,GO:0046330,GO:0048022,GO:0048146,GO:0048706,GO:0048806,GO:0048812,GO:0050727,GO:0050729,GO:0050807,GO:0051057,GO:0051216,GO:0051885,GO:0051897,GO:0051964,GO:0060070,GO:0060071,GO:0060324,GO:0060340,GO:0060760,GO:0060907,GO:0062009,GO:0071219,GO:0071222,GO:0071277,GO:0071300,GO:0071346,GO:0071425,GO:0071542,GO:0071560,GO:0072201,GO:0090090,GO:0097325,GO:0099054,GO:0099068,GO:0099170,GO:0099175,GO:0099566,GO:0150012,GO:1900020,GO:1902474,GO:1904861,GO:1904862,GO:1904934,GO:1904948,GO:2000052,GO:2001235
50	GO:0001659,GO:0001666,GO:0001963,GO:0001975,GO:0001976,GO:0002027,GO:0002028,GO:0002031,GO:0002052,GO:0002092,GO:0006874,GO:0006914,GO:0007165,GO:0007186,GO:0007188,GO:0007195,GO:0007200,GO:0007212,GO:0007270,GO:0007409,GO:0007416,GO:0007608,GO:0007616,GO:0007626,GO:0007628,GO:0008104,GO:0008285,GO:0008306,GO:0008542,GO:0009410,GO:0009416,GO:0009636,GO:0010039,GO:0014059,GO:0014854,GO:0016055,GO:0021756,GO:0021769,GO:0021853,GO:0021984,GO:0030336,GO:0030432,GO:0030900,GO:0031223,GO:0032228,GO:0032355,GO:0032467,GO:0032922,GO:0033602,GO:0034776,GO:0035094,GO:0035305,GO:0035556,GO:0042220,GO:0042321,GO:0042417,GO:0042756,GO:0043266,GO:0043278,GO:0043408,GO:0045471,GO:0045745,GO:0045776,GO:0045824,GO:0045944,GO:0046676,GO:0046717,GO:0048148,GO:0048149,GO:0048169,GO:0048678,GO:0048755,GO:0050482,GO:0050709,GO:0050769,GO:0050805,GO:0051209,GO:0051240,GO:0051481,GO:0051580,GO:0051584,GO:0051586,GO:0051823,GO:0051898,GO:0051952,GO:0051967,GO:0060079,GO:0060124,GO:0060134,GO:0060158,GO:0060160,GO:0070374,GO:0071300,GO:0071361,GO:0090325,GO:0097305,GO:0099170,GO:0099171,GO:0160213,GO:1900038,GO:1900168,GO:1900273,GO:1903530,GO:1990384	GO:0000122,GO:0001773,GO:0001935,GO:0001938,GO:0002218,GO:0002250,GO:0002270,GO:0002281,GO:0002376,GO:0002407,GO:0002437,GO:0002643,GO:0002840,GO:0006259,GO:0006265,GO:0006281,GO:0006284,GO:0006302,GO:0006303,GO:0006310,GO:0006325,GO:0006338,GO:0006914,GO:0006935,GO:0006954,GO:0006955,GO:0006974,GO:0007165,GO:0007204,GO:0010508,GO:0010596,GO:0017055,GO:0031175,GO:0031507,GO:0032392,GO:0032425,GO:0032689,GO:0032722,GO:0032727,GO:0032728,GO:0032731,GO:0032732,GO:0032733,GO:0032735,GO:0032755,GO:0032757,GO:0032760,GO:0033151,GO:0034137,GO:0034145,GO:0034165,GO:0035711,GO:0035767,GO:0042104,GO:0043065,GO:0043277,GO:0043371,GO:0043388,GO:0043410,GO:0043536,GO:0043537,GO:0045063,GO:0045087,GO:0045089,GO:0045597,GO:0045944,GO:0046330,GO:0046598,GO:0048468,GO:0050792,GO:0050918,GO:0051052,GO:0070374,GO:0071222,GO:0071639,GO:0090026,GO:0090303,GO:0097350,GO:1901224,GO:1903672,GO:1903706,GO:1905564,GO:2000343,GO:2000426,GO:2000819,GO:2001200
50	GO:0000122,GO:0001773,GO:0001935,GO:0001938,GO:0002218,GO:0002250,GO:0002270,GO:0002281,GO:0002376,GO:0002407,GO:0002437,GO:0002643,GO:0002840,GO:0006259,GO:0006265,GO:0006281,GO:0006284,GO:0006302,GO:0006303,GO:0006310,GO:0006325,GO:0006338,GO:0006914,GO:0006935,GO:0006954,GO:0006955,GO:0006974,GO:0007165,GO:0007204,GO:0010508,GO:0010596,GO:0017055,GO:0031175,GO:0031507,GO:0032392,GO:0032425,GO:0032689,GO:0032722,GO:0032727,GO:0032728,GO:0032731,GO:0032732,GO:0032733,GO:0032735,GO:0032755,GO:0032757,GO:0032760,GO:0033151,GO:0034137,GO:0034145,GO:0034165,GO:0035711,GO:0035767,GO:0042104,GO:0043065,GO:0043277,GO:0043371,GO:0043388,GO:0043410,GO:0043536,GO:0043537,GO:0045063,GO:0045087,GO:0045089,GO:0045597,GO:0045944,GO:0046330,GO:0046598,GO:0048468,GO:0050792,GO:0050918,GO:0051052,GO:0070374,GO:0071222,GO:0071639,GO:0090026,GO:0090303,GO:0097350,GO:1901224,GO:1903672,GO:1903706,GO:1905564,GO:2000343,GO:2000426,GO:2000819,GO:2001200	GO:0000122,GO:0001525,GO:0001541,GO:0001569,GO:0001570,GO:0001666,GO:0001701,GO:0001822,GO:0001934,GO:0001938,GO:0002040,GO:0002042,GO:0002052,GO:0002092,GO:0002376,GO:0002575,GO:0002687,GO:0003007,GO:0003151,GO:0003169,GO:0006357,GO:0007200,GO:0007399,GO:0007498,GO:0007595,GO:0008284,GO:0008360,GO:0010595,GO:0010628,GO:0010629,GO:0010719,GO:0010749,GO:0030154,GO:0030224,GO:0030225,GO:0030324,GO:0030335,GO:0030855,GO:0031077,GO:0031290,GO:0031334,GO:0031954,GO:0035148,GO:0035767,GO:0035924,GO:0036303,GO:0036324,GO:0038033,GO:0038084,GO:0038091,GO:0038190,GO:0042462,GO:0043066,GO:0043117,GO:0043123,GO:0043129,GO:0043410,GO:0043536,GO:0045766,GO:0045785,GO:0045944,GO:0048010,GO:0048469,GO:0048593,GO:0048842,GO:0048844,GO:0050679,GO:0050918,GO:0050927,GO:0050930,GO:0051781,GO:0051894,GO:0051897,GO:0055013,GO:0060319,GO:0060749,GO:0060754,GO:0060948,GO:0060982,GO:0061042,GO:0070374,GO:0071456,GO:0071542,GO:0071679,GO:0090050,GO:0090190,GO:0097475,GO:0097533,GO:0120162,GO:1900748,GO:1901165,GO:1902894,GO:1902966,GO:1903141,GO:1903392,GO:1903589,GO:1903672,GO:1905278,GO:1905555,GO:1905604,GO:2000048,GO:2000573,GO:2001028
50	GO:0000077,GO:0001782,GO:0001817,GO:0001932,GO:0001933,GO:0002223,GO:0002244,GO:0002250,GO:0002376,GO:0002431,GO:0002513,GO:0002553,GO:0002576,GO:0002758,GO:0002762,GO:0002768,GO:0002774,GO:0002862,GO:0002902,GO:0006468,GO:0006950,GO:0006954,GO:0006974,GO:0006991,GO:0007165,GO:0007169,GO:0008284,GO:0008285,GO:0009410,GO:0009636,GO:0009725,GO:0009743,GO:0010976,GO:0014003,GO:0015908,GO:0018108,GO:0030097,GO:0030218,GO:0030222,GO:0030335,GO:0030889,GO:0031175,GO:0031295,GO:0031663,GO:0032868,GO:0033003,GO:0033628,GO:0034136,GO:0034142,GO:0034144,GO:0034145,GO:0034165,GO:0034605,GO:0035556,GO:0038043,GO:0038095,GO:0038096,GO:0038159,GO:0042100,GO:0042327,GO:0043200,GO:0043304,GO:0043407,GO:0043410,GO:0043434,GO:0045087,GO:0045646,GO:0046777,GO:0048013,GO:0048678,GO:0050727,GO:0050777,GO:0050855,GO:0050859,GO:0050900,GO:0051279,GO:0060252,GO:0060369,GO:0060397,GO:0070372,GO:0070373,GO:0070447,GO:0070667,GO:0070668,GO:0071300,GO:0071396,GO:0090025,GO:0090330,GO:0097028,GO:1902532,GO:1902993,GO:2000670	GO:0000902,GO:0001501,GO:0001654,GO:0001666,GO:0001822,GO:0001837,GO:0001843,GO:0001942,GO:0003007,GO:0003148,GO:0003149,GO:0003151,GO:0003179,GO:0003181,GO:0003184,GO:0003203,GO:0003215,GO:0003222,GO:0003274,GO:0003289,GO:0003407,GO:0007179,GO:0007423,GO:0007435,GO:0007507,GO:0008284,GO:0008285,GO:0008347,GO:0008584,GO:0009611,GO:0009792,GO:0010002,GO:0010628,GO:0010629,GO:0010634,GO:0010718,GO:0010936,GO:0014706,GO:0016477,GO:0016525,GO:0023052,GO:0030097,GO:0030199,GO:0030307,GO:0030308,GO:0030326,GO:0030593,GO:0030855,GO:0031069,GO:0032570,GO:0032874,GO:0032909,GO:0032956,GO:0033630,GO:0035910,GO:0042060,GO:0042127,GO:0042416,GO:0042476,GO:0042704,GO:0043065,GO:0043525,GO:0045216,GO:0045597,GO:0045726,GO:0045747,GO:0045787,GO:0045823,GO:0046580,GO:0048103,GO:0048566,GO:0048666,GO:0048699,GO:0048839,GO:0050680,GO:0050714,GO:0050778,GO:0051130,GO:0051240,GO:0051781,GO:0051794,GO:0051795,GO:0051891,GO:0051897,GO:0060038,GO:0060065,GO:0060317,GO:0060325,GO:0060391,GO:0060412,GO:0060413,GO:0061626,GO:0062009,GO:0062043,GO:0071363,GO:0090091,GO:0097191,GO:0141091,GO:1900182,GO:1902256,GO:1902895,GO:1903701,GO:1904238,GO:1904888,GO:1905006,GO:1905007
50	GO:0001781,GO:0001960,GO:0002314,GO:0002384,GO:0002446,GO:0002548,GO:0002639,GO:0002675,GO:0002690,GO:0006953,GO:0006954,GO:0006955,GO:0006959,GO:0007259,GO:0008284,GO:0008285,GO:0010573,GO:0010574,GO:0010575,GO:0010628,GO:0010718,GO:0010888,GO:0014823,GO:0019221,GO:0030154,GO:0030168,GO:0031018,GO:0031175,GO:0032494,GO:0032682,GO:0032722,GO:0032731,GO:0032733,GO:0032740,GO:0032745,GO:0032755,GO:0032757,GO:0032760,GO:0032966,GO:0033138,GO:0035425,GO:0035633,GO:0038001,GO:0042102,GO:0042593,GO:0043065,GO:0043066,GO:0043410,GO:0045599,GO:0045669,GO:0045727,GO:0045765,GO:0045779,GO:0045893,GO:0045944,GO:0046427,GO:0048661,GO:0050731,GO:0050768,GO:0050796,GO:0050829,GO:0050830,GO:0050871,GO:0051223,GO:0051251,GO:0051384,GO:0051607,GO:0060252,GO:0061470,GO:0061888,GO:0070050,GO:0070091,GO:0070092,GO:0070102,GO:0070301,GO:0070345,GO:0071222,GO:0072540,GO:0072574,GO:0090091,GO:0090594,GO:0097421,GO:0097696,GO:0098586,GO:0150077,GO:0150078,GO:1900017,GO:1901731,GO:1902512,GO:1902895,GO:1903978,GO:1904894,GO:1904996,GO:2000553,GO:2000635,GO:2000660,GO:2000676	GO:0000122,GO:0000209,GO:0000266,GO:0000422,GO:0000423,GO:0006511,GO:0006513,GO:0006914,GO:0006979,GO:0006986,GO:0007005,GO:0007417,GO:0008344,GO:0009410,GO:0009896,GO:0010498,GO:0010506,GO:0010628,GO:0010629,GO:0010636,GO:0010637,GO:0010821,GO:0010906,GO:0010918,GO:0010994,GO:0014059,GO:0014850,GO:0016236,GO:0016567,GO:0016579,GO:0022603,GO:0030163,GO:0031396,GO:0031647,GO:0031648,GO:0032232,GO:0032368,GO:0032436,GO:0033132,GO:0034599,GO:0034620,GO:0034976,GO:0035519,GO:0035774,GO:0036503,GO:0042053,GO:0042417,GO:0043065,GO:0043123,GO:0043161,GO:0043524,GO:0043653,GO:0044314,GO:0044828,GO:0045732,GO:0045944,GO:0046329,GO:0046676,GO:0050804,GO:0050821,GO:0051412,GO:0051582,GO:0051646,GO:0051865,GO:0051881,GO:0051967,GO:0060544,GO:0060828,GO:0061734,GO:0070050,GO:0070534,GO:0070585,GO:0070842,GO:0070936,GO:0070979,GO:0071287,GO:0080090,GO:0085020,GO:0090090,GO:0090141,GO:0090201,GO:0090258,GO:0090394,GO:0097237,GO:0099072,GO:0099074,GO:0140251,GO:1900242,GO:1900407,GO:1901526,GO:1901800,GO:1902236,GO:1902254,GO:1902530,GO:1902803,GO:1903265,GO:1903351,GO:1903377,GO:1903382,GO:1903427,GO:1903530,GO:1903542,GO:1903747,GO:1903861,GO:1904049,GO:1904643,GO:1904845,GO:1904881,GO:1905091,GO:1905232,GO:1905281,GO:1905366,GO:1905477,GO:1990000,GO:2000377,GO:2000378,GO:2001171
100	GO:0000122,GO:0001774,GO:0001878,GO:0002265,GO:0006357,GO:0006417,GO:0006816,GO:0006878,GO:0006897,GO:0006915,GO:0007155,GO:0007186,GO:0007189,GO:0007193,GO:0007219,GO:0007409,GO:0007417,GO:0007611,GO:0007612,GO:0007613,GO:0007617,GO:0007626,GO:0008088,GO:0008285,GO:0008306,GO:0008344,GO:0008542,GO:0010288,GO:0010468,GO:0010604,GO:0010628,GO:0010629,GO:0014005,GO:0016199,GO:0016322,GO:0016358,GO:0019722,GO:0019731,GO:0019732,GO:0030111,GO:0030178,GO:0030198,GO:0031175,GO:0031583,GO:0032224,GO:0032722,GO:0032729,GO:0032731,GO:0032755,GO:0032760,GO:0032930,GO:0034121,GO:0035235,GO:0036269,GO:0040014,GO:0042157,GO:0043065,GO:0043408,GO:0043410,GO:0043523,GO:0043525,GO:0045087,GO:0045429,GO:0045471,GO:0045666,GO:0045745,GO:0045752,GO:0045821,GO:0045931,GO:0045944,GO:0046330,GO:0048143,GO:0048169,GO:0048669,GO:0050729,GO:0050803,GO:0050808,GO:0050829,GO:0050830,GO:0050850,GO:0050867,GO:0050890,GO:0050918,GO:0051044,GO:0051246,GO:0051247,GO:0051260,GO:0051262,GO:0051580,GO:0051897,GO:0055096,GO:0061844,GO:0070206,GO:0070374,GO:0070555,GO:0071280,GO:0071287,GO:0071320,GO:0071874,GO:0090026,GO:0090090,GO:0098815,GO:0098989,GO:0110088,GO:0141137,GO:0141163,GO:0150003,GO:1900181,GO:1900221,GO:1900272,GO:1900273,GO:1900454,GO:1901224,GO:1902894,GO:1902950,GO:1902951,GO:1902993,GO:1903381,GO:1903523,GO:1904022,GO:1904472,GO:1904591,GO:1904646,GO:1905606,GO:1905898,GO:1905906,GO:1905908,GO:1905945,GO:1990000,GO:1990090,GO:1990418,GO:1990535,GO:2000406,GO:2000463,GO:2001238	GO:0000122,GO:0000165,GO:0001666,GO:0001821,GO:0001975,GO:0003015,GO:0003094,GO:0003100,GO:0003253,GO:0003357,GO:0006366,GO:0006874,GO:0007005,GO:0007166,GO:0007186,GO:0007204,GO:0007267,GO:0007411,GO:0008217,GO:0008284,GO:0009410,GO:0010193,GO:0010460,GO:0010467,GO:0010595,GO:0010613,GO:0010629,GO:0014033,GO:0014034,GO:0014823,GO:0014824,GO:0014826,GO:0019229,GO:0019722,GO:0023019,GO:0030072,GO:0030185,GO:0030195,GO:0030335,GO:0030878,GO:0031175,GO:0031394,GO:0032308,GO:0032496,GO:0033574,GO:0034392,GO:0034696,GO:0035050,GO:0035094,GO:0035556,GO:0035994,GO:0042045,GO:0042310,GO:0042482,GO:0042554,GO:0043200,GO:0043410,GO:0043491,GO:0044321,GO:0044751,GO:0045321,GO:0045429,GO:0045793,GO:0045840,GO:0045944,GO:0045987,GO:0046330,GO:0046887,GO:0046888,GO:0048661,GO:0048675,GO:0050850,GO:0051248,GO:0051899,GO:0060070,GO:0060137,GO:0060298,GO:0060385,GO:0061051,GO:0061626,GO:0070101,GO:0070294,GO:0070301,GO:0070371,GO:0070588,GO:0071277,GO:0071346,GO:0071347,GO:0071356,GO:0071372,GO:0071373,GO:0071375,GO:0071385,GO:0071389,GO:0071398,GO:0071456,GO:0071466,GO:0071526,GO:0071548,GO:0071559,GO:0071560,GO:0072011,GO:0072112,GO:0086100,GO:0090023,GO:0097237,GO:0097492,GO:0097746,GO:0141156,GO:0160195,GO:1900182,GO:1901224,GO:1902074,GO:1903537,GO:1904707,GO:1905653,GO:2001259
100	GO:0000122,GO:0001709,GO:0001806,GO:0001817,GO:0001822,GO:0001823,GO:0002376,GO:0002520,GO:0003180,GO:0003215,GO:0003281,GO:0006355,GO:0006357,GO:0006952,GO:0006954,GO:0007165,GO:0008285,GO:0008584,GO:0009410,GO:0009615,GO:0009653,GO:0009967,GO:0010332,GO:0010467,GO:0010595,GO:0010719,GO:0030154,GO:0030217,GO:0030225,GO:0030856,GO:0031929,GO:0032736,GO:0032753,GO:0032754,GO:0033600,GO:0035457,GO:0042421,GO:0043491,GO:0043583,GO:0043627,GO:0045064,GO:0045087,GO:0045165,GO:0045471,GO:0045582,GO:0045786,GO:0045892,GO:0045893,GO:0045944,GO:0048485,GO:0048568,GO:0048646,GO:0048731,GO:0050728,GO:0050793,GO:0050852,GO:0051216,GO:0051897,GO:0060037,GO:0060065,GO:0060070,GO:0060231,GO:0060676,GO:0071353,GO:0071356,GO:0072107,GO:0072178,GO:0072179,GO:0072182,GO:0072676,GO:0090102,GO:1902895,GO:2000146,GO:2000352,GO:2000611,GO:2000679,GO:2000683	GO:0001570,GO:0001657,GO:0001666,GO:0001763,GO:0001837,GO:0001843,GO:0002040,GO:0002062,GO:0002244,GO:0002248,GO:0002460,GO:0002859,GO:0003179,GO:0003180,GO:0006611,GO:0006754,GO:0006796,GO:0007179,GO:0007406,GO:0007435,GO:0007507,GO:0007565,GO:0008284,GO:0008285,GO:0009410,GO:0009611,GO:0009749,GO:0010332,GO:0010575,GO:0010628,GO:0010629,GO:0010716,GO:0010718,GO:0010742,GO:0010763,GO:0010936,GO:0014003,GO:0014008,GO:0016202,GO:0021915,GO:0030154,GO:0030214,GO:0030308,GO:0030334,GO:0030335,GO:0031100,GO:0031293,GO:0031334,GO:0031536,GO:0032355,GO:0032570,GO:0032667,GO:0032700,GO:0032740,GO:0032755,GO:0032760,GO:0032801,GO:0032930,GO:0032967,GO:0033280,GO:0034616,GO:0035902,GO:0036120,GO:0036446,GO:0042127,GO:0042306,GO:0042307,GO:0042475,GO:0042552,GO:0043065,GO:0043117,GO:0043123,GO:0043410,GO:0043536,GO:0043537,GO:0045066,GO:0045216,GO:0045471,GO:0045591,GO:0045596,GO:0045597,GO:0045599,GO:0045662,GO:0045742,GO:0045786,GO:0045892,GO:0045893,GO:0045944,GO:0048298,GO:0048535,GO:0048565,GO:0048642,GO:0048661,GO:0048839,GO:0050679,GO:0050680,GO:0050714,GO:0050729,GO:0050765,GO:0050832,GO:0050921,GO:0051130,GO:0051240,GO:0051247,GO:0051280,GO:0051781,GO:0051897,GO:0055010,GO:0060312,GO:0060325,GO:0060364,GO:0060391,GO:0070168,GO:0070374,GO:0070723,GO:0071260,GO:0071333,GO:0071363,GO:0071404,GO:0071456,GO:0071479,GO:0071549,GO:0071560,GO:0071677,GO:0071895,GO:0085029,GO:0090190,GO:0090263,GO:0097191,GO:0097421,GO:0098586,GO:0141091,GO:1900126,GO:1900182,GO:1901203,GO:1902074,GO:1902462,GO:1902894,GO:1902895,GO:1903077,GO:1904018,GO:1904894,GO:1905641,GO:1990314,GO:1990402,GO:2000048,GO:2000343,GO:2000353,GO:2000636,GO:2000727
100	GO:0000122,GO:0001570,GO:0001666,GO:0001937,GO:0006641,GO:0006816,GO:0006874,GO:0006940,GO:0007519,GO:0008104,GO:0009267,GO:0009617,GO:0010524,GO:0010608,GO:0010628,GO:0010875,GO:0016050,GO:0019065,GO:0019217,GO:0019915,GO:0030154,GO:0030193,GO:0030301,GO:0030335,GO:0030514,GO:0030857,GO:0030879,GO:0031295,GO:0031397,GO:0031398,GO:0031623,GO:0032507,GO:0032570,GO:0033484,GO:0038016,GO:0038166,GO:0042632,GO:0043123,GO:0043409,GO:0043627,GO:0044860,GO:0045019,GO:0045907,GO:0046209,GO:0046426,GO:0048550,GO:0051480,GO:0051592,GO:0051899,GO:0055074,GO:0060056,GO:0060070,GO:0060546,GO:0070836,GO:0071218,GO:0071375,GO:0071455,GO:0072584,GO:0086091,GO:0090090,GO:0097190,GO:0098903,GO:0098909,GO:0098911,GO:0120162,GO:1900027,GO:1901380,GO:1901844,GO:1903361,GO:1903598,GO:1904294,GO:2000535,GO:2000811,GO:2001238,GO:2001244	GO:0000012,GO:0000122,GO:0000183,GO:0000720,GO:0000731,GO:0001525,GO:0001678,GO:0001934,GO:0001938,GO:0002821,GO:0006325,GO:0006346,GO:0006476,GO:0006642,GO:0006915,GO:0006974,GO:0006979,GO:0007179,GO:0007346,GO:0007517,GO:0007623,GO:0008284,GO:0008630,GO:0009267,GO:0010629,GO:0010824,GO:0010868,GO:0010875,GO:0010883,GO:0010906,GO:0016239,GO:0016567,GO:0018394,GO:0030154,GO:0030225,GO:0030512,GO:0030968,GO:0031393,GO:0031507,GO:0031509,GO:0031648,GO:0032007,GO:0032071,GO:0032436,GO:0032868,GO:0032922,GO:0033210,GO:0034391,GO:0035331,GO:0035356,GO:0035358,GO:0042127,GO:0042149,GO:0042326,GO:0042542,GO:0042632,GO:0042771,GO:0042981,GO:0043065,GO:0043066,GO:0043124,GO:0043161,GO:0043518,GO:0043536,GO:0044321,GO:0045348,GO:0045599,GO:0045722,GO:0045739,GO:0045766,GO:0045786,GO:0045892,GO:0045944,GO:0046015,GO:0046628,GO:0046890,GO:0048511,GO:0050793,GO:0050872,GO:0051152,GO:0051239,GO:0051658,GO:0051897,GO:0051898,GO:0055089,GO:0060766,GO:0060907,GO:0062013,GO:0070301,GO:0070857,GO:0070914,GO:0071356,GO:0071456,GO:0071479,GO:0090335,GO:0090400,GO:0097009,GO:0106230,GO:0140861,GO:1900034,GO:1901797,GO:1901984,GO:1902166,GO:1902176,GO:1902237,GO:1902424,GO:1904179,GO:2000111,GO:2000481,GO:2000655,GO:2000757,GO:2000773,GO:2000774,GO:2000781
100	GO:0001837,GO:0001954,GO:0003170,GO:0005977,GO:0006468,GO:0006983,GO:0007005,GO:0007399,GO:0007623,GO:0008286,GO:0009968,GO:0010508,GO:0010628,GO:0010629,GO:0010719,GO:0010975,GO:0016055,GO:0018105,GO:0019082,GO:0021766,GO:0030010,GO:0030011,GO:0030154,GO:0030336,GO:0030516,GO:0031175,GO:0031333,GO:0031334,GO:0031398,GO:0032007,GO:0032092,GO:0032436,GO:0032481,GO:0032880,GO:0032886,GO:0034976,GO:0035556,GO:0036016,GO:0042752,GO:0043066,GO:0043161,GO:0043525,GO:0045597,GO:0045668,GO:0045719,GO:0045724,GO:0045732,GO:0045879,GO:0046777,GO:0046825,GO:0046827,GO:0048511,GO:0048814,GO:0050770,GO:0060070,GO:0060079,GO:0070507,GO:0070885,GO:0071109,GO:0071300,GO:0090090,GO:0097191,GO:0097192,GO:0099171,GO:0106027,GO:0150101,GO:0160213,GO:1900034,GO:1900181,GO:1900271,GO:1901030,GO:1901701,GO:1902042,GO:1903566,GO:1903940,GO:1904339,GO:1904646,GO:1904781,GO:1904951,GO:2000077,GO:2000466,GO:2000740	GO:0000122,GO:0001525,GO:0001541,GO:0001569,GO:0001570,GO:0001666,GO:0001701,GO:0001822,GO:0001934,GO:0001938,GO:0002040,GO:0002042,GO:0002052,GO:0002092,GO:0002376,GO:0002575,GO:0002687,GO:0003007,GO:0003151,GO:0003169,GO:0006357,GO:0007200,GO:0007399,GO:0007498,GO:0007595,GO:0008284,GO:0008360,GO:0010595,GO:0010628,GO:0010629,GO:0010719,GO:0010749,GO:0030154,GO:0030224,GO:0030225,GO:0030324,GO:0030335,GO:0030855,GO:0031077,GO:0031290,GO:0031334,GO:0031954,GO:0035148,GO:0035767,GO:0035924,GO:0036303,GO:0036324,GO:0038033,GO:0038084,GO:0038091,GO:0038190,GO:0042462,GO:0043066,GO:0043117,GO:0043123,GO:0043129,GO:0043410,GO:0043536,GO:0045766,GO:0045785,GO:0045944,GO:0048010,GO:0048469,GO:0048593,GO:0048842,GO:0048844,GO:0050679,GO:0050918,GO:0050927,GO:0050930,GO:0051781,GO:0051894,GO:0051897,GO:0055013,GO:0060319,GO:0060749,GO:0060754,GO:0060948,GO:0060982,GO:0061042,GO:0070374,GO:0071456,GO:0071542,GO:0071679,GO:0090050,GO:0090190,GO:0097475,GO:0097533,GO:0120162,GO:1900748,GO:1901165,GO:1902894,GO:1902966,GO:1903141,GO:1903392,GO:1903589,GO:1903672,GO:1905278,GO:1905555,GO:1905604,GO:2000048,GO:2000573,GO:2001028
100	GO:0000122,GO:0001503,GO:0001649,GO:0001657,GO:0001658,GO:0001822,GO:0001823,GO:0001934,GO:0001938,GO:0001958,GO:0002043,GO:0002062,GO:0002244,GO:0002320,GO:0002573,GO:0003007,GO:0003129,GO:0003139,GO:0003148,GO:0003149,GO:0003151,GO:0003163,GO:0003180,GO:0003184,GO:0003197,GO:0003279,GO:0003323,GO:0007498,GO:0008284,GO:0008285,GO:0009791,GO:0010453,GO:0010467,GO:0010628,GO:0010629,GO:0010718,GO:0021537,GO:0022408,GO:0030154,GO:0030224,GO:0030225,GO:0030335,GO:0030501,GO:0030509,GO:0030513,GO:0030858,GO:0032092,GO:0032967,GO:0033085,GO:0033088,GO:0035990,GO:0035993,GO:0042306,GO:0042476,GO:0043065,GO:0043068,GO:0045596,GO:0045603,GO:0045606,GO:0045662,GO:0045669,GO:0045778,GO:0045786,GO:0045839,GO:0045843,GO:0045892,GO:0045893,GO:0045944,GO:0048286,GO:0048392,GO:0048661,GO:0048662,GO:0048745,GO:0048863,GO:0050679,GO:0050918,GO:0051216,GO:0051241,GO:0055007,GO:0055020,GO:0060391,GO:0060425,GO:0060426,GO:0060433,GO:0060438,GO:0060441,GO:0060502,GO:0060503,GO:0060537,GO:0060976,GO:0061036,GO:0061047,GO:0061626,GO:0070244,GO:0071773,GO:0072104,GO:0072125,GO:0072179,GO:0072197,GO:0072200,GO:0090189,GO:0090191,GO:0090194,GO:1900182,GO:1900745,GO:1901331,GO:1902894,GO:1904706,GO:1904753,GO:1905312,GO:2000005,GO:2000007,GO:2000636,GO:2000725,GO:2001237	GO:0001781,GO:0001960,GO:0002314,GO:0002384,GO:0002446,GO:0002548,GO:0002639,GO:0002675,GO:0002690,GO:0006953,GO:0006954,GO:0006955,GO:0006959,GO:0007259,GO:0008284,GO:0008285,GO:0010573,GO:0010574,GO:0010575,GO:0010628,GO:0010718,GO:0010888,GO:0014823,GO:0019221,GO:0030154,GO:0030168,GO:0031018,GO:0031175,GO:0032494,GO:0032682,GO:0032722,GO:0032731,GO:0032733,GO:0032740,GO:0032745,GO:0032755,GO:0032757,GO:0032760,GO:0032966,GO:0033138,GO:0035425,GO:0035633,GO:0038001,GO:0042102,GO:0042593,GO:0043065,GO:0043066,GO:0043410,GO:0045599,GO:0045669,GO:0045727,GO:0045765,GO:0045779,GO:0045893,GO:0045944,GO:0046427,GO:0048661,GO:0050731,GO:0050768,GO:0050796,GO:0050829,GO:0050830,GO:0050871,GO:0051223,GO:0051251,GO:0051384,GO:0051607,GO:0060252,GO:0061470,GO:0061888,GO:0070050,GO:0070091,GO:0070092,GO:0070102,GO:0070301,GO:0070345,GO:0071222,GO:0072540,GO:0072574,GO:0090091,GO:0090594,GO:0097421,GO:0097696,GO:0098586,GO:0150077,GO:0150078,GO:1900017,GO:1901731,GO:1902512,GO:1902895,GO:1903978,GO:1904894,GO:1904996,GO:2000553,GO:2000635,GO:2000660,GO:2000676
100	GO:0001774,GO:0001819,GO:0002250,GO:0002376,GO:0006325,GO:0006338,GO:0006915,GO:0006979,GO:0007155,GO:0007165,GO:0007167,GO:0007204,GO:0007259,GO:0007498,GO:0008284,GO:0008285,GO:0008631,GO:0009755,GO:0010572,GO:0010667,GO:0010811,GO:0019221,GO:0022407,GO:0022408,GO:0030041,GO:0030154,GO:0030218,GO:0030335,GO:0031103,GO:0031663,GO:0031959,GO:0032024,GO:0032731,GO:0032760,GO:0033194,GO:0033209,GO:0034612,GO:0035166,GO:0035556,GO:0035722,GO:0038043,GO:0038065,GO:0038155,GO:0038156,GO:0038157,GO:0038162,GO:0038163,GO:0042102,GO:0042307,GO:0042531,GO:0042976,GO:0042981,GO:0043065,GO:0043066,GO:0043410,GO:0043524,GO:0043687,GO:0045087,GO:0045348,GO:0045428,GO:0045429,GO:0045597,GO:0045944,GO:0046425,GO:0046634,GO:0046677,GO:0046777,GO:0048008,GO:0048861,GO:0050727,GO:0050804,GO:0050867,GO:0051897,GO:0060333,GO:0060391,GO:0060396,GO:0060397,GO:0060399,GO:0061180,GO:0070102,GO:0070120,GO:0070665,GO:0070671,GO:0070757,GO:0097191,GO:0120162,GO:0120186,GO:0140546,GO:1900016,GO:1901731,GO:1902533,GO:1902728,GO:1904037,GO:1904707,GO:1905539	GO:0001774,GO:0002282,GO:0002291,GO:0002588,GO:0002862,GO:0002931,GO:0006909,GO:0006910,GO:0006955,GO:0006959,GO:0007165,GO:0007166,GO:0007613,GO:0010468,GO:0010507,GO:0010628,GO:0010875,GO:0010887,GO:0010891,GO:0010983,GO:0019216,GO:0030316,GO:0032006,GO:0032008,GO:0032497,GO:0032499,GO:0032675,GO:0032691,GO:0032720,GO:0032733,GO:0034136,GO:0034144,GO:0034151,GO:0034241,GO:0034351,GO:0035176,GO:0038160,GO:0042742,GO:0043066,GO:0043124,GO:0043268,GO:0043277,GO:0045088,GO:0045672,GO:0045728,GO:0045960,GO:0048143,GO:0048468,GO:0048678,GO:0050714,GO:0050766,GO:0050829,GO:0050850,GO:0050866,GO:0050921,GO:0051897,GO:0051898,GO:0055088,GO:0060075,GO:0060100,GO:0061518,GO:0061889,GO:0070269,GO:0070345,GO:0070374,GO:0070392,GO:0071223,GO:0071224,GO:0071333,GO:0071396,GO:0071402,GO:0071456,GO:0071526,GO:0071640,GO:0080090,GO:0097028,GO:0097062,GO:0097242,GO:0098657,GO:0110089,GO:0120035,GO:0140052,GO:0150062,GO:0150076,GO:0150078,GO:0150079,GO:0150094,GO:1900015,GO:1900016,GO:1900223,GO:1900226,GO:1901076,GO:1901224,GO:1901800,GO:1902227,GO:1902533,GO:1903078,GO:1903082,GO:1903376,GO:1903753,GO:1903980,GO:1904093,GO:1904141,GO:1904646,GO:1904951,GO:1905291,GO:1905581,GO:1905805,GO:1905808,GO:1905907,GO:2000350,GO:2001171
100	GO:0000122,GO:0000209,GO:0000266,GO:0000422,GO:0000423,GO:0006511,GO:0006513,GO:0006914,GO:0006979,GO:0006986,GO:0007005,GO:0007417,GO:0008344,GO:0009410,GO:0009896,GO:0010498,GO:0010506,GO:0010628,GO:0010629,GO:0010636,GO:0010637,GO:0010821,GO:0010906,GO:0010918,GO:0010994,GO:0014059,GO:0014850,GO:0016236,GO:0016567,GO:0016579,GO:0022603,GO:0030163,GO:0031396,GO:0031647,GO:0031648,GO:0032232,GO:0032368,GO:0032436,GO:0033132,GO:0034599,GO:0034620,GO:0034976,GO:0035519,GO:0035774,GO:0036503,GO:0042053,GO:0042417,GO:0043065,GO:0043123,GO:0043161,GO:0043524,GO:0043653,GO:0044314,GO:0044828,GO:0045732,GO:0045944,GO:0046329,GO:0046676,GO:0050804,GO:0050821,GO:0051412,GO:0051582,GO:0051646,GO:0051865,GO:0051881,GO:0051967,GO:0060544,GO:0060828,GO:0061734,GO:0070050,GO:0070534,GO:0070585,GO:0070842,GO:0070936,GO:0070979,GO:0071287,GO:0080090,GO:0085020,GO:0090090,GO:0090141,GO:0090201,GO:0090258,GO:0090394,GO:0097237,GO:0099072,GO:0099074,GO:0140251,GO:1900242,GO:1900407,GO:1901526,GO:1901800,GO:1902236,GO:1902254,GO:1902530,GO:1902803,GO:1903265,GO:1903351,GO:1903377,GO:1903382,GO:1903427,GO:1903530,GO:1903542,GO:1903747,GO:1903861,GO:1904049,GO:1904643,GO:1904845,GO:1904881,GO:1905091,GO:1905232,GO:1905281,GO:1905366,GO:1905477,GO:1990000,GO:2000377,GO:2000378,GO:2001171	GO:0001570,GO:0001657,GO:0001666,GO:0001763,GO:0001837,GO:0001843,GO:0002040,GO:0002062,GO:0002244,GO:0002248,GO:0002460,GO:0002859,GO:0003179,GO:0003180,GO:0006611,GO:0006754,GO:0006796,GO:0007179,GO:0007406,GO:0007435,GO:0007507,GO:0007565,GO:0008284,GO:0008285,GO:0009410,GO:0009611,GO:0009749,GO:0010332,GO:0010575,GO:0010628,GO:0010629,GO:0010716,GO:0010718,GO:0010742,GO:0010763,GO:0010936,GO:0014003,GO:0014008,GO:0016202,GO:0021915,GO:0030154,GO:0030214,GO:0030308,GO:0030334,GO:0030335,GO:0031100,GO:0031293,GO:0031334,GO:0031536,GO:0032355,GO:0032570,GO:0032667,GO:0032700,GO:0032740,GO:0032755,GO:0032760,GO:0032801,GO:0032930,GO:0032967,GO:0033280,GO:0034616,GO:0035902,GO:0036120,GO:0036446,GO:0042127,GO:0042306,GO:0042307,GO:0042475,GO:0042552,GO:0043065,GO:0043117,GO:0043123,GO:0043410,GO:0043536,GO:0043537,GO:0045066,GO:0045216,GO:0045471,GO:0045591,GO:0045596,GO:0045597,GO:0045599,GO:0045662,GO:0045742,GO:0045786,GO:0045892,GO:0045893,GO:0045944,GO:0048298,GO:0048535,GO:0048565,GO:0048642,GO:0048661,GO:0048839,GO:0050679,GO:0050680,GO:0050714,GO:0050729,GO:0050765,GO:0050832,GO:0050921,GO:0051130,GO:0051240,GO:0051247,GO:0051280,GO:0051781,GO:0051897,GO:0055010,GO:0060312,GO:0060325,GO:0060364,GO:0060391,GO:0070168,GO:0070374,GO:0070723,GO:0071260,GO:0071333,GO:0071363,GO:0071404,GO:0071456,GO:0071479,GO:0071549,GO:0071560,GO:0071677,GO:0071895,GO:0085029,GO:0090190,GO:0090263,GO:0097191,GO:0097421,GO:0098586,GO:0141091,GO:1900126,GO:1900182,GO:1901203,GO:1902074,GO:1902462,GO:1902894,GO:1902895,GO:1903077,GO:1904018,GO:1904894,GO:1905641,GO:1990314,GO:1990402,GO:2000048,GO:2000343,GO:2000353,GO:2000636,GO:2000727
100	GO:0000122,GO:0001570,GO:0001666,GO:0001937,GO:0006641,GO:0006816,GO:0006874,GO:0006940,GO:0007519,GO:0008104,GO:0009267,GO:0009617,GO:0010524,GO:0010608,GO:0010628,GO:0010875,GO:0016050,GO:0019065,GO:0019217,GO:0019915,GO:0030154,GO:0030193,GO:0030301,GO:0030335,GO:0030514,GO:0030857,GO:0030879,GO:0031295,GO:0031397,GO:0031398,GO:0031623,GO:0032507,GO:0032570,GO:0033484,GO:0038016,GO:0038166,GO:0042632,GO:0043123,GO:0043409,GO:0043627,GO:0044860,GO:0045019,GO:0045907,GO:0046209,GO:0046426,GO:0048550,GO:0051480,GO:0051592,GO:0051899,GO:0055074,GO:0060056,GO:0060070,GO:0060546,GO:0070836,GO:0071218,GO:0071375,GO:0071455,GO:0072584,GO:0086091,GO:0090090,GO:0097190,GO:0098903,GO:0098909,GO:0098911,GO:0120162,GO:1900027,GO:1901380,GO:1901844,GO:1903361,GO:1903598,GO:1904294,GO:2000535,GO:2000811,GO:2001238,GO:2001244	GO:0000209,GO:0001649,GO:0001837,GO:0002052,GO:0003151,GO:0007155,GO:0007173,GO:0007399,GO:0008284,GO:0008285,GO:0009410,GO:0010629,GO:0010717,GO:0010718,GO:0010909,GO:0016055,GO:0016525,GO:0019827,GO:0021854,GO:0030182,GO:0030901,GO:0030902,GO:0030997,GO:0031396,GO:0032212,GO:0032355,GO:0032968,GO:0033234,GO:0034112,GO:0034333,GO:0034394,GO:0035315,GO:0035995,GO:0036023,GO:0036520,GO:0043065,GO:0043066,GO:0043161,GO:0043525,GO:0044331,GO:0045597,GO:0045765,GO:0045766,GO:0045892,GO:0045893,GO:0045944,GO:0045976,GO:0048145,GO:0048568,GO:0048643,GO:0048660,GO:0050767,GO:0050768,GO:0050982,GO:0051884,GO:0051963,GO:0060070,GO:0060231,GO:0060292,GO:0061154,GO:0061549,GO:0061550,GO:0070602,GO:0071363,GO:0071681,GO:0072182,GO:0072497,GO:0090090,GO:0090279,GO:0097091,GO:0098609,GO:1901331,GO:1903377,GO:1904888,GO:1904948,GO:1905555,GO:1990138,GO:1990403,GO:1990791,GO:2000008,GO:2000179
100	GO:0001649,GO:0001938,GO:0002042,GO:0002430,GO:0003376,GO:0005977,GO:0005978,GO:0005979,GO:0006006,GO:0006417,GO:0006468,GO:0006809,GO:0006915,GO:0006924,GO:0006979,GO:0007165,GO:0007173,GO:0007186,GO:0007399,GO:0008283,GO:0008286,GO:0009408,GO:0009725,GO:0010507,GO:0010595,GO:0010628,GO:0010629,GO:0010748,GO:0010761,GO:0010907,GO:0010975,GO:0016242,GO:0018105,GO:0018107,GO:0019221,GO:0030154,GO:0030307,GO:0030334,GO:0030335,GO:0031295,GO:0031397,GO:0031929,GO:0031999,GO:0032079,GO:0032436,GO:0032869,GO:0033138,GO:0033554,GO:0034405,GO:0035556,GO:0035655,GO:0042307,GO:0042981,GO:0043066,GO:0043276,GO:0043488,GO:0043491,GO:0043536,GO:0045429,GO:0045600,GO:0045725,GO:0045746,GO:0045861,GO:0045944,GO:0046209,GO:0046326,GO:0046889,GO:0048009,GO:0048266,GO:0048661,GO:0051247,GO:0051897,GO:0060079,GO:0060416,GO:0060644,GO:0070141,GO:0070585,GO:0070848,GO:0071364,GO:0072656,GO:0072752,GO:0090201,GO:0097700,GO:0099175,GO:0110002,GO:0140052,GO:0150033,GO:0160049,GO:0160213,GO:1900087,GO:1900182,GO:1901796,GO:1902018,GO:1902176,GO:1903038,GO:1903078,GO:1903318,GO:1903384,GO:1903898,GO:1904263,GO:1904515,GO:1905552,GO:1905786,GO:1990090,GO:1990418,GO:2000010,GO:2000074,GO:2000402,GO:2001240,GO:2001243	GO:0000122,GO:0000165,GO:0001649,GO:0001657,GO:0001666,GO:0001836,GO:0006355,GO:0006357,GO:0006955,GO:0007179,GO:0007254,GO:0008285,GO:0009653,GO:0010332,GO:0010467,GO:0010628,GO:0010629,GO:0010718,GO:0023019,GO:0030154,GO:0030279,GO:0030308,GO:0030325,GO:0030335,GO:0030501,GO:0031053,GO:0031665,GO:0032332,GO:0032502,GO:0032731,GO:0032909,GO:0032916,GO:0032924,GO:0033689,GO:0036120,GO:0038092,GO:0042060,GO:0042110,GO:0042177,GO:0042220,GO:0042307,GO:0043066,GO:0045216,GO:0045429,GO:0045596,GO:0045599,GO:0045893,GO:0045944,GO:0050728,GO:0050776,GO:0050821,GO:0050927,GO:0051481,GO:0051496,GO:0051881,GO:0051894,GO:0060290,GO:0060391,GO:0060395,GO:0061001,GO:0061045,GO:0061450,GO:0061767,GO:0071333,GO:0071363,GO:0071560,GO:0071635,GO:0090263,GO:0097190,GO:0097191,GO:0097305,GO:0098586,GO:0141091,GO:1901203,GO:1902893,GO:1902894,GO:1902895,GO:1903243,GO:1990776
100	GO:0000302,GO:0001523,GO:0001937,GO:0006629,GO:0006641,GO:0006869,GO:0006898,GO:0007010,GO:0007186,GO:0007271,GO:0007616,GO:0008202,GO:0008203,GO:0010544,GO:0010596,GO:0010629,GO:0010642,GO:0010875,GO:0010877,GO:0010976,GO:0010977,GO:0015909,GO:0017038,GO:0019068,GO:0030195,GO:0030516,GO:0031175,GO:0032438,GO:0032489,GO:0032805,GO:0033344,GO:0033700,GO:0034372,GO:0034374,GO:0034375,GO:0034380,GO:0034382,GO:0034384,GO:0034447,GO:0035641,GO:0038060,GO:0042157,GO:0042158,GO:0042632,GO:0042981,GO:0042982,GO:0043254,GO:0043409,GO:0043537,GO:0043691,GO:0044794,GO:0045088,GO:0045429,GO:0045541,GO:0045807,GO:0045893,GO:0046889,GO:0048168,GO:0048662,GO:0050709,GO:0050728,GO:0050807,GO:0051044,GO:0051055,GO:0051246,GO:0051248,GO:0055089,GO:0055090,GO:0060999,GO:0061000,GO:0061136,GO:0061771,GO:0070328,GO:0070374,GO:0071402,GO:0071830,GO:0071831,GO:0090090,GO:0090181,GO:0090205,GO:0090370,GO:0097006,GO:0097113,GO:0097114,GO:0098869,GO:0140077,GO:1900221,GO:1900223,GO:1900272,GO:1901627,GO:1901631,GO:1902004,GO:1902430,GO:1902951,GO:1902952,GO:1902991,GO:1902995,GO:1902998,GO:1902999,GO:1903001,GO:1903002,GO:1905890,GO:1905906,GO:1905907,GO:1905908,GO:2000822	GO:0000122,GO:0000209,GO:0000266,GO:0000422,GO:0000423,GO:0006511,GO:0006513,GO:0006914,GO:0006979,GO:0006986,GO:0007005,GO:0007417,GO:0008344,GO:0009410,GO:0009896,GO:0010498,GO:0010506,GO:0010628,GO:0010629,GO:0010636,GO:0010637,GO:0010821,GO:0010906,GO:0010918,GO:0010994,GO:0014059,GO:0014850,GO:0016236,GO:0016567,GO:0016579,GO:0022603,GO:0030163,GO:0031396,GO:0031647,GO:0031648,GO:0032232,GO:0032368,GO:0032436,GO:0033132,GO:0034599,GO:0034620,GO:0034976,GO:0035519,GO:0035774,GO:0036503,GO:0042053,GO:0042417,GO:0043065,GO:0043123,GO:0043161,GO:0043524,GO:0043653,GO:0044314,GO:0044828,GO:0045732,GO:0045944,GO:0046329,GO:0046676,GO:0050804,GO:0050821,GO:0051412,GO:0051582,GO:0051646,GO:0051865,GO:0051881,GO:0051967,GO:0060544,GO:0060828,GO:0061734,GO:0070050,GO:0070534,GO:0070585,GO:0070842,GO:0070936,GO:0070979,GO:0071287,GO:0080090,GO:0085020,GO:0090090,GO:0090141,GO:0090201,GO:0090258,GO:0090394,GO:0097237,GO:0099072,GO:0099074,GO:0140251,GO:1900242,GO:1900407,GO:1901526,GO:1901800,GO:1902236,GO:1902254,GO:1902530,GO:1902803,GO:1903265,GO:1903351,GO:1903377,GO:1903382,GO:1903427,GO:1903530,GO:1903542,GO:1903747,GO:1903861,GO:1904049,GO:1904643,GO:1904845,GO:1904881,GO:1905091,GO:1905232,GO:1905281,GO:1905366,GO:1905477,GO:1990000,GO:2000377,GO:2000378,GO:2001171
100	GO:0000278,GO:0002252,GO:0002429,GO:0006281,GO:0006298,GO:0006355,GO:0006897,GO:0006909,GO:0006914,GO:0006915,GO:0006974,GO:0006979,GO:0007155,GO:0007173,GO:0007204,GO:0007229,GO:0007611,GO:0008306,GO:0008630,GO:0009410,GO:0010468,GO:0010506,GO:0010557,GO:0010595,GO:0030036,GO:0030041,GO:0030100,GO:0030155,GO:0030516,GO:0030845,GO:0031113,GO:0032489,GO:0032956,GO:0034599,GO:0034976,GO:0035556,GO:0035791,GO:0036211,GO:0038096,GO:0038189,GO:0042770,GO:0043065,GO:0043525,GO:0043542,GO:0045580,GO:0045595,GO:0045785,GO:0045907,GO:0045944,GO:0048008,GO:0048013,GO:0048146,GO:0051444,GO:0051450,GO:0051496,GO:0051726,GO:0051882,GO:0051894,GO:0060038,GO:0070301,GO:0071103,GO:0071560,GO:0071871,GO:0090050,GO:0097706,GO:0099150,GO:0141214,GO:1900006,GO:1900026,GO:1900272,GO:1901701,GO:1902036,GO:1902531,GO:1903055,GO:1903210,GO:1903351,GO:1903905,GO:1904518,GO:1905244,GO:1905555,GO:2000042,GO:2000145,GO:2000406	GO:0000302,GO:0001523,GO:0001937,GO:0006629,GO:0006641,GO:0006869,GO:0006898,GO:0007010,GO:0007186,GO:0007271,GO:0007616,GO:0008202,GO:0008203,GO:0010544,GO:0010596,GO:0010629,GO:0010642,GO:0010875,GO:0010877,GO:0010976,GO:0010977,GO:0015909,GO:0017038,GO:0019068,GO:0030195,GO:0030516,GO:0031175,GO:0032438,GO:0032489,GO:0032805,GO:0033344,GO:0033700,GO:0034372,GO:0034374,GO:0034375,GO:0034380,GO:0034382,GO:0034384,GO:0034447,GO:0035641,GO:0038060,GO:0042157,GO:0042158,GO:0042632,GO:0042981,GO:0042982,GO:0043254,GO:0043409,GO:0043537,GO:0043691,GO:0044794,GO:0045088,GO:0045429,GO:0045541,GO:0045807,GO:0045893,GO:0046889,GO:0048168,GO:0048662,GO:0050709,GO:0050728,GO:0050807,GO:0051044,GO:0051055,GO:0051246,GO:0051248,GO:0055089,GO:0055090,GO:0060999,GO:0061000,GO:0061136,GO:0061771,GO:0070328,GO:0070374,GO:0071402,GO:0071830,GO:0071831,GO:0090090,GO:0090181,GO:0090205,GO:0090370,GO:0097006,GO:0097113,GO:0097114,GO:0098869,GO:0140077,GO:1900221,GO:1900223,GO:1900272,GO:1901627,GO:1901631,GO:1902004,GO:1902430,GO:1902951,GO:1902952,GO:1902991,GO:1902995,GO:1902998,GO:1902999,GO:1903001,GO:1903002,GO:1905890,GO:1905906,GO:1905907,GO:1905908,GO:2000822
100	GO:0000012,GO:0000122,GO:0000183,GO:0000720,GO:0000731,GO:0001525,GO:0001678,GO:0001934,GO:0001938,GO:0002821,GO:0006325,GO:0006346,GO:0006476,GO:0006642,GO:0006915,GO:0006974,GO:0006979,GO:0007179,GO:0007346,GO:0007517,GO:0007623,GO:0008284,GO:0008630,GO:0009267,GO:0010629,GO:0010824,GO:0010868,GO:0010875,GO:0010883,GO:0010906,GO:0016239,GO:0016567,GO:0018394,GO:0030154,GO:0030225,GO:0030512,GO:0030968,GO:0031393,GO:0031507,GO:0031509,GO:0031648,GO:0032007,GO:0032071,GO:0032436,GO:0032868,GO:0032922,GO:0033210,GO:0034391,GO:0035331,GO:0035356,GO:0035358,GO:0042127,GO:0042149,GO:0042326,GO:0042542,GO:0042632,GO:0042771,GO:0042981,GO:0043065,GO:0043066,GO:0043124,GO:0043161,GO:0043518,GO:0043536,GO:0044321,GO:0045348,GO:0045599,GO:0045722,GO:0045739,GO:0045766,GO:0045786,GO:0045892,GO:0045944,GO:0046015,GO:0046628,GO:0046890,GO:0048511,GO:0050793,GO:0050872,GO:0051152,GO:0051239,GO:0051658,GO:0051897,GO:0051898,GO:0055089,GO:0060766,GO:0060907,GO:0062013,GO:0070301,GO:0070857,GO:0070914,GO:0071356,GO:0071456,GO:0071479,GO:0090335,GO:0090400,GO:0097009,GO:0106230,GO:0140861,GO:1900034,GO:1901797,GO:1901984,GO:1902166,GO:1902176,GO:1902237,GO:1902424,GO:1904179,GO:2000111,GO:2000481,GO:2000655,GO:2000757,GO:2000773,GO:2000774,GO:2000781	GO:0000122,GO:0001501,GO:0001502,GO:0001503,GO:0001658,GO:0001708,GO:0001837,GO:0001894,GO:0001942,GO:0002009,GO:0002053,GO:0002062,GO:0002683,GO:0003170,GO:0003179,GO:0003180,GO:0003203,GO:0003413,GO:0003415,GO:0003430,GO:0006334,GO:0006338,GO:0007165,GO:0007173,GO:0007283,GO:0007417,GO:0007507,GO:0008284,GO:0008584,GO:0010467,GO:0010564,GO:0010628,GO:0010634,GO:0014036,GO:0019100,GO:0030154,GO:0030279,GO:0030850,GO:0030858,GO:0030879,GO:0030903,GO:0030916,GO:0032331,GO:0032332,GO:0035019,GO:0042127,GO:0042981,GO:0043066,GO:0045662,GO:0045668,GO:0045892,GO:0045893,GO:0045944,GO:0046322,GO:0046533,GO:0048709,GO:0050679,GO:0050680,GO:0051216,GO:0060008,GO:0060009,GO:0060041,GO:0060174,GO:0060221,GO:0060517,GO:0060729,GO:0060784,GO:0061036,GO:0061138,GO:0065003,GO:0070168,GO:0070371,GO:0070542,GO:0071260,GO:0071300,GO:0071347,GO:0071364,GO:0071504,GO:0071560,GO:0071599,GO:0071773,GO:0072034,GO:0072170,GO:0072190,GO:0072289,GO:0090090,GO:0090103,GO:0090184,GO:0090190,GO:1902732,GO:1902894,GO:1904864,GO:2000020,GO:2000741
100	GO:0000122,GO:0001525,GO:0001657,GO:0001701,GO:0001837,GO:0002053,GO:0003148,GO:0003149,GO:0003416,GO:0006915,GO:0007267,GO:0007409,GO:0008284,GO:0008543,GO:0008589,GO:0009791,GO:0009880,GO:0009887,GO:0010518,GO:0010839,GO:0016331,GO:0018108,GO:0021769,GO:0021847,GO:0021860,GO:0022612,GO:0030177,GO:0030282,GO:0030324,GO:0030855,GO:0030901,GO:0030916,GO:0031069,GO:0032496,GO:0032808,GO:0033688,GO:0035265,GO:0035602,GO:0035603,GO:0035604,GO:0035607,GO:0042472,GO:0042476,GO:0043009,GO:0043410,GO:0044344,GO:0045165,GO:0045471,GO:0045595,GO:0045667,GO:0045787,GO:0045944,GO:0046777,GO:0048286,GO:0048333,GO:0048557,GO:0048562,GO:0048565,GO:0048568,GO:0048608,GO:0048701,GO:0048705,GO:0048730,GO:0048755,GO:0048762,GO:0050679,GO:0050680,GO:0051150,GO:0051781,GO:0055010,GO:0060045,GO:0060174,GO:0060348,GO:0060349,GO:0060442,GO:0060445,GO:0060449,GO:0060463,GO:0060484,GO:0060501,GO:0060512,GO:0060523,GO:0060527,GO:0060529,GO:0060601,GO:0060615,GO:0060664,GO:0060667,GO:0060670,GO:0060688,GO:0060915,GO:0060916,GO:0070372,GO:0070374,GO:0071300,GO:0071456,GO:0071560,GO:0090263,GO:1904707,GO:1904888	GO:0001570,GO:0001657,GO:0001666,GO:0001763,GO:0001837,GO:0001843,GO:0002040,GO:0002062,GO:0002244,GO:0002248,GO:0002460,GO:0002859,GO:0003179,GO:0003180,GO:0006611,GO:0006754,GO:0006796,GO:0007179,GO:0007406,GO:0007435,GO:0007507,GO:0007565,GO:0008284,GO:0008285,GO:0009410,GO:0009611,GO:0009749,GO:0010332,GO:0010575,GO:0010628,GO:0010629,GO:0010716,GO:0010718,GO:0010742,GO:0010763,GO:0010936,GO:0014003,GO:0014008,GO:0016202,GO:0021915,GO:0030154,GO:0030214,GO:0030308,GO:0030334,GO:0030335,GO:0031100,GO:0031293,GO:0031334,GO:0031536,GO:0032355,GO:0032570,GO:0032667,GO:0032700,GO:0032740,GO:0032755,GO:0032760,GO:0032801,GO:0032930,GO:0032967,GO:0033280,GO:0034616,GO:0035902,GO:0036120,GO:0036446,GO:0042127,GO:0042306,GO:0042307,GO:0042475,GO:0042552,GO:0043065,GO:0043117,GO:0043123,GO:0043410,GO:0043536,GO:0043537,GO:0045066,GO:0045216,GO:0045471,GO:0045591,GO:0045596,GO:0045597,GO:0045599,GO:0045662,GO:0045742,GO:0045786,GO:0045892,GO:0045893,GO:0045944,GO:0048298,GO:0048535,GO:0048565,GO:0048642,GO:0048661,GO:0048839,GO:0050679,GO:0050680,GO:0050714,GO:0050729,GO:0050765,GO:0050832,GO:0050921,GO:0051130,GO:0051240,GO:0051247,GO:0051280,GO:0051781,GO:0051897,GO:0055010,GO:0060312,GO:0060325,GO:0060364,GO:0060391,GO:0070168,GO:0070374,GO:0070723,GO:0071260,GO:0071333,GO:0071363,GO:0071404,GO:0071456,GO:0071479,GO:0071549,GO:0071560,GO:0071677,GO:0071895,GO:0085029,GO:0090190,GO:0090263,GO:0097191,GO:0097421,GO:0098586,GO:0141091,GO:1900126,GO:1900182,GO:1901203,GO:1902074,GO:1902462,GO:1902894,GO:1902895,GO:1903077,GO:1904018,GO:1904894,GO:1905641,GO:1990314,GO:1990402,GO:2000048,GO:2000343,GO:2000353,GO:2000636,GO:2000727
100	GO:0000122,GO:0001525,GO:0001542,GO:0001666,GO:0001819,GO:0001890,GO:0001936,GO:0002021,GO:0003300,GO:0006112,GO:0006114,GO:0006629,GO:0006909,GO:0007165,GO:0007259,GO:0007565,GO:0007584,GO:0007623,GO:0008217,GO:0008284,GO:0008343,GO:0009062,GO:0009892,GO:0010507,GO:0010888,GO:0014823,GO:0019953,GO:0030217,GO:0031667,GO:0032008,GO:0032099,GO:0032310,GO:0032355,GO:0032735,GO:0032755,GO:0032757,GO:0032760,GO:0032814,GO:0032817,GO:0032868,GO:0033197,GO:0033210,GO:0033686,GO:0035360,GO:0035556,GO:0035630,GO:0038108,GO:0042102,GO:0042269,GO:0042307,GO:0043066,GO:0043270,GO:0043410,GO:0044320,GO:0045471,GO:0045765,GO:0045906,GO:0046325,GO:0046427,GO:0046628,GO:0046850,GO:0046881,GO:0048639,GO:0050892,GO:0050901,GO:0050999,GO:0051051,GO:0051726,GO:0051897,GO:0060587,GO:0061037,GO:0070093,GO:0071298,GO:0071300,GO:0090335,GO:0097009,GO:0097696,GO:0098868,GO:0120162,GO:1900015,GO:1900745,GO:1904651,GO:1990051,GO:2000379,GO:2000486,GO:2000491	GO:0000122,GO:0000209,GO:0000266,GO:0000422,GO:0000423,GO:0006511,GO:0006513,GO:0006914,GO:0006979,GO:0006986,GO:0007005,GO:0007417,GO:0008344,GO:0009410,GO:0009896,GO:0010498,GO:0010506,GO:0010628,GO:0010629,GO:0010636,GO:0010637,GO:0010821,GO:0010906,GO:0010918,GO:0010994,GO:0014059,GO:0014850,GO:0016236,GO:0016567,GO:0016579,GO:0022603,GO:0030163,GO:0031396,GO:0031647,GO:0031648,GO:0032232,GO:0032368,GO:0032436,GO:0033132,GO:0034599,GO:0034620,GO:0034976,GO:0035519,GO:0035774,GO:0036503,GO:0042053,GO:0042417,GO:0043065,GO:0043123,GO:0043161,GO:0043524,GO:0043653,GO:0044314,GO:0044828,GO:0045732,GO:0045944,GO:0046329,GO:0046676,GO:0050804,GO:0050821,GO:0051412,GO:0051582,GO:0051646,GO:0051865,GO:0051881,GO:0051967,GO:0060544,GO:0060828,GO:0061734,GO:0070050,GO:0070534,GO:0070585,GO:0070842,GO:0070936,GO:0070979,GO:0071287,GO:0080090,GO:0085020,GO:0090090,GO:0090141,GO:0090201,GO:0090258,GO:0090394,GO:0097237,GO:0099072,GO:0099074,GO:0140251,GO:1900242,GO:1900407,GO:1901526,GO:1901800,GO:1902236,GO:1902254,GO:1902530,GO:1902803,GO:1903265,GO:1903351,GO:1903377,GO:1903382,GO:1903427,GO:1903530,GO:1903542,GO:1903747,GO:1903861,GO:1904049,GO:1904643,GO:1904845,GO:1904881,GO:1905091,GO:1905232,GO:1905281,GO:1905366,GO:1905477,GO:1990000,GO:2000377,GO:2000378,GO:2001171
100	GO:0000122,GO:0001525,GO:0001554,GO:0001837,GO:0001947,GO:0002052,GO:0003151,GO:0003157,GO:0003160,GO:0003162,GO:0003169,GO:0003180,GO:0003181,GO:0003182,GO:0003184,GO:0003192,GO:0003198,GO:0003203,GO:0003207,GO:0003208,GO:0003209,GO:0003213,GO:0003214,GO:0003222,GO:0003241,GO:0003264,GO:0003273,GO:0003332,GO:0003344,GO:0006355,GO:0006357,GO:0006606,GO:0006955,GO:0007219,GO:0007221,GO:0007283,GO:0007368,GO:0007411,GO:0007507,GO:0008284,GO:0008285,GO:0010467,GO:0010614,GO:0010628,GO:0010629,GO:0010667,GO:0010718,GO:0010812,GO:0010832,GO:0014031,GO:0021515,GO:0030154,GO:0030163,GO:0030279,GO:0030334,GO:0030335,GO:0030513,GO:0030514,GO:0031100,GO:0032495,GO:0032496,GO:0032966,GO:0035148,GO:0035924,GO:0042127,GO:0042246,GO:0043086,GO:0045070,GO:0045603,GO:0045662,GO:0045665,GO:0045668,GO:0045687,GO:0045892,GO:0045893,GO:0045944,GO:0046427,GO:0046579,GO:0048708,GO:0048709,GO:0048711,GO:0048715,GO:0048873,GO:0050768,GO:0050793,GO:0051152,GO:0055008,GO:0060038,GO:0060045,GO:0060253,GO:0060271,GO:0060317,GO:0060354,GO:0060379,GO:0060411,GO:0060412,GO:0060842,GO:0060843,GO:0060948,GO:0060956,GO:0060979,GO:0060982,GO:0061344,GO:0061384,GO:0062043,GO:0070168,GO:0070374,GO:0070986,GO:0071228,GO:0071372,GO:0071456,GO:0072017,GO:0072044,GO:0072144,GO:0072538,GO:0090051,GO:0097150,GO:0097400,GO:0099565,GO:0120163,GO:1901201,GO:1902339,GO:2000048,GO:2000737,GO:2000811,GO:2000974,GO:2001027	GO:0000902,GO:0001501,GO:0001654,GO:0001666,GO:0001822,GO:0001837,GO:0001843,GO:0001942,GO:0003007,GO:0003148,GO:0003149,GO:0003151,GO:0003179,GO:0003181,GO:0003184,GO:0003203,GO:0003215,GO:0003222,GO:0003274,GO:0003289,GO:0003407,GO:0007179,GO:0007423,GO:0007435,GO:0007507,GO:0008284,GO:0008285,GO:0008347,GO:0008584,GO:0009611,GO:0009792,GO:0010002,GO:0010628,GO:0010629,GO:0010634,GO:0010718,GO:0010936,GO:0014706,GO:0016477,GO:0016525,GO:0023052,GO:0030097,GO:0030199,GO:0030307,GO:0030308,GO:0030326,GO:0030593,GO:0030855,GO:0031069,GO:0032570,GO:0032874,GO:0032909,GO:0032956,GO:0033630,GO:0035910,GO:0042060,GO:0042127,GO:0042416,GO:0042476,GO:0042704,GO:0043065,GO:0043525,GO:0045216,GO:0045597,GO:0045726,GO:0045747,GO:0045787,GO:0045823,GO:0046580,GO:0048103,GO:0048566,GO:0048666,GO:0048699,GO:0048839,GO:0050680,GO:0050714,GO:0050778,GO:0051130,GO:0051240,GO:0051781,GO:0051794,GO:0051795,GO:0051891,GO:0051897,GO:0060038,GO:0060065,GO:0060317,GO:0060325,GO:0060391,GO:0060412,GO:0060413,GO:0061626,GO:0062009,GO:0062043,GO:0071363,GO:0090091,GO:0097191,GO:0141091,GO:1900182,GO:1902256,GO:1902895,GO:1903701,GO:1904238,GO:1904888,GO:1905006,GO:1905007
100	GO:0001570,GO:0001657,GO:0001666,GO:0001763,GO:0001837,GO:0001843,GO:0002040,GO:0002062,GO:0002244,GO:0002248,GO:0002460,GO:0002859,GO:0003179,GO:0003180,GO:0006611,GO:0006754,GO:0006796,GO:0007179,GO:0007406,GO:0007435,GO:0007507,GO:0007565,GO:0008284,GO:0008285,GO:0009410,GO:0009611,GO:0009749,GO:0010332,GO:0010575,GO:0010628,GO:0010629,GO:0010716,GO:0010718,GO:0010742,GO:0010763,GO:0010936,GO:0014003,GO:0014008,GO:0016202,GO:0021915,GO:0030154,GO:0030214,GO:0030308,GO:0030334,GO:0030335,GO:0031100,GO:0031293,GO:0031334,GO:0031536,GO:0032355,GO:0032570,GO:0032667,GO:0032700,GO:0032740,GO:0032755,GO:0032760,GO:0032801,GO:0032930,GO:0032967,GO:0033280,GO:0034616,GO:0035902,GO:0036120,GO:0036446,GO:0042127,GO:0042306,GO:0042307,GO:0042475,GO:0042552,GO:0043065,GO:0043117,GO:0043123,GO:0043410,GO:0043536,GO:0043537,GO:0045066,GO:0045216,GO:0045471,GO:0045591,GO:0045596,GO:0045597,GO:0045599,GO:0045662,GO:0045742,GO:0045786,GO:0045892,GO:0045893,GO:0045944,GO:0048298,GO:0048535,GO:0048565,GO:0048642,GO:0048661,GO:0048839,GO:0050679,GO:0050680,GO:0050714,GO:0050729,GO:0050765,GO:0050832,GO:0050921,GO:0051130,GO:0051240,GO:0051247,GO:0051280,GO:0051781,GO:0051897,GO:0055010,GO:0060312,GO:0060325,GO:0060364,GO:0060391,GO:0070168,GO:0070374,GO:0070723,GO:0071260,GO:0071333,GO:0071363,GO:0071404,GO:0071456,GO:0071479,GO:0071549,GO:0071560,GO:0071677,GO:0071895,GO:0085029,GO:0090190,GO:0090263,GO:0097191,GO:0097421,GO:0098586,GO:0141091,GO:1900126,GO:1900182,GO:1901203,GO:1902074,GO:1902462,GO:1902894,GO:1902895,GO:1903077,GO:1904018,GO:1904894,GO:1905641,GO:1990314,GO:1990402,GO:2000048,GO:2000343,GO:2000353,GO:2000636,GO:2000727	GO:0000122,GO:0002244,GO:0006289,GO:0006355,GO:0006357,GO:0006914,GO:0006915,GO:0006974,GO:0006979,GO:0006983,GO:0007265,GO:0007623,GO:0008104,GO:0008285,GO:0008340,GO:0009299,GO:0009410,GO:0009411,GO:0010212,GO:0010332,GO:0010628,GO:0012501,GO:0016032,GO:0030308,GO:0030330,GO:0031571,GO:0032211,GO:0033209,GO:0034644,GO:0042149,GO:0042771,GO:0042981,GO:0043065,GO:0043066,GO:0043153,GO:0045815,GO:0045892,GO:0045893,GO:0045899,GO:0045944,GO:0046677,GO:0048147,GO:0048511,GO:0048512,GO:0048539,GO:0051053,GO:0051097,GO:0051262,GO:0051726,GO:0060218,GO:0060333,GO:0062100,GO:0065003,GO:0070059,GO:0070245,GO:0071456,GO:0071466,GO:0071479,GO:0071480,GO:0072331,GO:0072332,GO:0072717,GO:0090200,GO:0090398,GO:0090399,GO:0090403,GO:0097190,GO:0097193,GO:0097252,GO:1900119,GO:1902749,GO:1902895,GO:1903451,GO:1905856,GO:2000379,GO:2000774,GO:2001242,GO:2001244
100	GO:0001649,GO:0001938,GO:0002042,GO:0002430,GO:0003376,GO:0005977,GO:0005978,GO:0005979,GO:0006006,GO:0006417,GO:0006468,GO:0006809,GO:0006915,GO:0006924,GO:0006979,GO:0007165,GO:0007173,GO:0007186,GO:0007399,GO:0008283,GO:0008286,GO:0009408,GO:0009725,GO:0010507,GO:0010595,GO:0010628,GO:0010629,GO:0010748,GO:0010761,GO:0010907,GO:0010975,GO:0016242,GO:0018105,GO:0018107,GO:0019221,GO:0030154,GO:0030307,GO:0030334,GO:0030335,GO:0031295,GO:0031397,GO:0031929,GO:0031999,GO:0032079,GO:0032436,GO:0032869,GO:0033138,GO:0033554,GO:0034405,GO:0035556,GO:0035655,GO:0042307,GO:0042981,GO:0043066,GO:0043276,GO:0043488,GO:0043491,GO:0043536,GO:0045429,GO:0045600,GO:0045725,GO:0045746,GO:0045861,GO:0045944,GO:0046209,GO:0046326,GO:0046889,GO:0048009,GO:0048266,GO:0048661,GO:0051247,GO:0051897,GO:0060079,GO:0060416,GO:0060644,GO:0070141,GO:0070585,GO:0070848,GO:0071364,GO:0072656,GO:0072752,GO:0090201,GO:0097700,GO:0099175,GO:0110002,GO:0140052,GO:0150033,GO:0160049,GO:0160213,GO:1900087,GO:1900182,GO:1901796,GO:1902018,GO:1902176,GO:1903038,GO:1903078,GO:1903318,GO:1903384,GO:1903898,GO:1904263,GO:1904515,GO:1905552,GO:1905786,GO:1990090,GO:1990418,GO:2000010,GO:2000074,GO:2000402,GO:2001240,GO:2001243	GO:0001774,GO:0002282,GO:0002291,GO:0002588,GO:0002862,GO:0002931,GO:0006909,GO:0006910,GO:0006955,GO:0006959,GO:0007165,GO:0007166,GO:0007613,GO:0010468,GO:0010507,GO:0010628,GO:0010875,GO:0010887,GO:0010891,GO:0010983,GO:0019216,GO:0030316,GO:0032006,GO:0032008,GO:0032497,GO:0032499,GO:0032675,GO:0032691,GO:0032720,GO:0032733,GO:0034136,GO:0034144,GO:0034151,GO:0034241,GO:0034351,GO:0035176,GO:0038160,GO:0042742,GO:0043066,GO:0043124,GO:0043268,GO:0043277,GO:0045088,GO:0045672,GO:0045728,GO:0045960,GO:0048143,GO:0048468,GO:0048678,GO:0050714,GO:0050766,GO:0050829,GO:0050850,GO:0050866,GO:0050921,GO:0051897,GO:0051898,GO:0055088,GO:0060075,GO:0060100,GO:0061518,GO:0061889,GO:0070269,GO:0070345,GO:0070374,GO:0070392,GO:0071223,GO:0071224,GO:0071333,GO:0071396,GO:0071402,GO:0071456,GO:0071526,GO:0071640,GO:0080090,GO:0097028,GO:0097062,GO:0097242,GO:0098657,GO:0110089,GO:0120035,GO:0140052,GO:0150062,GO:0150076,GO:0150078,GO:0150079,GO:0150094,GO:1900015,GO:1900016,GO:1900223,GO:1900226,GO:1901076,GO:1901224,GO:1901800,GO:1902227,GO:1902533,GO:1903078,GO:1903082,GO:1903376,GO:1903753,GO:1903980,GO:1904093,GO:1904141,GO:1904646,GO:1904951,GO:1905291,GO:1905581,GO:1905805,GO:1905808,GO:1905907,GO:2000350,GO:2001171
100	GO:0000122,GO:0001525,GO:0001542,GO:0001666,GO:0001819,GO:0001890,GO:0001936,GO:0002021,GO:0003300,GO:0006112,GO:0006114,GO:0006629,GO:0006909,GO:0007165,GO:0007259,GO:0007565,GO:0007584,GO:0007623,GO:0008217,GO:0008284,GO:0008343,GO:0009062,GO:0009892,GO:0010507,GO:0010888,GO:0014823,GO:0019953,GO:0030217,GO:0031667,GO:0032008,GO:0032099,GO:0032310,GO:0032355,GO:0032735,GO:0032755,GO:0032757,GO:0032760,GO:0032814,GO:0032817,GO:0032868,GO:0033197,GO:0033210,GO:0033686,GO:0035360,GO:0035556,GO:0035630,GO:0038108,GO:0042102,GO:0042269,GO:0042307,GO:0043066,GO:0043270,GO:0043410,GO:0044320,GO:0045471,GO:0045765,GO:0045906,GO:0046325,GO:0046427,GO:0046628,GO:0046850,GO:0046881,GO:0048639,GO:0050892,GO:0050901,GO:0050999,GO:0051051,GO:0051726,GO:0051897,GO:0060587,GO:0061037,GO:0070093,GO:0071298,GO:0071300,GO:0090335,GO:0097009,GO:0097696,GO:0098868,GO:0120162,GO:1900015,GO:1900745,GO:1904651,GO:1990051,GO:2000379,GO:2000486,GO:2000491	GO:0000122,GO:0001525,GO:0001541,GO:0001569,GO:0001570,GO:0001666,GO:0001701,GO:0001822,GO:0001934,GO:0001938,GO:0002040,GO:0002042,GO:0002052,GO:0002092,GO:0002376,GO:0002575,GO:0002687,GO:0003007,GO:0003151,GO:0003169,GO:0006357,GO:0007200,GO:0007399,GO:0007498,GO:0007595,GO:0008284,GO:0008360,GO:0010595,GO:0010628,GO:0010629,GO:0010719,GO:0010749,GO:0030154,GO:0030224,GO:0030225,GO:0030324,GO:0030335,GO:0030855,GO:0031077,GO:0031290,GO:0031334,GO:0031954,GO:0035148,GO:0035767,GO:0035924,GO:0036303,GO:0036324,GO:0038033,GO:0038084,GO:0038091,GO:0038190,GO:0042462,GO:0043066,GO:0043117,GO:0043123,GO:0043129,GO:0043410,GO:0043536,GO:0045766,GO:0045785,GO:0045944,GO:0048010,GO:0048469,GO:0048593,GO:0048842,GO:0048844,GO:0050679,GO:0050918,GO:0050927,GO:0050930,GO:0051781,GO:0051894,GO:0051897,GO:0055013,GO:0060319,GO:0060749,GO:0060754,GO:0060948,GO:0060982,GO:0061042,GO:0070374,GO:0071456,GO:0071542,GO:0071679,GO:0090050,GO:0090190,GO:0097475,GO:0097533,GO:0120162,GO:1900748,GO:1901165,GO:1902894,GO:1902966,GO:1903141,GO:1903392,GO:1903589,GO:1903672,GO:1905278,GO:1905555,GO:1905604,GO:2000048,GO:2000573,GO:2001028
100	GO:0000122,GO:0001570,GO:0001666,GO:0001937,GO:0006641,GO:0006816,GO:0006874,GO:0006940,GO:0007519,GO:0008104,GO:0009267,GO:0009617,GO:0010524,GO:0010608,GO:0010628,GO:0010875,GO:0016050,GO:0019065,GO:0019217,GO:0019915,GO:0030154,GO:0030193,GO:0030301,GO:0030335,GO:0030514,GO:0030857,GO:0030879,GO:0031295,GO:0031397,GO:0031398,GO:0031623,GO:0032507,GO:0032570,GO:0033484,GO:0038016,GO:0038166,GO:0042632,GO:0043123,GO:0043409,GO:0043627,GO:0044860,GO:0045019,GO:0045907,GO:0046209,GO:0046426,GO:0048550,GO:0051480,GO:0051592,GO:0051899,GO:0055074,GO:0060056,GO:0060070,GO:0060546,GO:0070836,GO:0071218,GO:0071375,GO:0071455,GO:0072584,GO:0086091,GO:0090090,GO:0097190,GO:0098903,GO:0098909,GO:0098911,GO:0120162,GO:1900027,GO:1901380,GO:1901844,GO:1903361,GO:1903598,GO:1904294,GO:2000535,GO:2000811,GO:2001238,GO:2001244	GO:0000165,GO:0006468,GO:0006897,GO:0006914,GO:0006979,GO:0007005,GO:0007029,GO:0007030,GO:0007040,GO:0007166,GO:0007254,GO:0007266,GO:0007283,GO:0007528,GO:0008104,GO:0008340,GO:0009267,GO:0009653,GO:0009968,GO:0010468,GO:0010506,GO:0010508,GO:0010955,GO:0010977,GO:0014041,GO:0016192,GO:0016242,GO:0019722,GO:0021756,GO:0021772,GO:0022028,GO:0030154,GO:0030162,GO:0030182,GO:0031344,GO:0031398,GO:0031647,GO:0032436,GO:0032760,GO:0034260,GO:0034599,GO:0034614,GO:0035542,GO:0035556,GO:0035564,GO:0035640,GO:0035641,GO:0035751,GO:0040012,GO:0042391,GO:0043068,GO:0043410,GO:0046039,GO:0046777,GO:0048312,GO:0048513,GO:0048812,GO:0050804,GO:0051239,GO:0051247,GO:0051646,GO:0051900,GO:0051966,GO:0060070,GO:0060079,GO:0060159,GO:0060161,GO:0060627,GO:0060628,GO:0060828,GO:0061001,GO:0070585,GO:0070973,GO:0071287,GO:0090140,GO:0090263,GO:0090394,GO:0140058,GO:0141161,GO:1900242,GO:1900244,GO:1901030,GO:1902236,GO:1902499,GO:1902531,GO:1902692,GO:1902803,GO:1902823,GO:1902902,GO:1903351,GO:1903748,GO:1903980,GO:1904644,GO:1904887,GO:1905279,GO:1905289,GO:1905504,GO:2000172,GO:2000300,GO:2000377
100	GO:0000122,GO:0001503,GO:0001649,GO:0001657,GO:0001658,GO:0001822,GO:0001823,GO:0001934,GO:0001938,GO:0001958,GO:0002043,GO:0002062,GO:0002244,GO:0002320,GO:0002573,GO:0003007,GO:0003129,GO:0003139,GO:0003148,GO:0003149,GO:0003151,GO:0003163,GO:0003180,GO:0003184,GO:0003197,GO:0003279,GO:0003323,GO:0007498,GO:0008284,GO:0008285,GO:0009791,GO:0010453,GO:0010467,GO:0010628,GO:0010629,GO:0010718,GO:0021537,GO:0022408,GO:0030154,GO:0030224,GO:0030225,GO:0030335,GO:0030501,GO:0030509,GO:0030513,GO:0030858,GO:0032092,GO:0032967,GO:0033085,GO:0033088,GO:0035990,GO:0035993,GO:0042306,GO:0042476,GO:0043065,GO:0043068,GO:0045596,GO:0045603,GO:0045606,GO:0045662,GO:0045669,GO:0045778,GO:0045786,GO:0045839,GO:0045843,GO:0045892,GO:0045893,GO:0045944,GO:0048286,GO:0048392,GO:0048661,GO:0048662,GO:0048745,GO:0048863,GO:0050679,GO:0050918,GO:0051216,GO:0051241,GO:0055007,GO:0055020,GO:0060391,GO:0060425,GO:0060426,GO:0060433,GO:0060438,GO:0060441,GO:0060502,GO:0060503,GO:0060537,GO:0060976,GO:0061036,GO:0061047,GO:0061626,GO:0070244,GO:0071773,GO:0072104,GO:0072125,GO:0072179,GO:0072197,GO:0072200,GO:0090189,GO:0090191,GO:0090194,GO:1900182,GO:1900745,GO:1901331,GO:1902894,GO:1904706,GO:1904753,GO:1905312,GO:2000005,GO:2000007,GO:2000636,GO:2000725,GO:2001237	GO:0000122,GO:0001666,GO:0001774,GO:0001819,GO:0001937,GO:0001975,GO:0002037,GO:0002281,GO:0002439,GO:0002639,GO:0002700,GO:0002719,GO:0003009,GO:0003085,GO:0006325,GO:0006954,GO:0006955,GO:0007259,GO:0007623,GO:0008285,GO:0008625,GO:0008630,GO:0009410,GO:0009612,GO:0009615,GO:0009617,GO:0009651,GO:0009750,GO:0010459,GO:0010573,GO:0010628,GO:0010629,GO:0010744,GO:0010888,GO:0014823,GO:0019722,GO:0031334,GO:0031349,GO:0031622,GO:0031642,GO:0031667,GO:0032496,GO:0032715,GO:0032722,GO:0032724,GO:0032731,GO:0032741,GO:0032755,GO:0032757,GO:0033209,GO:0034116,GO:0034138,GO:0035900,GO:0036005,GO:0042127,GO:0042311,GO:0043065,GO:0043066,GO:0043068,GO:0043122,GO:0043123,GO:0043243,GO:0043410,GO:0043525,GO:0043537,GO:0045071,GO:0045087,GO:0045429,GO:0045471,GO:0045598,GO:0045599,GO:0045668,GO:0045672,GO:0045732,GO:0045760,GO:0045785,GO:0045840,GO:0045892,GO:0045893,GO:0045930,GO:0045944,GO:0046325,GO:0046330,GO:0046677,GO:0048143,GO:0048566,GO:0048661,GO:0050729,GO:0050768,GO:0050793,GO:0050796,GO:0050804,GO:0050806,GO:0050807,GO:0050890,GO:0050901,GO:0050966,GO:0050995,GO:0051044,GO:0051046,GO:0051222,GO:0051239,GO:0051384,GO:0051798,GO:0051897,GO:0051966,GO:0060252,GO:0060557,GO:0061044,GO:0061048,GO:0070374,GO:0070886,GO:0071219,GO:0071222,GO:0071300,GO:0071316,GO:0071346,GO:0071479,GO:0071677,GO:0071803,GO:0072577,GO:0072659,GO:0090324,GO:0090594,GO:0097191,GO:0097237,GO:0097421,GO:0097527,GO:0120190,GO:0140374,GO:0140460,GO:0150078,GO:0150129,GO:1900017,GO:1900222,GO:1901224,GO:1901647,GO:1902004,GO:1902065,GO:1902565,GO:1902894,GO:1902895,GO:1903078,GO:1903140,GO:1903347,GO:1903829,GO:1904638,GO:1904646,GO:1904707,GO:1904880,GO:1904996,GO:1904999,GO:1905235,GO:1905242,GO:1990268,GO:2000010,GO:2000334,GO:2000343,GO:2000347,GO:2000351,GO:2000377,GO:2000573,GO:2001234,GO:2001238,GO:2001240
100	GO:0000122,GO:0000165,GO:0001666,GO:0001821,GO:0001975,GO:0003015,GO:0003094,GO:0003100,GO:0003253,GO:0003357,GO:0006366,GO:0006874,GO:0007005,GO:0007166,GO:0007186,GO:0007204,GO:0007267,GO:0007411,GO:0008217,GO:0008284,GO:0009410,GO:0010193,GO:0010460,GO:0010467,GO:0010595,GO:0010613,GO:0010629,GO:0014033,GO:0014034,GO:0014823,GO:0014824,GO:0014826,GO:0019229,GO:0019722,GO:0023019,GO:0030072,GO:0030185,GO:0030195,GO:0030335,GO:0030878,GO:0031175,GO:0031394,GO:0032308,GO:0032496,GO:0033574,GO:0034392,GO:0034696,GO:0035050,GO:0035094,GO:0035556,GO:0035994,GO:0042045,GO:0042310,GO:0042482,GO:0042554,GO:0043200,GO:0043410,GO:0043491,GO:0044321,GO:0044751,GO:0045321,GO:0045429,GO:0045793,GO:0045840,GO:0045944,GO:0045987,GO:0046330,GO:0046887,GO:0046888,GO:0048661,GO:0048675,GO:0050850,GO:0051248,GO:0051899,GO:0060070,GO:0060137,GO:0060298,GO:0060385,GO:0061051,GO:0061626,GO:0070101,GO:0070294,GO:0070301,GO:0070371,GO:0070588,GO:0071277,GO:0071346,GO:0071347,GO:0071356,GO:0071372,GO:0071373,GO:0071375,GO:0071385,GO:0071389,GO:0071398,GO:0071456,GO:0071466,GO:0071526,GO:0071548,GO:0071559,GO:0071560,GO:0072011,GO:0072112,GO:0086100,GO:0090023,GO:0097237,GO:0097492,GO:0097746,GO:0141156,GO:0160195,GO:1900182,GO:1901224,GO:1902074,GO:1903537,GO:1904707,GO:1905653,GO:2001259	GO:0001568,GO:0001819,GO:0001937,GO:0001960,GO:0007566,GO:0008284,GO:0008360,GO:0010596,GO:0010613,GO:0010614,GO:0010628,GO:0010629,GO:0010667,GO:0010718,GO:0010804,GO:0010838,GO:0016525,GO:0030334,GO:0030335,GO:0030336,GO:0030509,GO:0030511,GO:0031346,GO:0032480,GO:0032695,GO:0032705,GO:0032963,GO:0034392,GO:0035021,GO:0035024,GO:0035195,GO:0035278,GO:0036166,GO:0042058,GO:0042104,GO:0043066,GO:0043409,GO:0045590,GO:0045600,GO:0045603,GO:0045669,GO:0045766,GO:0045824,GO:0045930,GO:0050729,GO:0051497,GO:0051896,GO:0051897,GO:0060339,GO:0060940,GO:0061037,GO:0061154,GO:0070373,GO:0070374,GO:0071222,GO:0071479,GO:0071480,GO:0098586,GO:0106016,GO:1900017,GO:1900039,GO:1900082,GO:1900748,GO:1901223,GO:1901299,GO:1902254,GO:1902514,GO:1902731,GO:1903053,GO:1903427,GO:1903589,GO:1903766,GO:1904639,GO:1904695,GO:1904707,GO:1904728,GO:1904753,GO:1904754,GO:1904762,GO:1904827,GO:1904830,GO:1904996,GO:1905065,GO:1905460,GO:1905564,GO:1905955,GO:1990009,GO:2000318,GO:2000321,GO:2000377
100	GO:0000278,GO:0002252,GO:0002429,GO:0006281,GO:0006298,GO:0006355,GO:0006897,GO:0006909,GO:0006914,GO:0006915,GO:0006974,GO:0006979,GO:0007155,GO:0007173,GO:0007204,GO:0007229,GO:0007611,GO:0008306,GO:0008630,GO:0009410,GO:0010468,GO:0010506,GO:0010557,GO:0010595,GO:0030036,GO:0030041,GO:0030100,GO:0030155,GO:0030516,GO:0030845,GO:0031113,GO:0032489,GO:0032956,GO:0034599,GO:0034976,GO:0035556,GO:0035791,GO:0036211,GO:0038096,GO:0038189,GO:0042770,GO:0043065,GO:0043525,GO:0043542,GO:0045580,GO:0045595,GO:0045785,GO:0045907,GO:0045944,GO:0048008,GO:0048013,GO:0048146,GO:0051444,GO:0051450,GO:0051496,GO:0051726,GO:0051882,GO:0051894,GO:0060038,GO:0070301,GO:0071103,GO:0071560,GO:0071871,GO:0090050,GO:0097706,GO:0099150,GO:0141214,GO:1900006,GO:1900026,GO:1900272,GO:1901701,GO:1902036,GO:1902531,GO:1903055,GO:1903210,GO:1903351,GO:1903905,GO:1904518,GO:1905244,GO:1905555,GO:2000042,GO:2000145,GO:2000406	GO:0001649,GO:0001938,GO:0002042,GO:0002430,GO:0003376,GO:0005977,GO:0005978,GO:0005979,GO:0006006,GO:0006417,GO:0006468,GO:0006809,GO:0006915,GO:0006924,GO:0006979,GO:0007165,GO:0007173,GO:0007186,GO:0007399,GO:0008283,GO:0008286,GO:0009408,GO:0009725,GO:0010507,GO:0010595,GO:0010628,GO:0010629,GO:0010748,GO:0010761,GO:0010907,GO:0010975,GO:0016242,GO:0018105,GO:0018107,GO:0019221,GO:0030154,GO:0030307,GO:0030334,GO:0030335,GO:0031295,GO:0031397,GO:0031929,GO:0031999,GO:0032079,GO:0032436,GO:0032869,GO:0033138,GO:0033554,GO:0034405,GO:0035556,GO:0035655,GO:0042307,GO:0042981,GO:0043066,GO:0043276,GO:0043488,GO:0043491,GO:0043536,GO:0045429,GO:0045600,GO:0045725,GO:0045746,GO:0045861,GO:0045944,GO:0046209,GO:0046326,GO:0046889,GO:0048009,GO:0048266,GO:0048661,GO:0051247,GO:0051897,GO:0060079,GO:0060416,GO:0060644,GO:0070141,GO:0070585,GO:0070848,GO:0071364,GO:0072656,GO:0072752,GO:0090201,GO:0097700,GO:0099175,GO:0110002,GO:0140052,GO:0150033,GO:0160049,GO:0160213,GO:1900087,GO:1900182,GO:1901796,GO:1902018,GO:1902176,GO:1903038,GO:1903078,GO:1903318,GO:1903384,GO:1903898,GO:1904263,GO:1904515,GO:1905552,GO:1905786,GO:1990090,GO:1990418,GO:2000010,GO:2000074,GO:2000402,GO:2001240,GO:2001243
100	GO:0001774,GO:0001819,GO:0002250,GO:0002376,GO:0006325,GO:0006338,GO:0006915,GO:0006979,GO:0007155,GO:0007165,GO:0007167,GO:0007204,GO:0007259,GO:0007498,GO:0008284,GO:0008285,GO:0008631,GO:0009755,GO:0010572,GO:0010667,GO:0010811,GO:0019221,GO:0022407,GO:0022408,GO:0030041,GO:0030154,GO:0030218,GO:0030335,GO:0031103,GO:0031663,GO:0031959,GO:0032024,GO:0032731,GO:0032760,GO:0033194,GO:0033209,GO:0034612,GO:0035166,GO:0035556,GO:0035722,GO:0038043,GO:0038065,GO:0038155,GO:0038156,GO:0038157,GO:0038162,GO:0038163,GO:0042102,GO:0042307,GO:0042531,GO:0042976,GO:0042981,GO:0043065,GO:0043066,GO:0043410,GO:0043524,GO:0043687,GO:0045087,GO:0045348,GO:0045428,GO:0045429,GO:0045597,GO:0045944,GO:0046425,GO:0046634,GO:0046677,GO:0046777,GO:0048008,GO:0048861,GO:0050727,GO:0050804,GO:0050867,GO:0051897,GO:0060333,GO:0060391,GO:0060396,GO:0060397,GO:0060399,GO:0061180,GO:0070102,GO:0070120,GO:0070665,GO:0070671,GO:0070757,GO:0097191,GO:0120162,GO:0120186,GO:0140546,GO:1900016,GO:1901731,GO:1902533,GO:1902728,GO:1904037,GO:1904707,GO:1905539	GO:0000165,GO:0006468,GO:0006897,GO:0006914,GO:0006979,GO:0007005,GO:0007029,GO:0007030,GO:0007040,GO:0007166,GO:0007254,GO:0007266,GO:0007283,GO:0007528,GO:0008104,GO:0008340,GO:0009267,GO:0009653,GO:0009968,GO:0010468,GO:0010506,GO:0010508,GO:0010955,GO:0010977,GO:0014041,GO:0016192,GO:0016242,GO:0019722,GO:0021756,GO:0021772,GO:0022028,GO:0030154,GO:0030162,GO:0030182,GO:0031344,GO:0031398,GO:0031647,GO:0032436,GO:0032760,GO:0034260,GO:0034599,GO:0034614,GO:0035542,GO:0035556,GO:0035564,GO:0035640,GO:0035641,GO:0035751,GO:0040012,GO:0042391,GO:0043068,GO:0043410,GO:0046039,GO:0046777,GO:0048312,GO:0048513,GO:0048812,GO:0050804,GO:0051239,GO:0051247,GO:0051646,GO:0051900,GO:0051966,GO:0060070,GO:0060079,GO:0060159,GO:0060161,GO:0060627,GO:0060628,GO:0060828,GO:0061001,GO:0070585,GO:0070973,GO:0071287,GO:0090140,GO:0090263,GO:0090394,GO:0140058,GO:0141161,GO:1900242,GO:1900244,GO:1901030,GO:1902236,GO:1902499,GO:1902531,GO:1902692,GO:1902803,GO:1902823,GO:1902902,GO:1903351,GO:1903748,GO:1903980,GO:1904644,GO:1904887,GO:1905279,GO:1905289,GO:1905504,GO:2000172,GO:2000300,GO:2000377
100	GO:0000122,GO:0001890,GO:0006355,GO:0006357,GO:0006631,GO:0007186,GO:0007584,GO:0008217,GO:0009755,GO:0010628,GO:0010629,GO:0010745,GO:0010875,GO:0010887,GO:0010888,GO:0015909,GO:0016525,GO:0030154,GO:0030224,GO:0030509,GO:0030512,GO:0030514,GO:0030522,GO:0030855,GO:0031348,GO:0031667,GO:0032376,GO:0032869,GO:0033993,GO:0035357,GO:0042593,GO:0042752,GO:0042789,GO:0043409,GO:0043537,GO:0045087,GO:0045165,GO:0045444,GO:0045600,GO:0045668,GO:0045834,GO:0045892,GO:0045893,GO:0045923,GO:0045944,GO:0048384,GO:0048469,GO:0048511,GO:0048662,GO:0050728,GO:0050872,GO:0050873,GO:0051049,GO:0051241,GO:0055088,GO:0060336,GO:0060392,GO:0070165,GO:0071404,GO:0071456,GO:0090258,GO:0140077,GO:0141193,GO:1900076,GO:1901202,GO:1902894,GO:1902895,GO:1903243,GO:1903845,GO:1904179,GO:1904597,GO:1904706,GO:1904893,GO:1905461,GO:1905563,GO:2001235	GO:0000902,GO:0001501,GO:0001654,GO:0001666,GO:0001822,GO:0001837,GO:0001843,GO:0001942,GO:0003007,GO:0003148,GO:0003149,GO:0003151,GO:0003179,GO:0003181,GO:0003184,GO:0003203,GO:0003215,GO:0003222,GO:0003274,GO:0003289,GO:0003407,GO:0007179,GO:0007423,GO:0007435,GO:0007507,GO:0008284,GO:0008285,GO:0008347,GO:0008584,GO:0009611,GO:0009792,GO:0010002,GO:0010628,GO:0010629,GO:0010634,GO:0010718,GO:0010936,GO:0014706,GO:0016477,GO:0016525,GO:0023052,GO:0030097,GO:0030199,GO:0030307,GO:0030308,GO:0030326,GO:0030593,GO:0030855,GO:0031069,GO:0032570,GO:0032874,GO:0032909,GO:0032956,GO:0033630,GO:0035910,GO:0042060,GO:0042127,GO:0042416,GO:0042476,GO:0042704,GO:0043065,GO:0043525,GO:0045216,GO:0045597,GO:0045726,GO:0045747,GO:0045787,GO:0045823,GO:0046580,GO:0048103,GO:0048566,GO:0048666,GO:0048699,GO:0048839,GO:0050680,GO:0050714,GO:0050778,GO:0051130,GO:0051240,GO:0051781,GO:0051794,GO:0051795,GO:0051891,GO:0051897,GO:0060038,GO:0060065,GO:0060317,GO:0060325,GO:0060391,GO:0060412,GO:0060413,GO:0061626,GO:0062009,GO:0062043,GO:0071363,GO:0090091,GO:0097191,GO:0141091,GO:1900182,GO:1902256,GO:1902895,GO:1903701,GO:1904238,GO:1904888,GO:1905006,GO:1905007
100	GO:0000122,GO:0001525,GO:0001542,GO:0001666,GO:0001819,GO:0001890,GO:0001936,GO:0002021,GO:0003300,GO:0006112,GO:0006114,GO:0006629,GO:0006909,GO:0007165,GO:0007259,GO:0007565,GO:0007584,GO:0007623,GO:0008217,GO:0008284,GO:0008343,GO:0009062,GO:0009892,GO:0010507,GO:0010888,GO:0014823,GO:0019953,GO:0030217,GO:0031667,GO:0032008,GO:0032099,GO:0032310,GO:0032355,GO:0032735,GO:0032755,GO:0032757,GO:0032760,GO:0032814,GO:0032817,GO:0032868,GO:0033197,GO:0033210,GO:0033686,GO:0035360,GO:0035556,GO:0035630,GO:0038108,GO:0042102,GO:0042269,GO:0042307,GO:0043066,GO:0043270,GO:0043410,GO:0044320,GO:0045471,GO:0045765,GO:0045906,GO:0046325,GO:0046427,GO:0046628,GO:0046850,GO:0046881,GO:0048639,GO:0050892,GO:0050901,GO:0050999,GO:0051051,GO:0051726,GO:0051897,GO:0060587,GO:0061037,GO:0070093,GO:0071298,GO:0071300,GO:0090335,GO:0097009,GO:0097696,GO:0098868,GO:0120162,GO:1900015,GO:1900745,GO:1904651,GO:1990051,GO:2000379,GO:2000486,GO:2000491	GO:0000902,GO:0001501,GO:0001654,GO:0001666,GO:0001822,GO:0001837,GO:0001843,GO:0001942,GO:0003007,GO:0003148,GO:0003149,GO:0003151,GO:0003179,GO:0003181,GO:0003184,GO:0003203,GO:0003215,GO:0003222,GO:0003274,GO:0003289,GO:0003407,GO:0007179,GO:0007423,GO:0007435,GO:0007507,GO:0008284,GO:0008285,GO:0008347,GO:0008584,GO:0009611,GO:0009792,GO:0010002,GO:0010628,GO:0010629,GO:0010634,GO:0010718,GO:0010936,GO:0014706,GO:0016477,GO:0016525,GO:0023052,GO:0030097,GO:0030199,GO:0030307,GO:0030308,GO:0030326,GO:0030593,GO:0030855,GO:0031069,GO:0032570,GO:0032874,GO:0032909,GO:0032956,GO:0033630,GO:0035910,GO:0042060,GO:0042127,GO:0042416,GO:0042476,GO:0042704,GO:0043065,GO:0043525,GO:0045216,GO:0045597,GO:0045726,GO:0045747,GO:0045787,GO:0045823,GO:0046580,GO:0048103,GO:0048566,GO:0048666,GO:0048699,GO:0048839,GO:0050680,GO:0050714,GO:0050778,GO:0051130,GO:0051240,GO:0051781,GO:0051794,GO:0051795,GO:0051891,GO:0051897,GO:0060038,GO:0060065,GO:0060317,GO:0060325,GO:0060391,GO:0060412,GO:0060413,GO:0061626,GO:0062009,GO:0062043,GO:0071363,GO:0090091,GO:0097191,GO:0141091,GO:1900182,GO:1902256,GO:1902895,GO:1903701,GO:1904238,GO:1904888,GO:1905006,GO:1905007
100	GO:0000122,GO:0000165,GO:0001666,GO:0001821,GO:0001975,GO:0003015,GO:0003094,GO:0003100,GO:0003253,GO:0003357,GO:0006366,GO:0006874,GO:0007005,GO:0007166,GO:0007186,GO:0007204,GO:0007267,GO:0007411,GO:0008217,GO:0008284,GO:0009410,GO:0010193,GO:0010460,GO:0010467,GO:0010595,GO:0010613,GO:0010629,GO:0014033,GO:0014034,GO:0014823,GO:0014824,GO:0014826,GO:0019229,GO:0019722,GO:0023019,GO:0030072,GO:0030185,GO:0030195,GO:0030335,GO:0030878,GO:0031175,GO:0031394,GO:0032308,GO:0032496,GO:0033574,GO:0034392,GO:0034696,GO:0035050,GO:0035094,GO:0035556,GO:0035994,GO:0042045,GO:0042310,GO:0042482,GO:0042554,GO:0043200,GO:0043410,GO:0043491,GO:0044321,GO:0044751,GO:0045321,GO:0045429,GO:0045793,GO:0045840,GO:0045944,GO:0045987,GO:0046330,GO:0046887,GO:0046888,GO:0048661,GO:0048675,GO:0050850,GO:0051248,GO:0051899,GO:0060070,GO:0060137,GO:0060298,GO:0060385,GO:0061051,GO:0061626,GO:0070101,GO:0070294,GO:0070301,GO:0070371,GO:0070588,GO:0071277,GO:0071346,GO:0071347,GO:0071356,GO:0071372,GO:0071373,GO:0071375,GO:0071385,GO:0071389,GO:0071398,GO:0071456,GO:0071466,GO:0071526,GO:0071548,GO:0071559,GO:0071560,GO:0072011,GO:0072112,GO:0086100,GO:0090023,GO:0097237,GO:0097492,GO:0097746,GO:0141156,GO:0160195,GO:1900182,GO:1901224,GO:1902074,GO:1903537,GO:1904707,GO:1905653,GO:2001259	GO:0000077,GO:0001782,GO:0001817,GO:0001932,GO:0001933,GO:0002223,GO:0002244,GO:0002250,GO:0002376,GO:0002431,GO:0002513,GO:0002553,GO:0002576,GO:0002758,GO:0002762,GO:0002768,GO:0002774,GO:0002862,GO:0002902,GO:0006468,GO:0006950,GO:0006954,GO:0006974,GO:0006991,GO:0007165,GO:0007169,GO:0008284,GO:0008285,GO:0009410,GO:0009636,GO:0009725,GO:0009743,GO:0010976,GO:0014003,GO:0015908,GO:0018108,GO:0030097,GO:0030218,GO:0030222,GO:0030335,GO:0030889,GO:0031175,GO:0031295,GO:0031663,GO:0032868,GO:0033003,GO:0033628,GO:0034136,GO:0034142,GO:0034144,GO:0034145,GO:0034165,GO:0034605,GO:0035556,GO:0038043,GO:0038095,GO:0038096,GO:0038159,GO:0042100,GO:0042327,GO:0043200,GO:0043304,GO:0043407,GO:0043410,GO:0043434,GO:0045087,GO:0045646,GO:0046777,GO:0048013,GO:0048678,GO:0050727,GO:0050777,GO:0050855,GO:0050859,GO:0050900,GO:0051279,GO:0060252,GO:0060369,GO:0060397,GO:0070372,GO:0070373,GO:0070447,GO:0070667,GO:0070668,GO:0071300,GO:0071396,GO:0090025,GO:0090330,GO:0097028,GO:1902532,GO:1902993,GO:2000670
100	GO:0000165,GO:0006468,GO:0006897,GO:0006914,GO:0006979,GO:0007005,GO:0007029,GO:0007030,GO:0007040,GO:0007166,GO:0007254,GO:0007266,GO:0007283,GO:0007528,GO:0008104,GO:0008340,GO:0009267,GO:0009653,GO:0009968,GO:0010468,GO:0010506,GO:0010508,GO:0010955,GO:0010977,GO:0014041,GO:0016192,GO:0016242,GO:0019722,GO:0021756,GO:0021772,GO:0022028,GO:0030154,GO:0030162,GO:0030182,GO:0031344,GO:0031398,GO:0031647,GO:0032436,GO:0032760,GO:0034260,GO:0034599,GO:0034614,GO:0035542,GO:0035556,GO:0035564,GO:0035640,GO:0035641,GO:0035751,GO:0040012,GO:0042391,GO:0043068,GO:0043410,GO:0046039,GO:0046777,GO:0048312,GO:0048513,GO:0048812,GO:0050804,GO:0051239,GO:0051247,GO:0051646,GO:0051900,GO:0051966,GO:0060070,GO:0060079,GO:0060159,GO:0060161,GO:0060627,GO:0060628,GO:0060828,GO:0061001,GO:0070585,GO:0070973,GO:0071287,GO:0090140,GO:0090263,GO:0090394,GO:0140058,GO:0141161,GO:1900242,GO:1900244,GO:1901030,GO:1902236,GO:1902499,GO:1902531,GO:1902692,GO:1902803,GO:1902823,GO:1902902,GO:1903351,GO:1903748,GO:1903980,GO:1904644,GO:1904887,GO:1905279,GO:1905289,GO:1905504,GO:2000172,GO:2000300,GO:2000377	GO:0000122,GO:0000165,GO:0001568,GO:0001649,GO:0001764,GO:0001782,GO:0001947,GO:0001958,GO:0001974,GO:0002062,GO:0002467,GO:0002634,GO:0002931,GO:0003138,GO:0003139,GO:0003151,GO:0003185,GO:0003211,GO:0006355,GO:0006915,GO:0006959,GO:0007399,GO:0007507,GO:0007517,GO:0007519,GO:0007521,GO:0007611,GO:0010628,GO:0010629,GO:0014033,GO:0014902,GO:0030154,GO:0030182,GO:0030220,GO:0030279,GO:0030318,GO:0030501,GO:0030890,GO:0035984,GO:0042100,GO:0043410,GO:0043523,GO:0043524,GO:0043537,GO:0045652,GO:0045663,GO:0045666,GO:0045669,GO:0045893,GO:0045944,GO:0046928,GO:0048167,GO:0048643,GO:0048666,GO:0048667,GO:0050853,GO:0051145,GO:0051963,GO:0051966,GO:0055012,GO:0060025,GO:0060045,GO:0060079,GO:0060998,GO:0061333,GO:0071222,GO:0071277,GO:0071374,GO:0071466,GO:0071498,GO:0071560,GO:0072102,GO:0072160,GO:0098989,GO:0098990,GO:1904706,GO:1904753,GO:1905563,GO:2000111,GO:2000727,GO:2000987,GO:2001013,GO:2001016
100	GO:0000122,GO:0000165,GO:0001649,GO:0001657,GO:0001666,GO:0001836,GO:0006355,GO:0006357,GO:0006955,GO:0007179,GO:0007254,GO:0008285,GO:0009653,GO:0010332,GO:0010467,GO:0010628,GO:0010629,GO:0010718,GO:0023019,GO:0030154,GO:0030279,GO:0030308,GO:0030325,GO:0030335,GO:0030501,GO:0031053,GO:0031665,GO:0032332,GO:0032502,GO:0032731,GO:0032909,GO:0032916,GO:0032924,GO:0033689,GO:0036120,GO:0038092,GO:0042060,GO:0042110,GO:0042177,GO:0042220,GO:0042307,GO:0043066,GO:0045216,GO:0045429,GO:0045596,GO:0045599,GO:0045893,GO:0045944,GO:0050728,GO:0050776,GO:0050821,GO:0050927,GO:0051481,GO:0051496,GO:0051881,GO:0051894,GO:0060290,GO:0060391,GO:0060395,GO:0061001,GO:0061045,GO:0061450,GO:0061767,GO:0071333,GO:0071363,GO:0071560,GO:0071635,GO:0090263,GO:0097190,GO:0097191,GO:0097305,GO:0098586,GO:0141091,GO:1901203,GO:1902893,GO:1902894,GO:1902895,GO:1903243,GO:1990776	GO:0001570,GO:0001657,GO:0001666,GO:0001763,GO:0001837,GO:0001843,GO:0002040,GO:0002062,GO:0002244,GO:0002248,GO:0002460,GO:0002859,GO:0003179,GO:0003180,GO:0006611,GO:0006754,GO:0006796,GO:0007179,GO:0007406,GO:0007435,GO:0007507,GO:0007565,GO:0008284,GO:0008285,GO:0009410,GO:0009611,GO:0009749,GO:0010332,GO:0010575,GO:0010628,GO:0010629,GO:0010716,GO:0010718,GO:0010742,GO:0010763,GO:0010936,GO:0014003,GO:0014008,GO:0016202,GO:0021915,GO:0030154,GO:0030214,GO:0030308,GO:0030334,GO:0030335,GO:0031100,GO:0031293,GO:0031334,GO:0031536,GO:0032355,GO:0032570,GO:0032667,GO:0032700,GO:0032740,GO:0032755,GO:0032760,GO:0032801,GO:0032930,GO:0032967,GO:0033280,GO:0034616,GO:0035902,GO:0036120,GO:0036446,GO:0042127,GO:0042306,GO:0042307,GO:0042475,GO:0042552,GO:0043065,GO:0043117,GO:0043123,GO:0043410,GO:0043536,GO:0043537,GO:0045066,GO:0045216,GO:0045471,GO:0045591,GO:0045596,GO:0045597,GO:0045599,GO:0045662,GO:0045742,GO:0045786,GO:0045892,GO:0045893,GO:0045944,GO:0048298,GO:0048535,GO:0048565,GO:0048642,GO:0048661,GO:0048839,GO:0050679,GO:0050680,GO:0050714,GO:0050729,GO:0050765,GO:0050832,GO:0050921,GO:0051130,GO:0051240,GO:0051247,GO:0051280,GO:0051781,GO:0051897,GO:0055010,GO:0060312,GO:0060325,GO:0060364,GO:0060391,GO:0070168,GO:0070374,GO:0070723,GO:0071260,GO:0071333,GO:0071363,GO:0071404,GO:0071456,GO:0071479,GO:0071549,GO:0071560,GO:0071677,GO:0071895,GO:0085029,GO:0090190,GO:0090263,GO:0097191,GO:0097421,GO:0098586,GO:0141091,GO:1900126,GO:1900182,GO:1901203,GO:1902074,GO:1902462,GO:1902894,GO:1902895,GO:1903077,GO:1904018,GO:1904894,GO:1905641,GO:1990314,GO:1990402,GO:2000048,GO:2000343,GO:2000353,GO:2000636,GO:2000727
100	GO:0001659,GO:0001666,GO:0001963,GO:0001975,GO:0001976,GO:0002027,GO:0002028,GO:0002031,GO:0002052,GO:0002092,GO:0006874,GO:0006914,GO:0007165,GO:0007186,GO:0007188,GO:0007195,GO:0007200,GO:0007212,GO:0007270,GO:0007409,GO:0007416,GO:0007608,GO:0007616,GO:0007626,GO:0007628,GO:0008104,GO:0008285,GO:0008306,GO:0008542,GO:0009410,GO:0009416,GO:0009636,GO:0010039,GO:0014059,GO:0014854,GO:0016055,GO:0021756,GO:0021769,GO:0021853,GO:0021984,GO:0030336,GO:0030432,GO:0030900,GO:0031223,GO:0032228,GO:0032355,GO:0032467,GO:0032922,GO:0033602,GO:0034776,GO:0035094,GO:0035305,GO:0035556,GO:0042220,GO:0042321,GO:0042417,GO:0042756,GO:0043266,GO:0043278,GO:0043408,GO:0045471,GO:0045745,GO:0045776,GO:0045824,GO:0045944,GO:0046676,GO:0046717,GO:0048148,GO:0048149,GO:0048169,GO:0048678,GO:0048755,GO:0050482,GO:0050709,GO:0050769,GO:0050805,GO:0051209,GO:0051240,GO:0051481,GO:0051580,GO:0051584,GO:0051586,GO:0051823,GO:0051898,GO:0051952,GO:0051967,GO:0060079,GO:0060124,GO:0060134,GO:0060158,GO:0060160,GO:0070374,GO:0071300,GO:0071361,GO:0090325,GO:0097305,GO:0099170,GO:0099171,GO:0160213,GO:1900038,GO:1900168,GO:1900273,GO:1903530,GO:1990384	GO:0000122,GO:0000165,GO:0001649,GO:0001657,GO:0001666,GO:0001836,GO:0006355,GO:0006357,GO:0006955,GO:0007179,GO:0007254,GO:0008285,GO:0009653,GO:0010332,GO:0010467,GO:0010628,GO:0010629,GO:0010718,GO:0023019,GO:0030154,GO:0030279,GO:0030308,GO:0030325,GO:0030335,GO:0030501,GO:0031053,GO:0031665,GO:0032332,GO:0032502,GO:0032731,GO:0032909,GO:0032916,GO:0032924,GO:0033689,GO:0036120,GO:0038092,GO:0042060,GO:0042110,GO:0042177,GO:0042220,GO:0042307,GO:0043066,GO:0045216,GO:0045429,GO:0045596,GO:0045599,GO:0045893,GO:0045944,GO:0050728,GO:0050776,GO:0050821,GO:0050927,GO:0051481,GO:0051496,GO:0051881,GO:0051894,GO:0060290,GO:0060391,GO:0060395,GO:0061001,GO:0061045,GO:0061450,GO:0061767,GO:0071333,GO:0071363,GO:0071560,GO:0071635,GO:0090263,GO:0097190,GO:0097191,GO:0097305,GO:0098586,GO:0141091,GO:1901203,GO:1902893,GO:1902894,GO:1902895,GO:1903243,GO:1990776
100	GO:0000209,GO:0001649,GO:0001837,GO:0002052,GO:0003151,GO:0007155,GO:0007173,GO:0007399,GO:0008284,GO:0008285,GO:0009410,GO:0010629,GO:0010717,GO:0010718,GO:0010909,GO:0016055,GO:0016525,GO:0019827,GO:0021854,GO:0030182,GO:0030901,GO:0030902,GO:0030997,GO:0031396,GO:0032212,GO:0032355,GO:0032968,GO:0033234,GO:0034112,GO:0034333,GO:0034394,GO:0035315,GO:0035995,GO:0036023,GO:0036520,GO:0043065,GO:0043066,GO:0043161,GO:0043525,GO:0044331,GO:0045597,GO:0045765,GO:0045766,GO:0045892,GO:0045893,GO:0045944,GO:0045976,GO:0048145,GO:0048568,GO:0048643,GO:0048660,GO:0050767,GO:0050768,GO:0050982,GO:0051884,GO:0051963,GO:0060070,GO:0060231,GO:0060292,GO:0061154,GO:0061549,GO:0061550,GO:0070602,GO:0071363,GO:0071681,GO:0072182,GO:0072497,GO:0090090,GO:0090279,GO:0097091,GO:0098609,GO:1901331,GO:1903377,GO:1904888,GO:1904948,GO:1905555,GO:1990138,GO:1990403,GO:1990791,GO:2000008,GO:2000179	GO:0000902,GO:0001501,GO:0001654,GO:0001666,GO:0001822,GO:0001837,GO:0001843,GO:0001942,GO:0003007,GO:0003148,GO:0003149,GO:0003151,GO:0003179,GO:0003181,GO:0003184,GO:0003203,GO:0003215,GO:0003222,GO:0003274,GO:0003289,GO:0003407,GO:0007179,GO:0007423,GO:0007435,GO:0007507,GO:0008284,GO:0008285,GO:0008347,GO:0008584,GO:0009611,GO:0009792,GO:0010002,GO:0010628,GO:0010629,GO:0010634,GO:0010718,GO:0010936,GO:0014706,GO:0016477,GO:0016525,GO:0023052,GO:0030097,GO:0030199,GO:0030307,GO:0030308,GO:0030326,GO:0030593,GO:0030855,GO:0031069,GO:0032570,GO:0032874,GO:0032909,GO:0032956,GO:0033630,GO:0035910,GO:0042060,GO:0042127,GO:0042416,GO:0042476,GO:0042704,GO:0043065,GO:0043525,GO:0045216,GO:0045597,GO:0045726,GO:0045747,GO:0045787,GO:0045823,GO:0046580,GO:0048103,GO:0048566,GO:0048666,GO:0048699,GO:0048839,GO:0050680,GO:0050714,GO:0050778,GO:0051130,GO:0051240,GO:0051781,GO:0051794,GO:0051795,GO:0051891,GO:0051897,GO:0060038,GO:0060065,GO:0060317,GO:0060325,GO:0060391,GO:0060412,GO:0060413,GO:0061626,GO:0062009,GO:0062043,GO:0071363,GO:0090091,GO:0097191,GO:0141091,GO:1900182,GO:1902256,GO:1902895,GO:1903701,GO:1904238,GO:1904888,GO:1905006,GO:1905007
100	GO:0000122,GO:0001525,GO:0001657,GO:0001701,GO:0001837,GO:0002053,GO:0003148,GO:0003149,GO:0003416,GO:0006915,GO:0007267,GO:0007409,GO:0008284,GO:0008543,GO:0008589,GO:0009791,GO:0009880,GO:0009887,GO:0010518,GO:0010839,GO:0016331,GO:0018108,GO:0021769,GO:0021847,GO:0021860,GO:0022612,GO:0030177,GO:0030282,GO:0030324,GO:0030855,GO:0030901,GO:0030916,GO:0031069,GO:0032496,GO:0032808,GO:0033688,GO:0035265,GO:0035602,GO:0035603,GO:0035604,GO:0035607,GO:0042472,GO:0042476,GO:0043009,GO:0043410,GO:0044344,GO:0045165,GO:0045471,GO:0045595,GO:0045667,GO:0045787,GO:0045944,GO:0046777,GO:0048286,GO:0048333,GO:0048557,GO:0048562,GO:0048565,GO:0048568,GO:0048608,GO:0048701,GO:0048705,GO:0048730,GO:0048755,GO:0048762,GO:0050679,GO:0050680,GO:0051150,GO:0051781,GO:0055010,GO:0060045,GO:0060174,GO:0060348,GO:0060349,GO:0060442,GO:0060445,GO:0060449,GO:0060463,GO:0060484,GO:0060501,GO:0060512,GO:0060523,GO:0060527,GO:0060529,GO:0060601,GO:0060615,GO:0060664,GO:0060667,GO:0060670,GO:0060688,GO:0060915,GO:0060916,GO:0070372,GO:0070374,GO:0071300,GO:0071456,GO:0071560,GO:0090263,GO:1904707,GO:1904888	GO:0001781,GO:0001960,GO:0002314,GO:0002384,GO:0002446,GO:0002548,GO:0002639,GO:0002675,GO:0002690,GO:0006953,GO:0006954,GO:0006955,GO:0006959,GO:0007259,GO:0008284,GO:0008285,GO:0010573,GO:0010574,GO:0010575,GO:0010628,GO:0010718,GO:0010888,GO:0014823,GO:0019221,GO:0030154,GO:0030168,GO:0031018,GO:0031175,GO:0032494,GO:0032682,GO:0032722,GO:0032731,GO:0032733,GO:0032740,GO:0032745,GO:0032755,GO:0032757,GO:0032760,GO:0032966,GO:0033138,GO:0035425,GO:0035633,GO:0038001,GO:0042102,GO:0042593,GO:0043065,GO:0043066,GO:0043410,GO:0045599,GO:0045669,GO:0045727,GO:0045765,GO:0045779,GO:0045893,GO:0045944,GO:0046427,GO:0048661,GO:0050731,GO:0050768,GO:0050796,GO:0050829,GO:0050830,GO:0050871,GO:0051223,GO:0051251,GO:0051384,GO:0051607,GO:0060252,GO:0061470,GO:0061888,GO:0070050,GO:0070091,GO:0070092,GO:0070102,GO:0070301,GO:0070345,GO:0071222,GO:0072540,GO:0072574,GO:0090091,GO:0090594,GO:0097421,GO:0097696,GO:0098586,GO:0150077,GO:0150078,GO:1900017,GO:1901731,GO:1902512,GO:1902895,GO:1903978,GO:1904894,GO:1904996,GO:2000553,GO:2000635,GO:2000660,GO:2000676
100	GO:0001774,GO:0001819,GO:0002250,GO:0002376,GO:0006325,GO:0006338,GO:0006915,GO:0006979,GO:0007155,GO:0007165,GO:0007167,GO:0007204,GO:0007259,GO:0007498,GO:0008284,GO:0008285,GO:0008631,GO:0009755,GO:0010572,GO:0010667,GO:0010811,GO:0019221,GO:0022407,GO:0022408,GO:0030041,GO:0030154,GO:0030218,GO:0030335,GO:0031103,GO:0031663,GO:0031959,GO:0032024,GO:0032731,GO:0032760,GO:0033194,GO:0033209,GO:0034612,GO:0035166,GO:0035556,GO:0035722,GO:0038043,GO:0038065,GO:0038155,GO:0038156,GO:0038157,GO:0038162,GO:0038163,GO:0042102,GO:0042307,GO:0042531,GO:0042976,GO:0042981,GO:0043065,GO:0043066,GO:0043410,GO:0043524,GO:0043687,GO:0045087,GO:0045348,GO:0045428,GO:0045429,GO:0045597,GO:0045944,GO:0046425,GO:0046634,GO:0046677,GO:0046777,GO:0048008,GO:0048861,GO:0050727,GO:0050804,GO:0050867,GO:0051897,GO:0060333,GO:0060391,GO:0060396,GO:0060397,GO:0060399,GO:0061180,GO:0070102,GO:0070120,GO:0070665,GO:0070671,GO:0070757,GO:0097191,GO:0120162,GO:0120186,GO:0140546,GO:1900016,GO:1901731,GO:1902533,GO:1902728,GO:1904037,GO:1904707,GO:1905539	GO:0000122,GO:0001890,GO:0006355,GO:0006357,GO:0006631,GO:0007186,GO:0007584,GO:0008217,GO:0009755,GO:0010628,GO:0010629,GO:0010745,GO:0010875,GO:0010887,GO:0010888,GO:0015909,GO:0016525,GO:0030154,GO:0030224,GO:0030509,GO:0030512,GO:0030514,GO:0030522,GO:0030855,GO:0031348,GO:0031667,GO:0032376,GO:0032869,GO:0033993,GO:0035357,GO:0042593,GO:0042752,GO:0042789,GO:0043409,GO:0043537,GO:0045087,GO:0045165,GO:0045444,GO:0045600,GO:0045668,GO:0045834,GO:0045892,GO:0045893,GO:0045923,GO:0045944,GO:0048384,GO:0048469,GO:0048511,GO:0048662,GO:0050728,GO:0050872,GO:0050873,GO:0051049,GO:0051241,GO:0055088,GO:0060336,GO:0060392,GO:0070165,GO:0071404,GO:0071456,GO:0090258,GO:0140077,GO:0141193,GO:1900076,GO:1901202,GO:1902894,GO:1902895,GO:1903243,GO:1903845,GO:1904179,GO:1904597,GO:1904706,GO:1904893,GO:1905461,GO:1905563,GO:2001235
100	GO:0001659,GO:0001666,GO:0001963,GO:0001975,GO:0001976,GO:0002027,GO:0002028,GO:0002031,GO:0002052,GO:0002092,GO:0006874,GO:0006914,GO:0007165,GO:0007186,GO:0007188,GO:0007195,GO:0007200,GO:0007212,GO:0007270,GO:0007409,GO:0007416,GO:0007608,GO:0007616,GO:0007626,GO:0007628,GO:0008104,GO:0008285,GO:0008306,GO:0008542,GO:0009410,GO:0009416,GO:0009636,GO:0010039,GO:0014059,GO:0014854,GO:0016055,GO:0021756,GO:0021769,GO:0021853,GO:0021984,GO:0030336,GO:0030432,GO:0030900,GO:0031223,GO:0032228,GO:0032355,GO:0032467,GO:0032922,GO:0033602,GO:0034776,GO:0035094,GO:0035305,GO:0035556,GO:0042220,GO:0042321,GO:0042417,GO:0042756,GO:0043266,GO:0043278,GO:0043408,GO:0045471,GO:0045745,GO:0045776,GO:0045824,GO:0045944,GO:0046676,GO:0046717,GO:0048148,GO:0048149,GO:0048169,GO:0048678,GO:0048755,GO:0050482,GO:0050709,GO:0050769,GO:0050805,GO:0051209,GO:0051240,GO:0051481,GO:0051580,GO:0051584,GO:0051586,GO:0051823,GO:0051898,GO:0051952,GO:0051967,GO:0060079,GO:0060124,GO:0060134,GO:0060158,GO:0060160,GO:0070374,GO:0071300,GO:0071361,GO:0090325,GO:0097305,GO:0099170,GO:0099171,GO:0160213,GO:1900038,GO:1900168,GO:1900273,GO:1903530,GO:1990384	GO:0000122,GO:0000165,GO:0001568,GO:0001649,GO:0001764,GO:0001782,GO:0001947,GO:0001958,GO:0001974,GO:0002062,GO:0002467,GO:0002634,GO:0002931,GO:0003138,GO:0003139,GO:0003151,GO:0003185,GO:0003211,GO:0006355,GO:0006915,GO:0006959,GO:0007399,GO:0007507,GO:0007517,GO:0007519,GO:0007521,GO:0007611,GO:0010628,GO:0010629,GO:0014033,GO:0014902,GO:0030154,GO:0030182,GO:0030220,GO:0030279,GO:0030318,GO:0030501,GO:0030890,GO:0035984,GO:0042100,GO:0043410,GO:0043523,GO:0043524,GO:0043537,GO:0045652,GO:0045663,GO:0045666,GO:0045669,GO:0045893,GO:0045944,GO:0046928,GO:0048167,GO:0048643,GO:0048666,GO:0048667,GO:0050853,GO:0051145,GO:0051963,GO:0051966,GO:0055012,GO:0060025,GO:0060045,GO:0060079,GO:0060998,GO:0061333,GO:0071222,GO:0071277,GO:0071374,GO:0071466,GO:0071498,GO:0071560,GO:0072102,GO:0072160,GO:0098989,GO:0098990,GO:1904706,GO:1904753,GO:1905563,GO:2000111,GO:2000727,GO:2000987,GO:2001013,GO:2001016
100	GO:0001649,GO:0001938,GO:0002042,GO:0002430,GO:0003376,GO:0005977,GO:0005978,GO:0005979,GO:0006006,GO:0006417,GO:0006468,GO:0006809,GO:0006915,GO:0006924,GO:0006979,GO:0007165,GO:0007173,GO:0007186,GO:0007399,GO:0008283,GO:0008286,GO:0009408,GO:0009725,GO:0010507,GO:0010595,GO:0010628,GO:0010629,GO:0010748,GO:0010761,GO:0010907,GO:0010975,GO:0016242,GO:0018105,GO:0018107,GO:0019221,GO:0030154,GO:0030307,GO:0030334,GO:0030335,GO:0031295,GO:0031397,GO:0031929,GO:0031999,GO:0032079,GO:0032436,GO:0032869,GO:0033138,GO:0033554,GO:0034405,GO:0035556,GO:0035655,GO:0042307,GO:0042981,GO:0043066,GO:0043276,GO:0043488,GO:0043491,GO:0043536,GO:0045429,GO:0045600,GO:0045725,GO:0045746,GO:0045861,GO:0045944,GO:0046209,GO:0046326,GO:0046889,GO:0048009,GO:0048266,GO:0048661,GO:0051247,GO:0051897,GO:0060079,GO:0060416,GO:0060644,GO:0070141,GO:0070585,GO:0070848,GO:0071364,GO:0072656,GO:0072752,GO:0090201,GO:0097700,GO:0099175,GO:0110002,GO:0140052,GO:0150033,GO:0160049,GO:0160213,GO:1900087,GO:1900182,GO:1901796,GO:1902018,GO:1902176,GO:1903038,GO:1903078,GO:1903318,GO:1903384,GO:1903898,GO:1904263,GO:1904515,GO:1905552,GO:1905786,GO:1990090,GO:1990418,GO:2000010,GO:2000074,GO:2000402,GO:2001240,GO:2001243	GO:0001660,GO:0001819,GO:0002282,GO:0002711,GO:0006915,GO:0006954,GO:0006955,GO:0007165,GO:0007267,GO:0007566,GO:0008284,GO:0008285,GO:0010573,GO:0010575,GO:0010628,GO:0010641,GO:0010718,GO:0010744,GO:0010829,GO:0014805,GO:0019221,GO:0030213,GO:0030224,GO:0030335,GO:0030949,GO:0031394,GO:0031622,GO:0032308,GO:0032496,GO:0032691,GO:0032725,GO:0032729,GO:0032743,GO:0032755,GO:0032757,GO:0033092,GO:0034116,GO:0042102,GO:0043122,GO:0043123,GO:0043409,GO:0043410,GO:0045429,GO:0045766,GO:0045833,GO:0045840,GO:0045893,GO:0045917,GO:0046330,GO:0046627,GO:0046827,GO:0050691,GO:0050728,GO:0050729,GO:0050767,GO:0050768,GO:0050796,GO:0050805,GO:0050830,GO:0050995,GO:0050996,GO:0050999,GO:0051044,GO:0051781,GO:0051897,GO:0060252,GO:0060355,GO:0070164,GO:0070372,GO:0070374,GO:0070487,GO:0070498,GO:0070555,GO:0071222,GO:0071260,GO:0071466,GO:0071639,GO:0097398,GO:0150078,GO:1900745,GO:1901224,GO:1902680,GO:1903140,GO:1903530,GO:1903597,GO:1905075,GO:2000556,GO:2000660,GO:2001240
100	GO:0000122,GO:0001501,GO:0001503,GO:0001649,GO:0001658,GO:0001666,GO:0001701,GO:0001837,GO:0001934,GO:0002062,GO:0002573,GO:0003007,GO:0003129,GO:0003133,GO:0003176,GO:0003181,GO:0003203,GO:0003210,GO:0003272,GO:0003331,GO:0006355,GO:0006879,GO:0006954,GO:0007219,GO:0007267,GO:0007507,GO:0008284,GO:0008285,GO:0009887,GO:0010467,GO:0010628,GO:0010629,GO:0010718,GO:0010894,GO:0010922,GO:0021537,GO:0021978,GO:0022408,GO:0030154,GO:0030177,GO:0030282,GO:0030316,GO:0030335,GO:0030501,GO:0030509,GO:0030512,GO:0032348,GO:0033690,GO:0035051,GO:0035054,GO:0035360,GO:0042475,GO:0042482,GO:0043065,GO:0043410,GO:0043569,GO:0045165,GO:0045597,GO:0045599,GO:0045600,GO:0045666,GO:0045778,GO:0045786,GO:0045892,GO:0045893,GO:0045944,GO:0048662,GO:0048711,GO:0048762,GO:0048839,GO:0051042,GO:0051216,GO:0055007,GO:0055008,GO:0060039,GO:0060128,GO:0060129,GO:0060317,GO:0060348,GO:0060391,GO:0060426,GO:0060485,GO:0060537,GO:0061036,GO:0070374,GO:0071773,GO:0072138,GO:0090090,GO:1900159,GO:1900745,GO:1901331,GO:1902895,GO:1905072,GO:1905222,GO:2000065,GO:2000725,GO:2000726	GO:0001660,GO:0001819,GO:0002282,GO:0002711,GO:0006915,GO:0006954,GO:0006955,GO:0007165,GO:0007267,GO:0007566,GO:0008284,GO:0008285,GO:0010573,GO:0010575,GO:0010628,GO:0010641,GO:0010718,GO:0010744,GO:0010829,GO:0014805,GO:0019221,GO:0030213,GO:0030224,GO:0030335,GO:0030949,GO:0031394,GO:0031622,GO:0032308,GO:0032496,GO:0032691,GO:0032725,GO:0032729,GO:0032743,GO:0032755,GO:0032757,GO:0033092,GO:0034116,GO:0042102,GO:0043122,GO:0043123,GO:0043409,GO:0043410,GO:0045429,GO:0045766,GO:0045833,GO:0045840,GO:0045893,GO:0045917,GO:0046330,GO:0046627,GO:0046827,GO:0050691,GO:0050728,GO:0050729,GO:0050767,GO:0050768,GO:0050796,GO:0050805,GO:0050830,GO:0050995,GO:0050996,GO:0050999,GO:0051044,GO:0051781,GO:0051897,GO:0060252,GO:0060355,GO:0070164,GO:0070372,GO:0070374,GO:0070487,GO:0070498,GO:0070555,GO:0071222,GO:0071260,GO:0071466,GO:0071639,GO:0097398,GO:0150078,GO:1900745,GO:1901224,GO:1902680,GO:1903140,GO:1903530,GO:1903597,GO:1905075,GO:2000556,GO:2000660,GO:2001240
100	GO:0000122,GO:0001570,GO:0001666,GO:0001937,GO:0006641,GO:0006816,GO:0006874,GO:0006940,GO:0007519,GO:0008104,GO:0009267,GO:0009617,GO:0010524,GO:0010608,GO:0010628,GO:0010875,GO:0016050,GO:0019065,GO:0019217,GO:0019915,GO:0030154,GO:0030193,GO:0030301,GO:0030335,GO:0030514,GO:0030857,GO:0030879,GO:0031295,GO:0031397,GO:0031398,GO:0031623,GO:0032507,GO:0032570,GO:0033484,GO:0038016,GO:0038166,GO:0042632,GO:0043123,GO:0043409,GO:0043627,GO:0044860,GO:0045019,GO:0045907,GO:0046209,GO:0046426,GO:0048550,GO:0051480,GO:0051592,GO:0051899,GO:0055074,GO:0060056,GO:0060070,GO:0060546,GO:0070836,GO:0071218,GO:0071375,GO:0071455,GO:0072584,GO:0086091,GO:0090090,GO:0097190,GO:0098903,GO:0098909,GO:0098911,GO:0120162,GO:1900027,GO:1901380,GO:1901844,GO:1903361,GO:1903598,GO:1904294,GO:2000535,GO:2000811,GO:2001238,GO:2001244	GO:0000122,GO:0001569,GO:0001570,GO:0001656,GO:0001658,GO:0001708,GO:0001755,GO:0001947,GO:0002320,GO:0003140,GO:0006508,GO:0007224,GO:0007267,GO:0007389,GO:0007405,GO:0007411,GO:0007417,GO:0007418,GO:0007507,GO:0008209,GO:0008284,GO:0009880,GO:0009888,GO:0009949,GO:0009953,GO:0010468,GO:0010629,GO:0016539,GO:0016540,GO:0021930,GO:0030162,GO:0030182,GO:0030324,GO:0030326,GO:0030336,GO:0030539,GO:0030850,GO:0030900,GO:0030901,GO:0030902,GO:0033077,GO:0033089,GO:0033092,GO:0035295,GO:0042127,GO:0042481,GO:0042733,GO:0043066,GO:0043369,GO:0045059,GO:0045060,GO:0045165,GO:0045596,GO:0045880,GO:0045893,GO:0045944,GO:0046638,GO:0048468,GO:0048513,GO:0048538,GO:0048663,GO:0048709,GO:0048745,GO:0048754,GO:0048864,GO:0050793,GO:0051781,GO:0060684,GO:0061053,GO:0061189,GO:0071542,GO:0072136,GO:0072205,GO:0090370,GO:0097190,GO:0097264,GO:1900107,GO:1900180,GO:1904339,GO:2000062,GO:2000063,GO:2000357,GO:2000358,GO:2000729
100	GO:0001660,GO:0001819,GO:0002282,GO:0002711,GO:0006915,GO:0006954,GO:0006955,GO:0007165,GO:0007267,GO:0007566,GO:0008284,GO:0008285,GO:0010573,GO:0010575,GO:0010628,GO:0010641,GO:0010718,GO:0010744,GO:0010829,GO:0014805,GO:0019221,GO:0030213,GO:0030224,GO:0030335,GO:0030949,GO:0031394,GO:0031622,GO:0032308,GO:0032496,GO:0032691,GO:0032725,GO:0032729,GO:0032743,GO:0032755,GO:0032757,GO:0033092,GO:0034116,GO:0042102,GO:0043122,GO:0043123,GO:0043409,GO:0043410,GO:0045429,GO:0045766,GO:0045833,GO:0045840,GO:0045893,GO:0045917,GO:0046330,GO:0046627,GO:0046827,GO:0050691,GO:0050728,GO:0050729,GO:0050767,GO:0050768,GO:0050796,GO:0050805,GO:0050830,GO:0050995,GO:0050996,GO:0050999,GO:0051044,GO:0051781,GO:0051897,GO:0060252,GO:0060355,GO:0070164,GO:0070372,GO:0070374,GO:0070487,GO:0070498,GO:0070555,GO:0071222,GO:0071260,GO:0071466,GO:0071639,GO:0097398,GO:0150078,GO:1900745,GO:1901224,GO:1902680,GO:1903140,GO:1903530,GO:1903597,GO:1905075,GO:2000556,GO:2000660,GO:2001240	GO:0000122,GO:0001525,GO:0001558,GO:0001889,GO:0001934,GO:0001935,GO:0002639,GO:0006355,GO:0006357,GO:0006366,GO:0006511,GO:0006629,GO:0006633,GO:0006914,GO:0006915,GO:0006955,GO:0006986,GO:0007517,GO:0008284,GO:0010506,GO:0010508,GO:0010832,GO:0015031,GO:0030154,GO:0030335,GO:0030512,GO:0030968,GO:0031647,GO:0031648,GO:0031670,GO:0032008,GO:0032755,GO:0032869,GO:0034599,GO:0034976,GO:0035356,GO:0035470,GO:0035924,GO:0036498,GO:0036500,GO:0036503,GO:0042149,GO:0042307,GO:0042632,GO:0043066,GO:0043491,GO:0045348,GO:0045579,GO:0045582,GO:0045600,GO:0045766,GO:0045944,GO:0048010,GO:0048666,GO:0051897,GO:0055089,GO:0055092,GO:0060392,GO:0060612,GO:0070059,GO:0070373,GO:0071073,GO:0071222,GO:0071230,GO:0071332,GO:0071333,GO:0071353,GO:0071375,GO:0071498,GO:0071499,GO:1900017,GO:1900100,GO:1900102,GO:1901985,GO:1902236,GO:1903489,GO:1904294,GO:1904707,GO:1904754,GO:1990418,GO:2000347,GO:2000353
100	GO:0000209,GO:0001649,GO:0001837,GO:0002052,GO:0003151,GO:0007155,GO:0007173,GO:0007399,GO:0008284,GO:0008285,GO:0009410,GO:0010629,GO:0010717,GO:0010718,GO:0010909,GO:0016055,GO:0016525,GO:0019827,GO:0021854,GO:0030182,GO:0030901,GO:0030902,GO:0030997,GO:0031396,GO:0032212,GO:0032355,GO:0032968,GO:0033234,GO:0034112,GO:0034333,GO:0034394,GO:0035315,GO:0035995,GO:0036023,GO:0036520,GO:0043065,GO:0043066,GO:0043161,GO:0043525,GO:0044331,GO:0045597,GO:0045765,GO:0045766,GO:0045892,GO:0045893,GO:0045944,GO:0045976,GO:0048145,GO:0048568,GO:0048643,GO:0048660,GO:0050767,GO:0050768,GO:0050982,GO:0051884,GO:0051963,GO:0060070,GO:0060231,GO:0060292,GO:0061154,GO:0061549,GO:0061550,GO:0070602,GO:0071363,GO:0071681,GO:0072182,GO:0072497,GO:0090090,GO:0090279,GO:0097091,GO:0098609,GO:1901331,GO:1903377,GO:1904888,GO:1904948,GO:1905555,GO:1990138,GO:1990403,GO:1990791,GO:2000008,GO:2000179	GO:0000122,GO:0001525,GO:0001554,GO:0001837,GO:0001947,GO:0002052,GO:0003151,GO:0003157,GO:0003160,GO:0003162,GO:0003169,GO:0003180,GO:0003181,GO:0003182,GO:0003184,GO:0003192,GO:0003198,GO:0003203,GO:0003207,GO:0003208,GO:0003209,GO:0003213,GO:0003214,GO:0003222,GO:0003241,GO:0003264,GO:0003273,GO:0003332,GO:0003344,GO:0006355,GO:0006357,GO:0006606,GO:0006955,GO:0007219,GO:0007221,GO:0007283,GO:0007368,GO:0007411,GO:0007507,GO:0008284,GO:0008285,GO:0010467,GO:0010614,GO:0010628,GO:0010629,GO:0010667,GO:0010718,GO:0010812,GO:0010832,GO:0014031,GO:0021515,GO:0030154,GO:0030163,GO:0030279,GO:0030334,GO:0030335,GO:0030513,GO:0030514,GO:0031100,GO:0032495,GO:0032496,GO:0032966,GO:0035148,GO:0035924,GO:0042127,GO:0042246,GO:0043086,GO:0045070,GO:0045603,GO:0045662,GO:0045665,GO:0045668,GO:0045687,GO:0045892,GO:0045893,GO:0045944,GO:0046427,GO:0046579,GO:0048708,GO:0048709,GO:0048711,GO:0048715,GO:0048873,GO:0050768,GO:0050793,GO:0051152,GO:0055008,GO:0060038,GO:0060045,GO:0060253,GO:0060271,GO:0060317,GO:0060354,GO:0060379,GO:0060411,GO:0060412,GO:0060842,GO:0060843,GO:0060948,GO:0060956,GO:0060979,GO:0060982,GO:0061344,GO:0061384,GO:0062043,GO:0070168,GO:0070374,GO:0070986,GO:0071228,GO:0071372,GO:0071456,GO:0072017,GO:0072044,GO:0072144,GO:0072538,GO:0090051,GO:0097150,GO:0097400,GO:0099565,GO:0120163,GO:1901201,GO:1902339,GO:2000048,GO:2000737,GO:2000811,GO:2000974,GO:2001027
100	GO:0001837,GO:0001954,GO:0003170,GO:0005977,GO:0006468,GO:0006983,GO:0007005,GO:0007399,GO:0007623,GO:0008286,GO:0009968,GO:0010508,GO:0010628,GO:0010629,GO:0010719,GO:0010975,GO:0016055,GO:0018105,GO:0019082,GO:0021766,GO:0030010,GO:0030011,GO:0030154,GO:0030336,GO:0030516,GO:0031175,GO:0031333,GO:0031334,GO:0031398,GO:0032007,GO:0032092,GO:0032436,GO:0032481,GO:0032880,GO:0032886,GO:0034976,GO:0035556,GO:0036016,GO:0042752,GO:0043066,GO:0043161,GO:0043525,GO:0045597,GO:0045668,GO:0045719,GO:0045724,GO:0045732,GO:0045879,GO:0046777,GO:0046825,GO:0046827,GO:0048511,GO:0048814,GO:0050770,GO:0060070,GO:0060079,GO:0070507,GO:0070885,GO:0071109,GO:0071300,GO:0090090,GO:0097191,GO:0097192,GO:0099171,GO:0106027,GO:0150101,GO:0160213,GO:1900034,GO:1900181,GO:1900271,GO:1901030,GO:1901701,GO:1902042,GO:1903566,GO:1903940,GO:1904339,GO:1904646,GO:1904781,GO:1904951,GO:2000077,GO:2000466,GO:2000740	GO:0000122,GO:0000165,GO:0001568,GO:0001649,GO:0001764,GO:0001782,GO:0001947,GO:0001958,GO:0001974,GO:0002062,GO:0002467,GO:0002634,GO:0002931,GO:0003138,GO:0003139,GO:0003151,GO:0003185,GO:0003211,GO:0006355,GO:0006915,GO:0006959,GO:0007399,GO:0007507,GO:0007517,GO:0007519,GO:0007521,GO:0007611,GO:0010628,GO:0010629,GO:0014033,GO:0014902,GO:0030154,GO:0030182,GO:0030220,GO:0030279,GO:0030318,GO:0030501,GO:0030890,GO:0035984,GO:0042100,GO:0043410,GO:0043523,GO:0043524,GO:0043537,GO:0045652,GO:0045663,GO:0045666,GO:0045669,GO:0045893,GO:0045944,GO:0046928,GO:0048167,GO:0048643,GO:0048666,GO:0048667,GO:0050853,GO:0051145,GO:0051963,GO:0051966,GO:0055012,GO:0060025,GO:0060045,GO:0060079,GO:0060998,GO:0061333,GO:0071222,GO:0071277,GO:0071374,GO:0071466,GO:0071498,GO:0071560,GO:0072102,GO:0072160,GO:0098989,GO:0098990,GO:1904706,GO:1904753,GO:1905563,GO:2000111,GO:2000727,GO:2000987,GO:2001013,GO:2001016
100	GO:0000122,GO:0001503,GO:0001649,GO:0001657,GO:0001658,GO:0001822,GO:0001823,GO:0001934,GO:0001938,GO:0001958,GO:0002043,GO:0002062,GO:0002244,GO:0002320,GO:0002573,GO:0003007,GO:0003129,GO:0003139,GO:0003148,GO:0003149,GO:0003151,GO:0003163,GO:0003180,GO:0003184,GO:0003197,GO:0003279,GO:0003323,GO:0007498,GO:0008284,GO:0008285,GO:0009791,GO:0010453,GO:0010467,GO:0010628,GO:0010629,GO:0010718,GO:0021537,GO:0022408,GO:0030154,GO:0030224,GO:0030225,GO:0030335,GO:0030501,GO:0030509,GO:0030513,GO:0030858,GO:0032092,GO:0032967,GO:0033085,GO:0033088,GO:0035990,GO:0035993,GO:0042306,GO:0042476,GO:0043065,GO:0043068,GO:0045596,GO:0045603,GO:0045606,GO:0045662,GO:0045669,GO:0045778,GO:0045786,GO:0045839,GO:0045843,GO:0045892,GO:0045893,GO:0045944,GO:0048286,GO:0048392,GO:0048661,GO:0048662,GO:0048745,GO:0048863,GO:0050679,GO:0050918,GO:0051216,GO:0051241,GO:0055007,GO:0055020,GO:0060391,GO:0060425,GO:0060426,GO:0060433,GO:0060438,GO:0060441,GO:0060502,GO:0060503,GO:0060537,GO:0060976,GO:0061036,GO:0061047,GO:0061626,GO:0070244,GO:0071773,GO:0072104,GO:0072125,GO:0072179,GO:0072197,GO:0072200,GO:0090189,GO:0090191,GO:0090194,GO:1900182,GO:1900745,GO:1901331,GO:1902894,GO:1904706,GO:1904753,GO:1905312,GO:2000005,GO:2000007,GO:2000636,GO:2000725,GO:2001237	GO:0001774,GO:0002282,GO:0002291,GO:0002588,GO:0002862,GO:0002931,GO:0006909,GO:0006910,GO:0006955,GO:0006959,GO:0007165,GO:0007166,GO:0007613,GO:0010468,GO:0010507,GO:0010628,GO:0010875,GO:0010887,GO:0010891,GO:0010983,GO:0019216,GO:0030316,GO:0032006,GO:0032008,GO:0032497,GO:0032499,GO:0032675,GO:0032691,GO:0032720,GO:0032733,GO:0034136,GO:0034144,GO:0034151,GO:0034241,GO:0034351,GO:0035176,GO:0038160,GO:0042742,GO:0043066,GO:0043124,GO:0043268,GO:0043277,GO:0045088,GO:0045672,GO:0045728,GO:0045960,GO:0048143,GO:0048468,GO:0048678,GO:0050714,GO:0050766,GO:0050829,GO:0050850,GO:0050866,GO:0050921,GO:0051897,GO:0051898,GO:0055088,GO:0060075,GO:0060100,GO:0061518,GO:0061889,GO:0070269,GO:0070345,GO:0070374,GO:0070392,GO:0071223,GO:0071224,GO:0071333,GO:0071396,GO:0071402,GO:0071456,GO:0071526,GO:0071640,GO:0080090,GO:0097028,GO:0097062,GO:0097242,GO:0098657,GO:0110089,GO:0120035,GO:0140052,GO:0150062,GO:0150076,GO:0150078,GO:0150079,GO:0150094,GO:1900015,GO:1900016,GO:1900223,GO:1900226,GO:1901076,GO:1901224,GO:1901800,GO:1902227,GO:1902533,GO:1903078,GO:1903082,GO:1903376,GO:1903753,GO:1903980,GO:1904093,GO:1904141,GO:1904646,GO:1904951,GO:1905291,GO:1905581,GO:1905805,GO:1905808,GO:1905907,GO:2000350,GO:2001171
100	GO:0000278,GO:0001525,GO:0001569,GO:0001974,GO:0001975,GO:0002027,GO:0003015,GO:0003094,GO:0003207,GO:0003220,GO:0003228,GO:0003253,GO:0003357,GO:0006874,GO:0006939,GO:0007005,GO:0007165,GO:0007186,GO:0007190,GO:0007200,GO:0007204,GO:0007411,GO:0007507,GO:0007585,GO:0008217,GO:0008283,GO:0009611,GO:0010467,GO:0014033,GO:0014034,GO:0014824,GO:0014829,GO:0016322,GO:0030878,GO:0031175,GO:0032835,GO:0034599,GO:0035050,GO:0035904,GO:0042310,GO:0042415,GO:0042474,GO:0044751,GO:0048066,GO:0048484,GO:0048485,GO:0048675,GO:0048706,GO:0050905,GO:0055078,GO:0060070,GO:0060324,GO:0060385,GO:0061626,GO:0070294,GO:0070588,GO:0071372,GO:0071373,GO:0071526,GO:0072011,GO:0072112,GO:0086100,GO:0097018,GO:0097084,GO:0097152,GO:0097237,GO:0097492,GO:0141156,GO:1903210,GO:1903537,GO:1904888,GO:1905144,GO:1905871,GO:2001259	GO:0000902,GO:0001501,GO:0001654,GO:0001666,GO:0001822,GO:0001837,GO:0001843,GO:0001942,GO:0003007,GO:0003148,GO:0003149,GO:0003151,GO:0003179,GO:0003181,GO:0003184,GO:0003203,GO:0003215,GO:0003222,GO:0003274,GO:0003289,GO:0003407,GO:0007179,GO:0007423,GO:0007435,GO:0007507,GO:0008284,GO:0008285,GO:0008347,GO:0008584,GO:0009611,GO:0009792,GO:0010002,GO:0010628,GO:0010629,GO:0010634,GO:0010718,GO:0010936,GO:0014706,GO:0016477,GO:0016525,GO:0023052,GO:0030097,GO:0030199,GO:0030307,GO:0030308,GO:0030326,GO:0030593,GO:0030855,GO:0031069,GO:0032570,GO:0032874,GO:0032909,GO:0032956,GO:0033630,GO:0035910,GO:0042060,GO:0042127,GO:0042416,GO:0042476,GO:0042704,GO:0043065,GO:0043525,GO:0045216,GO:0045597,GO:0045726,GO:0045747,GO:0045787,GO:0045823,GO:0046580,GO:0048103,GO:0048566,GO:0048666,GO:0048699,GO:0048839,GO:0050680,GO:0050714,GO:0050778,GO:0051130,GO:0051240,GO:0051781,GO:0051794,GO:0051795,GO:0051891,GO:0051897,GO:0060038,GO:0060065,GO:0060317,GO:0060325,GO:0060391,GO:0060412,GO:0060413,GO:0061626,GO:0062009,GO:0062043,GO:0071363,GO:0090091,GO:0097191,GO:0141091,GO:1900182,GO:1902256,GO:1902895,GO:1903701,GO:1904238,GO:1904888,GO:1905006,GO:1905007
100	GO:0000278,GO:0002252,GO:0002429,GO:0006281,GO:0006298,GO:0006355,GO:0006897,GO:0006909,GO:0006914,GO:0006915,GO:0006974,GO:0006979,GO:0007155,GO:0007173,GO:0007204,GO:0007229,GO:0007611,GO:0008306,GO:0008630,GO:0009410,GO:0010468,GO:0010506,GO:0010557,GO:0010595,GO:0030036,GO:0030041,GO:0030100,GO:0030155,GO:0030516,GO:0030845,GO:0031113,GO:0032489,GO:0032956,GO:0034599,GO:0034976,GO:0035556,GO:0035791,GO:0036211,GO:0038096,GO:0038189,GO:0042770,GO:0043065,GO:0043525,GO:0043542,GO:0045580,GO:0045595,GO:0045785,GO:0045907,GO:0045944,GO:0048008,GO:0048013,GO:0048146,GO:0051444,GO:0051450,GO:0051496,GO:0051726,GO:0051882,GO:0051894,GO:0060038,GO:0070301,GO:0071103,GO:0071560,GO:0071871,GO:0090050,GO:0097706,GO:0099150,GO:0141214,GO:1900006,GO:1900026,GO:1900272,GO:1901701,GO:1902036,GO:1902531,GO:1903055,GO:1903210,GO:1903351,GO:1903905,GO:1904518,GO:1905244,GO:1905555,GO:2000042,GO:2000145,GO:2000406	GO:0000122,GO:0001501,GO:0001503,GO:0001649,GO:0001658,GO:0001666,GO:0001701,GO:0001837,GO:0001934,GO:0002062,GO:0002573,GO:0003007,GO:0003129,GO:0003133,GO:0003176,GO:0003181,GO:0003203,GO:0003210,GO:0003272,GO:0003331,GO:0006355,GO:0006879,GO:0006954,GO:0007219,GO:0007267,GO:0007507,GO:0008284,GO:0008285,GO:0009887,GO:0010467,GO:0010628,GO:0010629,GO:0010718,GO:0010894,GO:0010922,GO:0021537,GO:0021978,GO:0022408,GO:0030154,GO:0030177,GO:0030282,GO:0030316,GO:0030335,GO:0030501,GO:0030509,GO:0030512,GO:0032348,GO:0033690,GO:0035051,GO:0035054,GO:0035360,GO:0042475,GO:0042482,GO:0043065,GO:0043410,GO:0043569,GO:0045165,GO:0045597,GO:0045599,GO:0045600,GO:0045666,GO:0045778,GO:0045786,GO:0045892,GO:0045893,GO:0045944,GO:0048662,GO:0048711,GO:0048762,GO:0048839,GO:0051042,GO:0051216,GO:0055007,GO:0055008,GO:0060039,GO:0060128,GO:0060129,GO:0060317,GO:0060348,GO:0060391,GO:0060426,GO:0060485,GO:0060537,GO:0061036,GO:0070374,GO:0071773,GO:0072138,GO:0090090,GO:1900159,GO:1900745,GO:1901331,GO:1902895,GO:1905072,GO:1905222,GO:2000065,GO:2000725,GO:2000726
100	GO:0000122,GO:0001501,GO:0001503,GO:0001649,GO:0001658,GO:0001666,GO:0001701,GO:0001837,GO:0001934,GO:0002062,GO:0002573,GO:0003007,GO:0003129,GO:0003133,GO:0003176,GO:0003181,GO:0003203,GO:0003210,GO:0003272,GO:0003331,GO:0006355,GO:0006879,GO:0006954,GO:0007219,GO:0007267,GO:0007507,GO:0008284,GO:0008285,GO:0009887,GO:0010467,GO:0010628,GO:0010629,GO:0010718,GO:0010894,GO:0010922,GO:0021537,GO:0021978,GO:0022408,GO:0030154,GO:0030177,GO:0030282,GO:0030316,GO:0030335,GO:0030501,GO:0030509,GO:0030512,GO:0032348,GO:0033690,GO:0035051,GO:0035054,GO:0035360,GO:0042475,GO:0042482,GO:0043065,GO:0043410,GO:0043569,GO:0045165,GO:0045597,GO:0045599,GO:0045600,GO:0045666,GO:0045778,GO:0045786,GO:0045892,GO:0045893,GO:0045944,GO:0048662,GO:0048711,GO:0048762,GO:0048839,GO:0051042,GO:0051216,GO:0055007,GO:0055008,GO:0060039,GO:0060128,GO:0060129,GO:0060317,GO:0060348,GO:0060391,GO:0060426,GO:0060485,GO:0060537,GO:0061036,GO:0070374,GO:0071773,GO:0072138,GO:0090090,GO:1900159,GO:1900745,GO:1901331,GO:1902895,GO:1905072,GO:1905222,GO:2000065,GO:2000725,GO:2000726	GO:0000122,GO:0000165,GO:0001568,GO:0001649,GO:0001764,GO:0001782,GO:0001947,GO:0001958,GO:0001974,GO:0002062,GO:0002467,GO:0002634,GO:0002931,GO:0003138,GO:0003139,GO:0003151,GO:0003185,GO:0003211,GO:0006355,GO:0006915,GO:0006959,GO:0007399,GO:0007507,GO:0007517,GO:0007519,GO:0007521,GO:0007611,GO:0010628,GO:0010629,GO:0014033,GO:0014902,GO:0030154,GO:0030182,GO:0030220,GO:0030279,GO:0030318,GO:0030501,GO:0030890,GO:0035984,GO:0042100,GO:0043410,GO:0043523,GO:0043524,GO:0043537,GO:0045652,GO:0045663,GO:0045666,GO:0045669,GO:0045893,GO:0045944,GO:0046928,GO:0048167,GO:0048643,GO:0048666,GO:0048667,GO:0050853,GO:0051145,GO:0051963,GO:0051966,GO:0055012,GO:0060025,GO:0060045,GO:0060079,GO:0060998,GO:0061333,GO:0071222,GO:0071277,GO:0071374,GO:0071466,GO:0071498,GO:0071560,GO:0072102,GO:0072160,GO:0098989,GO:0098990,GO:1904706,GO:1904753,GO:1905563,GO:2000111,GO:2000727,GO:2000987,GO:2001013,GO:2001016
100	GO:0000122,GO:0001501,GO:0001503,GO:0001649,GO:0001658,GO:0001666,GO:0001701,GO:0001837,GO:0001934,GO:0002062,GO:0002573,GO:0003007,GO:0003129,GO:0003133,GO:0003176,GO:0003181,GO:0003203,GO:0003210,GO:0003272,GO:0003331,GO:0006355,GO:0006879,GO:0006954,GO:0007219,GO:0007267,GO:0007507,GO:0008284,GO:0008285,GO:0009887,GO:0010467,GO:0010628,GO:0010629,GO:0010718,GO:0010894,GO:0010922,GO:0021537,GO:0021978,GO:0022408,GO:0030154,GO:0030177,GO:0030282,GO:0030316,GO:0030335,GO:0030501,GO:0030509,GO:0030512,GO:0032348,GO:0033690,GO:0035051,GO:0035054,GO:0035360,GO:0042475,GO:0042482,GO:0043065,GO:0043410,GO:0043569,GO:0045165,GO:0045597,GO:0045599,GO:0045600,GO:0045666,GO:0045778,GO:0045786,GO:0045892,GO:0045893,GO:0045944,GO:0048662,GO:0048711,GO:0048762,GO:0048839,GO:0051042,GO:0051216,GO:0055007,GO:0055008,GO:0060039,GO:0060128,GO:0060129,GO:0060317,GO:0060348,GO:0060391,GO:0060426,GO:0060485,GO:0060537,GO:0061036,GO:0070374,GO:0071773,GO:0072138,GO:0090090,GO:1900159,GO:1900745,GO:1901331,GO:1902895,GO:1905072,GO:1905222,GO:2000065,GO:2000725,GO:2000726	GO:0000122,GO:0001666,GO:0001774,GO:0001819,GO:0001937,GO:0001975,GO:0002037,GO:0002281,GO:0002439,GO:0002639,GO:0002700,GO:0002719,GO:0003009,GO:0003085,GO:0006325,GO:0006954,GO:0006955,GO:0007259,GO:0007623,GO:0008285,GO:0008625,GO:0008630,GO:0009410,GO:0009612,GO:0009615,GO:0009617,GO:0009651,GO:0009750,GO:0010459,GO:0010573,GO:0010628,GO:0010629,GO:0010744,GO:0010888,GO:0014823,GO:0019722,GO:0031334,GO:0031349,GO:0031622,GO:0031642,GO:0031667,GO:0032496,GO:0032715,GO:0032722,GO:0032724,GO:0032731,GO:0032741,GO:0032755,GO:0032757,GO:0033209,GO:0034116,GO:0034138,GO:0035900,GO:0036005,GO:0042127,GO:0042311,GO:0043065,GO:0043066,GO:0043068,GO:0043122,GO:0043123,GO:0043243,GO:0043410,GO:0043525,GO:0043537,GO:0045071,GO:0045087,GO:0045429,GO:0045471,GO:0045598,GO:0045599,GO:0045668,GO:0045672,GO:0045732,GO:0045760,GO:0045785,GO:0045840,GO:0045892,GO:0045893,GO:0045930,GO:0045944,GO:0046325,GO:0046330,GO:0046677,GO:0048143,GO:0048566,GO:0048661,GO:0050729,GO:0050768,GO:0050793,GO:0050796,GO:0050804,GO:0050806,GO:0050807,GO:0050890,GO:0050901,GO:0050966,GO:0050995,GO:0051044,GO:0051046,GO:0051222,GO:0051239,GO:0051384,GO:0051798,GO:0051897,GO:0051966,GO:0060252,GO:0060557,GO:0061044,GO:0061048,GO:0070374,GO:0070886,GO:0071219,GO:0071222,GO:0071300,GO:0071316,GO:0071346,GO:0071479,GO:0071677,GO:0071803,GO:0072577,GO:0072659,GO:0090324,GO:0090594,GO:0097191,GO:0097237,GO:0097421,GO:0097527,GO:0120190,GO:0140374,GO:0140460,GO:0150078,GO:0150129,GO:1900017,GO:1900222,GO:1901224,GO:1901647,GO:1902004,GO:1902065,GO:1902565,GO:1902894,GO:1902895,GO:1903078,GO:1903140,GO:1903347,GO:1903829,GO:1904638,GO:1904646,GO:1904707,GO:1904880,GO:1904996,GO:1904999,GO:1905235,GO:1905242,GO:1990268,GO:2000010,GO:2000334,GO:2000343,GO:2000347,GO:2000351,GO:2000377,GO:2000573,GO:2001234,GO:2001238,GO:2001240
100	GO:0000122,GO:0001501,GO:0001503,GO:0001649,GO:0001658,GO:0001666,GO:0001701,GO:0001837,GO:0001934,GO:0002062,GO:0002573,GO:0003007,GO:0003129,GO:0003133,GO:0003176,GO:0003181,GO:0003203,GO:0003210,GO:0003272,GO:0003331,GO:0006355,GO:0006879,GO:0006954,GO:0007219,GO:0007267,GO:0007507,GO:0008284,GO:0008285,GO:0009887,GO:0010467,GO:0010628,GO:0010629,GO:0010718,GO:0010894,GO:0010922,GO:0021537,GO:0021978,GO:0022408,GO:0030154,GO:0030177,GO:0030282,GO:0030316,GO:0030335,GO:0030501,GO:0030509,GO:0030512,GO:0032348,GO:0033690,GO:0035051,GO:0035054,GO:0035360,GO:0042475,GO:0042482,GO:0043065,GO:0043410,GO:0043569,GO:0045165,GO:0045597,GO:0045599,GO:0045600,GO:0045666,GO:0045778,GO:0045786,GO:0045892,GO:0045893,GO:0045944,GO:0048662,GO:0048711,GO:0048762,GO:0048839,GO:0051042,GO:0051216,GO:0055007,GO:0055008,GO:0060039,GO:0060128,GO:0060129,GO:0060317,GO:0060348,GO:0060391,GO:0060426,GO:0060485,GO:0060537,GO:0061036,GO:0070374,GO:0071773,GO:0072138,GO:0090090,GO:1900159,GO:1900745,GO:1901331,GO:1902895,GO:1905072,GO:1905222,GO:2000065,GO:2000725,GO:2000726	GO:0000122,GO:0002244,GO:0006289,GO:0006355,GO:0006357,GO:0006914,GO:0006915,GO:0006974,GO:0006979,GO:0006983,GO:0007265,GO:0007623,GO:0008104,GO:0008285,GO:0008340,GO:0009299,GO:0009410,GO:0009411,GO:0010212,GO:0010332,GO:0010628,GO:0012501,GO:0016032,GO:0030308,GO:0030330,GO:0031571,GO:0032211,GO:0033209,GO:0034644,GO:0042149,GO:0042771,GO:0042981,GO:0043065,GO:0043066,GO:0043153,GO:0045815,GO:0045892,GO:0045893,GO:0045899,GO:0045944,GO:0046677,GO:0048147,GO:0048511,GO:0048512,GO:0048539,GO:0051053,GO:0051097,GO:0051262,GO:0051726,GO:0060218,GO:0060333,GO:0062100,GO:0065003,GO:0070059,GO:0070245,GO:0071456,GO:0071466,GO:0071479,GO:0071480,GO:0072331,GO:0072332,GO:0072717,GO:0090200,GO:0090398,GO:0090399,GO:0090403,GO:0097190,GO:0097193,GO:0097252,GO:1900119,GO:1902749,GO:1902895,GO:1903451,GO:1905856,GO:2000379,GO:2000774,GO:2001242,GO:2001244
100	GO:0000122,GO:0001525,GO:0001657,GO:0001701,GO:0001837,GO:0002053,GO:0003148,GO:0003149,GO:0003416,GO:0006915,GO:0007267,GO:0007409,GO:0008284,GO:0008543,GO:0008589,GO:0009791,GO:0009880,GO:0009887,GO:0010518,GO:0010839,GO:0016331,GO:0018108,GO:0021769,GO:0021847,GO:0021860,GO:0022612,GO:0030177,GO:0030282,GO:0030324,GO:0030855,GO:0030901,GO:0030916,GO:0031069,GO:0032496,GO:0032808,GO:0033688,GO:0035265,GO:0035602,GO:0035603,GO:0035604,GO:0035607,GO:0042472,GO:0042476,GO:0043009,GO:0043410,GO:0044344,GO:0045165,GO:0045471,GO:0045595,GO:0045667,GO:0045787,GO:0045944,GO:0046777,GO:0048286,GO:0048333,GO:0048557,GO:0048562,GO:0048565,GO:0048568,GO:0048608,GO:0048701,GO:0048705,GO:0048730,GO:0048755,GO:0048762,GO:0050679,GO:0050680,GO:0051150,GO:0051781,GO:0055010,GO:0060045,GO:0060174,GO:0060348,GO:0060349,GO:0060442,GO:0060445,GO:0060449,GO:0060463,GO:0060484,GO:0060501,GO:0060512,GO:0060523,GO:0060527,GO:0060529,GO:0060601,GO:0060615,GO:0060664,GO:0060667,GO:0060670,GO:0060688,GO:0060915,GO:0060916,GO:0070372,GO:0070374,GO:0071300,GO:0071456,GO:0071560,GO:0090263,GO:1904707,GO:1904888	GO:0001837,GO:0001954,GO:0003170,GO:0005977,GO:0006468,GO:0006983,GO:0007005,GO:0007399,GO:0007623,GO:0008286,GO:0009968,GO:0010508,GO:0010628,GO:0010629,GO:0010719,GO:0010975,GO:0016055,GO:0018105,GO:0019082,GO:0021766,GO:0030010,GO:0030011,GO:0030154,GO:0030336,GO:0030516,GO:0031175,GO:0031333,GO:0031334,GO:0031398,GO:0032007,GO:0032092,GO:0032436,GO:0032481,GO:0032880,GO:0032886,GO:0034976,GO:0035556,GO:0036016,GO:0042752,GO:0043066,GO:0043161,GO:0043525,GO:0045597,GO:0045668,GO:0045719,GO:0045724,GO:0045732,GO:0045879,GO:0046777,GO:0046825,GO:0046827,GO:0048511,GO:0048814,GO:0050770,GO:0060070,GO:0060079,GO:0070507,GO:0070885,GO:0071109,GO:0071300,GO:0090090,GO:0097191,GO:0097192,GO:0099171,GO:0106027,GO:0150101,GO:0160213,GO:1900034,GO:1900181,GO:1900271,GO:1901030,GO:1901701,GO:1902042,GO:1903566,GO:1903940,GO:1904339,GO:1904646,GO:1904781,GO:1904951,GO:2000077,GO:2000466,GO:2000740
100	GO:0000122,GO:0001501,GO:0001503,GO:0001649,GO:0001658,GO:0001666,GO:0001701,GO:0001837,GO:0001934,GO:0002062,GO:0002573,GO:0003007,GO:0003129,GO:0003133,GO:0003176,GO:0003181,GO:0003203,GO:0003210,GO:0003272,GO:0003331,GO:0006355,GO:0006879,GO:0006954,GO:0007219,GO:0007267,GO:0007507,GO:0008284,GO:0008285,GO:0009887,GO:0010467,GO:0010628,GO:0010629,GO:0010718,GO:0010894,GO:0010922,GO:0021537,GO:0021978,GO:0022408,GO:0030154,GO:0030177,GO:0030282,GO:0030316,GO:0030335,GO:0030501,GO:0030509,GO:0030512,GO:0032348,GO:0033690,GO:0035051,GO:0035054,GO:0035360,GO:0042475,GO:0042482,GO:0043065,GO:0043410,GO:0043569,GO:0045165,GO:0045597,GO:0045599,GO:0045600,GO:0045666,GO:0045778,GO:0045786,GO:0045892,GO:0045893,GO:0045944,GO:0048662,GO:0048711,GO:0048762,GO:0048839,GO:0051042,GO:0051216,GO:0055007,GO:0055008,GO:0060039,GO:0060128,GO:0060129,GO:0060317,GO:0060348,GO:0060391,GO:0060426,GO:0060485,GO:0060537,GO:0061036,GO:0070374,GO:0071773,GO:0072138,GO:0090090,GO:1900159,GO:1900745,GO:1901331,GO:1902895,GO:1905072,GO:1905222,GO:2000065,GO:2000725,GO:2000726	GO:0000122,GO:0001525,GO:0001558,GO:0001889,GO:0001934,GO:0001935,GO:0002639,GO:0006355,GO:0006357,GO:0006366,GO:0006511,GO:0006629,GO:0006633,GO:0006914,GO:0006915,GO:0006955,GO:0006986,GO:0007517,GO:0008284,GO:0010506,GO:0010508,GO:0010832,GO:0015031,GO:0030154,GO:0030335,GO:0030512,GO:0030968,GO:0031647,GO:0031648,GO:0031670,GO:0032008,GO:0032755,GO:0032869,GO:0034599,GO:0034976,GO:0035356,GO:0035470,GO:0035924,GO:0036498,GO:0036500,GO:0036503,GO:0042149,GO:0042307,GO:0042632,GO:0043066,GO:0043491,GO:0045348,GO:0045579,GO:0045582,GO:0045600,GO:0045766,GO:0045944,GO:0048010,GO:0048666,GO:0051897,GO:0055089,GO:0055092,GO:0060392,GO:0060612,GO:0070059,GO:0070373,GO:0071073,GO:0071222,GO:0071230,GO:0071332,GO:0071333,GO:0071353,GO:0071375,GO:0071498,GO:0071499,GO:1900017,GO:1900100,GO:1900102,GO:1901985,GO:1902236,GO:1903489,GO:1904294,GO:1904707,GO:1904754,GO:1990418,GO:2000347,GO:2000353
100	GO:0000122,GO:0000165,GO:0001666,GO:0001821,GO:0001975,GO:0003015,GO:0003094,GO:0003100,GO:0003253,GO:0003357,GO:0006366,GO:0006874,GO:0007005,GO:0007166,GO:0007186,GO:0007204,GO:0007267,GO:0007411,GO:0008217,GO:0008284,GO:0009410,GO:0010193,GO:0010460,GO:0010467,GO:0010595,GO:0010613,GO:0010629,GO:0014033,GO:0014034,GO:0014823,GO:0014824,GO:0014826,GO:0019229,GO:0019722,GO:0023019,GO:0030072,GO:0030185,GO:0030195,GO:0030335,GO:0030878,GO:0031175,GO:0031394,GO:0032308,GO:0032496,GO:0033574,GO:0034392,GO:0034696,GO:0035050,GO:0035094,GO:0035556,GO:0035994,GO:0042045,GO:0042310,GO:0042482,GO:0042554,GO:0043200,GO:0043410,GO:0043491,GO:0044321,GO:0044751,GO:0045321,GO:0045429,GO:0045793,GO:0045840,GO:0045944,GO:0045987,GO:0046330,GO:0046887,GO:0046888,GO:0048661,GO:0048675,GO:0050850,GO:0051248,GO:0051899,GO:0060070,GO:0060137,GO:0060298,GO:0060385,GO:0061051,GO:0061626,GO:0070101,GO:0070294,GO:0070301,GO:0070371,GO:0070588,GO:0071277,GO:0071346,GO:0071347,GO:0071356,GO:0071372,GO:0071373,GO:0071375,GO:0071385,GO:0071389,GO:0071398,GO:0071456,GO:0071466,GO:0071526,GO:0071548,GO:0071559,GO:0071560,GO:0072011,GO:0072112,GO:0086100,GO:0090023,GO:0097237,GO:0097492,GO:0097746,GO:0141156,GO:0160195,GO:1900182,GO:1901224,GO:1902074,GO:1903537,GO:1904707,GO:1905653,GO:2001259	GO:0000012,GO:0000122,GO:0000183,GO:0000720,GO:0000731,GO:0001525,GO:0001678,GO:0001934,GO:0001938,GO:0002821,GO:0006325,GO:0006346,GO:0006476,GO:0006642,GO:0006915,GO:0006974,GO:0006979,GO:0007179,GO:0007346,GO:0007517,GO:0007623,GO:0008284,GO:0008630,GO:0009267,GO:0010629,GO:0010824,GO:0010868,GO:0010875,GO:0010883,GO:0010906,GO:0016239,GO:0016567,GO:0018394,GO:0030154,GO:0030225,GO:0030512,GO:0030968,GO:0031393,GO:0031507,GO:0031509,GO:0031648,GO:0032007,GO:0032071,GO:0032436,GO:0032868,GO:0032922,GO:0033210,GO:0034391,GO:0035331,GO:0035356,GO:0035358,GO:0042127,GO:0042149,GO:0042326,GO:0042542,GO:0042632,GO:0042771,GO:0042981,GO:0043065,GO:0043066,GO:0043124,GO:0043161,GO:0043518,GO:0043536,GO:0044321,GO:0045348,GO:0045599,GO:0045722,GO:0045739,GO:0045766,GO:0045786,GO:0045892,GO:0045944,GO:0046015,GO:0046628,GO:0046890,GO:0048511,GO:0050793,GO:0050872,GO:0051152,GO:0051239,GO:0051658,GO:0051897,GO:0051898,GO:0055089,GO:0060766,GO:0060907,GO:0062013,GO:0070301,GO:0070857,GO:0070914,GO:0071356,GO:0071456,GO:0071479,GO:0090335,GO:0090400,GO:0097009,GO:0106230,GO:0140861,GO:1900034,GO:1901797,GO:1901984,GO:1902166,GO:1902176,GO:1902237,GO:1902424,GO:1904179,GO:2000111,GO:2000481,GO:2000655,GO:2000757,GO:2000773,GO:2000774,GO:2000781
100	GO:0000122,GO:0001774,GO:0001878,GO:0002265,GO:0006357,GO:0006417,GO:0006816,GO:0006878,GO:0006897,GO:0006915,GO:0007155,GO:0007186,GO:0007189,GO:0007193,GO:0007219,GO:0007409,GO:0007417,GO:0007611,GO:0007612,GO:0007613,GO:0007617,GO:0007626,GO:0008088,GO:0008285,GO:0008306,GO:0008344,GO:0008542,GO:0010288,GO:0010468,GO:0010604,GO:0010628,GO:0010629,GO:0014005,GO:0016199,GO:0016322,GO:0016358,GO:0019722,GO:0019731,GO:0019732,GO:0030111,GO:0030178,GO:0030198,GO:0031175,GO:0031583,GO:0032224,GO:0032722,GO:0032729,GO:0032731,GO:0032755,GO:0032760,GO:0032930,GO:0034121,GO:0035235,GO:0036269,GO:0040014,GO:0042157,GO:0043065,GO:0043408,GO:0043410,GO:0043523,GO:0043525,GO:0045087,GO:0045429,GO:0045471,GO:0045666,GO:0045745,GO:0045752,GO:0045821,GO:0045931,GO:0045944,GO:0046330,GO:0048143,GO:0048169,GO:0048669,GO:0050729,GO:0050803,GO:0050808,GO:0050829,GO:0050830,GO:0050850,GO:0050867,GO:0050890,GO:0050918,GO:0051044,GO:0051246,GO:0051247,GO:0051260,GO:0051262,GO:0051580,GO:0051897,GO:0055096,GO:0061844,GO:0070206,GO:0070374,GO:0070555,GO:0071280,GO:0071287,GO:0071320,GO:0071874,GO:0090026,GO:0090090,GO:0098815,GO:0098989,GO:0110088,GO:0141137,GO:0141163,GO:0150003,GO:1900181,GO:1900221,GO:1900272,GO:1900273,GO:1900454,GO:1901224,GO:1902894,GO:1902950,GO:1902951,GO:1902993,GO:1903381,GO:1903523,GO:1904022,GO:1904472,GO:1904591,GO:1904646,GO:1905606,GO:1905898,GO:1905906,GO:1905908,GO:1905945,GO:1990000,GO:1990090,GO:1990418,GO:1990535,GO:2000406,GO:2000463,GO:2001238	GO:0000122,GO:0000165,GO:0001568,GO:0001649,GO:0001764,GO:0001782,GO:0001947,GO:0001958,GO:0001974,GO:0002062,GO:0002467,GO:0002634,GO:0002931,GO:0003138,GO:0003139,GO:0003151,GO:0003185,GO:0003211,GO:0006355,GO:0006915,GO:0006959,GO:0007399,GO:0007507,GO:0007517,GO:0007519,GO:0007521,GO:0007611,GO:0010628,GO:0010629,GO:0014033,GO:0014902,GO:0030154,GO:0030182,GO:0030220,GO:0030279,GO:0030318,GO:0030501,GO:0030890,GO:0035984,GO:0042100,GO:0043410,GO:0043523,GO:0043524,GO:0043537,GO:0045652,GO:0045663,GO:0045666,GO:0045669,GO:0045893,GO:0045944,GO:0046928,GO:0048167,GO:0048643,GO:0048666,GO:0048667,GO:0050853,GO:0051145,GO:0051963,GO:0051966,GO:0055012,GO:0060025,GO:0060045,GO:0060079,GO:0060998,GO:0061333,GO:0071222,GO:0071277,GO:0071374,GO:0071466,GO:0071498,GO:0071560,GO:0072102,GO:0072160,GO:0098989,GO:0098990,GO:1904706,GO:1904753,GO:1905563,GO:2000111,GO:2000727,GO:2000987,GO:2001013,GO:2001016
100	GO:0000122,GO:0001570,GO:0001666,GO:0001937,GO:0006641,GO:0006816,GO:0006874,GO:0006940,GO:0007519,GO:0008104,GO:0009267,GO:0009617,GO:0010524,GO:0010608,GO:0010628,GO:0010875,GO:0016050,GO:0019065,GO:0019217,GO:0019915,GO:0030154,GO:0030193,GO:0030301,GO:0030335,GO:0030514,GO:0030857,GO:0030879,GO:0031295,GO:0031397,GO:0031398,GO:0031623,GO:0032507,GO:0032570,GO:0033484,GO:0038016,GO:0038166,GO:0042632,GO:0043123,GO:0043409,GO:0043627,GO:0044860,GO:0045019,GO:0045907,GO:0046209,GO:0046426,GO:0048550,GO:0051480,GO:0051592,GO:0051899,GO:0055074,GO:0060056,GO:0060070,GO:0060546,GO:0070836,GO:0071218,GO:0071375,GO:0071455,GO:0072584,GO:0086091,GO:0090090,GO:0097190,GO:0098903,GO:0098909,GO:0098911,GO:0120162,GO:1900027,GO:1901380,GO:1901844,GO:1903361,GO:1903598,GO:1904294,GO:2000535,GO:2000811,GO:2001238,GO:2001244	GO:0000278,GO:0001525,GO:0001569,GO:0001974,GO:0001975,GO:0002027,GO:0003015,GO:0003094,GO:0003207,GO:0003220,GO:0003228,GO:0003253,GO:0003357,GO:0006874,GO:0006939,GO:0007005,GO:0007165,GO:0007186,GO:0007190,GO:0007200,GO:0007204,GO:0007411,GO:0007507,GO:0007585,GO:0008217,GO:0008283,GO:0009611,GO:0010467,GO:0014033,GO:0014034,GO:0014824,GO:0014829,GO:0016322,GO:0030878,GO:0031175,GO:0032835,GO:0034599,GO:0035050,GO:0035904,GO:0042310,GO:0042415,GO:0042474,GO:0044751,GO:0048066,GO:0048484,GO:0048485,GO:0048675,GO:0048706,GO:0050905,GO:0055078,GO:0060070,GO:0060324,GO:0060385,GO:0061626,GO:0070294,GO:0070588,GO:0071372,GO:0071373,GO:0071526,GO:0072011,GO:0072112,GO:0086100,GO:0097018,GO:0097084,GO:0097152,GO:0097237,GO:0097492,GO:0141156,GO:1903210,GO:1903537,GO:1904888,GO:1905144,GO:1905871,GO:2001259
100	GO:0000122,GO:0001570,GO:0001666,GO:0001937,GO:0006641,GO:0006816,GO:0006874,GO:0006940,GO:0007519,GO:0008104,GO:0009267,GO:0009617,GO:0010524,GO:0010608,GO:0010628,GO:0010875,GO:0016050,GO:0019065,GO:0019217,GO:0019915,GO:0030154,GO:0030193,GO:0030301,GO:0030335,GO:0030514,GO:0030857,GO:0030879,GO:0031295,GO:0031397,GO:0031398,GO:0031623,GO:0032507,GO:0032570,GO:0033484,GO:0038016,GO:0038166,GO:0042632,GO:0043123,GO:0043409,GO:0043627,GO:0044860,GO:0045019,GO:0045907,GO:0046209,GO:0046426,GO:0048550,GO:0051480,GO:0051592,GO:0051899,GO:0055074,GO:0060056,GO:0060070,GO:0060546,GO:0070836,GO:0071218,GO:0071375,GO:0071455,GO:0072584,GO:0086091,GO:0090090,GO:0097190,GO:0098903,GO:0098909,GO:0098911,GO:0120162,GO:1900027,GO:1901380,GO:1901844,GO:1903361,GO:1903598,GO:1904294,GO:2000535,GO:2000811,GO:2001238,GO:2001244	GO:0001660,GO:0001819,GO:0002282,GO:0002711,GO:0006915,GO:0006954,GO:0006955,GO:0007165,GO:0007267,GO:0007566,GO:0008284,GO:0008285,GO:0010573,GO:0010575,GO:0010628,GO:0010641,GO:0010718,GO:0010744,GO:0010829,GO:0014805,GO:0019221,GO:0030213,GO:0030224,GO:0030335,GO:0030949,GO:0031394,GO:0031622,GO:0032308,GO:0032496,GO:0032691,GO:0032725,GO:0032729,GO:0032743,GO:0032755,GO:0032757,GO:0033092,GO:0034116,GO:0042102,GO:0043122,GO:0043123,GO:0043409,GO:0043410,GO:0045429,GO:0045766,GO:0045833,GO:0045840,GO:0045893,GO:0045917,GO:0046330,GO:0046627,GO:0046827,GO:0050691,GO:0050728,GO:0050729,GO:0050767,GO:0050768,GO:0050796,GO:0050805,GO:0050830,GO:0050995,GO:0050996,GO:0050999,GO:0051044,GO:0051781,GO:0051897,GO:0060252,GO:0060355,GO:0070164,GO:0070372,GO:0070374,GO:0070487,GO:0070498,GO:0070555,GO:0071222,GO:0071260,GO:0071466,GO:0071639,GO:0097398,GO:0150078,GO:1900745,GO:1901224,GO:1902680,GO:1903140,GO:1903530,GO:1903597,GO:1905075,GO:2000556,GO:2000660,GO:2001240
100	GO:0000122,GO:0001525,GO:0001542,GO:0001666,GO:0001819,GO:0001890,GO:0001936,GO:0002021,GO:0003300,GO:0006112,GO:0006114,GO:0006629,GO:0006909,GO:0007165,GO:0007259,GO:0007565,GO:0007584,GO:0007623,GO:0008217,GO:0008284,GO:0008343,GO:0009062,GO:0009892,GO:0010507,GO:0010888,GO:0014823,GO:0019953,GO:0030217,GO:0031667,GO:0032008,GO:0032099,GO:0032310,GO:0032355,GO:0032735,GO:0032755,GO:0032757,GO:0032760,GO:0032814,GO:0032817,GO:0032868,GO:0033197,GO:0033210,GO:0033686,GO:0035360,GO:0035556,GO:0035630,GO:0038108,GO:0042102,GO:0042269,GO:0042307,GO:0043066,GO:0043270,GO:0043410,GO:0044320,GO:0045471,GO:0045765,GO:0045906,GO:0046325,GO:0046427,GO:0046628,GO:0046850,GO:0046881,GO:0048639,GO:0050892,GO:0050901,GO:0050999,GO:0051051,GO:0051726,GO:0051897,GO:0060587,GO:0061037,GO:0070093,GO:0071298,GO:0071300,GO:0090335,GO:0097009,GO:0097696,GO:0098868,GO:0120162,GO:1900015,GO:1900745,GO:1904651,GO:1990051,GO:2000379,GO:2000486,GO:2000491	GO:0000122,GO:0000165,GO:0001568,GO:0001649,GO:0001764,GO:0001782,GO:0001947,GO:0001958,GO:0001974,GO:0002062,GO:0002467,GO:0002634,GO:0002931,GO:0003138,GO:0003139,GO:0003151,GO:0003185,GO:0003211,GO:0006355,GO:0006915,GO:0006959,GO:0007399,GO:0007507,GO:0007517,GO:0007519,GO:0007521,GO:0007611,GO:0010628,GO:0010629,GO:0014033,GO:0014902,GO:0030154,GO:0030182,GO:0030220,GO:0030279,GO:0030318,GO:0030501,GO:0030890,GO:0035984,GO:0042100,GO:0043410,GO:0043523,GO:0043524,GO:0043537,GO:0045652,GO:0045663,GO:0045666,GO:0045669,GO:0045893,GO:0045944,GO:0046928,GO:0048167,GO:0048643,GO:0048666,GO:0048667,GO:0050853,GO:0051145,GO:0051963,GO:0051966,GO:0055012,GO:0060025,GO:0060045,GO:0060079,GO:0060998,GO:0061333,GO:0071222,GO:0071277,GO:0071374,GO:0071466,GO:0071498,GO:0071560,GO:0072102,GO:0072160,GO:0098989,GO:0098990,GO:1904706,GO:1904753,GO:1905563,GO:2000111,GO:2000727,GO:2000987,GO:2001013,GO:2001016
100	GO:0000122,GO:0001525,GO:0001657,GO:0001701,GO:0001837,GO:0002053,GO:0003148,GO:0003149,GO:0003416,GO:0006915,GO:0007267,GO:0007409,GO:0008284,GO:0008543,GO:0008589,GO:0009791,GO:0009880,GO:0009887,GO:0010518,GO:0010839,GO:0016331,GO:0018108,GO:0021769,GO:0021847,GO:0021860,GO:0022612,GO:0030177,GO:0030282,GO:0030324,GO:0030855,GO:0030901,GO:0030916,GO:0031069,GO:0032496,GO:0032808,GO:0033688,GO:0035265,GO:0035602,GO:0035603,GO:0035604,GO:0035607,GO:0042472,GO:0042476,GO:0043009,GO:0043410,GO:0044344,GO:0045165,GO:0045471,GO:0045595,GO:0045667,GO:0045787,GO:0045944,GO:0046777,GO:0048286,GO:0048333,GO:0048557,GO:0048562,GO:0048565,GO:0048568,GO:0048608,GO:0048701,GO:0048705,GO:0048730,GO:0048755,GO:0048762,GO:0050679,GO:0050680,GO:0051150,GO:0051781,GO:0055010,GO:0060045,GO:0060174,GO:0060348,GO:0060349,GO:0060442,GO:0060445,GO:0060449,GO:0060463,GO:0060484,GO:0060501,GO:0060512,GO:0060523,GO:0060527,GO:0060529,GO:0060601,GO:0060615,GO:0060664,GO:0060667,GO:0060670,GO:0060688,GO:0060915,GO:0060916,GO:0070372,GO:0070374,GO:0071300,GO:0071456,GO:0071560,GO:0090263,GO:1904707,GO:1904888	GO:0000122,GO:0000209,GO:0000266,GO:0000422,GO:0000423,GO:0006511,GO:0006513,GO:0006914,GO:0006979,GO:0006986,GO:0007005,GO:0007417,GO:0008344,GO:0009410,GO:0009896,GO:0010498,GO:0010506,GO:0010628,GO:0010629,GO:0010636,GO:0010637,GO:0010821,GO:0010906,GO:0010918,GO:0010994,GO:0014059,GO:0014850,GO:0016236,GO:0016567,GO:0016579,GO:0022603,GO:0030163,GO:0031396,GO:0031647,GO:0031648,GO:0032232,GO:0032368,GO:0032436,GO:0033132,GO:0034599,GO:0034620,GO:0034976,GO:0035519,GO:0035774,GO:0036503,GO:0042053,GO:0042417,GO:0043065,GO:0043123,GO:0043161,GO:0043524,GO:0043653,GO:0044314,GO:0044828,GO:0045732,GO:0045944,GO:0046329,GO:0046676,GO:0050804,GO:0050821,GO:0051412,GO:0051582,GO:0051646,GO:0051865,GO:0051881,GO:0051967,GO:0060544,GO:0060828,GO:0061734,GO:0070050,GO:0070534,GO:0070585,GO:0070842,GO:0070936,GO:0070979,GO:0071287,GO:0080090,GO:0085020,GO:0090090,GO:0090141,GO:0090201,GO:0090258,GO:0090394,GO:0097237,GO:0099072,GO:0099074,GO:0140251,GO:1900242,GO:1900407,GO:1901526,GO:1901800,GO:1902236,GO:1902254,GO:1902530,GO:1902803,GO:1903265,GO:1903351,GO:1903377,GO:1903382,GO:1903427,GO:1903530,GO:1903542,GO:1903747,GO:1903861,GO:1904049,GO:1904643,GO:1904845,GO:1904881,GO:1905091,GO:1905232,GO:1905281,GO:1905366,GO:1905477,GO:1990000,GO:2000377,GO:2000378,GO:2001171
100	GO:0000302,GO:0001523,GO:0001937,GO:0006629,GO:0006641,GO:0006869,GO:0006898,GO:0007010,GO:0007186,GO:0007271,GO:0007616,GO:0008202,GO:0008203,GO:0010544,GO:0010596,GO:0010629,GO:0010642,GO:0010875,GO:0010877,GO:0010976,GO:0010977,GO:0015909,GO:0017038,GO:0019068,GO:0030195,GO:0030516,GO:0031175,GO:0032438,GO:0032489,GO:0032805,GO:0033344,GO:0033700,GO:0034372,GO:0034374,GO:0034375,GO:0034380,GO:0034382,GO:0034384,GO:0034447,GO:0035641,GO:0038060,GO:0042157,GO:0042158,GO:0042632,GO:0042981,GO:0042982,GO:0043254,GO:0043409,GO:0043537,GO:0043691,GO:0044794,GO:0045088,GO:0045429,GO:0045541,GO:0045807,GO:0045893,GO:0046889,GO:0048168,GO:0048662,GO:0050709,GO:0050728,GO:0050807,GO:0051044,GO:0051055,GO:0051246,GO:0051248,GO:0055089,GO:0055090,GO:0060999,GO:0061000,GO:0061136,GO:0061771,GO:0070328,GO:0070374,GO:0071402,GO:0071830,GO:0071831,GO:0090090,GO:0090181,GO:0090205,GO:0090370,GO:0097006,GO:0097113,GO:0097114,GO:0098869,GO:0140077,GO:1900221,GO:1900223,GO:1900272,GO:1901627,GO:1901631,GO:1902004,GO:1902430,GO:1902951,GO:1902952,GO:1902991,GO:1902995,GO:1902998,GO:1902999,GO:1903001,GO:1903002,GO:1905890,GO:1905906,GO:1905907,GO:1905908,GO:2000822	GO:0000122,GO:0001666,GO:0001774,GO:0001819,GO:0001937,GO:0001975,GO:0002037,GO:0002281,GO:0002439,GO:0002639,GO:0002700,GO:0002719,GO:0003009,GO:0003085,GO:0006325,GO:0006954,GO:0006955,GO:0007259,GO:0007623,GO:0008285,GO:0008625,GO:0008630,GO:0009410,GO:0009612,GO:0009615,GO:0009617,GO:0009651,GO:0009750,GO:0010459,GO:0010573,GO:0010628,GO:0010629,GO:0010744,GO:0010888,GO:0014823,GO:0019722,GO:0031334,GO:0031349,GO:0031622,GO:0031642,GO:0031667,GO:0032496,GO:0032715,GO:0032722,GO:0032724,GO:0032731,GO:0032741,GO:0032755,GO:0032757,GO:0033209,GO:0034116,GO:0034138,GO:0035900,GO:0036005,GO:0042127,GO:0042311,GO:0043065,GO:0043066,GO:0043068,GO:0043122,GO:0043123,GO:0043243,GO:0043410,GO:0043525,GO:0043537,GO:0045071,GO:0045087,GO:0045429,GO:0045471,GO:0045598,GO:0045599,GO:0045668,GO:0045672,GO:0045732,GO:0045760,GO:0045785,GO:0045840,GO:0045892,GO:0045893,GO:0045930,GO:0045944,GO:0046325,GO:0046330,GO:0046677,GO:0048143,GO:0048566,GO:0048661,GO:0050729,GO:0050768,GO:0050793,GO:0050796,GO:0050804,GO:0050806,GO:0050807,GO:0050890,GO:0050901,GO:0050966,GO:0050995,GO:0051044,GO:0051046,GO:0051222,GO:0051239,GO:0051384,GO:0051798,GO:0051897,GO:0051966,GO:0060252,GO:0060557,GO:0061044,GO:0061048,GO:0070374,GO:0070886,GO:0071219,GO:0071222,GO:0071300,GO:0071316,GO:0071346,GO:0071479,GO:0071677,GO:0071803,GO:0072577,GO:0072659,GO:0090324,GO:0090594,GO:0097191,GO:0097237,GO:0097421,GO:0097527,GO:0120190,GO:0140374,GO:0140460,GO:0150078,GO:0150129,GO:1900017,GO:1900222,GO:1901224,GO:1901647,GO:1902004,GO:1902065,GO:1902565,GO:1902894,GO:1902895,GO:1903078,GO:1903140,GO:1903347,GO:1903829,GO:1904638,GO:1904646,GO:1904707,GO:1904880,GO:1904996,GO:1904999,GO:1905235,GO:1905242,GO:1990268,GO:2000010,GO:2000334,GO:2000343,GO:2000347,GO:2000351,GO:2000377,GO:2000573,GO:2001234,GO:2001238,GO:2001240
100	GO:0000122,GO:0001501,GO:0001503,GO:0001649,GO:0001658,GO:0001666,GO:0001701,GO:0001837,GO:0001934,GO:0002062,GO:0002573,GO:0003007,GO:0003129,GO:0003133,GO:0003176,GO:0003181,GO:0003203,GO:0003210,GO:0003272,GO:0003331,GO:0006355,GO:0006879,GO:0006954,GO:0007219,GO:0007267,GO:0007507,GO:0008284,GO:0008285,GO:0009887,GO:0010467,GO:0010628,GO:0010629,GO:0010718,GO:0010894,GO:0010922,GO:0021537,GO:0021978,GO:0022408,GO:0030154,GO:0030177,GO:0030282,GO:0030316,GO:0030335,GO:0030501,GO:0030509,GO:0030512,GO:0032348,GO:0033690,GO:0035051,GO:0035054,GO:0035360,GO:0042475,GO:0042482,GO:0043065,GO:0043410,GO:0043569,GO:0045165,GO:0045597,GO:0045599,GO:0045600,GO:0045666,GO:0045778,GO:0045786,GO:0045892,GO:0045893,GO:0045944,GO:0048662,GO:0048711,GO:0048762,GO:0048839,GO:0051042,GO:0051216,GO:0055007,GO:0055008,GO:0060039,GO:0060128,GO:0060129,GO:0060317,GO:0060348,GO:0060391,GO:0060426,GO:0060485,GO:0060537,GO:0061036,GO:0070374,GO:0071773,GO:0072138,GO:0090090,GO:1900159,GO:1900745,GO:1901331,GO:1902895,GO:1905072,GO:1905222,GO:2000065,GO:2000725,GO:2000726	GO:0000122,GO:0001525,GO:0001657,GO:0001701,GO:0001837,GO:0002053,GO:0003148,GO:0003149,GO:0003416,GO:0006915,GO:0007267,GO:0007409,GO:0008284,GO:0008543,GO:0008589,GO:0009791,GO:0009880,GO:0009887,GO:0010518,GO:0010839,GO:0016331,GO:0018108,GO:0021769,GO:0021847,GO:0021860,GO:0022612,GO:0030177,GO:0030282,GO:0030324,GO:0030855,GO:0030901,GO:0030916,GO:0031069,GO:0032496,GO:0032808,GO:0033688,GO:0035265,GO:0035602,GO:0035603,GO:0035604,GO:0035607,GO:0042472,GO:0042476,GO:0043009,GO:0043410,GO:0044344,GO:0045165,GO:0045471,GO:0045595,GO:0045667,GO:0045787,GO:0045944,GO:0046777,GO:0048286,GO:0048333,GO:0048557,GO:0048562,GO:0048565,GO:0048568,GO:0048608,GO:0048701,GO:0048705,GO:0048730,GO:0048755,GO:0048762,GO:0050679,GO:0050680,GO:0051150,GO:0051781,GO:0055010,GO:0060045,GO:0060174,GO:0060348,GO:0060349,GO:0060442,GO:0060445,GO:0060449,GO:0060463,GO:0060484,GO:0060501,GO:0060512,GO:0060523,GO:0060527,GO:0060529,GO:0060601,GO:0060615,GO:0060664,GO:0060667,GO:0060670,GO:0060688,GO:0060915,GO:0060916,GO:0070372,GO:0070374,GO:0071300,GO:0071456,GO:0071560,GO:0090263,GO:1904707,GO:1904888
100	GO:0001774,GO:0001819,GO:0002250,GO:0002376,GO:0006325,GO:0006338,GO:0006915,GO:0006979,GO:0007155,GO:0007165,GO:0007167,GO:0007204,GO:0007259,GO:0007498,GO:0008284,GO:0008285,GO:0008631,GO:0009755,GO:0010572,GO:0010667,GO:0010811,GO:0019221,GO:0022407,GO:0022408,GO:0030041,GO:0030154,GO:0030218,GO:0030335,GO:0031103,GO:0031663,GO:0031959,GO:0032024,GO:0032731,GO:0032760,GO:0033194,GO:0033209,GO:0034612,GO:0035166,GO:0035556,GO:0035722,GO:0038043,GO:0038065,GO:0038155,GO:0038156,GO:0038157,GO:0038162,GO:0038163,GO:0042102,GO:0042307,GO:0042531,GO:0042976,GO:0042981,GO:0043065,GO:0043066,GO:0043410,GO:0043524,GO:0043687,GO:0045087,GO:0045348,GO:0045428,GO:0045429,GO:0045597,GO:0045944,GO:0046425,GO:0046634,GO:0046677,GO:0046777,GO:0048008,GO:0048861,GO:0050727,GO:0050804,GO:0050867,GO:0051897,GO:0060333,GO:0060391,GO:0060396,GO:0060397,GO:0060399,GO:0061180,GO:0070102,GO:0070120,GO:0070665,GO:0070671,GO:0070757,GO:0097191,GO:0120162,GO:0120186,GO:0140546,GO:1900016,GO:1901731,GO:1902533,GO:1902728,GO:1904037,GO:1904707,GO:1905539	GO:0000122,GO:0001666,GO:0001774,GO:0001819,GO:0001937,GO:0001975,GO:0002037,GO:0002281,GO:0002439,GO:0002639,GO:0002700,GO:0002719,GO:0003009,GO:0003085,GO:0006325,GO:0006954,GO:0006955,GO:0007259,GO:0007623,GO:0008285,GO:0008625,GO:0008630,GO:0009410,GO:0009612,GO:0009615,GO:0009617,GO:0009651,GO:0009750,GO:0010459,GO:0010573,GO:0010628,GO:0010629,GO:0010744,GO:0010888,GO:0014823,GO:0019722,GO:0031334,GO:0031349,GO:0031622,GO:0031642,GO:0031667,GO:0032496,GO:0032715,GO:0032722,GO:0032724,GO:0032731,GO:0032741,GO:0032755,GO:0032757,GO:0033209,GO:0034116,GO:0034138,GO:0035900,GO:0036005,GO:0042127,GO:0042311,GO:0043065,GO:0043066,GO:0043068,GO:0043122,GO:0043123,GO:0043243,GO:0043410,GO:0043525,GO:0043537,GO:0045071,GO:0045087,GO:0045429,GO:0045471,GO:0045598,GO:0045599,GO:0045668,GO:0045672,GO:0045732,GO:0045760,GO:0045785,GO:0045840,GO:0045892,GO:0045893,GO:0045930,GO:0045944,GO:0046325,GO:0046330,GO:0046677,GO:0048143,GO:0048566,GO:0048661,GO:0050729,GO:0050768,GO:0050793,GO:0050796,GO:0050804,GO:0050806,GO:0050807,GO:0050890,GO:0050901,GO:0050966,GO:0050995,GO:0051044,GO:0051046,GO:0051222,GO:0051239,GO:0051384,GO:0051798,GO:0051897,GO:0051966,GO:0060252,GO:0060557,GO:0061044,GO:0061048,GO:0070374,GO:0070886,GO:0071219,GO:0071222,GO:0071300,GO:0071316,GO:0071346,GO:0071479,GO:0071677,GO:0071803,GO:0072577,GO:0072659,GO:0090324,GO:0090594,GO:0097191,GO:0097237,GO:0097421,GO:0097527,GO:0120190,GO:0140374,GO:0140460,GO:0150078,GO:0150129,GO:1900017,GO:1900222,GO:1901224,GO:1901647,GO:1902004,GO:1902065,GO:1902565,GO:1902894,GO:1902895,GO:1903078,GO:1903140,GO:1903347,GO:1903829,GO:1904638,GO:1904646,GO:1904707,GO:1904880,GO:1904996,GO:1904999,GO:1905235,GO:1905242,GO:1990268,GO:2000010,GO:2000334,GO:2000343,GO:2000347,GO:2000351,GO:2000377,GO:2000573,GO:2001234,GO:2001238,GO:2001240
100	GO:0000278,GO:0002252,GO:0002429,GO:0006281,GO:0006298,GO:0006355,GO:0006897,GO:0006909,GO:0006914,GO:0006915,GO:0006974,GO:0006979,GO:0007155,GO:0007173,GO:0007204,GO:0007229,GO:0007611,GO:0008306,GO:0008630,GO:0009410,GO:0010468,GO:0010506,GO:0010557,GO:0010595,GO:0030036,GO:0030041,GO:0030100,GO:0030155,GO:0030516,GO:0030845,GO:0031113,GO:0032489,GO:0032956,GO:0034599,GO:0034976,GO:0035556,GO:0035791,GO:0036211,GO:0038096,GO:0038189,GO:0042770,GO:0043065,GO:0043525,GO:0043542,GO:0045580,GO:0045595,GO:0045785,GO:0045907,GO:0045944,GO:0048008,GO:0048013,GO:0048146,GO:0051444,GO:0051450,GO:0051496,GO:0051726,GO:0051882,GO:0051894,GO:0060038,GO:0070301,GO:0071103,GO:0071560,GO:0071871,GO:0090050,GO:0097706,GO:0099150,GO:0141214,GO:1900006,GO:1900026,GO:1900272,GO:1901701,GO:1902036,GO:1902531,GO:1903055,GO:1903210,GO:1903351,GO:1903905,GO:1904518,GO:1905244,GO:1905555,GO:2000042,GO:2000145,GO:2000406	GO:0001570,GO:0001657,GO:0001666,GO:0001763,GO:0001837,GO:0001843,GO:0002040,GO:0002062,GO:0002244,GO:0002248,GO:0002460,GO:0002859,GO:0003179,GO:0003180,GO:0006611,GO:0006754,GO:0006796,GO:0007179,GO:0007406,GO:0007435,GO:0007507,GO:0007565,GO:0008284,GO:0008285,GO:0009410,GO:0009611,GO:0009749,GO:0010332,GO:0010575,GO:0010628,GO:0010629,GO:0010716,GO:0010718,GO:0010742,GO:0010763,GO:0010936,GO:0014003,GO:0014008,GO:0016202,GO:0021915,GO:0030154,GO:0030214,GO:0030308,GO:0030334,GO:0030335,GO:0031100,GO:0031293,GO:0031334,GO:0031536,GO:0032355,GO:0032570,GO:0032667,GO:0032700,GO:0032740,GO:0032755,GO:0032760,GO:0032801,GO:0032930,GO:0032967,GO:0033280,GO:0034616,GO:0035902,GO:0036120,GO:0036446,GO:0042127,GO:0042306,GO:0042307,GO:0042475,GO:0042552,GO:0043065,GO:0043117,GO:0043123,GO:0043410,GO:0043536,GO:0043537,GO:0045066,GO:0045216,GO:0045471,GO:0045591,GO:0045596,GO:0045597,GO:0045599,GO:0045662,GO:0045742,GO:0045786,GO:0045892,GO:0045893,GO:0045944,GO:0048298,GO:0048535,GO:0048565,GO:0048642,GO:0048661,GO:0048839,GO:0050679,GO:0050680,GO:0050714,GO:0050729,GO:0050765,GO:0050832,GO:0050921,GO:0051130,GO:0051240,GO:0051247,GO:0051280,GO:0051781,GO:0051897,GO:0055010,GO:0060312,GO:0060325,GO:0060364,GO:0060391,GO:0070168,GO:0070374,GO:0070723,GO:0071260,GO:0071333,GO:0071363,GO:0071404,GO:0071456,GO:0071479,GO:0071549,GO:0071560,GO:0071677,GO:0071895,GO:0085029,GO:0090190,GO:0090263,GO:0097191,GO:0097421,GO:0098586,GO:0141091,GO:1900126,GO:1900182,GO:1901203,GO:1902074,GO:1902462,GO:1902894,GO:1902895,GO:1903077,GO:1904018,GO:1904894,GO:1905641,GO:1990314,GO:1990402,GO:2000048,GO:2000343,GO:2000353,GO:2000636,GO:2000727
100	GO:0000122,GO:0001503,GO:0001649,GO:0001657,GO:0001658,GO:0001822,GO:0001823,GO:0001934,GO:0001938,GO:0001958,GO:0002043,GO:0002062,GO:0002244,GO:0002320,GO:0002573,GO:0003007,GO:0003129,GO:0003139,GO:0003148,GO:0003149,GO:0003151,GO:0003163,GO:0003180,GO:0003184,GO:0003197,GO:0003279,GO:0003323,GO:0007498,GO:0008284,GO:0008285,GO:0009791,GO:0010453,GO:0010467,GO:0010628,GO:0010629,GO:0010718,GO:0021537,GO:0022408,GO:0030154,GO:0030224,GO:0030225,GO:0030335,GO:0030501,GO:0030509,GO:0030513,GO:0030858,GO:0032092,GO:0032967,GO:0033085,GO:0033088,GO:0035990,GO:0035993,GO:0042306,GO:0042476,GO:0043065,GO:0043068,GO:0045596,GO:0045603,GO:0045606,GO:0045662,GO:0045669,GO:0045778,GO:0045786,GO:0045839,GO:0045843,GO:0045892,GO:0045893,GO:0045944,GO:0048286,GO:0048392,GO:0048661,GO:0048662,GO:0048745,GO:0048863,GO:0050679,GO:0050918,GO:0051216,GO:0051241,GO:0055007,GO:0055020,GO:0060391,GO:0060425,GO:0060426,GO:0060433,GO:0060438,GO:0060441,GO:0060502,GO:0060503,GO:0060537,GO:0060976,GO:0061036,GO:0061047,GO:0061626,GO:0070244,GO:0071773,GO:0072104,GO:0072125,GO:0072179,GO:0072197,GO:0072200,GO:0090189,GO:0090191,GO:0090194,GO:1900182,GO:1900745,GO:1901331,GO:1902894,GO:1904706,GO:1904753,GO:1905312,GO:2000005,GO:2000007,GO:2000636,GO:2000725,GO:2001237	GO:0000165,GO:0006468,GO:0006897,GO:0006914,GO:0006979,GO:0007005,GO:0007029,GO:0007030,GO:0007040,GO:0007166,GO:0007254,GO:0007266,GO:0007283,GO:0007528,GO:0008104,GO:0008340,GO:0009267,GO:0009653,GO:0009968,GO:0010468,GO:0010506,GO:0010508,GO:0010955,GO:0010977,GO:0014041,GO:0016192,GO:0016242,GO:0019722,GO:0021756,GO:0021772,GO:0022028,GO:0030154,GO:0030162,GO:0030182,GO:0031344,GO:0031398,GO:0031647,GO:0032436,GO:0032760,GO:0034260,GO:0034599,GO:0034614,GO:0035542,GO:0035556,GO:0035564,GO:0035640,GO:0035641,GO:0035751,GO:0040012,GO:0042391,GO:0043068,GO:0043410,GO:0046039,GO:0046777,GO:0048312,GO:0048513,GO:0048812,GO:0050804,GO:0051239,GO:0051247,GO:0051646,GO:0051900,GO:0051966,GO:0060070,GO:0060079,GO:0060159,GO:0060161,GO:0060627,GO:0060628,GO:0060828,GO:0061001,GO:0070585,GO:0070973,GO:0071287,GO:0090140,GO:0090263,GO:0090394,GO:0140058,GO:0141161,GO:1900242,GO:1900244,GO:1901030,GO:1902236,GO:1902499,GO:1902531,GO:1902692,GO:1902803,GO:1902823,GO:1902902,GO:1903351,GO:1903748,GO:1903980,GO:1904644,GO:1904887,GO:1905279,GO:1905289,GO:1905504,GO:2000172,GO:2000300,GO:2000377
100	GO:0001774,GO:0001819,GO:0002250,GO:0002376,GO:0006325,GO:0006338,GO:0006915,GO:0006979,GO:0007155,GO:0007165,GO:0007167,GO:0007204,GO:0007259,GO:0007498,GO:0008284,GO:0008285,GO:0008631,GO:0009755,GO:0010572,GO:0010667,GO:0010811,GO:0019221,GO:0022407,GO:0022408,GO:0030041,GO:0030154,GO:0030218,GO:0030335,GO:0031103,GO:0031663,GO:0031959,GO:0032024,GO:0032731,GO:0032760,GO:0033194,GO:0033209,GO:0034612,GO:0035166,GO:0035556,GO:0035722,GO:0038043,GO:0038065,GO:0038155,GO:0038156,GO:0038157,GO:0038162,GO:0038163,GO:0042102,GO:0042307,GO:0042531,GO:0042976,GO:0042981,GO:0043065,GO:0043066,GO:0043410,GO:0043524,GO:0043687,GO:0045087,GO:0045348,GO:0045428,GO:0045429,GO:0045597,GO:0045944,GO:0046425,GO:0046634,GO:0046677,GO:0046777,GO:0048008,GO:0048861,GO:0050727,GO:0050804,GO:0050867,GO:0051897,GO:0060333,GO:0060391,GO:0060396,GO:0060397,GO:0060399,GO:0061180,GO:0070102,GO:0070120,GO:0070665,GO:0070671,GO:0070757,GO:0097191,GO:0120162,GO:0120186,GO:0140546,GO:1900016,GO:1901731,GO:1902533,GO:1902728,GO:1904037,GO:1904707,GO:1905539	GO:0000902,GO:0001501,GO:0001654,GO:0001666,GO:0001822,GO:0001837,GO:0001843,GO:0001942,GO:0003007,GO:0003148,GO:0003149,GO:0003151,GO:0003179,GO:0003181,GO:0003184,GO:0003203,GO:0003215,GO:0003222,GO:0003274,GO:0003289,GO:0003407,GO:0007179,GO:0007423,GO:0007435,GO:0007507,GO:0008284,GO:0008285,GO:0008347,GO:0008584,GO:0009611,GO:0009792,GO:0010002,GO:0010628,GO:0010629,GO:0010634,GO:0010718,GO:0010936,GO:0014706,GO:0016477,GO:0016525,GO:0023052,GO:0030097,GO:0030199,GO:0030307,GO:0030308,GO:0030326,GO:0030593,GO:0030855,GO:0031069,GO:0032570,GO:0032874,GO:0032909,GO:0032956,GO:0033630,GO:0035910,GO:0042060,GO:0042127,GO:0042416,GO:0042476,GO:0042704,GO:0043065,GO:0043525,GO:0045216,GO:0045597,GO:0045726,GO:0045747,GO:0045787,GO:0045823,GO:0046580,GO:0048103,GO:0048566,GO:0048666,GO:0048699,GO:0048839,GO:0050680,GO:0050714,GO:0050778,GO:0051130,GO:0051240,GO:0051781,GO:0051794,GO:0051795,GO:0051891,GO:0051897,GO:0060038,GO:0060065,GO:0060317,GO:0060325,GO:0060391,GO:0060412,GO:0060413,GO:0061626,GO:0062009,GO:0062043,GO:0071363,GO:0090091,GO:0097191,GO:0141091,GO:1900182,GO:1902256,GO:1902895,GO:1903701,GO:1904238,GO:1904888,GO:1905006,GO:1905007
100	GO:0001659,GO:0001666,GO:0001963,GO:0001975,GO:0001976,GO:0002027,GO:0002028,GO:0002031,GO:0002052,GO:0002092,GO:0006874,GO:0006914,GO:0007165,GO:0007186,GO:0007188,GO:0007195,GO:0007200,GO:0007212,GO:0007270,GO:0007409,GO:0007416,GO:0007608,GO:0007616,GO:0007626,GO:0007628,GO:0008104,GO:0008285,GO:0008306,GO:0008542,GO:0009410,GO:0009416,GO:0009636,GO:0010039,GO:0014059,GO:0014854,GO:0016055,GO:0021756,GO:0021769,GO:0021853,GO:0021984,GO:0030336,GO:0030432,GO:0030900,GO:0031223,GO:0032228,GO:0032355,GO:0032467,GO:0032922,GO:0033602,GO:0034776,GO:0035094,GO:0035305,GO:0035556,GO:0042220,GO:0042321,GO:0042417,GO:0042756,GO:0043266,GO:0043278,GO:0043408,GO:0045471,GO:0045745,GO:0045776,GO:0045824,GO:0045944,GO:0046676,GO:0046717,GO:0048148,GO:0048149,GO:0048169,GO:0048678,GO:0048755,GO:0050482,GO:0050709,GO:0050769,GO:0050805,GO:0051209,GO:0051240,GO:0051481,GO:0051580,GO:0051584,GO:0051586,GO:0051823,GO:0051898,GO:0051952,GO:0051967,GO:0060079,GO:0060124,GO:0060134,GO:0060158,GO:0060160,GO:0070374,GO:0071300,GO:0071361,GO:0090325,GO:0097305,GO:0099170,GO:0099171,GO:0160213,GO:1900038,GO:1900168,GO:1900273,GO:1903530,GO:1990384	GO:0000122,GO:0001501,GO:0001502,GO:0001503,GO:0001658,GO:0001708,GO:0001837,GO:0001894,GO:0001942,GO:0002009,GO:0002053,GO:0002062,GO:0002683,GO:0003170,GO:0003179,GO:0003180,GO:0003203,GO:0003413,GO:0003415,GO:0003430,GO:0006334,GO:0006338,GO:0007165,GO:0007173,GO:0007283,GO:0007417,GO:0007507,GO:0008284,GO:0008584,GO:0010467,GO:0010564,GO:0010628,GO:0010634,GO:0014036,GO:0019100,GO:0030154,GO:0030279,GO:0030850,GO:0030858,GO:0030879,GO:0030903,GO:0030916,GO:0032331,GO:0032332,GO:0035019,GO:0042127,GO:0042981,GO:0043066,GO:0045662,GO:0045668,GO:0045892,GO:0045893,GO:0045944,GO:0046322,GO:0046533,GO:0048709,GO:0050679,GO:0050680,GO:0051216,GO:0060008,GO:0060009,GO:0060041,GO:0060174,GO:0060221,GO:0060517,GO:0060729,GO:0060784,GO:0061036,GO:0061138,GO:0065003,GO:0070168,GO:0070371,GO:0070542,GO:0071260,GO:0071300,GO:0071347,GO:0071364,GO:0071504,GO:0071560,GO:0071599,GO:0071773,GO:0072034,GO:0072170,GO:0072190,GO:0072289,GO:0090090,GO:0090103,GO:0090184,GO:0090190,GO:1902732,GO:1902894,GO:1904864,GO:2000020,GO:2000741
100	GO:0000077,GO:0001782,GO:0001817,GO:0001932,GO:0001933,GO:0002223,GO:0002244,GO:0002250,GO:0002376,GO:0002431,GO:0002513,GO:0002553,GO:0002576,GO:0002758,GO:0002762,GO:0002768,GO:0002774,GO:0002862,GO:0002902,GO:0006468,GO:0006950,GO:0006954,GO:0006974,GO:0006991,GO:0007165,GO:0007169,GO:0008284,GO:0008285,GO:0009410,GO:0009636,GO:0009725,GO:0009743,GO:0010976,GO:0014003,GO:0015908,GO:0018108,GO:0030097,GO:0030218,GO:0030222,GO:0030335,GO:0030889,GO:0031175,GO:0031295,GO:0031663,GO:0032868,GO:0033003,GO:0033628,GO:0034136,GO:0034142,GO:0034144,GO:0034145,GO:0034165,GO:0034605,GO:0035556,GO:0038043,GO:0038095,GO:0038096,GO:0038159,GO:0042100,GO:0042327,GO:0043200,GO:0043304,GO:0043407,GO:0043410,GO:0043434,GO:0045087,GO:0045646,GO:0046777,GO:0048013,GO:0048678,GO:0050727,GO:0050777,GO:0050855,GO:0050859,GO:0050900,GO:0051279,GO:0060252,GO:0060369,GO:0060397,GO:0070372,GO:0070373,GO:0070447,GO:0070667,GO:0070668,GO:0071300,GO:0071396,GO:0090025,GO:0090330,GO:0097028,GO:1902532,GO:1902993,GO:2000670	GO:0000122,GO:0001525,GO:0001541,GO:0001569,GO:0001570,GO:0001666,GO:0001701,GO:0001822,GO:0001934,GO:0001938,GO:0002040,GO:0002042,GO:0002052,GO:0002092,GO:0002376,GO:0002575,GO:0002687,GO:0003007,GO:0003151,GO:0003169,GO:0006357,GO:0007200,GO:0007399,GO:0007498,GO:0007595,GO:0008284,GO:0008360,GO:0010595,GO:0010628,GO:0010629,GO:0010719,GO:0010749,GO:0030154,GO:0030224,GO:0030225,GO:0030324,GO:0030335,GO:0030855,GO:0031077,GO:0031290,GO:0031334,GO:0031954,GO:0035148,GO:0035767,GO:0035924,GO:0036303,GO:0036324,GO:0038033,GO:0038084,GO:0038091,GO:0038190,GO:0042462,GO:0043066,GO:0043117,GO:0043123,GO:0043129,GO:0043410,GO:0043536,GO:0045766,GO:0045785,GO:0045944,GO:0048010,GO:0048469,GO:0048593,GO:0048842,GO:0048844,GO:0050679,GO:0050918,GO:0050927,GO:0050930,GO:0051781,GO:0051894,GO:0051897,GO:0055013,GO:0060319,GO:0060749,GO:0060754,GO:0060948,GO:0060982,GO:0061042,GO:0070374,GO:0071456,GO:0071542,GO:0071679,GO:0090050,GO:0090190,GO:0097475,GO:0097533,GO:0120162,GO:1900748,GO:1901165,GO:1902894,GO:1902966,GO:1903141,GO:1903392,GO:1903589,GO:1903672,GO:1905278,GO:1905555,GO:1905604,GO:2000048,GO:2000573,GO:2001028
100	GO:0000122,GO:0000165,GO:0001666,GO:0001821,GO:0001975,GO:0003015,GO:0003094,GO:0003100,GO:0003253,GO:0003357,GO:0006366,GO:0006874,GO:0007005,GO:0007166,GO:0007186,GO:0007204,GO:0007267,GO:0007411,GO:0008217,GO:0008284,GO:0009410,GO:0010193,GO:0010460,GO:0010467,GO:0010595,GO:0010613,GO:0010629,GO:0014033,GO:0014034,GO:0014823,GO:0014824,GO:0014826,GO:0019229,GO:0019722,GO:0023019,GO:0030072,GO:0030185,GO:0030195,GO:0030335,GO:0030878,GO:0031175,GO:0031394,GO:0032308,GO:0032496,GO:0033574,GO:0034392,GO:0034696,GO:0035050,GO:0035094,GO:0035556,GO:0035994,GO:0042045,GO:0042310,GO:0042482,GO:0042554,GO:0043200,GO:0043410,GO:0043491,GO:0044321,GO:0044751,GO:0045321,GO:0045429,GO:0045793,GO:0045840,GO:0045944,GO:0045987,GO:0046330,GO:0046887,GO:0046888,GO:0048661,GO:0048675,GO:0050850,GO:0051248,GO:0051899,GO:0060070,GO:0060137,GO:0060298,GO:0060385,GO:0061051,GO:0061626,GO:0070101,GO:0070294,GO:0070301,GO:0070371,GO:0070588,GO:0071277,GO:0071346,GO:0071347,GO:0071356,GO:0071372,GO:0071373,GO:0071375,GO:0071385,GO:0071389,GO:0071398,GO:0071456,GO:0071466,GO:0071526,GO:0071548,GO:0071559,GO:0071560,GO:0072011,GO:0072112,GO:0086100,GO:0090023,GO:0097237,GO:0097492,GO:0097746,GO:0141156,GO:0160195,GO:1900182,GO:1901224,GO:1902074,GO:1903537,GO:1904707,GO:1905653,GO:2001259	GO:0000122,GO:0001525,GO:0001542,GO:0001666,GO:0001819,GO:0001890,GO:0001936,GO:0002021,GO:0003300,GO:0006112,GO:0006114,GO:0006629,GO:0006909,GO:0007165,GO:0007259,GO:0007565,GO:0007584,GO:0007623,GO:0008217,GO:0008284,GO:0008343,GO:0009062,GO:0009892,GO:0010507,GO:0010888,GO:0014823,GO:0019953,GO:0030217,GO:0031667,GO:0032008,GO:0032099,GO:0032310,GO:0032355,GO:0032735,GO:0032755,GO:0032757,GO:0032760,GO:0032814,GO:0032817,GO:0032868,GO:0033197,GO:0033210,GO:0033686,GO:0035360,GO:0035556,GO:0035630,GO:0038108,GO:0042102,GO:0042269,GO:0042307,GO:0043066,GO:0043270,GO:0043410,GO:0044320,GO:0045471,GO:0045765,GO:0045906,GO:0046325,GO:0046427,GO:0046628,GO:0046850,GO:0046881,GO:0048639,GO:0050892,GO:0050901,GO:0050999,GO:0051051,GO:0051726,GO:0051897,GO:0060587,GO:0061037,GO:0070093,GO:0071298,GO:0071300,GO:0090335,GO:0097009,GO:0097696,GO:0098868,GO:0120162,GO:1900015,GO:1900745,GO:1904651,GO:1990051,GO:2000379,GO:2000486,GO:2000491
100	GO:0001774,GO:0001819,GO:0002250,GO:0002376,GO:0006325,GO:0006338,GO:0006915,GO:0006979,GO:0007155,GO:0007165,GO:0007167,GO:0007204,GO:0007259,GO:0007498,GO:0008284,GO:0008285,GO:0008631,GO:0009755,GO:0010572,GO:0010667,GO:0010811,GO:0019221,GO:0022407,GO:0022408,GO:0030041,GO:0030154,GO:0030218,GO:0030335,GO:0031103,GO:0031663,GO:0031959,GO:0032024,GO:0032731,GO:0032760,GO:0033194,GO:0033209,GO:0034612,GO:0035166,GO:0035556,GO:0035722,GO:0038043,GO:0038065,GO:0038155,GO:0038156,GO:0038157,GO:0038162,GO:0038163,GO:0042102,GO:0042307,GO:0042531,GO:0042976,GO:0042981,GO:0043065,GO:0043066,GO:0043410,GO:0043524,GO:0043687,GO:0045087,GO:0045348,GO:0045428,GO:0045429,GO:0045597,GO:0045944,GO:0046425,GO:0046634,GO:0046677,GO:0046777,GO:0048008,GO:0048861,GO:0050727,GO:0050804,GO:0050867,GO:0051897,GO:0060333,GO:0060391,GO:0060396,GO:0060397,GO:0060399,GO:0061180,GO:0070102,GO:0070120,GO:0070665,GO:0070671,GO:0070757,GO:0097191,GO:0120162,GO:0120186,GO:0140546,GO:1900016,GO:1901731,GO:1902533,GO:1902728,GO:1904037,GO:1904707,GO:1905539	GO:0001568,GO:0001819,GO:0001937,GO:0001960,GO:0007566,GO:0008284,GO:0008360,GO:0010596,GO:0010613,GO:0010614,GO:0010628,GO:0010629,GO:0010667,GO:0010718,GO:0010804,GO:0010838,GO:0016525,GO:0030334,GO:0030335,GO:0030336,GO:0030509,GO:0030511,GO:0031346,GO:0032480,GO:0032695,GO:0032705,GO:0032963,GO:0034392,GO:0035021,GO:0035024,GO:0035195,GO:0035278,GO:0036166,GO:0042058,GO:0042104,GO:0043066,GO:0043409,GO:0045590,GO:0045600,GO:0045603,GO:0045669,GO:0045766,GO:0045824,GO:0045930,GO:0050729,GO:0051497,GO:0051896,GO:0051897,GO:0060339,GO:0060940,GO:0061037,GO:0061154,GO:0070373,GO:0070374,GO:0071222,GO:0071479,GO:0071480,GO:0098586,GO:0106016,GO:1900017,GO:1900039,GO:1900082,GO:1900748,GO:1901223,GO:1901299,GO:1902254,GO:1902514,GO:1902731,GO:1903053,GO:1903427,GO:1903589,GO:1903766,GO:1904639,GO:1904695,GO:1904707,GO:1904728,GO:1904753,GO:1904754,GO:1904762,GO:1904827,GO:1904830,GO:1904996,GO:1905065,GO:1905460,GO:1905564,GO:1905955,GO:1990009,GO:2000318,GO:2000321,GO:2000377
100	GO:0000122,GO:0001570,GO:0001666,GO:0001937,GO:0006641,GO:0006816,GO:0006874,GO:0006940,GO:0007519,GO:0008104,GO:0009267,GO:0009617,GO:0010524,GO:0010608,GO:0010628,GO:0010875,GO:0016050,GO:0019065,GO:0019217,GO:0019915,GO:0030154,GO:0030193,GO:0030301,GO:0030335,GO:0030514,GO:0030857,GO:0030879,GO:0031295,GO:0031397,GO:0031398,GO:0031623,GO:0032507,GO:0032570,GO:0033484,GO:0038016,GO:0038166,GO:0042632,GO:0043123,GO:0043409,GO:0043627,GO:0044860,GO:0045019,GO:0045907,GO:0046209,GO:0046426,GO:0048550,GO:0051480,GO:0051592,GO:0051899,GO:0055074,GO:0060056,GO:0060070,GO:0060546,GO:0070836,GO:0071218,GO:0071375,GO:0071455,GO:0072584,GO:0086091,GO:0090090,GO:0097190,GO:0098903,GO:0098909,GO:0098911,GO:0120162,GO:1900027,GO:1901380,GO:1901844,GO:1903361,GO:1903598,GO:1904294,GO:2000535,GO:2000811,GO:2001238,GO:2001244	GO:0000122,GO:0001890,GO:0006355,GO:0006357,GO:0006631,GO:0007186,GO:0007584,GO:0008217,GO:0009755,GO:0010628,GO:0010629,GO:0010745,GO:0010875,GO:0010887,GO:0010888,GO:0015909,GO:0016525,GO:0030154,GO:0030224,GO:0030509,GO:0030512,GO:0030514,GO:0030522,GO:0030855,GO:0031348,GO:0031667,GO:0032376,GO:0032869,GO:0033993,GO:0035357,GO:0042593,GO:0042752,GO:0042789,GO:0043409,GO:0043537,GO:0045087,GO:0045165,GO:0045444,GO:0045600,GO:0045668,GO:0045834,GO:0045892,GO:0045893,GO:0045923,GO:0045944,GO:0048384,GO:0048469,GO:0048511,GO:0048662,GO:0050728,GO:0050872,GO:0050873,GO:0051049,GO:0051241,GO:0055088,GO:0060336,GO:0060392,GO:0070165,GO:0071404,GO:0071456,GO:0090258,GO:0140077,GO:0141193,GO:1900076,GO:1901202,GO:1902894,GO:1902895,GO:1903243,GO:1903845,GO:1904179,GO:1904597,GO:1904706,GO:1904893,GO:1905461,GO:1905563,GO:2001235
100	GO:0000122,GO:0001774,GO:0001878,GO:0002265,GO:0006357,GO:0006417,GO:0006816,GO:0006878,GO:0006897,GO:0006915,GO:0007155,GO:0007186,GO:0007189,GO:0007193,GO:0007219,GO:0007409,GO:0007417,GO:0007611,GO:0007612,GO:0007613,GO:0007617,GO:0007626,GO:0008088,GO:0008285,GO:0008306,GO:0008344,GO:0008542,GO:0010288,GO:0010468,GO:0010604,GO:0010628,GO:0010629,GO:0014005,GO:0016199,GO:0016322,GO:0016358,GO:0019722,GO:0019731,GO:0019732,GO:0030111,GO:0030178,GO:0030198,GO:0031175,GO:0031583,GO:0032224,GO:0032722,GO:0032729,GO:0032731,GO:0032755,GO:0032760,GO:0032930,GO:0034121,GO:0035235,GO:0036269,GO:0040014,GO:0042157,GO:0043065,GO:0043408,GO:0043410,GO:0043523,GO:0043525,GO:0045087,GO:0045429,GO:0045471,GO:0045666,GO:0045745,GO:0045752,GO:0045821,GO:0045931,GO:0045944,GO:0046330,GO:0048143,GO:0048169,GO:0048669,GO:0050729,GO:0050803,GO:0050808,GO:0050829,GO:0050830,GO:0050850,GO:0050867,GO:0050890,GO:0050918,GO:0051044,GO:0051246,GO:0051247,GO:0051260,GO:0051262,GO:0051580,GO:0051897,GO:0055096,GO:0061844,GO:0070206,GO:0070374,GO:0070555,GO:0071280,GO:0071287,GO:0071320,GO:0071874,GO:0090026,GO:0090090,GO:0098815,GO:0098989,GO:0110088,GO:0141137,GO:0141163,GO:0150003,GO:1900181,GO:1900221,GO:1900272,GO:1900273,GO:1900454,GO:1901224,GO:1902894,GO:1902950,GO:1902951,GO:1902993,GO:1903381,GO:1903523,GO:1904022,GO:1904472,GO:1904591,GO:1904646,GO:1905606,GO:1905898,GO:1905906,GO:1905908,GO:1905945,GO:1990000,GO:1990090,GO:1990418,GO:1990535,GO:2000406,GO:2000463,GO:2001238	GO:0000122,GO:0001525,GO:0001657,GO:0001701,GO:0001837,GO:0002053,GO:0003148,GO:0003149,GO:0003416,GO:0006915,GO:0007267,GO:0007409,GO:0008284,GO:0008543,GO:0008589,GO:0009791,GO:0009880,GO:0009887,GO:0010518,GO:0010839,GO:0016331,GO:0018108,GO:0021769,GO:0021847,GO:0021860,GO:0022612,GO:0030177,GO:0030282,GO:0030324,GO:0030855,GO:0030901,GO:0030916,GO:0031069,GO:0032496,GO:0032808,GO:0033688,GO:0035265,GO:0035602,GO:0035603,GO:0035604,GO:0035607,GO:0042472,GO:0042476,GO:0043009,GO:0043410,GO:0044344,GO:0045165,GO:0045471,GO:0045595,GO:0045667,GO:0045787,GO:0045944,GO:0046777,GO:0048286,GO:0048333,GO:0048557,GO:0048562,GO:0048565,GO:0048568,GO:0048608,GO:0048701,GO:0048705,GO:0048730,GO:0048755,GO:0048762,GO:0050679,GO:0050680,GO:0051150,GO:0051781,GO:0055010,GO:0060045,GO:0060174,GO:0060348,GO:0060349,GO:0060442,GO:0060445,GO:0060449,GO:0060463,GO:0060484,GO:0060501,GO:0060512,GO:0060523,GO:0060527,GO:0060529,GO:0060601,GO:0060615,GO:0060664,GO:0060667,GO:0060670,GO:0060688,GO:0060915,GO:0060916,GO:0070372,GO:0070374,GO:0071300,GO:0071456,GO:0071560,GO:0090263,GO:1904707,GO:1904888
100	GO:0000122,GO:0001525,GO:0001554,GO:0001837,GO:0001947,GO:0002052,GO:0003151,GO:0003157,GO:0003160,GO:0003162,GO:0003169,GO:0003180,GO:0003181,GO:0003182,GO:0003184,GO:0003192,GO:0003198,GO:0003203,GO:0003207,GO:0003208,GO:0003209,GO:0003213,GO:0003214,GO:0003222,GO:0003241,GO:0003264,GO:0003273,GO:0003332,GO:0003344,GO:0006355,GO:0006357,GO:0006606,GO:0006955,GO:0007219,GO:0007221,GO:0007283,GO:0007368,GO:0007411,GO:0007507,GO:0008284,GO:0008285,GO:0010467,GO:0010614,GO:0010628,GO:0010629,GO:0010667,GO:0010718,GO:0010812,GO:0010832,GO:0014031,GO:0021515,GO:0030154,GO:0030163,GO:0030279,GO:0030334,GO:0030335,GO:0030513,GO:0030514,GO:0031100,GO:0032495,GO:0032496,GO:0032966,GO:0035148,GO:0035924,GO:0042127,GO:0042246,GO:0043086,GO:0045070,GO:0045603,GO:0045662,GO:0045665,GO:0045668,GO:0045687,GO:0045892,GO:0045893,GO:0045944,GO:0046427,GO:0046579,GO:0048708,GO:0048709,GO:0048711,GO:0048715,GO:0048873,GO:0050768,GO:0050793,GO:0051152,GO:0055008,GO:0060038,GO:0060045,GO:0060253,GO:0060271,GO:0060317,GO:0060354,GO:0060379,GO:0060411,GO:0060412,GO:0060842,GO:0060843,GO:0060948,GO:0060956,GO:0060979,GO:0060982,GO:0061344,GO:0061384,GO:0062043,GO:0070168,GO:0070374,GO:0070986,GO:0071228,GO:0071372,GO:0071456,GO:0072017,GO:0072044,GO:0072144,GO:0072538,GO:0090051,GO:0097150,GO:0097400,GO:0099565,GO:0120163,GO:1901201,GO:1902339,GO:2000048,GO:2000737,GO:2000811,GO:2000974,GO:2001027	GO:0000122,GO:0001890,GO:0006355,GO:0006357,GO:0006631,GO:0007186,GO:0007584,GO:0008217,GO:0009755,GO:0010628,GO:0010629,GO:0010745,GO:0010875,GO:0010887,GO:0010888,GO:0015909,GO:0016525,GO:0030154,GO:0030224,GO:0030509,GO:0030512,GO:0030514,GO:0030522,GO:0030855,GO:0031348,GO:0031667,GO:0032376,GO:0032869,GO:0033993,GO:0035357,GO:0042593,GO:0042752,GO:0042789,GO:0043409,GO:0043537,GO:0045087,GO:0045165,GO:0045444,GO:0045600,GO:0045668,GO:0045834,GO:0045892,GO:0045893,GO:0045923,GO:0045944,GO:0048384,GO:0048469,GO:0048511,GO:0048662,GO:0050728,GO:0050872,GO:0050873,GO:0051049,GO:0051241,GO:0055088,GO:0060336,GO:0060392,GO:0070165,GO:0071404,GO:0071456,GO:0090258,GO:0140077,GO:0141193,GO:1900076,GO:1901202,GO:1902894,GO:1902895,GO:1903243,GO:1903845,GO:1904179,GO:1904597,GO:1904706,GO:1904893,GO:1905461,GO:1905563,GO:2001235
100	GO:0000122,GO:0000165,GO:0001568,GO:0001649,GO:0001764,GO:0001782,GO:0001947,GO:0001958,GO:0001974,GO:0002062,GO:0002467,GO:0002634,GO:0002931,GO:0003138,GO:0003139,GO:0003151,GO:0003185,GO:0003211,GO:0006355,GO:0006915,GO:0006959,GO:0007399,GO:0007507,GO:0007517,GO:0007519,GO:0007521,GO:0007611,GO:0010628,GO:0010629,GO:0014033,GO:0014902,GO:0030154,GO:0030182,GO:0030220,GO:0030279,GO:0030318,GO:0030501,GO:0030890,GO:0035984,GO:0042100,GO:0043410,GO:0043523,GO:0043524,GO:0043537,GO:0045652,GO:0045663,GO:0045666,GO:0045669,GO:0045893,GO:0045944,GO:0046928,GO:0048167,GO:0048643,GO:0048666,GO:0048667,GO:0050853,GO:0051145,GO:0051963,GO:0051966,GO:0055012,GO:0060025,GO:0060045,GO:0060079,GO:0060998,GO:0061333,GO:0071222,GO:0071277,GO:0071374,GO:0071466,GO:0071498,GO:0071560,GO:0072102,GO:0072160,GO:0098989,GO:0098990,GO:1904706,GO:1904753,GO:1905563,GO:2000111,GO:2000727,GO:2000987,GO:2001013,GO:2001016	GO:0001525,GO:0001569,GO:0001570,GO:0001755,GO:0001764,GO:0001938,GO:0002040,GO:0002042,GO:0003148,GO:0006930,GO:0007165,GO:0007229,GO:0007267,GO:0007399,GO:0007411,GO:0008045,GO:0009611,GO:0009887,GO:0010595,GO:0014911,GO:0021612,GO:0021637,GO:0021649,GO:0021785,GO:0021828,GO:0030154,GO:0030947,GO:0031290,GO:0032489,GO:0035729,GO:0035767,GO:0035924,GO:0036486,GO:0038084,GO:0038189,GO:0038190,GO:0042327,GO:0043524,GO:0043542,GO:0045766,GO:0046718,GO:0048008,GO:0048010,GO:0048012,GO:0048666,GO:0048842,GO:0048844,GO:0048846,GO:0050918,GO:0051491,GO:0051496,GO:0051894,GO:0060385,GO:0060627,GO:0060978,GO:0060982,GO:0061299,GO:0061441,GO:0061549,GO:0061551,GO:0070374,GO:0071526,GO:0071679,GO:0090050,GO:0097102,GO:0097374,GO:0097475,GO:0097490,GO:0097491,GO:0099173,GO:0120035,GO:0150018,GO:0150020,GO:1900026,GO:1901166,GO:1902946,GO:1903375,GO:1904835,GO:1905040,GO:2001237
100	GO:0000122,GO:0001501,GO:0001503,GO:0001649,GO:0001658,GO:0001666,GO:0001701,GO:0001837,GO:0001934,GO:0002062,GO:0002573,GO:0003007,GO:0003129,GO:0003133,GO:0003176,GO:0003181,GO:0003203,GO:0003210,GO:0003272,GO:0003331,GO:0006355,GO:0006879,GO:0006954,GO:0007219,GO:0007267,GO:0007507,GO:0008284,GO:0008285,GO:0009887,GO:0010467,GO:0010628,GO:0010629,GO:0010718,GO:0010894,GO:0010922,GO:0021537,GO:0021978,GO:0022408,GO:0030154,GO:0030177,GO:0030282,GO:0030316,GO:0030335,GO:0030501,GO:0030509,GO:0030512,GO:0032348,GO:0033690,GO:0035051,GO:0035054,GO:0035360,GO:0042475,GO:0042482,GO:0043065,GO:0043410,GO:0043569,GO:0045165,GO:0045597,GO:0045599,GO:0045600,GO:0045666,GO:0045778,GO:0045786,GO:0045892,GO:0045893,GO:0045944,GO:0048662,GO:0048711,GO:0048762,GO:0048839,GO:0051042,GO:0051216,GO:0055007,GO:0055008,GO:0060039,GO:0060128,GO:0060129,GO:0060317,GO:0060348,GO:0060391,GO:0060426,GO:0060485,GO:0060537,GO:0061036,GO:0070374,GO:0071773,GO:0072138,GO:0090090,GO:1900159,GO:1900745,GO:1901331,GO:1902895,GO:1905072,GO:1905222,GO:2000065,GO:2000725,GO:2000726	GO:0000122,GO:0001709,GO:0001806,GO:0001817,GO:0001822,GO:0001823,GO:0002376,GO:0002520,GO:0003180,GO:0003215,GO:0003281,GO:0006355,GO:0006357,GO:0006952,GO:0006954,GO:0007165,GO:0008285,GO:0008584,GO:0009410,GO:0009615,GO:0009653,GO:0009967,GO:0010332,GO:0010467,GO:0010595,GO:0010719,GO:0030154,GO:0030217,GO:0030225,GO:0030856,GO:0031929,GO:0032736,GO:0032753,GO:0032754,GO:0033600,GO:0035457,GO:0042421,GO:0043491,GO:0043583,GO:0043627,GO:0045064,GO:0045087,GO:0045165,GO:0045471,GO:0045582,GO:0045786,GO:0045892,GO:0045893,GO:0045944,GO:0048485,GO:0048568,GO:0048646,GO:0048731,GO:0050728,GO:0050793,GO:0050852,GO:0051216,GO:0051897,GO:0060037,GO:0060065,GO:0060070,GO:0060231,GO:0060676,GO:0071353,GO:0071356,GO:0072107,GO:0072178,GO:0072179,GO:0072182,GO:0072676,GO:0090102,GO:1902895,GO:2000146,GO:2000352,GO:2000611,GO:2000679,GO:2000683
100	GO:0000122,GO:0001525,GO:0001541,GO:0001569,GO:0001570,GO:0001666,GO:0001701,GO:0001822,GO:0001934,GO:0001938,GO:0002040,GO:0002042,GO:0002052,GO:0002092,GO:0002376,GO:0002575,GO:0002687,GO:0003007,GO:0003151,GO:0003169,GO:0006357,GO:0007200,GO:0007399,GO:0007498,GO:0007595,GO:0008284,GO:0008360,GO:0010595,GO:0010628,GO:0010629,GO:0010719,GO:0010749,GO:0030154,GO:0030224,GO:0030225,GO:0030324,GO:0030335,GO:0030855,GO:0031077,GO:0031290,GO:0031334,GO:0031954,GO:0035148,GO:0035767,GO:0035924,GO:0036303,GO:0036324,GO:0038033,GO:0038084,GO:0038091,GO:0038190,GO:0042462,GO:0043066,GO:0043117,GO:0043123,GO:0043129,GO:0043410,GO:0043536,GO:0045766,GO:0045785,GO:0045944,GO:0048010,GO:0048469,GO:0048593,GO:0048842,GO:0048844,GO:0050679,GO:0050918,GO:0050927,GO:0050930,GO:0051781,GO:0051894,GO:0051897,GO:0055013,GO:0060319,GO:0060749,GO:0060754,GO:0060948,GO:0060982,GO:0061042,GO:0070374,GO:0071456,GO:0071542,GO:0071679,GO:0090050,GO:0090190,GO:0097475,GO:0097533,GO:0120162,GO:1900748,GO:1901165,GO:1902894,GO:1902966,GO:1903141,GO:1903392,GO:1903589,GO:1903672,GO:1905278,GO:1905555,GO:1905604,GO:2000048,GO:2000573,GO:2001028	GO:0000122,GO:0001525,GO:0001558,GO:0001889,GO:0001934,GO:0001935,GO:0002639,GO:0006355,GO:0006357,GO:0006366,GO:0006511,GO:0006629,GO:0006633,GO:0006914,GO:0006915,GO:0006955,GO:0006986,GO:0007517,GO:0008284,GO:0010506,GO:0010508,GO:0010832,GO:0015031,GO:0030154,GO:0030335,GO:0030512,GO:0030968,GO:0031647,GO:0031648,GO:0031670,GO:0032008,GO:0032755,GO:0032869,GO:0034599,GO:0034976,GO:0035356,GO:0035470,GO:0035924,GO:0036498,GO:0036500,GO:0036503,GO:0042149,GO:0042307,GO:0042632,GO:0043066,GO:0043491,GO:0045348,GO:0045579,GO:0045582,GO:0045600,GO:0045766,GO:0045944,GO:0048010,GO:0048666,GO:0051897,GO:0055089,GO:0055092,GO:0060392,GO:0060612,GO:0070059,GO:0070373,GO:0071073,GO:0071222,GO:0071230,GO:0071332,GO:0071333,GO:0071353,GO:0071375,GO:0071498,GO:0071499,GO:1900017,GO:1900100,GO:1900102,GO:1901985,GO:1902236,GO:1903489,GO:1904294,GO:1904707,GO:1904754,GO:1990418,GO:2000347,GO:2000353
100	GO:0000122,GO:0000165,GO:0001568,GO:0001649,GO:0001764,GO:0001782,GO:0001947,GO:0001958,GO:0001974,GO:0002062,GO:0002467,GO:0002634,GO:0002931,GO:0003138,GO:0003139,GO:0003151,GO:0003185,GO:0003211,GO:0006355,GO:0006915,GO:0006959,GO:0007399,GO:0007507,GO:0007517,GO:0007519,GO:0007521,GO:0007611,GO:0010628,GO:0010629,GO:0014033,GO:0014902,GO:0030154,GO:0030182,GO:0030220,GO:0030279,GO:0030318,GO:0030501,GO:0030890,GO:0035984,GO:0042100,GO:0043410,GO:0043523,GO:0043524,GO:0043537,GO:0045652,GO:0045663,GO:0045666,GO:0045669,GO:0045893,GO:0045944,GO:0046928,GO:0048167,GO:0048643,GO:0048666,GO:0048667,GO:0050853,GO:0051145,GO:0051963,GO:0051966,GO:0055012,GO:0060025,GO:0060045,GO:0060079,GO:0060998,GO:0061333,GO:0071222,GO:0071277,GO:0071374,GO:0071466,GO:0071498,GO:0071560,GO:0072102,GO:0072160,GO:0098989,GO:0098990,GO:1904706,GO:1904753,GO:1905563,GO:2000111,GO:2000727,GO:2000987,GO:2001013,GO:2001016	GO:0000122,GO:0001501,GO:0001502,GO:0001503,GO:0001658,GO:0001708,GO:0001837,GO:0001894,GO:0001942,GO:0002009,GO:0002053,GO:0002062,GO:0002683,GO:0003170,GO:0003179,GO:0003180,GO:0003203,GO:0003413,GO:0003415,GO:0003430,GO:0006334,GO:0006338,GO:0007165,GO:0007173,GO:0007283,GO:0007417,GO:0007507,GO:0008284,GO:0008584,GO:0010467,GO:0010564,GO:0010628,GO:0010634,GO:0014036,GO:0019100,GO:0030154,GO:0030279,GO:0030850,GO:0030858,GO:0030879,GO:0030903,GO:0030916,GO:0032331,GO:0032332,GO:0035019,GO:0042127,GO:0042981,GO:0043066,GO:0045662,GO:0045668,GO:0045892,GO:0045893,GO:0045944,GO:0046322,GO:0046533,GO:0048709,GO:0050679,GO:0050680,GO:0051216,GO:0060008,GO:0060009,GO:0060041,GO:0060174,GO:0060221,GO:0060517,GO:0060729,GO:0060784,GO:0061036,GO:0061138,GO:0065003,GO:0070168,GO:0070371,GO:0070542,GO:0071260,GO:0071300,GO:0071347,GO:0071364,GO:0071504,GO:0071560,GO:0071599,GO:0071773,GO:0072034,GO:0072170,GO:0072190,GO:0072289,GO:0090090,GO:0090103,GO:0090184,GO:0090190,GO:1902732,GO:1902894,GO:1904864,GO:2000020,GO:2000741
100	GO:0001774,GO:0001819,GO:0002250,GO:0002376,GO:0006325,GO:0006338,GO:0006915,GO:0006979,GO:0007155,GO:0007165,GO:0007167,GO:0007204,GO:0007259,GO:0007498,GO:0008284,GO:0008285,GO:0008631,GO:0009755,GO:0010572,GO:0010667,GO:0010811,GO:0019221,GO:0022407,GO:0022408,GO:0030041,GO:0030154,GO:0030218,GO:0030335,GO:0031103,GO:0031663,GO:0031959,GO:0032024,GO:0032731,GO:0032760,GO:0033194,GO:0033209,GO:0034612,GO:0035166,GO:0035556,GO:0035722,GO:0038043,GO:0038065,GO:0038155,GO:0038156,GO:0038157,GO:0038162,GO:0038163,GO:0042102,GO:0042307,GO:0042531,GO:0042976,GO:0042981,GO:0043065,GO:0043066,GO:0043410,GO:0043524,GO:0043687,GO:0045087,GO:0045348,GO:0045428,GO:0045429,GO:0045597,GO:0045944,GO:0046425,GO:0046634,GO:0046677,GO:0046777,GO:0048008,GO:0048861,GO:0050727,GO:0050804,GO:0050867,GO:0051897,GO:0060333,GO:0060391,GO:0060396,GO:0060397,GO:0060399,GO:0061180,GO:0070102,GO:0070120,GO:0070665,GO:0070671,GO:0070757,GO:0097191,GO:0120162,GO:0120186,GO:0140546,GO:1900016,GO:1901731,GO:1902533,GO:1902728,GO:1904037,GO:1904707,GO:1905539	GO:0000122,GO:0001659,GO:0001666,GO:0001754,GO:0001817,GO:0002317,GO:0002931,GO:0006355,GO:0006357,GO:0006606,GO:0006952,GO:0006953,GO:0006954,GO:0006955,GO:0007165,GO:0007179,GO:0007259,GO:0007399,GO:0008284,GO:0010507,GO:0010575,GO:0010628,GO:0010629,GO:0010730,GO:0019221,GO:0030154,GO:0030335,GO:0030522,GO:0030968,GO:0032355,GO:0032731,GO:0032733,GO:0032755,GO:0032757,GO:0032760,GO:0032870,GO:0033210,GO:0034097,GO:0035723,GO:0038110,GO:0038113,GO:0038154,GO:0038155,GO:0042127,GO:0042593,GO:0042755,GO:0043123,GO:0043124,GO:0043434,GO:0043491,GO:0043524,GO:0044320,GO:0044321,GO:0045471,GO:0045648,GO:0045747,GO:0045766,GO:0045893,GO:0045944,GO:0046902,GO:0048708,GO:0048861,GO:0050728,GO:0050729,GO:0050766,GO:0050804,GO:0051240,GO:0051726,GO:0060019,GO:0060259,GO:0060396,GO:0060397,GO:0070102,GO:0070120,GO:0072538,GO:0072540,GO:0090091,GO:0097009,GO:0097398,GO:0097696,GO:0099527,GO:0106015,GO:0140105,GO:1900016,GO:1900017,GO:1900037,GO:1902728,GO:1902895,GO:1905564,GO:2000635,GO:2001171,GO:2001243
100	GO:0000165,GO:0006468,GO:0006897,GO:0006914,GO:0006979,GO:0007005,GO:0007029,GO:0007030,GO:0007040,GO:0007166,GO:0007254,GO:0007266,GO:0007283,GO:0007528,GO:0008104,GO:0008340,GO:0009267,GO:0009653,GO:0009968,GO:0010468,GO:0010506,GO:0010508,GO:0010955,GO:0010977,GO:0014041,GO:0016192,GO:0016242,GO:0019722,GO:0021756,GO:0021772,GO:0022028,GO:0030154,GO:0030162,GO:0030182,GO:0031344,GO:0031398,GO:0031647,GO:0032436,GO:0032760,GO:0034260,GO:0034599,GO:0034614,GO:0035542,GO:0035556,GO:0035564,GO:0035640,GO:0035641,GO:0035751,GO:0040012,GO:0042391,GO:0043068,GO:0043410,GO:0046039,GO:0046777,GO:0048312,GO:0048513,GO:0048812,GO:0050804,GO:0051239,GO:0051247,GO:0051646,GO:0051900,GO:0051966,GO:0060070,GO:0060079,GO:0060159,GO:0060161,GO:0060627,GO:0060628,GO:0060828,GO:0061001,GO:0070585,GO:0070973,GO:0071287,GO:0090140,GO:0090263,GO:0090394,GO:0140058,GO:0141161,GO:1900242,GO:1900244,GO:1901030,GO:1902236,GO:1902499,GO:1902531,GO:1902692,GO:1902803,GO:1902823,GO:1902902,GO:1903351,GO:1903748,GO:1903980,GO:1904644,GO:1904887,GO:1905279,GO:1905289,GO:1905504,GO:2000172,GO:2000300,GO:2000377	GO:0000122,GO:0001525,GO:0001554,GO:0001837,GO:0001947,GO:0002052,GO:0003151,GO:0003157,GO:0003160,GO:0003162,GO:0003169,GO:0003180,GO:0003181,GO:0003182,GO:0003184,GO:0003192,GO:0003198,GO:0003203,GO:0003207,GO:0003208,GO:0003209,GO:0003213,GO:0003214,GO:0003222,GO:0003241,GO:0003264,GO:0003273,GO:0003332,GO:0003344,GO:0006355,GO:0006357,GO:0006606,GO:0006955,GO:0007219,GO:0007221,GO:0007283,GO:0007368,GO:0007411,GO:0007507,GO:0008284,GO:0008285,GO:0010467,GO:0010614,GO:0010628,GO:0010629,GO:0010667,GO:0010718,GO:0010812,GO:0010832,GO:0014031,GO:0021515,GO:0030154,GO:0030163,GO:0030279,GO:0030334,GO:0030335,GO:0030513,GO:0030514,GO:0031100,GO:0032495,GO:0032496,GO:0032966,GO:0035148,GO:0035924,GO:0042127,GO:0042246,GO:0043086,GO:0045070,GO:0045603,GO:0045662,GO:0045665,GO:0045668,GO:0045687,GO:0045892,GO:0045893,GO:0045944,GO:0046427,GO:0046579,GO:0048708,GO:0048709,GO:0048711,GO:0048715,GO:0048873,GO:0050768,GO:0050793,GO:0051152,GO:0055008,GO:0060038,GO:0060045,GO:0060253,GO:0060271,GO:0060317,GO:0060354,GO:0060379,GO:0060411,GO:0060412,GO:0060842,GO:0060843,GO:0060948,GO:0060956,GO:0060979,GO:0060982,GO:0061344,GO:0061384,GO:0062043,GO:0070168,GO:0070374,GO:0070986,GO:0071228,GO:0071372,GO:0071456,GO:0072017,GO:0072044,GO:0072144,GO:0072538,GO:0090051,GO:0097150,GO:0097400,GO:0099565,GO:0120163,GO:1901201,GO:1902339,GO:2000048,GO:2000737,GO:2000811,GO:2000974,GO:2001027
100	GO:0000302,GO:0001523,GO:0001937,GO:0006629,GO:0006641,GO:0006869,GO:0006898,GO:0007010,GO:0007186,GO:0007271,GO:0007616,GO:0008202,GO:0008203,GO:0010544,GO:0010596,GO:0010629,GO:0010642,GO:0010875,GO:0010877,GO:0010976,GO:0010977,GO:0015909,GO:0017038,GO:0019068,GO:0030195,GO:0030516,GO:0031175,GO:0032438,GO:0032489,GO:0032805,GO:0033344,GO:0033700,GO:0034372,GO:0034374,GO:0034375,GO:0034380,GO:0034382,GO:0034384,GO:0034447,GO:0035641,GO:0038060,GO:0042157,GO:0042158,GO:0042632,GO:0042981,GO:0042982,GO:0043254,GO:0043409,GO:0043537,GO:0043691,GO:0044794,GO:0045088,GO:0045429,GO:0045541,GO:0045807,GO:0045893,GO:0046889,GO:0048168,GO:0048662,GO:0050709,GO:0050728,GO:0050807,GO:0051044,GO:0051055,GO:0051246,GO:0051248,GO:0055089,GO:0055090,GO:0060999,GO:0061000,GO:0061136,GO:0061771,GO:0070328,GO:0070374,GO:0071402,GO:0071830,GO:0071831,GO:0090090,GO:0090181,GO:0090205,GO:0090370,GO:0097006,GO:0097113,GO:0097114,GO:0098869,GO:0140077,GO:1900221,GO:1900223,GO:1900272,GO:1901627,GO:1901631,GO:1902004,GO:1902430,GO:1902951,GO:1902952,GO:1902991,GO:1902995,GO:1902998,GO:1902999,GO:1903001,GO:1903002,GO:1905890,GO:1905906,GO:1905907,GO:1905908,GO:2000822	GO:0001774,GO:0001819,GO:0002250,GO:0002376,GO:0006325,GO:0006338,GO:0006915,GO:0006979,GO:0007155,GO:0007165,GO:0007167,GO:0007204,GO:0007259,GO:0007498,GO:0008284,GO:0008285,GO:0008631,GO:0009755,GO:0010572,GO:0010667,GO:0010811,GO:0019221,GO:0022407,GO:0022408,GO:0030041,GO:0030154,GO:0030218,GO:0030335,GO:0031103,GO:0031663,GO:0031959,GO:0032024,GO:0032731,GO:0032760,GO:0033194,GO:0033209,GO:0034612,GO:0035166,GO:0035556,GO:0035722,GO:0038043,GO:0038065,GO:0038155,GO:0038156,GO:0038157,GO:0038162,GO:0038163,GO:0042102,GO:0042307,GO:0042531,GO:0042976,GO:0042981,GO:0043065,GO:0043066,GO:0043410,GO:0043524,GO:0043687,GO:0045087,GO:0045348,GO:0045428,GO:0045429,GO:0045597,GO:0045944,GO:0046425,GO:0046634,GO:0046677,GO:0046777,GO:0048008,GO:0048861,GO:0050727,GO:0050804,GO:0050867,GO:0051897,GO:0060333,GO:0060391,GO:0060396,GO:0060397,GO:0060399,GO:0061180,GO:0070102,GO:0070120,GO:0070665,GO:0070671,GO:0070757,GO:0097191,GO:0120162,GO:0120186,GO:0140546,GO:1900016,GO:1901731,GO:1902533,GO:1902728,GO:1904037,GO:1904707,GO:1905539
100	GO:0000122,GO:0001570,GO:0001666,GO:0001937,GO:0006641,GO:0006816,GO:0006874,GO:0006940,GO:0007519,GO:0008104,GO:0009267,GO:0009617,GO:0010524,GO:0010608,GO:0010628,GO:0010875,GO:0016050,GO:0019065,GO:0019217,GO:0019915,GO:0030154,GO:0030193,GO:0030301,GO:0030335,GO:0030514,GO:0030857,GO:0030879,GO:0031295,GO:0031397,GO:0031398,GO:0031623,GO:0032507,GO:0032570,GO:0033484,GO:0038016,GO:0038166,GO:0042632,GO:0043123,GO:0043409,GO:0043627,GO:0044860,GO:0045019,GO:0045907,GO:0046209,GO:0046426,GO:0048550,GO:0051480,GO:0051592,GO:0051899,GO:0055074,GO:0060056,GO:0060070,GO:0060546,GO:0070836,GO:0071218,GO:0071375,GO:0071455,GO:0072584,GO:0086091,GO:0090090,GO:0097190,GO:0098903,GO:0098909,GO:0098911,GO:0120162,GO:1900027,GO:1901380,GO:1901844,GO:1903361,GO:1903598,GO:1904294,GO:2000535,GO:2000811,GO:2001238,GO:2001244	GO:0001837,GO:0001954,GO:0003170,GO:0005977,GO:0006468,GO:0006983,GO:0007005,GO:0007399,GO:0007623,GO:0008286,GO:0009968,GO:0010508,GO:0010628,GO:0010629,GO:0010719,GO:0010975,GO:0016055,GO:0018105,GO:0019082,GO:0021766,GO:0030010,GO:0030011,GO:0030154,GO:0030336,GO:0030516,GO:0031175,GO:0031333,GO:0031334,GO:0031398,GO:0032007,GO:0032092,GO:0032436,GO:0032481,GO:0032880,GO:0032886,GO:0034976,GO:0035556,GO:0036016,GO:0042752,GO:0043066,GO:0043161,GO:0043525,GO:0045597,GO:0045668,GO:0045719,GO:0045724,GO:0045732,GO:0045879,GO:0046777,GO:0046825,GO:0046827,GO:0048511,GO:0048814,GO:0050770,GO:0060070,GO:0060079,GO:0070507,GO:0070885,GO:0071109,GO:0071300,GO:0090090,GO:0097191,GO:0097192,GO:0099171,GO:0106027,GO:0150101,GO:0160213,GO:1900034,GO:1900181,GO:1900271,GO:1901030,GO:1901701,GO:1902042,GO:1903566,GO:1903940,GO:1904339,GO:1904646,GO:1904781,GO:1904951,GO:2000077,GO:2000466,GO:2000740
100	GO:0001837,GO:0001954,GO:0003170,GO:0005977,GO:0006468,GO:0006983,GO:0007005,GO:0007399,GO:0007623,GO:0008286,GO:0009968,GO:0010508,GO:0010628,GO:0010629,GO:0010719,GO:0010975,GO:0016055,GO:0018105,GO:0019082,GO:0021766,GO:0030010,GO:0030011,GO:0030154,GO:0030336,GO:0030516,GO:0031175,GO:0031333,GO:0031334,GO:0031398,GO:0032007,GO:0032092,GO:0032436,GO:0032481,GO:0032880,GO:0032886,GO:0034976,GO:0035556,GO:0036016,GO:0042752,GO:0043066,GO:0043161,GO:0043525,GO:0045597,GO:0045668,GO:0045719,GO:0045724,GO:0045732,GO:0045879,GO:0046777,GO:0046825,GO:0046827,GO:0048511,GO:0048814,GO:0050770,GO:0060070,GO:0060079,GO:0070507,GO:0070885,GO:0071109,GO:0071300,GO:0090090,GO:0097191,GO:0097192,GO:0099171,GO:0106027,GO:0150101,GO:0160213,GO:1900034,GO:1900181,GO:1900271,GO:1901030,GO:1901701,GO:1902042,GO:1903566,GO:1903940,GO:1904339,GO:1904646,GO:1904781,GO:1904951,GO:2000077,GO:2000466,GO:2000740	GO:0000122,GO:0002244,GO:0006289,GO:0006355,GO:0006357,GO:0006914,GO:0006915,GO:0006974,GO:0006979,GO:0006983,GO:0007265,GO:0007623,GO:0008104,GO:0008285,GO:0008340,GO:0009299,GO:0009410,GO:0009411,GO:0010212,GO:0010332,GO:0010628,GO:0012501,GO:0016032,GO:0030308,GO:0030330,GO:0031571,GO:0032211,GO:0033209,GO:0034644,GO:0042149,GO:0042771,GO:0042981,GO:0043065,GO:0043066,GO:0043153,GO:0045815,GO:0045892,GO:0045893,GO:0045899,GO:0045944,GO:0046677,GO:0048147,GO:0048511,GO:0048512,GO:0048539,GO:0051053,GO:0051097,GO:0051262,GO:0051726,GO:0060218,GO:0060333,GO:0062100,GO:0065003,GO:0070059,GO:0070245,GO:0071456,GO:0071466,GO:0071479,GO:0071480,GO:0072331,GO:0072332,GO:0072717,GO:0090200,GO:0090398,GO:0090399,GO:0090403,GO:0097190,GO:0097193,GO:0097252,GO:1900119,GO:1902749,GO:1902895,GO:1903451,GO:1905856,GO:2000379,GO:2000774,GO:2001242,GO:2001244
100	GO:0000122,GO:0001773,GO:0001935,GO:0001938,GO:0002218,GO:0002250,GO:0002270,GO:0002281,GO:0002376,GO:0002407,GO:0002437,GO:0002643,GO:0002840,GO:0006259,GO:0006265,GO:0006281,GO:0006284,GO:0006302,GO:0006303,GO:0006310,GO:0006325,GO:0006338,GO:0006914,GO:0006935,GO:0006954,GO:0006955,GO:0006974,GO:0007165,GO:0007204,GO:0010508,GO:0010596,GO:0017055,GO:0031175,GO:0031507,GO:0032392,GO:0032425,GO:0032689,GO:0032722,GO:0032727,GO:0032728,GO:0032731,GO:0032732,GO:0032733,GO:0032735,GO:0032755,GO:0032757,GO:0032760,GO:0033151,GO:0034137,GO:0034145,GO:0034165,GO:0035711,GO:0035767,GO:0042104,GO:0043065,GO:0043277,GO:0043371,GO:0043388,GO:0043410,GO:0043536,GO:0043537,GO:0045063,GO:0045087,GO:0045089,GO:0045597,GO:0045944,GO:0046330,GO:0046598,GO:0048468,GO:0050792,GO:0050918,GO:0051052,GO:0070374,GO:0071222,GO:0071639,GO:0090026,GO:0090303,GO:0097350,GO:1901224,GO:1903672,GO:1903706,GO:1905564,GO:2000343,GO:2000426,GO:2000819,GO:2001200	GO:0000122,GO:0001501,GO:0001502,GO:0001503,GO:0001658,GO:0001708,GO:0001837,GO:0001894,GO:0001942,GO:0002009,GO:0002053,GO:0002062,GO:0002683,GO:0003170,GO:0003179,GO:0003180,GO:0003203,GO:0003413,GO:0003415,GO:0003430,GO:0006334,GO:0006338,GO:0007165,GO:0007173,GO:0007283,GO:0007417,GO:0007507,GO:0008284,GO:0008584,GO:0010467,GO:0010564,GO:0010628,GO:0010634,GO:0014036,GO:0019100,GO:0030154,GO:0030279,GO:0030850,GO:0030858,GO:0030879,GO:0030903,GO:0030916,GO:0032331,GO:0032332,GO:0035019,GO:0042127,GO:0042981,GO:0043066,GO:0045662,GO:0045668,GO:0045892,GO:0045893,GO:0045944,GO:0046322,GO:0046533,GO:0048709,GO:0050679,GO:0050680,GO:0051216,GO:0060008,GO:0060009,GO:0060041,GO:0060174,GO:0060221,GO:0060517,GO:0060729,GO:0060784,GO:0061036,GO:0061138,GO:0065003,GO:0070168,GO:0070371,GO:0070542,GO:0071260,GO:0071300,GO:0071347,GO:0071364,GO:0071504,GO:0071560,GO:0071599,GO:0071773,GO:0072034,GO:0072170,GO:0072190,GO:0072289,GO:0090090,GO:0090103,GO:0090184,GO:0090190,GO:1902732,GO:1902894,GO:1904864,GO:2000020,GO:2000741
100	GO:0000122,GO:0001525,GO:0001657,GO:0001701,GO:0001837,GO:0002053,GO:0003148,GO:0003149,GO:0003416,GO:0006915,GO:0007267,GO:0007409,GO:0008284,GO:0008543,GO:0008589,GO:0009791,GO:0009880,GO:0009887,GO:0010518,GO:0010839,GO:0016331,GO:0018108,GO:0021769,GO:0021847,GO:0021860,GO:0022612,GO:0030177,GO:0030282,GO:0030324,GO:0030855,GO:0030901,GO:0030916,GO:0031069,GO:0032496,GO:0032808,GO:0033688,GO:0035265,GO:0035602,GO:0035603,GO:0035604,GO:0035607,GO:0042472,GO:0042476,GO:0043009,GO:0043410,GO:0044344,GO:0045165,GO:0045471,GO:0045595,GO:0045667,GO:0045787,GO:0045944,GO:0046777,GO:0048286,GO:0048333,GO:0048557,GO:0048562,GO:0048565,GO:0048568,GO:0048608,GO:0048701,GO:0048705,GO:0048730,GO:0048755,GO:0048762,GO:0050679,GO:0050680,GO:0051150,GO:0051781,GO:0055010,GO:0060045,GO:0060174,GO:0060348,GO:0060349,GO:0060442,GO:0060445,GO:0060449,GO:0060463,GO:0060484,GO:0060501,GO:0060512,GO:0060523,GO:0060527,GO:0060529,GO:0060601,GO:0060615,GO:0060664,GO:0060667,GO:0060670,GO:0060688,GO:0060915,GO:0060916,GO:0070372,GO:0070374,GO:0071300,GO:0071456,GO:0071560,GO:0090263,GO:1904707,GO:1904888	GO:0000122,GO:0001890,GO:0006355,GO:0006357,GO:0006631,GO:0007186,GO:0007584,GO:0008217,GO:0009755,GO:0010628,GO:0010629,GO:0010745,GO:0010875,GO:0010887,GO:0010888,GO:0015909,GO:0016525,GO:0030154,GO:0030224,GO:0030509,GO:0030512,GO:0030514,GO:0030522,GO:0030855,GO:0031348,GO:0031667,GO:0032376,GO:0032869,GO:0033993,GO:0035357,GO:0042593,GO:0042752,GO:0042789,GO:0043409,GO:0043537,GO:0045087,GO:0045165,GO:0045444,GO:0045600,GO:0045668,GO:0045834,GO:0045892,GO:0045893,GO:0045923,GO:0045944,GO:0048384,GO:0048469,GO:0048511,GO:0048662,GO:0050728,GO:0050872,GO:0050873,GO:0051049,GO:0051241,GO:0055088,GO:0060336,GO:0060392,GO:0070165,GO:0071404,GO:0071456,GO:0090258,GO:0140077,GO:0141193,GO:1900076,GO:1901202,GO:1902894,GO:1902895,GO:1903243,GO:1903845,GO:1904179,GO:1904597,GO:1904706,GO:1904893,GO:1905461,GO:1905563,GO:2001235
100	GO:0000122,GO:0001503,GO:0001649,GO:0001657,GO:0001658,GO:0001822,GO:0001823,GO:0001934,GO:0001938,GO:0001958,GO:0002043,GO:0002062,GO:0002244,GO:0002320,GO:0002573,GO:0003007,GO:0003129,GO:0003139,GO:0003148,GO:0003149,GO:0003151,GO:0003163,GO:0003180,GO:0003184,GO:0003197,GO:0003279,GO:0003323,GO:0007498,GO:0008284,GO:0008285,GO:0009791,GO:0010453,GO:0010467,GO:0010628,GO:0010629,GO:0010718,GO:0021537,GO:0022408,GO:0030154,GO:0030224,GO:0030225,GO:0030335,GO:0030501,GO:0030509,GO:0030513,GO:0030858,GO:0032092,GO:0032967,GO:0033085,GO:0033088,GO:0035990,GO:0035993,GO:0042306,GO:0042476,GO:0043065,GO:0043068,GO:0045596,GO:0045603,GO:0045606,GO:0045662,GO:0045669,GO:0045778,GO:0045786,GO:0045839,GO:0045843,GO:0045892,GO:0045893,GO:0045944,GO:0048286,GO:0048392,GO:0048661,GO:0048662,GO:0048745,GO:0048863,GO:0050679,GO:0050918,GO:0051216,GO:0051241,GO:0055007,GO:0055020,GO:0060391,GO:0060425,GO:0060426,GO:0060433,GO:0060438,GO:0060441,GO:0060502,GO:0060503,GO:0060537,GO:0060976,GO:0061036,GO:0061047,GO:0061626,GO:0070244,GO:0071773,GO:0072104,GO:0072125,GO:0072179,GO:0072197,GO:0072200,GO:0090189,GO:0090191,GO:0090194,GO:1900182,GO:1900745,GO:1901331,GO:1902894,GO:1904706,GO:1904753,GO:1905312,GO:2000005,GO:2000007,GO:2000636,GO:2000725,GO:2001237	GO:0000122,GO:0002244,GO:0006289,GO:0006355,GO:0006357,GO:0006914,GO:0006915,GO:0006974,GO:0006979,GO:0006983,GO:0007265,GO:0007623,GO:0008104,GO:0008285,GO:0008340,GO:0009299,GO:0009410,GO:0009411,GO:0010212,GO:0010332,GO:0010628,GO:0012501,GO:0016032,GO:0030308,GO:0030330,GO:0031571,GO:0032211,GO:0033209,GO:0034644,GO:0042149,GO:0042771,GO:0042981,GO:0043065,GO:0043066,GO:0043153,GO:0045815,GO:0045892,GO:0045893,GO:0045899,GO:0045944,GO:0046677,GO:0048147,GO:0048511,GO:0048512,GO:0048539,GO:0051053,GO:0051097,GO:0051262,GO:0051726,GO:0060218,GO:0060333,GO:0062100,GO:0065003,GO:0070059,GO:0070245,GO:0071456,GO:0071466,GO:0071479,GO:0071480,GO:0072331,GO:0072332,GO:0072717,GO:0090200,GO:0090398,GO:0090399,GO:0090403,GO:0097190,GO:0097193,GO:0097252,GO:1900119,GO:1902749,GO:1902895,GO:1903451,GO:1905856,GO:2000379,GO:2000774,GO:2001242,GO:2001244
100	GO:0001649,GO:0001938,GO:0002042,GO:0002430,GO:0003376,GO:0005977,GO:0005978,GO:0005979,GO:0006006,GO:0006417,GO:0006468,GO:0006809,GO:0006915,GO:0006924,GO:0006979,GO:0007165,GO:0007173,GO:0007186,GO:0007399,GO:0008283,GO:0008286,GO:0009408,GO:0009725,GO:0010507,GO:0010595,GO:0010628,GO:0010629,GO:0010748,GO:0010761,GO:0010907,GO:0010975,GO:0016242,GO:0018105,GO:0018107,GO:0019221,GO:0030154,GO:0030307,GO:0030334,GO:0030335,GO:0031295,GO:0031397,GO:0031929,GO:0031999,GO:0032079,GO:0032436,GO:0032869,GO:0033138,GO:0033554,GO:0034405,GO:0035556,GO:0035655,GO:0042307,GO:0042981,GO:0043066,GO:0043276,GO:0043488,GO:0043491,GO:0043536,GO:0045429,GO:0045600,GO:0045725,GO:0045746,GO:0045861,GO:0045944,GO:0046209,GO:0046326,GO:0046889,GO:0048009,GO:0048266,GO:0048661,GO:0051247,GO:0051897,GO:0060079,GO:0060416,GO:0060644,GO:0070141,GO:0070585,GO:0070848,GO:0071364,GO:0072656,GO:0072752,GO:0090201,GO:0097700,GO:0099175,GO:0110002,GO:0140052,GO:0150033,GO:0160049,GO:0160213,GO:1900087,GO:1900182,GO:1901796,GO:1902018,GO:1902176,GO:1903038,GO:1903078,GO:1903318,GO:1903384,GO:1903898,GO:1904263,GO:1904515,GO:1905552,GO:1905786,GO:1990090,GO:1990418,GO:2000010,GO:2000074,GO:2000402,GO:2001240,GO:2001243	GO:0000122,GO:0001525,GO:0001558,GO:0001889,GO:0001934,GO:0001935,GO:0002639,GO:0006355,GO:0006357,GO:0006366,GO:0006511,GO:0006629,GO:0006633,GO:0006914,GO:0006915,GO:0006955,GO:0006986,GO:0007517,GO:0008284,GO:0010506,GO:0010508,GO:0010832,GO:0015031,GO:0030154,GO:0030335,GO:0030512,GO:0030968,GO:0031647,GO:0031648,GO:0031670,GO:0032008,GO:0032755,GO:0032869,GO:0034599,GO:0034976,GO:0035356,GO:0035470,GO:0035924,GO:0036498,GO:0036500,GO:0036503,GO:0042149,GO:0042307,GO:0042632,GO:0043066,GO:0043491,GO:0045348,GO:0045579,GO:0045582,GO:0045600,GO:0045766,GO:0045944,GO:0048010,GO:0048666,GO:0051897,GO:0055089,GO:0055092,GO:0060392,GO:0060612,GO:0070059,GO:0070373,GO:0071073,GO:0071222,GO:0071230,GO:0071332,GO:0071333,GO:0071353,GO:0071375,GO:0071498,GO:0071499,GO:1900017,GO:1900100,GO:1900102,GO:1901985,GO:1902236,GO:1903489,GO:1904294,GO:1904707,GO:1904754,GO:1990418,GO:2000347,GO:2000353
100	GO:0000122,GO:0001525,GO:0001657,GO:0001701,GO:0001837,GO:0002053,GO:0003148,GO:0003149,GO:0003416,GO:0006915,GO:0007267,GO:0007409,GO:0008284,GO:0008543,GO:0008589,GO:0009791,GO:0009880,GO:0009887,GO:0010518,GO:0010839,GO:0016331,GO:0018108,GO:0021769,GO:0021847,GO:0021860,GO:0022612,GO:0030177,GO:0030282,GO:0030324,GO:0030855,GO:0030901,GO:0030916,GO:0031069,GO:0032496,GO:0032808,GO:0033688,GO:0035265,GO:0035602,GO:0035603,GO:0035604,GO:0035607,GO:0042472,GO:0042476,GO:0043009,GO:0043410,GO:0044344,GO:0045165,GO:0045471,GO:0045595,GO:0045667,GO:0045787,GO:0045944,GO:0046777,GO:0048286,GO:0048333,GO:0048557,GO:0048562,GO:0048565,GO:0048568,GO:0048608,GO:0048701,GO:0048705,GO:0048730,GO:0048755,GO:0048762,GO:0050679,GO:0050680,GO:0051150,GO:0051781,GO:0055010,GO:0060045,GO:0060174,GO:0060348,GO:0060349,GO:0060442,GO:0060445,GO:0060449,GO:0060463,GO:0060484,GO:0060501,GO:0060512,GO:0060523,GO:0060527,GO:0060529,GO:0060601,GO:0060615,GO:0060664,GO:0060667,GO:0060670,GO:0060688,GO:0060915,GO:0060916,GO:0070372,GO:0070374,GO:0071300,GO:0071456,GO:0071560,GO:0090263,GO:1904707,GO:1904888	GO:0000012,GO:0000122,GO:0000183,GO:0000720,GO:0000731,GO:0001525,GO:0001678,GO:0001934,GO:0001938,GO:0002821,GO:0006325,GO:0006346,GO:0006476,GO:0006642,GO:0006915,GO:0006974,GO:0006979,GO:0007179,GO:0007346,GO:0007517,GO:0007623,GO:0008284,GO:0008630,GO:0009267,GO:0010629,GO:0010824,GO:0010868,GO:0010875,GO:0010883,GO:0010906,GO:0016239,GO:0016567,GO:0018394,GO:0030154,GO:0030225,GO:0030512,GO:0030968,GO:0031393,GO:0031507,GO:0031509,GO:0031648,GO:0032007,GO:0032071,GO:0032436,GO:0032868,GO:0032922,GO:0033210,GO:0034391,GO:0035331,GO:0035356,GO:0035358,GO:0042127,GO:0042149,GO:0042326,GO:0042542,GO:0042632,GO:0042771,GO:0042981,GO:0043065,GO:0043066,GO:0043124,GO:0043161,GO:0043518,GO:0043536,GO:0044321,GO:0045348,GO:0045599,GO:0045722,GO:0045739,GO:0045766,GO:0045786,GO:0045892,GO:0045944,GO:0046015,GO:0046628,GO:0046890,GO:0048511,GO:0050793,GO:0050872,GO:0051152,GO:0051239,GO:0051658,GO:0051897,GO:0051898,GO:0055089,GO:0060766,GO:0060907,GO:0062013,GO:0070301,GO:0070857,GO:0070914,GO:0071356,GO:0071456,GO:0071479,GO:0090335,GO:0090400,GO:0097009,GO:0106230,GO:0140861,GO:1900034,GO:1901797,GO:1901984,GO:1902166,GO:1902176,GO:1902237,GO:1902424,GO:1904179,GO:2000111,GO:2000481,GO:2000655,GO:2000757,GO:2000773,GO:2000774,GO:2000781
100	GO:0000122,GO:0001774,GO:0001878,GO:0002265,GO:0006357,GO:0006417,GO:0006816,GO:0006878,GO:0006897,GO:0006915,GO:0007155,GO:0007186,GO:0007189,GO:0007193,GO:0007219,GO:0007409,GO:0007417,GO:0007611,GO:0007612,GO:0007613,GO:0007617,GO:0007626,GO:0008088,GO:0008285,GO:0008306,GO:0008344,GO:0008542,GO:0010288,GO:0010468,GO:0010604,GO:0010628,GO:0010629,GO:0014005,GO:0016199,GO:0016322,GO:0016358,GO:0019722,GO:0019731,GO:0019732,GO:0030111,GO:0030178,GO:0030198,GO:0031175,GO:0031583,GO:0032224,GO:0032722,GO:0032729,GO:0032731,GO:0032755,GO:0032760,GO:0032930,GO:0034121,GO:0035235,GO:0036269,GO:0040014,GO:0042157,GO:0043065,GO:0043408,GO:0043410,GO:0043523,GO:0043525,GO:0045087,GO:0045429,GO:0045471,GO:0045666,GO:0045745,GO:0045752,GO:0045821,GO:0045931,GO:0045944,GO:0046330,GO:0048143,GO:0048169,GO:0048669,GO:0050729,GO:0050803,GO:0050808,GO:0050829,GO:0050830,GO:0050850,GO:0050867,GO:0050890,GO:0050918,GO:0051044,GO:0051246,GO:0051247,GO:0051260,GO:0051262,GO:0051580,GO:0051897,GO:0055096,GO:0061844,GO:0070206,GO:0070374,GO:0070555,GO:0071280,GO:0071287,GO:0071320,GO:0071874,GO:0090026,GO:0090090,GO:0098815,GO:0098989,GO:0110088,GO:0141137,GO:0141163,GO:0150003,GO:1900181,GO:1900221,GO:1900272,GO:1900273,GO:1900454,GO:1901224,GO:1902894,GO:1902950,GO:1902951,GO:1902993,GO:1903381,GO:1903523,GO:1904022,GO:1904472,GO:1904591,GO:1904646,GO:1905606,GO:1905898,GO:1905906,GO:1905908,GO:1905945,GO:1990000,GO:1990090,GO:1990418,GO:1990535,GO:2000406,GO:2000463,GO:2001238	GO:0000122,GO:0001569,GO:0001570,GO:0001656,GO:0001658,GO:0001708,GO:0001755,GO:0001947,GO:0002320,GO:0003140,GO:0006508,GO:0007224,GO:0007267,GO:0007389,GO:0007405,GO:0007411,GO:0007417,GO:0007418,GO:0007507,GO:0008209,GO:0008284,GO:0009880,GO:0009888,GO:0009949,GO:0009953,GO:0010468,GO:0010629,GO:0016539,GO:0016540,GO:0021930,GO:0030162,GO:0030182,GO:0030324,GO:0030326,GO:0030336,GO:0030539,GO:0030850,GO:0030900,GO:0030901,GO:0030902,GO:0033077,GO:0033089,GO:0033092,GO:0035295,GO:0042127,GO:0042481,GO:0042733,GO:0043066,GO:0043369,GO:0045059,GO:0045060,GO:0045165,GO:0045596,GO:0045880,GO:0045893,GO:0045944,GO:0046638,GO:0048468,GO:0048513,GO:0048538,GO:0048663,GO:0048709,GO:0048745,GO:0048754,GO:0048864,GO:0050793,GO:0051781,GO:0060684,GO:0061053,GO:0061189,GO:0071542,GO:0072136,GO:0072205,GO:0090370,GO:0097190,GO:0097264,GO:1900107,GO:1900180,GO:1904339,GO:2000062,GO:2000063,GO:2000357,GO:2000358,GO:2000729
100	GO:0001660,GO:0001819,GO:0002282,GO:0002711,GO:0006915,GO:0006954,GO:0006955,GO:0007165,GO:0007267,GO:0007566,GO:0008284,GO:0008285,GO:0010573,GO:0010575,GO:0010628,GO:0010641,GO:0010718,GO:0010744,GO:0010829,GO:0014805,GO:0019221,GO:0030213,GO:0030224,GO:0030335,GO:0030949,GO:0031394,GO:0031622,GO:0032308,GO:0032496,GO:0032691,GO:0032725,GO:0032729,GO:0032743,GO:0032755,GO:0032757,GO:0033092,GO:0034116,GO:0042102,GO:0043122,GO:0043123,GO:0043409,GO:0043410,GO:0045429,GO:0045766,GO:0045833,GO:0045840,GO:0045893,GO:0045917,GO:0046330,GO:0046627,GO:0046827,GO:0050691,GO:0050728,GO:0050729,GO:0050767,GO:0050768,GO:0050796,GO:0050805,GO:0050830,GO:0050995,GO:0050996,GO:0050999,GO:0051044,GO:0051781,GO:0051897,GO:0060252,GO:0060355,GO:0070164,GO:0070372,GO:0070374,GO:0070487,GO:0070498,GO:0070555,GO:0071222,GO:0071260,GO:0071466,GO:0071639,GO:0097398,GO:0150078,GO:1900745,GO:1901224,GO:1902680,GO:1903140,GO:1903530,GO:1903597,GO:1905075,GO:2000556,GO:2000660,GO:2001240	GO:0000122,GO:0000209,GO:0000266,GO:0000422,GO:0000423,GO:0006511,GO:0006513,GO:0006914,GO:0006979,GO:0006986,GO:0007005,GO:0007417,GO:0008344,GO:0009410,GO:0009896,GO:0010498,GO:0010506,GO:0010628,GO:0010629,GO:0010636,GO:0010637,GO:0010821,GO:0010906,GO:0010918,GO:0010994,GO:0014059,GO:0014850,GO:0016236,GO:0016567,GO:0016579,GO:0022603,GO:0030163,GO:0031396,GO:0031647,GO:0031648,GO:0032232,GO:0032368,GO:0032436,GO:0033132,GO:0034599,GO:0034620,GO:0034976,GO:0035519,GO:0035774,GO:0036503,GO:0042053,GO:0042417,GO:0043065,GO:0043123,GO:0043161,GO:0043524,GO:0043653,GO:0044314,GO:0044828,GO:0045732,GO:0045944,GO:0046329,GO:0046676,GO:0050804,GO:0050821,GO:0051412,GO:0051582,GO:0051646,GO:0051865,GO:0051881,GO:0051967,GO:0060544,GO:0060828,GO:0061734,GO:0070050,GO:0070534,GO:0070585,GO:0070842,GO:0070936,GO:0070979,GO:0071287,GO:0080090,GO:0085020,GO:0090090,GO:0090141,GO:0090201,GO:0090258,GO:0090394,GO:0097237,GO:0099072,GO:0099074,GO:0140251,GO:1900242,GO:1900407,GO:1901526,GO:1901800,GO:1902236,GO:1902254,GO:1902530,GO:1902803,GO:1903265,GO:1903351,GO:1903377,GO:1903382,GO:1903427,GO:1903530,GO:1903542,GO:1903747,GO:1903861,GO:1904049,GO:1904643,GO:1904845,GO:1904881,GO:1905091,GO:1905232,GO:1905281,GO:1905366,GO:1905477,GO:1990000,GO:2000377,GO:2000378,GO:2001171
100	GO:0000122,GO:0001525,GO:0001657,GO:0001701,GO:0001837,GO:0002053,GO:0003148,GO:0003149,GO:0003416,GO:0006915,GO:0007267,GO:0007409,GO:0008284,GO:0008543,GO:0008589,GO:0009791,GO:0009880,GO:0009887,GO:0010518,GO:0010839,GO:0016331,GO:0018108,GO:0021769,GO:0021847,GO:0021860,GO:0022612,GO:0030177,GO:0030282,GO:0030324,GO:0030855,GO:0030901,GO:0030916,GO:0031069,GO:0032496,GO:0032808,GO:0033688,GO:0035265,GO:0035602,GO:0035603,GO:0035604,GO:0035607,GO:0042472,GO:0042476,GO:0043009,GO:0043410,GO:0044344,GO:0045165,GO:0045471,GO:0045595,GO:0045667,GO:0045787,GO:0045944,GO:0046777,GO:0048286,GO:0048333,GO:0048557,GO:0048562,GO:0048565,GO:0048568,GO:0048608,GO:0048701,GO:0048705,GO:0048730,GO:0048755,GO:0048762,GO:0050679,GO:0050680,GO:0051150,GO:0051781,GO:0055010,GO:0060045,GO:0060174,GO:0060348,GO:0060349,GO:0060442,GO:0060445,GO:0060449,GO:0060463,GO:0060484,GO:0060501,GO:0060512,GO:0060523,GO:0060527,GO:0060529,GO:0060601,GO:0060615,GO:0060664,GO:0060667,GO:0060670,GO:0060688,GO:0060915,GO:0060916,GO:0070372,GO:0070374,GO:0071300,GO:0071456,GO:0071560,GO:0090263,GO:1904707,GO:1904888	GO:0001660,GO:0001819,GO:0002282,GO:0002711,GO:0006915,GO:0006954,GO:0006955,GO:0007165,GO:0007267,GO:0007566,GO:0008284,GO:0008285,GO:0010573,GO:0010575,GO:0010628,GO:0010641,GO:0010718,GO:0010744,GO:0010829,GO:0014805,GO:0019221,GO:0030213,GO:0030224,GO:0030335,GO:0030949,GO:0031394,GO:0031622,GO:0032308,GO:0032496,GO:0032691,GO:0032725,GO:0032729,GO:0032743,GO:0032755,GO:0032757,GO:0033092,GO:0034116,GO:0042102,GO:0043122,GO:0043123,GO:0043409,GO:0043410,GO:0045429,GO:0045766,GO:0045833,GO:0045840,GO:0045893,GO:0045917,GO:0046330,GO:0046627,GO:0046827,GO:0050691,GO:0050728,GO:0050729,GO:0050767,GO:0050768,GO:0050796,GO:0050805,GO:0050830,GO:0050995,GO:0050996,GO:0050999,GO:0051044,GO:0051781,GO:0051897,GO:0060252,GO:0060355,GO:0070164,GO:0070372,GO:0070374,GO:0070487,GO:0070498,GO:0070555,GO:0071222,GO:0071260,GO:0071466,GO:0071639,GO:0097398,GO:0150078,GO:1900745,GO:1901224,GO:1902680,GO:1903140,GO:1903530,GO:1903597,GO:1905075,GO:2000556,GO:2000660,GO:2001240
100	GO:0000209,GO:0001649,GO:0001837,GO:0002052,GO:0003151,GO:0007155,GO:0007173,GO:0007399,GO:0008284,GO:0008285,GO:0009410,GO:0010629,GO:0010717,GO:0010718,GO:0010909,GO:0016055,GO:0016525,GO:0019827,GO:0021854,GO:0030182,GO:0030901,GO:0030902,GO:0030997,GO:0031396,GO:0032212,GO:0032355,GO:0032968,GO:0033234,GO:0034112,GO:0034333,GO:0034394,GO:0035315,GO:0035995,GO:0036023,GO:0036520,GO:0043065,GO:0043066,GO:0043161,GO:0043525,GO:0044331,GO:0045597,GO:0045765,GO:0045766,GO:0045892,GO:0045893,GO:0045944,GO:0045976,GO:0048145,GO:0048568,GO:0048643,GO:0048660,GO:0050767,GO:0050768,GO:0050982,GO:0051884,GO:0051963,GO:0060070,GO:0060231,GO:0060292,GO:0061154,GO:0061549,GO:0061550,GO:0070602,GO:0071363,GO:0071681,GO:0072182,GO:0072497,GO:0090090,GO:0090279,GO:0097091,GO:0098609,GO:1901331,GO:1903377,GO:1904888,GO:1904948,GO:1905555,GO:1990138,GO:1990403,GO:1990791,GO:2000008,GO:2000179	GO:0000077,GO:0001782,GO:0001817,GO:0001932,GO:0001933,GO:0002223,GO:0002244,GO:0002250,GO:0002376,GO:0002431,GO:0002513,GO:0002553,GO:0002576,GO:0002758,GO:0002762,GO:0002768,GO:0002774,GO:0002862,GO:0002902,GO:0006468,GO:0006950,GO:0006954,GO:0006974,GO:0006991,GO:0007165,GO:0007169,GO:0008284,GO:0008285,GO:0009410,GO:0009636,GO:0009725,GO:0009743,GO:0010976,GO:0014003,GO:0015908,GO:0018108,GO:0030097,GO:0030218,GO:0030222,GO:0030335,GO:0030889,GO:0031175,GO:0031295,GO:0031663,GO:0032868,GO:0033003,GO:0033628,GO:0034136,GO:0034142,GO:0034144,GO:0034145,GO:0034165,GO:0034605,GO:0035556,GO:0038043,GO:0038095,GO:0038096,GO:0038159,GO:0042100,GO:0042327,GO:0043200,GO:0043304,GO:0043407,GO:0043410,GO:0043434,GO:0045087,GO:0045646,GO:0046777,GO:0048013,GO:0048678,GO:0050727,GO:0050777,GO:0050855,GO:0050859,GO:0050900,GO:0051279,GO:0060252,GO:0060369,GO:0060397,GO:0070372,GO:0070373,GO:0070447,GO:0070667,GO:0070668,GO:0071300,GO:0071396,GO:0090025,GO:0090330,GO:0097028,GO:1902532,GO:1902993,GO:2000670
100	GO:0000012,GO:0000122,GO:0000183,GO:0000720,GO:0000731,GO:0001525,GO:0001678,GO:0001934,GO:0001938,GO:0002821,GO:0006325,GO:0006346,GO:0006476,GO:0006642,GO:0006915,GO:0006974,GO:0006979,GO:0007179,GO:0007346,GO:0007517,GO:0007623,GO:0008284,GO:0008630,GO:0009267,GO:0010629,GO:0010824,GO:0010868,GO:0010875,GO:0010883,GO:0010906,GO:0016239,GO:0016567,GO:0018394,GO:0030154,GO:0030225,GO:0030512,GO:0030968,GO:0031393,GO:0031507,GO:0031509,GO:0031648,GO:0032007,GO:0032071,GO:0032436,GO:0032868,GO:0032922,GO:0033210,GO:0034391,GO:0035331,GO:0035356,GO:0035358,GO:0042127,GO:0042149,GO:0042326,GO:0042542,GO:0042632,GO:0042771,GO:0042981,GO:0043065,GO:0043066,GO:0043124,GO:0043161,GO:0043518,GO:0043536,GO:0044321,GO:0045348,GO:0045599,GO:0045722,GO:0045739,GO:0045766,GO:0045786,GO:0045892,GO:0045944,GO:0046015,GO:0046628,GO:0046890,GO:0048511,GO:0050793,GO:0050872,GO:0051152,GO:0051239,GO:0051658,GO:0051897,GO:0051898,GO:0055089,GO:0060766,GO:0060907,GO:0062013,GO:0070301,GO:0070857,GO:0070914,GO:0071356,GO:0071456,GO:0071479,GO:0090335,GO:0090400,GO:0097009,GO:0106230,GO:0140861,GO:1900034,GO:1901797,GO:1901984,GO:1902166,GO:1902176,GO:1902237,GO:1902424,GO:1904179,GO:2000111,GO:2000481,GO:2000655,GO:2000757,GO:2000773,GO:2000774,GO:2000781	GO:0001568,GO:0001819,GO:0001937,GO:0001960,GO:0007566,GO:0008284,GO:0008360,GO:0010596,GO:0010613,GO:0010614,GO:0010628,GO:0010629,GO:0010667,GO:0010718,GO:0010804,GO:0010838,GO:0016525,GO:0030334,GO:0030335,GO:0030336,GO:0030509,GO:0030511,GO:0031346,GO:0032480,GO:0032695,GO:0032705,GO:0032963,GO:0034392,GO:0035021,GO:0035024,GO:0035195,GO:0035278,GO:0036166,GO:0042058,GO:0042104,GO:0043066,GO:0043409,GO:0045590,GO:0045600,GO:0045603,GO:0045669,GO:0045766,GO:0045824,GO:0045930,GO:0050729,GO:0051497,GO:0051896,GO:0051897,GO:0060339,GO:0060940,GO:0061037,GO:0061154,GO:0070373,GO:0070374,GO:0071222,GO:0071479,GO:0071480,GO:0098586,GO:0106016,GO:1900017,GO:1900039,GO:1900082,GO:1900748,GO:1901223,GO:1901299,GO:1902254,GO:1902514,GO:1902731,GO:1903053,GO:1903427,GO:1903589,GO:1903766,GO:1904639,GO:1904695,GO:1904707,GO:1904728,GO:1904753,GO:1904754,GO:1904762,GO:1904827,GO:1904830,GO:1904996,GO:1905065,GO:1905460,GO:1905564,GO:1905955,GO:1990009,GO:2000318,GO:2000321,GO:2000377
100	GO:0000278,GO:0002252,GO:0002429,GO:0006281,GO:0006298,GO:0006355,GO:0006897,GO:0006909,GO:0006914,GO:0006915,GO:0006974,GO:0006979,GO:0007155,GO:0007173,GO:0007204,GO:0007229,GO:0007611,GO:0008306,GO:0008630,GO:0009410,GO:0010468,GO:0010506,GO:0010557,GO:0010595,GO:0030036,GO:0030041,GO:0030100,GO:0030155,GO:0030516,GO:0030845,GO:0031113,GO:0032489,GO:0032956,GO:0034599,GO:0034976,GO:0035556,GO:0035791,GO:0036211,GO:0038096,GO:0038189,GO:0042770,GO:0043065,GO:0043525,GO:0043542,GO:0045580,GO:0045595,GO:0045785,GO:0045907,GO:0045944,GO:0048008,GO:0048013,GO:0048146,GO:0051444,GO:0051450,GO:0051496,GO:0051726,GO:0051882,GO:0051894,GO:0060038,GO:0070301,GO:0071103,GO:0071560,GO:0071871,GO:0090050,GO:0097706,GO:0099150,GO:0141214,GO:1900006,GO:1900026,GO:1900272,GO:1901701,GO:1902036,GO:1902531,GO:1903055,GO:1903210,GO:1903351,GO:1903905,GO:1904518,GO:1905244,GO:1905555,GO:2000042,GO:2000145,GO:2000406	GO:0001525,GO:0001569,GO:0001570,GO:0001755,GO:0001764,GO:0001938,GO:0002040,GO:0002042,GO:0003148,GO:0006930,GO:0007165,GO:0007229,GO:0007267,GO:0007399,GO:0007411,GO:0008045,GO:0009611,GO:0009887,GO:0010595,GO:0014911,GO:0021612,GO:0021637,GO:0021649,GO:0021785,GO:0021828,GO:0030154,GO:0030947,GO:0031290,GO:0032489,GO:0035729,GO:0035767,GO:0035924,GO:0036486,GO:0038084,GO:0038189,GO:0038190,GO:0042327,GO:0043524,GO:0043542,GO:0045766,GO:0046718,GO:0048008,GO:0048010,GO:0048012,GO:0048666,GO:0048842,GO:0048844,GO:0048846,GO:0050918,GO:0051491,GO:0051496,GO:0051894,GO:0060385,GO:0060627,GO:0060978,GO:0060982,GO:0061299,GO:0061441,GO:0061549,GO:0061551,GO:0070374,GO:0071526,GO:0071679,GO:0090050,GO:0097102,GO:0097374,GO:0097475,GO:0097490,GO:0097491,GO:0099173,GO:0120035,GO:0150018,GO:0150020,GO:1900026,GO:1901166,GO:1902946,GO:1903375,GO:1904835,GO:1905040,GO:2001237
100	GO:0001774,GO:0001819,GO:0002250,GO:0002376,GO:0006325,GO:0006338,GO:0006915,GO:0006979,GO:0007155,GO:0007165,GO:0007167,GO:0007204,GO:0007259,GO:0007498,GO:0008284,GO:0008285,GO:0008631,GO:0009755,GO:0010572,GO:0010667,GO:0010811,GO:0019221,GO:0022407,GO:0022408,GO:0030041,GO:0030154,GO:0030218,GO:0030335,GO:0031103,GO:0031663,GO:0031959,GO:0032024,GO:0032731,GO:0032760,GO:0033194,GO:0033209,GO:0034612,GO:0035166,GO:0035556,GO:0035722,GO:0038043,GO:0038065,GO:0038155,GO:0038156,GO:0038157,GO:0038162,GO:0038163,GO:0042102,GO:0042307,GO:0042531,GO:0042976,GO:0042981,GO:0043065,GO:0043066,GO:0043410,GO:0043524,GO:0043687,GO:0045087,GO:0045348,GO:0045428,GO:0045429,GO:0045597,GO:0045944,GO:0046425,GO:0046634,GO:0046677,GO:0046777,GO:0048008,GO:0048861,GO:0050727,GO:0050804,GO:0050867,GO:0051897,GO:0060333,GO:0060391,GO:0060396,GO:0060397,GO:0060399,GO:0061180,GO:0070102,GO:0070120,GO:0070665,GO:0070671,GO:0070757,GO:0097191,GO:0120162,GO:0120186,GO:0140546,GO:1900016,GO:1901731,GO:1902533,GO:1902728,GO:1904037,GO:1904707,GO:1905539	GO:0000122,GO:0002244,GO:0006289,GO:0006355,GO:0006357,GO:0006914,GO:0006915,GO:0006974,GO:0006979,GO:0006983,GO:0007265,GO:0007623,GO:0008104,GO:0008285,GO:0008340,GO:0009299,GO:0009410,GO:0009411,GO:0010212,GO:0010332,GO:0010628,GO:0012501,GO:0016032,GO:0030308,GO:0030330,GO:0031571,GO:0032211,GO:0033209,GO:0034644,GO:0042149,GO:0042771,GO:0042981,GO:0043065,GO:0043066,GO:0043153,GO:0045815,GO:0045892,GO:0045893,GO:0045899,GO:0045944,GO:0046677,GO:0048147,GO:0048511,GO:0048512,GO:0048539,GO:0051053,GO:0051097,GO:0051262,GO:0051726,GO:0060218,GO:0060333,GO:0062100,GO:0065003,GO:0070059,GO:0070245,GO:0071456,GO:0071466,GO:0071479,GO:0071480,GO:0072331,GO:0072332,GO:0072717,GO:0090200,GO:0090398,GO:0090399,GO:0090403,GO:0097190,GO:0097193,GO:0097252,GO:1900119,GO:1902749,GO:1902895,GO:1903451,GO:1905856,GO:2000379,GO:2000774,GO:2001242,GO:2001244
100	GO:0001660,GO:0001819,GO:0002282,GO:0002711,GO:0006915,GO:0006954,GO:0006955,GO:0007165,GO:0007267,GO:0007566,GO:0008284,GO:0008285,GO:0010573,GO:0010575,GO:0010628,GO:0010641,GO:0010718,GO:0010744,GO:0010829,GO:0014805,GO:0019221,GO:0030213,GO:0030224,GO:0030335,GO:0030949,GO:0031394,GO:0031622,GO:0032308,GO:0032496,GO:0032691,GO:0032725,GO:0032729,GO:0032743,GO:0032755,GO:0032757,GO:0033092,GO:0034116,GO:0042102,GO:0043122,GO:0043123,GO:0043409,GO:0043410,GO:0045429,GO:0045766,GO:0045833,GO:0045840,GO:0045893,GO:0045917,GO:0046330,GO:0046627,GO:0046827,GO:0050691,GO:0050728,GO:0050729,GO:0050767,GO:0050768,GO:0050796,GO:0050805,GO:0050830,GO:0050995,GO:0050996,GO:0050999,GO:0051044,GO:0051781,GO:0051897,GO:0060252,GO:0060355,GO:0070164,GO:0070372,GO:0070374,GO:0070487,GO:0070498,GO:0070555,GO:0071222,GO:0071260,GO:0071466,GO:0071639,GO:0097398,GO:0150078,GO:1900745,GO:1901224,GO:1902680,GO:1903140,GO:1903530,GO:1903597,GO:1905075,GO:2000556,GO:2000660,GO:2001240	GO:0001570,GO:0001657,GO:0001666,GO:0001763,GO:0001837,GO:0001843,GO:0002040,GO:0002062,GO:0002244,GO:0002248,GO:0002460,GO:0002859,GO:0003179,GO:0003180,GO:0006611,GO:0006754,GO:0006796,GO:0007179,GO:0007406,GO:0007435,GO:0007507,GO:0007565,GO:0008284,GO:0008285,GO:0009410,GO:0009611,GO:0009749,GO:0010332,GO:0010575,GO:0010628,GO:0010629,GO:0010716,GO:0010718,GO:0010742,GO:0010763,GO:0010936,GO:0014003,GO:0014008,GO:0016202,GO:0021915,GO:0030154,GO:0030214,GO:0030308,GO:0030334,GO:0030335,GO:0031100,GO:0031293,GO:0031334,GO:0031536,GO:0032355,GO:0032570,GO:0032667,GO:0032700,GO:0032740,GO:0032755,GO:0032760,GO:0032801,GO:0032930,GO:0032967,GO:0033280,GO:0034616,GO:0035902,GO:0036120,GO:0036446,GO:0042127,GO:0042306,GO:0042307,GO:0042475,GO:0042552,GO:0043065,GO:0043117,GO:0043123,GO:0043410,GO:0043536,GO:0043537,GO:0045066,GO:0045216,GO:0045471,GO:0045591,GO:0045596,GO:0045597,GO:0045599,GO:0045662,GO:0045742,GO:0045786,GO:0045892,GO:0045893,GO:0045944,GO:0048298,GO:0048535,GO:0048565,GO:0048642,GO:0048661,GO:0048839,GO:0050679,GO:0050680,GO:0050714,GO:0050729,GO:0050765,GO:0050832,GO:0050921,GO:0051130,GO:0051240,GO:0051247,GO:0051280,GO:0051781,GO:0051897,GO:0055010,GO:0060312,GO:0060325,GO:0060364,GO:0060391,GO:0070168,GO:0070374,GO:0070723,GO:0071260,GO:0071333,GO:0071363,GO:0071404,GO:0071456,GO:0071479,GO:0071549,GO:0071560,GO:0071677,GO:0071895,GO:0085029,GO:0090190,GO:0090263,GO:0097191,GO:0097421,GO:0098586,GO:0141091,GO:1900126,GO:1900182,GO:1901203,GO:1902074,GO:1902462,GO:1902894,GO:1902895,GO:1903077,GO:1904018,GO:1904894,GO:1905641,GO:1990314,GO:1990402,GO:2000048,GO:2000343,GO:2000353,GO:2000636,GO:2000727
100	GO:0001837,GO:0001954,GO:0003170,GO:0005977,GO:0006468,GO:0006983,GO:0007005,GO:0007399,GO:0007623,GO:0008286,GO:0009968,GO:0010508,GO:0010628,GO:0010629,GO:0010719,GO:0010975,GO:0016055,GO:0018105,GO:0019082,GO:0021766,GO:0030010,GO:0030011,GO:0030154,GO:0030336,GO:0030516,GO:0031175,GO:0031333,GO:0031334,GO:0031398,GO:0032007,GO:0032092,GO:0032436,GO:0032481,GO:0032880,GO:0032886,GO:0034976,GO:0035556,GO:0036016,GO:0042752,GO:0043066,GO:0043161,GO:0043525,GO:0045597,GO:0045668,GO:0045719,GO:0045724,GO:0045732,GO:0045879,GO:0046777,GO:0046825,GO:0046827,GO:0048511,GO:0048814,GO:0050770,GO:0060070,GO:0060079,GO:0070507,GO:0070885,GO:0071109,GO:0071300,GO:0090090,GO:0097191,GO:0097192,GO:0099171,GO:0106027,GO:0150101,GO:0160213,GO:1900034,GO:1900181,GO:1900271,GO:1901030,GO:1901701,GO:1902042,GO:1903566,GO:1903940,GO:1904339,GO:1904646,GO:1904781,GO:1904951,GO:2000077,GO:2000466,GO:2000740	GO:0000122,GO:0001525,GO:0001542,GO:0001666,GO:0001819,GO:0001890,GO:0001936,GO:0002021,GO:0003300,GO:0006112,GO:0006114,GO:0006629,GO:0006909,GO:0007165,GO:0007259,GO:0007565,GO:0007584,GO:0007623,GO:0008217,GO:0008284,GO:0008343,GO:0009062,GO:0009892,GO:0010507,GO:0010888,GO:0014823,GO:0019953,GO:0030217,GO:0031667,GO:0032008,GO:0032099,GO:0032310,GO:0032355,GO:0032735,GO:0032755,GO:0032757,GO:0032760,GO:0032814,GO:0032817,GO:0032868,GO:0033197,GO:0033210,GO:0033686,GO:0035360,GO:0035556,GO:0035630,GO:0038108,GO:0042102,GO:0042269,GO:0042307,GO:0043066,GO:0043270,GO:0043410,GO:0044320,GO:0045471,GO:0045765,GO:0045906,GO:0046325,GO:0046427,GO:0046628,GO:0046850,GO:0046881,GO:0048639,GO:0050892,GO:0050901,GO:0050999,GO:0051051,GO:0051726,GO:0051897,GO:0060587,GO:0061037,GO:0070093,GO:0071298,GO:0071300,GO:0090335,GO:0097009,GO:0097696,GO:0098868,GO:0120162,GO:1900015,GO:1900745,GO:1904651,GO:1990051,GO:2000379,GO:2000486,GO:2000491
100	GO:0000122,GO:0001570,GO:0001666,GO:0001937,GO:0006641,GO:0006816,GO:0006874,GO:0006940,GO:0007519,GO:0008104,GO:0009267,GO:0009617,GO:0010524,GO:0010608,GO:0010628,GO:0010875,GO:0016050,GO:0019065,GO:0019217,GO:0019915,GO:0030154,GO:0030193,GO:0030301,GO:0030335,GO:0030514,GO:0030857,GO:0030879,GO:0031295,GO:0031397,GO:0031398,GO:0031623,GO:0032507,GO:0032570,GO:0033484,GO:0038016,GO:0038166,GO:0042632,GO:0043123,GO:0043409,GO:0043627,GO:0044860,GO:0045019,GO:0045907,GO:0046209,GO:0046426,GO:0048550,GO:0051480,GO:0051592,GO:0051899,GO:0055074,GO:0060056,GO:0060070,GO:0060546,GO:0070836,GO:0071218,GO:0071375,GO:0071455,GO:0072584,GO:0086091,GO:0090090,GO:0097190,GO:0098903,GO:0098909,GO:0098911,GO:0120162,GO:1900027,GO:1901380,GO:1901844,GO:1903361,GO:1903598,GO:1904294,GO:2000535,GO:2000811,GO:2001238,GO:2001244	GO:0000122,GO:0000165,GO:0001666,GO:0001821,GO:0001975,GO:0003015,GO:0003094,GO:0003100,GO:0003253,GO:0003357,GO:0006366,GO:0006874,GO:0007005,GO:0007166,GO:0007186,GO:0007204,GO:0007267,GO:0007411,GO:0008217,GO:0008284,GO:0009410,GO:0010193,GO:0010460,GO:0010467,GO:0010595,GO:0010613,GO:0010629,GO:0014033,GO:0014034,GO:0014823,GO:0014824,GO:0014826,GO:0019229,GO:0019722,GO:0023019,GO:0030072,GO:0030185,GO:0030195,GO:0030335,GO:0030878,GO:0031175,GO:0031394,GO:0032308,GO:0032496,GO:0033574,GO:0034392,GO:0034696,GO:0035050,GO:0035094,GO:0035556,GO:0035994,GO:0042045,GO:0042310,GO:0042482,GO:0042554,GO:0043200,GO:0043410,GO:0043491,GO:0044321,GO:0044751,GO:0045321,GO:0045429,GO:0045793,GO:0045840,GO:0045944,GO:0045987,GO:0046330,GO:0046887,GO:0046888,GO:0048661,GO:0048675,GO:0050850,GO:0051248,GO:0051899,GO:0060070,GO:0060137,GO:0060298,GO:0060385,GO:0061051,GO:0061626,GO:0070101,GO:0070294,GO:0070301,GO:0070371,GO:0070588,GO:0071277,GO:0071346,GO:0071347,GO:0071356,GO:0071372,GO:0071373,GO:0071375,GO:0071385,GO:0071389,GO:0071398,GO:0071456,GO:0071466,GO:0071526,GO:0071548,GO:0071559,GO:0071560,GO:0072011,GO:0072112,GO:0086100,GO:0090023,GO:0097237,GO:0097492,GO:0097746,GO:0141156,GO:0160195,GO:1900182,GO:1901224,GO:1902074,GO:1903537,GO:1904707,GO:1905653,GO:2001259
100	GO:0000122,GO:0000165,GO:0001649,GO:0001657,GO:0001666,GO:0001836,GO:0006355,GO:0006357,GO:0006955,GO:0007179,GO:0007254,GO:0008285,GO:0009653,GO:0010332,GO:0010467,GO:0010628,GO:0010629,GO:0010718,GO:0023019,GO:0030154,GO:0030279,GO:0030308,GO:0030325,GO:0030335,GO:0030501,GO:0031053,GO:0031665,GO:0032332,GO:0032502,GO:0032731,GO:0032909,GO:0032916,GO:0032924,GO:0033689,GO:0036120,GO:0038092,GO:0042060,GO:0042110,GO:0042177,GO:0042220,GO:0042307,GO:0043066,GO:0045216,GO:0045429,GO:0045596,GO:0045599,GO:0045893,GO:0045944,GO:0050728,GO:0050776,GO:0050821,GO:0050927,GO:0051481,GO:0051496,GO:0051881,GO:0051894,GO:0060290,GO:0060391,GO:0060395,GO:0061001,GO:0061045,GO:0061450,GO:0061767,GO:0071333,GO:0071363,GO:0071560,GO:0071635,GO:0090263,GO:0097190,GO:0097191,GO:0097305,GO:0098586,GO:0141091,GO:1901203,GO:1902893,GO:1902894,GO:1902895,GO:1903243,GO:1990776	GO:0000122,GO:0001525,GO:0001558,GO:0001889,GO:0001934,GO:0001935,GO:0002639,GO:0006355,GO:0006357,GO:0006366,GO:0006511,GO:0006629,GO:0006633,GO:0006914,GO:0006915,GO:0006955,GO:0006986,GO:0007517,GO:0008284,GO:0010506,GO:0010508,GO:0010832,GO:0015031,GO:0030154,GO:0030335,GO:0030512,GO:0030968,GO:0031647,GO:0031648,GO:0031670,GO:0032008,GO:0032755,GO:0032869,GO:0034599,GO:0034976,GO:0035356,GO:0035470,GO:0035924,GO:0036498,GO:0036500,GO:0036503,GO:0042149,GO:0042307,GO:0042632,GO:0043066,GO:0043491,GO:0045348,GO:0045579,GO:0045582,GO:0045600,GO:0045766,GO:0045944,GO:0048010,GO:0048666,GO:0051897,GO:0055089,GO:0055092,GO:0060392,GO:0060612,GO:0070059,GO:0070373,GO:0071073,GO:0071222,GO:0071230,GO:0071332,GO:0071333,GO:0071353,GO:0071375,GO:0071498,GO:0071499,GO:1900017,GO:1900100,GO:1900102,GO:1901985,GO:1902236,GO:1903489,GO:1904294,GO:1904707,GO:1904754,GO:1990418,GO:2000347,GO:2000353
100	GO:0000122,GO:0002244,GO:0006289,GO:0006355,GO:0006357,GO:0006914,GO:0006915,GO:0006974,GO:0006979,GO:0006983,GO:0007265,GO:0007623,GO:0008104,GO:0008285,GO:0008340,GO:0009299,GO:0009410,GO:0009411,GO:0010212,GO:0010332,GO:0010628,GO:0012501,GO:0016032,GO:0030308,GO:0030330,GO:0031571,GO:0032211,GO:0033209,GO:0034644,GO:0042149,GO:0042771,GO:0042981,GO:0043065,GO:0043066,GO:0043153,GO:0045815,GO:0045892,GO:0045893,GO:0045899,GO:0045944,GO:0046677,GO:0048147,GO:0048511,GO:0048512,GO:0048539,GO:0051053,GO:0051097,GO:0051262,GO:0051726,GO:0060218,GO:0060333,GO:0062100,GO:0065003,GO:0070059,GO:0070245,GO:0071456,GO:0071466,GO:0071479,GO:0071480,GO:0072331,GO:0072332,GO:0072717,GO:0090200,GO:0090398,GO:0090399,GO:0090403,GO:0097190,GO:0097193,GO:0097252,GO:1900119,GO:1902749,GO:1902895,GO:1903451,GO:1905856,GO:2000379,GO:2000774,GO:2001242,GO:2001244	GO:0001837,GO:0001938,GO:0002088,GO:0002720,GO:0003138,GO:0003139,GO:0003281,GO:0003283,GO:0003408,GO:0006954,GO:0007200,GO:0007223,GO:0007409,GO:0007411,GO:0008104,GO:0008584,GO:0008595,GO:0010595,GO:0010628,GO:0010742,GO:0010820,GO:0010976,GO:0016055,GO:0021891,GO:0022008,GO:0030154,GO:0030182,GO:0030216,GO:0030901,GO:0032722,GO:0032729,GO:0032731,GO:0032755,GO:0032757,GO:0032760,GO:0035022,GO:0035567,GO:0036517,GO:0036518,GO:0042060,GO:0043032,GO:0043066,GO:0043122,GO:0043410,GO:0045165,GO:0045599,GO:0045732,GO:0045766,GO:0045778,GO:0045892,GO:0045893,GO:0045944,GO:0046330,GO:0048022,GO:0048146,GO:0048706,GO:0048806,GO:0048812,GO:0050727,GO:0050729,GO:0050807,GO:0051057,GO:0051216,GO:0051885,GO:0051897,GO:0051964,GO:0060070,GO:0060071,GO:0060324,GO:0060340,GO:0060760,GO:0060907,GO:0062009,GO:0071219,GO:0071222,GO:0071277,GO:0071300,GO:0071346,GO:0071425,GO:0071542,GO:0071560,GO:0072201,GO:0090090,GO:0097325,GO:0099054,GO:0099068,GO:0099170,GO:0099175,GO:0099566,GO:0150012,GO:1900020,GO:1902474,GO:1904861,GO:1904862,GO:1904934,GO:1904948,GO:2000052,GO:2001235
100	GO:0000122,GO:0001890,GO:0006355,GO:0006357,GO:0006631,GO:0007186,GO:0007584,GO:0008217,GO:0009755,GO:0010628,GO:0010629,GO:0010745,GO:0010875,GO:0010887,GO:0010888,GO:0015909,GO:0016525,GO:0030154,GO:0030224,GO:0030509,GO:0030512,GO:0030514,GO:0030522,GO:0030855,GO:0031348,GO:0031667,GO:0032376,GO:0032869,GO:0033993,GO:0035357,GO:0042593,GO:0042752,GO:0042789,GO:0043409,GO:0043537,GO:0045087,GO:0045165,GO:0045444,GO:0045600,GO:0045668,GO:0045834,GO:0045892,GO:0045893,GO:0045923,GO:0045944,GO:0048384,GO:0048469,GO:0048511,GO:0048662,GO:0050728,GO:0050872,GO:0050873,GO:0051049,GO:0051241,GO:0055088,GO:0060336,GO:0060392,GO:0070165,GO:0071404,GO:0071456,GO:0090258,GO:0140077,GO:0141193,GO:1900076,GO:1901202,GO:1902894,GO:1902895,GO:1903243,GO:1903845,GO:1904179,GO:1904597,GO:1904706,GO:1904893,GO:1905461,GO:1905563,GO:2001235	GO:0001568,GO:0001819,GO:0001937,GO:0001960,GO:0007566,GO:0008284,GO:0008360,GO:0010596,GO:0010613,GO:0010614,GO:0010628,GO:0010629,GO:0010667,GO:0010718,GO:0010804,GO:0010838,GO:0016525,GO:0030334,GO:0030335,GO:0030336,GO:0030509,GO:0030511,GO:0031346,GO:0032480,GO:0032695,GO:0032705,GO:0032963,GO:0034392,GO:0035021,GO:0035024,GO:0035195,GO:0035278,GO:0036166,GO:0042058,GO:0042104,GO:0043066,GO:0043409,GO:0045590,GO:0045600,GO:0045603,GO:0045669,GO:0045766,GO:0045824,GO:0045930,GO:0050729,GO:0051497,GO:0051896,GO:0051897,GO:0060339,GO:0060940,GO:0061037,GO:0061154,GO:0070373,GO:0070374,GO:0071222,GO:0071479,GO:0071480,GO:0098586,GO:0106016,GO:1900017,GO:1900039,GO:1900082,GO:1900748,GO:1901223,GO:1901299,GO:1902254,GO:1902514,GO:1902731,GO:1903053,GO:1903427,GO:1903589,GO:1903766,GO:1904639,GO:1904695,GO:1904707,GO:1904728,GO:1904753,GO:1904754,GO:1904762,GO:1904827,GO:1904830,GO:1904996,GO:1905065,GO:1905460,GO:1905564,GO:1905955,GO:1990009,GO:2000318,GO:2000321,GO:2000377
100	GO:0000278,GO:0002252,GO:0002429,GO:0006281,GO:0006298,GO:0006355,GO:0006897,GO:0006909,GO:0006914,GO:0006915,GO:0006974,GO:0006979,GO:0007155,GO:0007173,GO:0007204,GO:0007229,GO:0007611,GO:0008306,GO:0008630,GO:0009410,GO:0010468,GO:0010506,GO:0010557,GO:0010595,GO:0030036,GO:0030041,GO:0030100,GO:0030155,GO:0030516,GO:0030845,GO:0031113,GO:0032489,GO:0032956,GO:0034599,GO:0034976,GO:0035556,GO:0035791,GO:0036211,GO:0038096,GO:0038189,GO:0042770,GO:0043065,GO:0043525,GO:0043542,GO:0045580,GO:0045595,GO:0045785,GO:0045907,GO:0045944,GO:0048008,GO:0048013,GO:0048146,GO:0051444,GO:0051450,GO:0051496,GO:0051726,GO:0051882,GO:0051894,GO:0060038,GO:0070301,GO:0071103,GO:0071560,GO:0071871,GO:0090050,GO:0097706,GO:0099150,GO:0141214,GO:1900006,GO:1900026,GO:1900272,GO:1901701,GO:1902036,GO:1902531,GO:1903055,GO:1903210,GO:1903351,GO:1903905,GO:1904518,GO:1905244,GO:1905555,GO:2000042,GO:2000145,GO:2000406	GO:0000122,GO:0002244,GO:0006289,GO:0006355,GO:0006357,GO:0006914,GO:0006915,GO:0006974,GO:0006979,GO:0006983,GO:0007265,GO:0007623,GO:0008104,GO:0008285,GO:0008340,GO:0009299,GO:0009410,GO:0009411,GO:0010212,GO:0010332,GO:0010628,GO:0012501,GO:0016032,GO:0030308,GO:0030330,GO:0031571,GO:0032211,GO:0033209,GO:0034644,GO:0042149,GO:0042771,GO:0042981,GO:0043065,GO:0043066,GO:0043153,GO:0045815,GO:0045892,GO:0045893,GO:0045899,GO:0045944,GO:0046677,GO:0048147,GO:0048511,GO:0048512,GO:0048539,GO:0051053,GO:0051097,GO:0051262,GO:0051726,GO:0060218,GO:0060333,GO:0062100,GO:0065003,GO:0070059,GO:0070245,GO:0071456,GO:0071466,GO:0071479,GO:0071480,GO:0072331,GO:0072332,GO:0072717,GO:0090200,GO:0090398,GO:0090399,GO:0090403,GO:0097190,GO:0097193,GO:0097252,GO:1900119,GO:1902749,GO:1902895,GO:1903451,GO:1905856,GO:2000379,GO:2000774,GO:2001242,GO:2001244
100	GO:0000122,GO:0001569,GO:0001570,GO:0001656,GO:0001658,GO:0001708,GO:0001755,GO:0001947,GO:0002320,GO:0003140,GO:0006508,GO:0007224,GO:0007267,GO:0007389,GO:0007405,GO:0007411,GO:0007417,GO:0007418,GO:0007507,GO:0008209,GO:0008284,GO:0009880,GO:0009888,GO:0009949,GO:0009953,GO:0010468,GO:0010629,GO:0016539,GO:0016540,GO:0021930,GO:0030162,GO:0030182,GO:0030324,GO:0030326,GO:0030336,GO:0030539,GO:0030850,GO:0030900,GO:0030901,GO:0030902,GO:0033077,GO:0033089,GO:0033092,GO:0035295,GO:0042127,GO:0042481,GO:0042733,GO:0043066,GO:0043369,GO:0045059,GO:0045060,GO:0045165,GO:0045596,GO:0045880,GO:0045893,GO:0045944,GO:0046638,GO:0048468,GO:0048513,GO:0048538,GO:0048663,GO:0048709,GO:0048745,GO:0048754,GO:0048864,GO:0050793,GO:0051781,GO:0060684,GO:0061053,GO:0061189,GO:0071542,GO:0072136,GO:0072205,GO:0090370,GO:0097190,GO:0097264,GO:1900107,GO:1900180,GO:1904339,GO:2000062,GO:2000063,GO:2000357,GO:2000358,GO:2000729	GO:0000122,GO:0001501,GO:0001502,GO:0001503,GO:0001658,GO:0001708,GO:0001837,GO:0001894,GO:0001942,GO:0002009,GO:0002053,GO:0002062,GO:0002683,GO:0003170,GO:0003179,GO:0003180,GO:0003203,GO:0003413,GO:0003415,GO:0003430,GO:0006334,GO:0006338,GO:0007165,GO:0007173,GO:0007283,GO:0007417,GO:0007507,GO:0008284,GO:0008584,GO:0010467,GO:0010564,GO:0010628,GO:0010634,GO:0014036,GO:0019100,GO:0030154,GO:0030279,GO:0030850,GO:0030858,GO:0030879,GO:0030903,GO:0030916,GO:0032331,GO:0032332,GO:0035019,GO:0042127,GO:0042981,GO:0043066,GO:0045662,GO:0045668,GO:0045892,GO:0045893,GO:0045944,GO:0046322,GO:0046533,GO:0048709,GO:0050679,GO:0050680,GO:0051216,GO:0060008,GO:0060009,GO:0060041,GO:0060174,GO:0060221,GO:0060517,GO:0060729,GO:0060784,GO:0061036,GO:0061138,GO:0065003,GO:0070168,GO:0070371,GO:0070542,GO:0071260,GO:0071300,GO:0071347,GO:0071364,GO:0071504,GO:0071560,GO:0071599,GO:0071773,GO:0072034,GO:0072170,GO:0072190,GO:0072289,GO:0090090,GO:0090103,GO:0090184,GO:0090190,GO:1902732,GO:1902894,GO:1904864,GO:2000020,GO:2000741
100	GO:0000122,GO:0001774,GO:0001878,GO:0002265,GO:0006357,GO:0006417,GO:0006816,GO:0006878,GO:0006897,GO:0006915,GO:0007155,GO:0007186,GO:0007189,GO:0007193,GO:0007219,GO:0007409,GO:0007417,GO:0007611,GO:0007612,GO:0007613,GO:0007617,GO:0007626,GO:0008088,GO:0008285,GO:0008306,GO:0008344,GO:0008542,GO:0010288,GO:0010468,GO:0010604,GO:0010628,GO:0010629,GO:0014005,GO:0016199,GO:0016322,GO:0016358,GO:0019722,GO:0019731,GO:0019732,GO:0030111,GO:0030178,GO:0030198,GO:0031175,GO:0031583,GO:0032224,GO:0032722,GO:0032729,GO:0032731,GO:0032755,GO:0032760,GO:0032930,GO:0034121,GO:0035235,GO:0036269,GO:0040014,GO:0042157,GO:0043065,GO:0043408,GO:0043410,GO:0043523,GO:0043525,GO:0045087,GO:0045429,GO:0045471,GO:0045666,GO:0045745,GO:0045752,GO:0045821,GO:0045931,GO:0045944,GO:0046330,GO:0048143,GO:0048169,GO:0048669,GO:0050729,GO:0050803,GO:0050808,GO:0050829,GO:0050830,GO:0050850,GO:0050867,GO:0050890,GO:0050918,GO:0051044,GO:0051246,GO:0051247,GO:0051260,GO:0051262,GO:0051580,GO:0051897,GO:0055096,GO:0061844,GO:0070206,GO:0070374,GO:0070555,GO:0071280,GO:0071287,GO:0071320,GO:0071874,GO:0090026,GO:0090090,GO:0098815,GO:0098989,GO:0110088,GO:0141137,GO:0141163,GO:0150003,GO:1900181,GO:1900221,GO:1900272,GO:1900273,GO:1900454,GO:1901224,GO:1902894,GO:1902950,GO:1902951,GO:1902993,GO:1903381,GO:1903523,GO:1904022,GO:1904472,GO:1904591,GO:1904646,GO:1905606,GO:1905898,GO:1905906,GO:1905908,GO:1905945,GO:1990000,GO:1990090,GO:1990418,GO:1990535,GO:2000406,GO:2000463,GO:2001238	GO:0001660,GO:0001819,GO:0002282,GO:0002711,GO:0006915,GO:0006954,GO:0006955,GO:0007165,GO:0007267,GO:0007566,GO:0008284,GO:0008285,GO:0010573,GO:0010575,GO:0010628,GO:0010641,GO:0010718,GO:0010744,GO:0010829,GO:0014805,GO:0019221,GO:0030213,GO:0030224,GO:0030335,GO:0030949,GO:0031394,GO:0031622,GO:0032308,GO:0032496,GO:0032691,GO:0032725,GO:0032729,GO:0032743,GO:0032755,GO:0032757,GO:0033092,GO:0034116,GO:0042102,GO:0043122,GO:0043123,GO:0043409,GO:0043410,GO:0045429,GO:0045766,GO:0045833,GO:0045840,GO:0045893,GO:0045917,GO:0046330,GO:0046627,GO:0046827,GO:0050691,GO:0050728,GO:0050729,GO:0050767,GO:0050768,GO:0050796,GO:0050805,GO:0050830,GO:0050995,GO:0050996,GO:0050999,GO:0051044,GO:0051781,GO:0051897,GO:0060252,GO:0060355,GO:0070164,GO:0070372,GO:0070374,GO:0070487,GO:0070498,GO:0070555,GO:0071222,GO:0071260,GO:0071466,GO:0071639,GO:0097398,GO:0150078,GO:1900745,GO:1901224,GO:1902680,GO:1903140,GO:1903530,GO:1903597,GO:1905075,GO:2000556,GO:2000660,GO:2001240
100	GO:0000122,GO:0000165,GO:0001666,GO:0001821,GO:0001975,GO:0003015,GO:0003094,GO:0003100,GO:0003253,GO:0003357,GO:0006366,GO:0006874,GO:0007005,GO:0007166,GO:0007186,GO:0007204,GO:0007267,GO:0007411,GO:0008217,GO:0008284,GO:0009410,GO:0010193,GO:0010460,GO:0010467,GO:0010595,GO:0010613,GO:0010629,GO:0014033,GO:0014034,GO:0014823,GO:0014824,GO:0014826,GO:0019229,GO:0019722,GO:0023019,GO:0030072,GO:0030185,GO:0030195,GO:0030335,GO:0030878,GO:0031175,GO:0031394,GO:0032308,GO:0032496,GO:0033574,GO:0034392,GO:0034696,GO:0035050,GO:0035094,GO:0035556,GO:0035994,GO:0042045,GO:0042310,GO:0042482,GO:0042554,GO:0043200,GO:0043410,GO:0043491,GO:0044321,GO:0044751,GO:0045321,GO:0045429,GO:0045793,GO:0045840,GO:0045944,GO:0045987,GO:0046330,GO:0046887,GO:0046888,GO:0048661,GO:0048675,GO:0050850,GO:0051248,GO:0051899,GO:0060070,GO:0060137,GO:0060298,GO:0060385,GO:0061051,GO:0061626,GO:0070101,GO:0070294,GO:0070301,GO:0070371,GO:0070588,GO:0071277,GO:0071346,GO:0071347,GO:0071356,GO:0071372,GO:0071373,GO:0071375,GO:0071385,GO:0071389,GO:0071398,GO:0071456,GO:0071466,GO:0071526,GO:0071548,GO:0071559,GO:0071560,GO:0072011,GO:0072112,GO:0086100,GO:0090023,GO:0097237,GO:0097492,GO:0097746,GO:0141156,GO:0160195,GO:1900182,GO:1901224,GO:1902074,GO:1903537,GO:1904707,GO:1905653,GO:2001259	GO:0000165,GO:0006468,GO:0006897,GO:0006914,GO:0006979,GO:0007005,GO:0007029,GO:0007030,GO:0007040,GO:0007166,GO:0007254,GO:0007266,GO:0007283,GO:0007528,GO:0008104,GO:0008340,GO:0009267,GO:0009653,GO:0009968,GO:0010468,GO:0010506,GO:0010508,GO:0010955,GO:0010977,GO:0014041,GO:0016192,GO:0016242,GO:0019722,GO:0021756,GO:0021772,GO:0022028,GO:0030154,GO:0030162,GO:0030182,GO:0031344,GO:0031398,GO:0031647,GO:0032436,GO:0032760,GO:0034260,GO:0034599,GO:0034614,GO:0035542,GO:0035556,GO:0035564,GO:0035640,GO:0035641,GO:0035751,GO:0040012,GO:0042391,GO:0043068,GO:0043410,GO:0046039,GO:0046777,GO:0048312,GO:0048513,GO:0048812,GO:0050804,GO:0051239,GO:0051247,GO:0051646,GO:0051900,GO:0051966,GO:0060070,GO:0060079,GO:0060159,GO:0060161,GO:0060627,GO:0060628,GO:0060828,GO:0061001,GO:0070585,GO:0070973,GO:0071287,GO:0090140,GO:0090263,GO:0090394,GO:0140058,GO:0141161,GO:1900242,GO:1900244,GO:1901030,GO:1902236,GO:1902499,GO:1902531,GO:1902692,GO:1902803,GO:1902823,GO:1902902,GO:1903351,GO:1903748,GO:1903980,GO:1904644,GO:1904887,GO:1905279,GO:1905289,GO:1905504,GO:2000172,GO:2000300,GO:2000377
100	GO:0000122,GO:0001773,GO:0001935,GO:0001938,GO:0002218,GO:0002250,GO:0002270,GO:0002281,GO:0002376,GO:0002407,GO:0002437,GO:0002643,GO:0002840,GO:0006259,GO:0006265,GO:0006281,GO:0006284,GO:0006302,GO:0006303,GO:0006310,GO:0006325,GO:0006338,GO:0006914,GO:0006935,GO:0006954,GO:0006955,GO:0006974,GO:0007165,GO:0007204,GO:0010508,GO:0010596,GO:0017055,GO:0031175,GO:0031507,GO:0032392,GO:0032425,GO:0032689,GO:0032722,GO:0032727,GO:0032728,GO:0032731,GO:0032732,GO:0032733,GO:0032735,GO:0032755,GO:0032757,GO:0032760,GO:0033151,GO:0034137,GO:0034145,GO:0034165,GO:0035711,GO:0035767,GO:0042104,GO:0043065,GO:0043277,GO:0043371,GO:0043388,GO:0043410,GO:0043536,GO:0043537,GO:0045063,GO:0045087,GO:0045089,GO:0045597,GO:0045944,GO:0046330,GO:0046598,GO:0048468,GO:0050792,GO:0050918,GO:0051052,GO:0070374,GO:0071222,GO:0071639,GO:0090026,GO:0090303,GO:0097350,GO:1901224,GO:1903672,GO:1903706,GO:1905564,GO:2000343,GO:2000426,GO:2000819,GO:2001200	GO:0000122,GO:0001525,GO:0001554,GO:0001837,GO:0001947,GO:0002052,GO:0003151,GO:0003157,GO:0003160,GO:0003162,GO:0003169,GO:0003180,GO:0003181,GO:0003182,GO:0003184,GO:0003192,GO:0003198,GO:0003203,GO:0003207,GO:0003208,GO:0003209,GO:0003213,GO:0003214,GO:0003222,GO:0003241,GO:0003264,GO:0003273,GO:0003332,GO:0003344,GO:0006355,GO:0006357,GO:0006606,GO:0006955,GO:0007219,GO:0007221,GO:0007283,GO:0007368,GO:0007411,GO:0007507,GO:0008284,GO:0008285,GO:0010467,GO:0010614,GO:0010628,GO:0010629,GO:0010667,GO:0010718,GO:0010812,GO:0010832,GO:0014031,GO:0021515,GO:0030154,GO:0030163,GO:0030279,GO:0030334,GO:0030335,GO:0030513,GO:0030514,GO:0031100,GO:0032495,GO:0032496,GO:0032966,GO:0035148,GO:0035924,GO:0042127,GO:0042246,GO:0043086,GO:0045070,GO:0045603,GO:0045662,GO:0045665,GO:0045668,GO:0045687,GO:0045892,GO:0045893,GO:0045944,GO:0046427,GO:0046579,GO:0048708,GO:0048709,GO:0048711,GO:0048715,GO:0048873,GO:0050768,GO:0050793,GO:0051152,GO:0055008,GO:0060038,GO:0060045,GO:0060253,GO:0060271,GO:0060317,GO:0060354,GO:0060379,GO:0060411,GO:0060412,GO:0060842,GO:0060843,GO:0060948,GO:0060956,GO:0060979,GO:0060982,GO:0061344,GO:0061384,GO:0062043,GO:0070168,GO:0070374,GO:0070986,GO:0071228,GO:0071372,GO:0071456,GO:0072017,GO:0072044,GO:0072144,GO:0072538,GO:0090051,GO:0097150,GO:0097400,GO:0099565,GO:0120163,GO:1901201,GO:1902339,GO:2000048,GO:2000737,GO:2000811,GO:2000974,GO:2001027
100	GO:0001659,GO:0001666,GO:0001963,GO:0001975,GO:0001976,GO:0002027,GO:0002028,GO:0002031,GO:0002052,GO:0002092,GO:0006874,GO:0006914,GO:0007165,GO:0007186,GO:0007188,GO:0007195,GO:0007200,GO:0007212,GO:0007270,GO:0007409,GO:0007416,GO:0007608,GO:0007616,GO:0007626,GO:0007628,GO:0008104,GO:0008285,GO:0008306,GO:0008542,GO:0009410,GO:0009416,GO:0009636,GO:0010039,GO:0014059,GO:0014854,GO:0016055,GO:0021756,GO:0021769,GO:0021853,GO:0021984,GO:0030336,GO:0030432,GO:0030900,GO:0031223,GO:0032228,GO:0032355,GO:0032467,GO:0032922,GO:0033602,GO:0034776,GO:0035094,GO:0035305,GO:0035556,GO:0042220,GO:0042321,GO:0042417,GO:0042756,GO:0043266,GO:0043278,GO:0043408,GO:0045471,GO:0045745,GO:0045776,GO:0045824,GO:0045944,GO:0046676,GO:0046717,GO:0048148,GO:0048149,GO:0048169,GO:0048678,GO:0048755,GO:0050482,GO:0050709,GO:0050769,GO:0050805,GO:0051209,GO:0051240,GO:0051481,GO:0051580,GO:0051584,GO:0051586,GO:0051823,GO:0051898,GO:0051952,GO:0051967,GO:0060079,GO:0060124,GO:0060134,GO:0060158,GO:0060160,GO:0070374,GO:0071300,GO:0071361,GO:0090325,GO:0097305,GO:0099170,GO:0099171,GO:0160213,GO:1900038,GO:1900168,GO:1900273,GO:1903530,GO:1990384	GO:0000122,GO:0001569,GO:0001570,GO:0001656,GO:0001658,GO:0001708,GO:0001755,GO:0001947,GO:0002320,GO:0003140,GO:0006508,GO:0007224,GO:0007267,GO:0007389,GO:0007405,GO:0007411,GO:0007417,GO:0007418,GO:0007507,GO:0008209,GO:0008284,GO:0009880,GO:0009888,GO:0009949,GO:0009953,GO:0010468,GO:0010629,GO:0016539,GO:0016540,GO:0021930,GO:0030162,GO:0030182,GO:0030324,GO:0030326,GO:0030336,GO:0030539,GO:0030850,GO:0030900,GO:0030901,GO:0030902,GO:0033077,GO:0033089,GO:0033092,GO:0035295,GO:0042127,GO:0042481,GO:0042733,GO:0043066,GO:0043369,GO:0045059,GO:0045060,GO:0045165,GO:0045596,GO:0045880,GO:0045893,GO:0045944,GO:0046638,GO:0048468,GO:0048513,GO:0048538,GO:0048663,GO:0048709,GO:0048745,GO:0048754,GO:0048864,GO:0050793,GO:0051781,GO:0060684,GO:0061053,GO:0061189,GO:0071542,GO:0072136,GO:0072205,GO:0090370,GO:0097190,GO:0097264,GO:1900107,GO:1900180,GO:1904339,GO:2000062,GO:2000063,GO:2000357,GO:2000358,GO:2000729
100	GO:0001774,GO:0001819,GO:0002250,GO:0002376,GO:0006325,GO:0006338,GO:0006915,GO:0006979,GO:0007155,GO:0007165,GO:0007167,GO:0007204,GO:0007259,GO:0007498,GO:0008284,GO:0008285,GO:0008631,GO:0009755,GO:0010572,GO:0010667,GO:0010811,GO:0019221,GO:0022407,GO:0022408,GO:0030041,GO:0030154,GO:0030218,GO:0030335,GO:0031103,GO:0031663,GO:0031959,GO:0032024,GO:0032731,GO:0032760,GO:0033194,GO:0033209,GO:0034612,GO:0035166,GO:0035556,GO:0035722,GO:0038043,GO:0038065,GO:0038155,GO:0038156,GO:0038157,GO:0038162,GO:0038163,GO:0042102,GO:0042307,GO:0042531,GO:0042976,GO:0042981,GO:0043065,GO:0043066,GO:0043410,GO:0043524,GO:0043687,GO:0045087,GO:0045348,GO:0045428,GO:0045429,GO:0045597,GO:0045944,GO:0046425,GO:0046634,GO:0046677,GO:0046777,GO:0048008,GO:0048861,GO:0050727,GO:0050804,GO:0050867,GO:0051897,GO:0060333,GO:0060391,GO:0060396,GO:0060397,GO:0060399,GO:0061180,GO:0070102,GO:0070120,GO:0070665,GO:0070671,GO:0070757,GO:0097191,GO:0120162,GO:0120186,GO:0140546,GO:1900016,GO:1901731,GO:1902533,GO:1902728,GO:1904037,GO:1904707,GO:1905539	GO:0000122,GO:0000209,GO:0000266,GO:0000422,GO:0000423,GO:0006511,GO:0006513,GO:0006914,GO:0006979,GO:0006986,GO:0007005,GO:0007417,GO:0008344,GO:0009410,GO:0009896,GO:0010498,GO:0010506,GO:0010628,GO:0010629,GO:0010636,GO:0010637,GO:0010821,GO:0010906,GO:0010918,GO:0010994,GO:0014059,GO:0014850,GO:0016236,GO:0016567,GO:0016579,GO:0022603,GO:0030163,GO:0031396,GO:0031647,GO:0031648,GO:0032232,GO:0032368,GO:0032436,GO:0033132,GO:0034599,GO:0034620,GO:0034976,GO:0035519,GO:0035774,GO:0036503,GO:0042053,GO:0042417,GO:0043065,GO:0043123,GO:0043161,GO:0043524,GO:0043653,GO:0044314,GO:0044828,GO:0045732,GO:0045944,GO:0046329,GO:0046676,GO:0050804,GO:0050821,GO:0051412,GO:0051582,GO:0051646,GO:0051865,GO:0051881,GO:0051967,GO:0060544,GO:0060828,GO:0061734,GO:0070050,GO:0070534,GO:0070585,GO:0070842,GO:0070936,GO:0070979,GO:0071287,GO:0080090,GO:0085020,GO:0090090,GO:0090141,GO:0090201,GO:0090258,GO:0090394,GO:0097237,GO:0099072,GO:0099074,GO:0140251,GO:1900242,GO:1900407,GO:1901526,GO:1901800,GO:1902236,GO:1902254,GO:1902530,GO:1902803,GO:1903265,GO:1903351,GO:1903377,GO:1903382,GO:1903427,GO:1903530,GO:1903542,GO:1903747,GO:1903861,GO:1904049,GO:1904643,GO:1904845,GO:1904881,GO:1905091,GO:1905232,GO:1905281,GO:1905366,GO:1905477,GO:1990000,GO:2000377,GO:2000378,GO:2001171
200	GO:0000278,GO:0002252,GO:0002429,GO:0006281,GO:0006298,GO:0006355,GO:0006897,GO:0006909,GO:0006914,GO:0006915,GO:0006974,GO:0006979,GO:0007155,GO:0007173,GO:0007204,GO:0007229,GO:0007611,GO:0008306,GO:0008630,GO:0009410,GO:0010468,GO:0010506,GO:0010557,GO:0010595,GO:0030036,GO:0030041,GO:0030100,GO:0030155,GO:0030516,GO:0030845,GO:0031113,GO:0032489,GO:0032956,GO:0034599,GO:0034976,GO:0035556,GO:0035791,GO:0036211,GO:0038096,GO:0038189,GO:0042770,GO:0043065,GO:0043525,GO:0043542,GO:0045580,GO:0045595,GO:0045785,GO:0045907,GO:0045944,GO:0048008,GO:0048013,GO:0048146,GO:0051444,GO:0051450,GO:0051496,GO:0051726,GO:0051882,GO:0051894,GO:0060038,GO:0070301,GO:0071103,GO:0071560,GO:0071871,GO:0090050,GO:0097706,GO:0099150,GO:0141214,GO:1900006,GO:1900026,GO:1900272,GO:1901701,GO:1902036,GO:1902531,GO:1903055,GO:1903210,GO:1903351,GO:1903905,GO:1904518,GO:1905244,GO:1905555,GO:2000042,GO:2000145,GO:2000406	GO:0001774,GO:0001819,GO:0002250,GO:0002376,GO:0006325,GO:0006338,GO:0006915,GO:0006979,GO:0007155,GO:0007165,GO:0007167,GO:0007204,GO:0007259,GO:0007498,GO:0008284,GO:0008285,GO:0008631,GO:0009755,GO:0010572,GO:0010667,GO:0010811,GO:0019221,GO:0022407,GO:0022408,GO:0030041,GO:0030154,GO:0030218,GO:0030335,GO:0031103,GO:0031663,GO:0031959,GO:0032024,GO:0032731,GO:0032760,GO:0033194,GO:0033209,GO:0034612,GO:0035166,GO:0035556,GO:0035722,GO:0038043,GO:0038065,GO:0038155,GO:0038156,GO:0038157,GO:0038162,GO:0038163,GO:0042102,GO:0042307,GO:0042531,GO:0042976,GO:0042981,GO:0043065,GO:0043066,GO:0043410,GO:0043524,GO:0043687,GO:0045087,GO:0045348,GO:0045428,GO:0045429,GO:0045597,GO:0045944,GO:0046425,GO:0046634,GO:0046677,GO:0046777,GO:0048008,GO:0048861,GO:0050727,GO:0050804,GO:0050867,GO:0051897,GO:0060333,GO:0060391,GO:0060396,GO:0060397,GO:0060399,GO:0061180,GO:0070102,GO:0070120,GO:0070665,GO:0070671,GO:0070757,GO:0097191,GO:0120162,GO:0120186,GO:0140546,GO:1900016,GO:1901731,GO:1902533,GO:1902728,GO:1904037,GO:1904707,GO:1905539
200	GO:0000122,GO:0001890,GO:0006355,GO:0006357,GO:0006631,GO:0007186,GO:0007584,GO:0008217,GO:0009755,GO:0010628,GO:0010629,GO:0010745,GO:0010875,GO:0010887,GO:0010888,GO:0015909,GO:0016525,GO:0030154,GO:0030224,GO:0030509,GO:0030512,GO:0030514,GO:0030522,GO:0030855,GO:0031348,GO:0031667,GO:0032376,GO:0032869,GO:0033993,GO:0035357,GO:0042593,GO:0042752,GO:0042789,GO:0043409,GO:0043537,GO:0045087,GO:0045165,GO:0045444,GO:0045600,GO:0045668,GO:0045834,GO:0045892,GO:0045893,GO:0045923,GO:0045944,GO:0048384,GO:0048469,GO:0048511,GO:0048662,GO:0050728,GO:0050872,GO:0050873,GO:0051049,GO:0051241,GO:0055088,GO:0060336,GO:0060392,GO:0070165,GO:0071404,GO:0071456,GO:0090258,GO:0140077,GO:0141193,GO:1900076,GO:1901202,GO:1902894,GO:1902895,GO:1903243,GO:1903845,GO:1904179,GO:1904597,GO:1904706,GO:1904893,GO:1905461,GO:1905563,GO:2001235	GO:0000122,GO:0001569,GO:0001570,GO:0001656,GO:0001658,GO:0001708,GO:0001755,GO:0001947,GO:0002320,GO:0003140,GO:0006508,GO:0007224,GO:0007267,GO:0007389,GO:0007405,GO:0007411,GO:0007417,GO:0007418,GO:0007507,GO:0008209,GO:0008284,GO:0009880,GO:0009888,GO:0009949,GO:0009953,GO:0010468,GO:0010629,GO:0016539,GO:0016540,GO:0021930,GO:0030162,GO:0030182,GO:0030324,GO:0030326,GO:0030336,GO:0030539,GO:0030850,GO:0030900,GO:0030901,GO:0030902,GO:0033077,GO:0033089,GO:0033092,GO:0035295,GO:0042127,GO:0042481,GO:0042733,GO:0043066,GO:0043369,GO:0045059,GO:0045060,GO:0045165,GO:0045596,GO:0045880,GO:0045893,GO:0045944,GO:0046638,GO:0048468,GO:0048513,GO:0048538,GO:0048663,GO:0048709,GO:0048745,GO:0048754,GO:0048864,GO:0050793,GO:0051781,GO:0060684,GO:0061053,GO:0061189,GO:0071542,GO:0072136,GO:0072205,GO:0090370,GO:0097190,GO:0097264,GO:1900107,GO:1900180,GO:1904339,GO:2000062,GO:2000063,GO:2000357,GO:2000358,GO:2000729
200	GO:0000122,GO:0001774,GO:0001878,GO:0002265,GO:0006357,GO:0006417,GO:0006816,GO:0006878,GO:0006897,GO:0006915,GO:0007155,GO:0007186,GO:0007189,GO:0007193,GO:0007219,GO:0007409,GO:0007417,GO:0007611,GO:0007612,GO:0007613,GO:0007617,GO:0007626,GO:0008088,GO:0008285,GO:0008306,GO:0008344,GO:0008542,GO:0010288,GO:0010468,GO:0010604,GO:0010628,GO:0010629,GO:0014005,GO:0016199,GO:0016322,GO:0016358,GO:0019722,GO:0019731,GO:0019732,GO:0030111,GO:0030178,GO:0030198,GO:0031175,GO:0031583,GO:0032224,GO:0032722,GO:0032729,GO:0032731,GO:0032755,GO:0032760,GO:0032930,GO:0034121,GO:0035235,GO:0036269,GO:0040014,GO:0042157,GO:0043065,GO:0043408,GO:0043410,GO:0043523,GO:0043525,GO:0045087,GO:0045429,GO:0045471,GO:0045666,GO:0045745,GO:0045752,GO:0045821,GO:0045931,GO:0045944,GO:0046330,GO:0048143,GO:0048169,GO:0048669,GO:0050729,GO:0050803,GO:0050808,GO:0050829,GO:0050830,GO:0050850,GO:0050867,GO:0050890,GO:0050918,GO:0051044,GO:0051246,GO:0051247,GO:0051260,GO:0051262,GO:0051580,GO:0051897,GO:0055096,GO:0061844,GO:0070206,GO:0070374,GO:0070555,GO:0071280,GO:0071287,GO:0071320,GO:0071874,GO:0090026,GO:0090090,GO:0098815,GO:0098989,GO:0110088,GO:0141137,GO:0141163,GO:0150003,GO:1900181,GO:1900221,GO:1900272,GO:1900273,GO:1900454,GO:1901224,GO:1902894,GO:1902950,GO:1902951,GO:1902993,GO:1903381,GO:1903523,GO:1904022,GO:1904472,GO:1904591,GO:1904646,GO:1905606,GO:1905898,GO:1905906,GO:1905908,GO:1905945,GO:1990000,GO:1990090,GO:1990418,GO:1990535,GO:2000406,GO:2000463,GO:2001238	GO:0000122,GO:0001525,GO:0001554,GO:0001837,GO:0001947,GO:0002052,GO:0003151,GO:0003157,GO:0003160,GO:0003162,GO:0003169,GO:0003180,GO:0003181,GO:0003182,GO:0003184,GO:0003192,GO:0003198,GO:0003203,GO:0003207,GO:0003208,GO:0003209,GO:0003213,GO:0003214,GO:0003222,GO:0003241,GO:0003264,GO:0003273,GO:0003332,GO:0003344,GO:0006355,GO:0006357,GO:0006606,GO:0006955,GO:0007219,GO:0007221,GO:0007283,GO:0007368,GO:0007411,GO:0007507,GO:0008284,GO:0008285,GO:0010467,GO:0010614,GO:0010628,GO:0010629,GO:0010667,GO:0010718,GO:0010812,GO:0010832,GO:0014031,GO:0021515,GO:0030154,GO:0030163,GO:0030279,GO:0030334,GO:0030335,GO:0030513,GO:0030514,GO:0031100,GO:0032495,GO:0032496,GO:0032966,GO:0035148,GO:0035924,GO:0042127,GO:0042246,GO:0043086,GO:0045070,GO:0045603,GO:0045662,GO:0045665,GO:0045668,GO:0045687,GO:0045892,GO:0045893,GO:0045944,GO:0046427,GO:0046579,GO:0048708,GO:0048709,GO:0048711,GO:0048715,GO:0048873,GO:0050768,GO:0050793,GO:0051152,GO:0055008,GO:0060038,GO:0060045,GO:0060253,GO:0060271,GO:0060317,GO:0060354,GO:0060379,GO:0060411,GO:0060412,GO:0060842,GO:0060843,GO:0060948,GO:0060956,GO:0060979,GO:0060982,GO:0061344,GO:0061384,GO:0062043,GO:0070168,GO:0070374,GO:0070986,GO:0071228,GO:0071372,GO:0071456,GO:0072017,GO:0072044,GO:0072144,GO:0072538,GO:0090051,GO:0097150,GO:0097400,GO:0099565,GO:0120163,GO:1901201,GO:1902339,GO:2000048,GO:2000737,GO:2000811,GO:2000974,GO:2001027
200	GO:0000122,GO:0001709,GO:0001806,GO:0001817,GO:0001822,GO:0001823,GO:0002376,GO:0002520,GO:0003180,GO:0003215,GO:0003281,GO:0006355,GO:0006357,GO:0006952,GO:0006954,GO:0007165,GO:0008285,GO:0008584,GO:0009410,GO:0009615,GO:0009653,GO:0009967,GO:0010332,GO:0010467,GO:0010595,GO:0010719,GO:0030154,GO:0030217,GO:0030225,GO:0030856,GO:0031929,GO:0032736,GO:0032753,GO:0032754,GO:0033600,GO:0035457,GO:0042421,GO:0043491,GO:0043583,GO:0043627,GO:0045064,GO:0045087,GO:0045165,GO:0045471,GO:0045582,GO:0045786,GO:0045892,GO:0045893,GO:0045944,GO:0048485,GO:0048568,GO:0048646,GO:0048731,GO:0050728,GO:0050793,GO:0050852,GO:0051216,GO:0051897,GO:0060037,GO:0060065,GO:0060070,GO:0060231,GO:0060676,GO:0071353,GO:0071356,GO:0072107,GO:0072178,GO:0072179,GO:0072182,GO:0072676,GO:0090102,GO:1902895,GO:2000146,GO:2000352,GO:2000611,GO:2000679,GO:2000683	GO:0001837,GO:0001954,GO:0003170,GO:0005977,GO:0006468,GO:0006983,GO:0007005,GO:0007399,GO:0007623,GO:0008286,GO:0009968,GO:0010508,GO:0010628,GO:0010629,GO:0010719,GO:0010975,GO:0016055,GO:0018105,GO:0019082,GO:0021766,GO:0030010,GO:0030011,GO:0030154,GO:0030336,GO:0030516,GO:0031175,GO:0031333,GO:0031334,GO:0031398,GO:0032007,GO:0032092,GO:0032436,GO:0032481,GO:0032880,GO:0032886,GO:0034976,GO:0035556,GO:0036016,GO:0042752,GO:0043066,GO:0043161,GO:0043525,GO:0045597,GO:0045668,GO:0045719,GO:0045724,GO:0045732,GO:0045879,GO:0046777,GO:0046825,GO:0046827,GO:0048511,GO:0048814,GO:0050770,GO:0060070,GO:0060079,GO:0070507,GO:0070885,GO:0071109,GO:0071300,GO:0090090,GO:0097191,GO:0097192,GO:0099171,GO:0106027,GO:0150101,GO:0160213,GO:1900034,GO:1900181,GO:1900271,GO:1901030,GO:1901701,GO:1902042,GO:1903566,GO:1903940,GO:1904339,GO:1904646,GO:1904781,GO:1904951,GO:2000077,GO:2000466,GO:2000740
200	GO:0001649,GO:0001938,GO:0002042,GO:0002430,GO:0003376,GO:0005977,GO:0005978,GO:0005979,GO:0006006,GO:0006417,GO:0006468,GO:0006809,GO:0006915,GO:0006924,GO:0006979,GO:0007165,GO:0007173,GO:0007186,GO:0007399,GO:0008283,GO:0008286,GO:0009408,GO:0009725,GO:0010507,GO:0010595,GO:0010628,GO:0010629,GO:0010748,GO:0010761,GO:0010907,GO:0010975,GO:0016242,GO:0018105,GO:0018107,GO:0019221,GO:0030154,GO:0030307,GO:0030334,GO:0030335,GO:0031295,GO:0031397,GO:0031929,GO:0031999,GO:0032079,GO:0032436,GO:0032869,GO:0033138,GO:0033554,GO:0034405,GO:0035556,GO:0035655,GO:0042307,GO:0042981,GO:0043066,GO:0043276,GO:0043488,GO:0043491,GO:0043536,GO:0045429,GO:0045600,GO:0045725,GO:0045746,GO:0045861,GO:0045944,GO:0046209,GO:0046326,GO:0046889,GO:0048009,GO:0048266,GO:0048661,GO:0051247,GO:0051897,GO:0060079,GO:0060416,GO:0060644,GO:0070141,GO:0070585,GO:0070848,GO:0071364,GO:0072656,GO:0072752,GO:0090201,GO:0097700,GO:0099175,GO:0110002,GO:0140052,GO:0150033,GO:0160049,GO:0160213,GO:1900087,GO:1900182,GO:1901796,GO:1902018,GO:1902176,GO:1903038,GO:1903078,GO:1903318,GO:1903384,GO:1903898,GO:1904263,GO:1904515,GO:1905552,GO:1905786,GO:1990090,GO:1990418,GO:2000010,GO:2000074,GO:2000402,GO:2001240,GO:2001243	GO:0000122,GO:0000165,GO:0001568,GO:0001649,GO:0001764,GO:0001782,GO:0001947,GO:0001958,GO:0001974,GO:0002062,GO:0002467,GO:0002634,GO:0002931,GO:0003138,GO:0003139,GO:0003151,GO:0003185,GO:0003211,GO:0006355,GO:0006915,GO:0006959,GO:0007399,GO:0007507,GO:0007517,GO:0007519,GO:0007521,GO:0007611,GO:0010628,GO:0010629,GO:0014033,GO:0014902,GO:0030154,GO:0030182,GO:0030220,GO:0030279,GO:0030318,GO:0030501,GO:0030890,GO:0035984,GO:0042100,GO:0043410,GO:0043523,GO:0043524,GO:0043537,GO:0045652,GO:0045663,GO:0045666,GO:0045669,GO:0045893,GO:0045944,GO:0046928,GO:0048167,GO:0048643,GO:0048666,GO:0048667,GO:0050853,GO:0051145,GO:0051963,GO:0051966,GO:0055012,GO:0060025,GO:0060045,GO:0060079,GO:0060998,GO:0061333,GO:0071222,GO:0071277,GO:0071374,GO:0071466,GO:0071498,GO:0071560,GO:0072102,GO:0072160,GO:0098989,GO:0098990,GO:1904706,GO:1904753,GO:1905563,GO:2000111,GO:2000727,GO:2000987,GO:2001013,GO:2001016
200	GO:0000122,GO:0001503,GO:0001649,GO:0001657,GO:0001658,GO:0001822,GO:0001823,GO:0001934,GO:0001938,GO:0001958,GO:0002043,GO:0002062,GO:0002244,GO:0002320,GO:0002573,GO:0003007,GO:0003129,GO:0003139,GO:0003148,GO:0003149,GO:0003151,GO:0003163,GO:0003180,GO:0003184,GO:0003197,GO:0003279,GO:0003323,GO:0007498,GO:0008284,GO:0008285,GO:0009791,GO:0010453,GO:0010467,GO:0010628,GO:0010629,GO:0010718,GO:0021537,GO:0022408,GO:0030154,GO:0030224,GO:0030225,GO:0030335,GO:0030501,GO:0030509,GO:0030513,GO:0030858,GO:0032092,GO:0032967,GO:0033085,GO:0033088,GO:0035990,GO:0035993,GO:0042306,GO:0042476,GO:0043065,GO:0043068,GO:0045596,GO:0045603,GO:0045606,GO:0045662,GO:0045669,GO:0045778,GO:0045786,GO:0045839,GO:0045843,GO:0045892,GO:0045893,GO:0045944,GO:0048286,GO:0048392,GO:0048661,GO:0048662,GO:0048745,GO:0048863,GO:0050679,GO:0050918,GO:0051216,GO:0051241,GO:0055007,GO:0055020,GO:0060391,GO:0060425,GO:0060426,GO:0060433,GO:0060438,GO:0060441,GO:0060502,GO:0060503,GO:0060537,GO:0060976,GO:0061036,GO:0061047,GO:0061626,GO:0070244,GO:0071773,GO:0072104,GO:0072125,GO:0072179,GO:0072197,GO:0072200,GO:0090189,GO:0090191,GO:0090194,GO:1900182,GO:1900745,GO:1901331,GO:1902894,GO:1904706,GO:1904753,GO:1905312,GO:2000005,GO:2000007,GO:2000636,GO:2000725,GO:2001237	GO:0000122,GO:0001569,GO:0001570,GO:0001656,GO:0001658,GO:0001708,GO:0001755,GO:0001947,GO:0002320,GO:0003140,GO:0006508,GO:0007224,GO:0007267,GO:0007389,GO:0007405,GO:0007411,GO:0007417,GO:0007418,GO:0007507,GO:0008209,GO:0008284,GO:0009880,GO:0009888,GO:0009949,GO:0009953,GO:0010468,GO:0010629,GO:0016539,GO:0016540,GO:0021930,GO:0030162,GO:0030182,GO:0030324,GO:0030326,GO:0030336,GO:0030539,GO:0030850,GO:0030900,GO:0030901,GO:0030902,GO:0033077,GO:0033089,GO:0033092,GO:0035295,GO:0042127,GO:0042481,GO:0042733,GO:0043066,GO:0043369,GO:0045059,GO:0045060,GO:0045165,GO:0045596,GO:0045880,GO:0045893,GO:0045944,GO:0046638,GO:0048468,GO:0048513,GO:0048538,GO:0048663,GO:0048709,GO:0048745,GO:0048754,GO:0048864,GO:0050793,GO:0051781,GO:0060684,GO:0061053,GO:0061189,GO:0071542,GO:0072136,GO:0072205,GO:0090370,GO:0097190,GO:0097264,GO:1900107,GO:1900180,GO:1904339,GO:2000062,GO:2000063,GO:2000357,GO:2000358,GO:2000729
200	GO:0000122,GO:0000165,GO:0001666,GO:0001821,GO:0001975,GO:0003015,GO:0003094,GO:0003100,GO:0003253,GO:0003357,GO:0006366,GO:0006874,GO:0007005,GO:0007166,GO:0007186,GO:0007204,GO:0007267,GO:0007411,GO:0008217,GO:0008284,GO:0009410,GO:0010193,GO:0010460,GO:0010467,GO:0010595,GO:0010613,GO:0010629,GO:0014033,GO:0014034,GO:0014823,GO:0014824,GO:0014826,GO:0019229,GO:0019722,GO:0023019,GO:0030072,GO:0030185,GO:0030195,GO:0030335,GO:0030878,GO:0031175,GO:0031394,GO:0032308,GO:0032496,GO:0033574,GO:0034392,GO:0034696,GO:0035050,GO:0035094,GO:0035556,GO:0035994,GO:0042045,GO:0042310,GO:0042482,GO:0042554,GO:0043200,GO:0043410,GO:0043491,GO:0044321,GO:0044751,GO:0045321,GO:0045429,GO:0045793,GO:0045840,GO:0045944,GO:0045987,GO:0046330,GO:0046887,GO:0046888,GO:0048661,GO:0048675,GO:0050850,GO:0051248,GO:0051899,GO:0060070,GO:0060137,GO:0060298,GO:0060385,GO:0061051,GO:0061626,GO:0070101,GO:0070294,GO:0070301,GO:0070371,GO:0070588,GO:0071277,GO:0071346,GO:0071347,GO:0071356,GO:0071372,GO:0071373,GO:0071375,GO:0071385,GO:0071389,GO:0071398,GO:0071456,GO:0071466,GO:0071526,GO:0071548,GO:0071559,GO:0071560,GO:0072011,GO:0072112,GO:0086100,GO:0090023,GO:0097237,GO:0097492,GO:0097746,GO:0141156,GO:0160195,GO:1900182,GO:1901224,GO:1902074,GO:1903537,GO:1904707,GO:1905653,GO:2001259	GO:0000122,GO:0001659,GO:0001666,GO:0001754,GO:0001817,GO:0002317,GO:0002931,GO:0006355,GO:0006357,GO:0006606,GO:0006952,GO:0006953,GO:0006954,GO:0006955,GO:0007165,GO:0007179,GO:0007259,GO:0007399,GO:0008284,GO:0010507,GO:0010575,GO:0010628,GO:0010629,GO:0010730,GO:0019221,GO:0030154,GO:0030335,GO:0030522,GO:0030968,GO:0032355,GO:0032731,GO:0032733,GO:0032755,GO:0032757,GO:0032760,GO:0032870,GO:0033210,GO:0034097,GO:0035723,GO:0038110,GO:0038113,GO:0038154,GO:0038155,GO:0042127,GO:0042593,GO:0042755,GO:0043123,GO:0043124,GO:0043434,GO:0043491,GO:0043524,GO:0044320,GO:0044321,GO:0045471,GO:0045648,GO:0045747,GO:0045766,GO:0045893,GO:0045944,GO:0046902,GO:0048708,GO:0048861,GO:0050728,GO:0050729,GO:0050766,GO:0050804,GO:0051240,GO:0051726,GO:0060019,GO:0060259,GO:0060396,GO:0060397,GO:0070102,GO:0070120,GO:0072538,GO:0072540,GO:0090091,GO:0097009,GO:0097398,GO:0097696,GO:0099527,GO:0106015,GO:0140105,GO:1900016,GO:1900017,GO:1900037,GO:1902728,GO:1902895,GO:1905564,GO:2000635,GO:2001171,GO:2001243
200	GO:0001781,GO:0001960,GO:0002314,GO:0002384,GO:0002446,GO:0002548,GO:0002639,GO:0002675,GO:0002690,GO:0006953,GO:0006954,GO:0006955,GO:0006959,GO:0007259,GO:0008284,GO:0008285,GO:0010573,GO:0010574,GO:0010575,GO:0010628,GO:0010718,GO:0010888,GO:0014823,GO:0019221,GO:0030154,GO:0030168,GO:0031018,GO:0031175,GO:0032494,GO:0032682,GO:0032722,GO:0032731,GO:0032733,GO:0032740,GO:0032745,GO:0032755,GO:0032757,GO:0032760,GO:0032966,GO:0033138,GO:0035425,GO:0035633,GO:0038001,GO:0042102,GO:0042593,GO:0043065,GO:0043066,GO:0043410,GO:0045599,GO:0045669,GO:0045727,GO:0045765,GO:0045779,GO:0045893,GO:0045944,GO:0046427,GO:0048661,GO:0050731,GO:0050768,GO:0050796,GO:0050829,GO:0050830,GO:0050871,GO:0051223,GO:0051251,GO:0051384,GO:0051607,GO:0060252,GO:0061470,GO:0061888,GO:0070050,GO:0070091,GO:0070092,GO:0070102,GO:0070301,GO:0070345,GO:0071222,GO:0072540,GO:0072574,GO:0090091,GO:0090594,GO:0097421,GO:0097696,GO:0098586,GO:0150077,GO:0150078,GO:1900017,GO:1901731,GO:1902512,GO:1902895,GO:1903978,GO:1904894,GO:1904996,GO:2000553,GO:2000635,GO:2000660,GO:2000676	GO:0000122,GO:0001525,GO:0001541,GO:0001569,GO:0001570,GO:0001666,GO:0001701,GO:0001822,GO:0001934,GO:0001938,GO:0002040,GO:0002042,GO:0002052,GO:0002092,GO:0002376,GO:0002575,GO:0002687,GO:0003007,GO:0003151,GO:0003169,GO:0006357,GO:0007200,GO:0007399,GO:0007498,GO:0007595,GO:0008284,GO:0008360,GO:0010595,GO:0010628,GO:0010629,GO:0010719,GO:0010749,GO:0030154,GO:0030224,GO:0030225,GO:0030324,GO:0030335,GO:0030855,GO:0031077,GO:0031290,GO:0031334,GO:0031954,GO:0035148,GO:0035767,GO:0035924,GO:0036303,GO:0036324,GO:0038033,GO:0038084,GO:0038091,GO:0038190,GO:0042462,GO:0043066,GO:0043117,GO:0043123,GO:0043129,GO:0043410,GO:0043536,GO:0045766,GO:0045785,GO:0045944,GO:0048010,GO:0048469,GO:0048593,GO:0048842,GO:0048844,GO:0050679,GO:0050918,GO:0050927,GO:0050930,GO:0051781,GO:0051894,GO:0051897,GO:0055013,GO:0060319,GO:0060749,GO:0060754,GO:0060948,GO:0060982,GO:0061042,GO:0070374,GO:0071456,GO:0071542,GO:0071679,GO:0090050,GO:0090190,GO:0097475,GO:0097533,GO:0120162,GO:1900748,GO:1901165,GO:1902894,GO:1902966,GO:1903141,GO:1903392,GO:1903589,GO:1903672,GO:1905278,GO:1905555,GO:1905604,GO:2000048,GO:2000573,GO:2001028
200	GO:0001659,GO:0001666,GO:0001963,GO:0001975,GO:0001976,GO:0002027,GO:0002028,GO:0002031,GO:0002052,GO:0002092,GO:0006874,GO:0006914,GO:0007165,GO:0007186,GO:0007188,GO:0007195,GO:0007200,GO:0007212,GO:0007270,GO:0007409,GO:0007416,GO:0007608,GO:0007616,GO:0007626,GO:0007628,GO:0008104,GO:0008285,GO:0008306,GO:0008542,GO:0009410,GO:0009416,GO:0009636,GO:0010039,GO:0014059,GO:0014854,GO:0016055,GO:0021756,GO:0021769,GO:0021853,GO:0021984,GO:0030336,GO:0030432,GO:0030900,GO:0031223,GO:0032228,GO:0032355,GO:0032467,GO:0032922,GO:0033602,GO:0034776,GO:0035094,GO:0035305,GO:0035556,GO:0042220,GO:0042321,GO:0042417,GO:0042756,GO:0043266,GO:0043278,GO:0043408,GO:0045471,GO:0045745,GO:0045776,GO:0045824,GO:0045944,GO:0046676,GO:0046717,GO:0048148,GO:0048149,GO:0048169,GO:0048678,GO:0048755,GO:0050482,GO:0050709,GO:0050769,GO:0050805,GO:0051209,GO:0051240,GO:0051481,GO:0051580,GO:0051584,GO:0051586,GO:0051823,GO:0051898,GO:0051952,GO:0051967,GO:0060079,GO:0060124,GO:0060134,GO:0060158,GO:0060160,GO:0070374,GO:0071300,GO:0071361,GO:0090325,GO:0097305,GO:0099170,GO:0099171,GO:0160213,GO:1900038,GO:1900168,GO:1900273,GO:1903530,GO:1990384	GO:0001568,GO:0001819,GO:0001937,GO:0001960,GO:0007566,GO:0008284,GO:0008360,GO:0010596,GO:0010613,GO:0010614,GO:0010628,GO:0010629,GO:0010667,GO:0010718,GO:0010804,GO:0010838,GO:0016525,GO:0030334,GO:0030335,GO:0030336,GO:0030509,GO:0030511,GO:0031346,GO:0032480,GO:0032695,GO:0032705,GO:0032963,GO:0034392,GO:0035021,GO:0035024,GO:0035195,GO:0035278,GO:0036166,GO:0042058,GO:0042104,GO:0043066,GO:0043409,GO:0045590,GO:0045600,GO:0045603,GO:0045669,GO:0045766,GO:0045824,GO:0045930,GO:0050729,GO:0051497,GO:0051896,GO:0051897,GO:0060339,GO:0060940,GO:0061037,GO:0061154,GO:0070373,GO:0070374,GO:0071222,GO:0071479,GO:0071480,GO:0098586,GO:0106016,GO:1900017,GO:1900039,GO:1900082,GO:1900748,GO:1901223,GO:1901299,GO:1902254,GO:1902514,GO:1902731,GO:1903053,GO:1903427,GO:1903589,GO:1903766,GO:1904639,GO:1904695,GO:1904707,GO:1904728,GO:1904753,GO:1904754,GO:1904762,GO:1904827,GO:1904830,GO:1904996,GO:1905065,GO:1905460,GO:1905564,GO:1905955,GO:1990009,GO:2000318,GO:2000321,GO:2000377
200	GO:0000122,GO:0001569,GO:0001570,GO:0001656,GO:0001658,GO:0001708,GO:0001755,GO:0001947,GO:0002320,GO:0003140,GO:0006508,GO:0007224,GO:0007267,GO:0007389,GO:0007405,GO:0007411,GO:0007417,GO:0007418,GO:0007507,GO:0008209,GO:0008284,GO:0009880,GO:0009888,GO:0009949,GO:0009953,GO:0010468,GO:0010629,GO:0016539,GO:0016540,GO:0021930,GO:0030162,GO:0030182,GO:0030324,GO:0030326,GO:0030336,GO:0030539,GO:0030850,GO:0030900,GO:0030901,GO:0030902,GO:0033077,GO:0033089,GO:0033092,GO:0035295,GO:0042127,GO:0042481,GO:0042733,GO:0043066,GO:0043369,GO:0045059,GO:0045060,GO:0045165,GO:0045596,GO:0045880,GO:0045893,GO:0045944,GO:0046638,GO:0048468,GO:0048513,GO:0048538,GO:0048663,GO:0048709,GO:0048745,GO:0048754,GO:0048864,GO:0050793,GO:0051781,GO:0060684,GO:0061053,GO:0061189,GO:0071542,GO:0072136,GO:0072205,GO:0090370,GO:0097190,GO:0097264,GO:1900107,GO:1900180,GO:1904339,GO:2000062,GO:2000063,GO:2000357,GO:2000358,GO:2000729	GO:0000122,GO:0002244,GO:0006289,GO:0006355,GO:0006357,GO:0006914,GO:0006915,GO:0006974,GO:0006979,GO:0006983,GO:0007265,GO:0007623,GO:0008104,GO:0008285,GO:0008340,GO:0009299,GO:0009410,GO:0009411,GO:0010212,GO:0010332,GO:0010628,GO:0012501,GO:0016032,GO:0030308,GO:0030330,GO:0031571,GO:0032211,GO:0033209,GO:0034644,GO:0042149,GO:0042771,GO:0042981,GO:0043065,GO:0043066,GO:0043153,GO:0045815,GO:0045892,GO:0045893,GO:0045899,GO:0045944,GO:0046677,GO:0048147,GO:0048511,GO:0048512,GO:0048539,GO:0051053,GO:0051097,GO:0051262,GO:0051726,GO:0060218,GO:0060333,GO:0062100,GO:0065003,GO:0070059,GO:0070245,GO:0071456,GO:0071466,GO:0071479,GO:0071480,GO:0072331,GO:0072332,GO:0072717,GO:0090200,GO:0090398,GO:0090399,GO:0090403,GO:0097190,GO:0097193,GO:0097252,GO:1900119,GO:1902749,GO:1902895,GO:1903451,GO:1905856,GO:2000379,GO:2000774,GO:2001242,GO:2001244
200	GO:0000122,GO:0001525,GO:0001657,GO:0001701,GO:0001837,GO:0002053,GO:0003148,GO:0003149,GO:0003416,GO:0006915,GO:0007267,GO:0007409,GO:0008284,GO:0008543,GO:0008589,GO:0009791,GO:0009880,GO:0009887,GO:0010518,GO:0010839,GO:0016331,GO:0018108,GO:0021769,GO:0021847,GO:0021860,GO:0022612,GO:0030177,GO:0030282,GO:0030324,GO:0030855,GO:0030901,GO:0030916,GO:0031069,GO:0032496,GO:0032808,GO:0033688,GO:0035265,GO:0035602,GO:0035603,GO:0035604,GO:0035607,GO:0042472,GO:0042476,GO:0043009,GO:0043410,GO:0044344,GO:0045165,GO:0045471,GO:0045595,GO:0045667,GO:0045787,GO:0045944,GO:0046777,GO:0048286,GO:0048333,GO:0048557,GO:0048562,GO:0048565,GO:0048568,GO:0048608,GO:0048701,GO:0048705,GO:0048730,GO:0048755,GO:0048762,GO:0050679,GO:0050680,GO:0051150,GO:0051781,GO:0055010,GO:0060045,GO:0060174,GO:0060348,GO:0060349,GO:0060442,GO:0060445,GO:0060449,GO:0060463,GO:0060484,GO:0060501,GO:0060512,GO:0060523,GO:0060527,GO:0060529,GO:0060601,GO:0060615,GO:0060664,GO:0060667,GO:0060670,GO:0060688,GO:0060915,GO:0060916,GO:0070372,GO:0070374,GO:0071300,GO:0071456,GO:0071560,GO:0090263,GO:1904707,GO:1904888	GO:0000122,GO:0001525,GO:0001554,GO:0001837,GO:0001947,GO:0002052,GO:0003151,GO:0003157,GO:0003160,GO:0003162,GO:0003169,GO:0003180,GO:0003181,GO:0003182,GO:0003184,GO:0003192,GO:0003198,GO:0003203,GO:0003207,GO:0003208,GO:0003209,GO:0003213,GO:0003214,GO:0003222,GO:0003241,GO:0003264,GO:0003273,GO:0003332,GO:0003344,GO:0006355,GO:0006357,GO:0006606,GO:0006955,GO:0007219,GO:0007221,GO:0007283,GO:0007368,GO:0007411,GO:0007507,GO:0008284,GO:0008285,GO:0010467,GO:0010614,GO:0010628,GO:0010629,GO:0010667,GO:0010718,GO:0010812,GO:0010832,GO:0014031,GO:0021515,GO:0030154,GO:0030163,GO:0030279,GO:0030334,GO:0030335,GO:0030513,GO:0030514,GO:0031100,GO:0032495,GO:0032496,GO:0032966,GO:0035148,GO:0035924,GO:0042127,GO:0042246,GO:0043086,GO:0045070,GO:0045603,GO:0045662,GO:0045665,GO:0045668,GO:0045687,GO:0045892,GO:0045893,GO:0045944,GO:0046427,GO:0046579,GO:0048708,GO:0048709,GO:0048711,GO:0048715,GO:0048873,GO:0050768,GO:0050793,GO:0051152,GO:0055008,GO:0060038,GO:0060045,GO:0060253,GO:0060271,GO:0060317,GO:0060354,GO:0060379,GO:0060411,GO:0060412,GO:0060842,GO:0060843,GO:0060948,GO:0060956,GO:0060979,GO:0060982,GO:0061344,GO:0061384,GO:0062043,GO:0070168,GO:0070374,GO:0070986,GO:0071228,GO:0071372,GO:0071456,GO:0072017,GO:0072044,GO:0072144,GO:0072538,GO:0090051,GO:0097150,GO:0097400,GO:0099565,GO:0120163,GO:1901201,GO:1902339,GO:2000048,GO:2000737,GO:2000811,GO:2000974,GO:2001027
200	GO:0000122,GO:0001525,GO:0001657,GO:0001701,GO:0001837,GO:0002053,GO:0003148,GO:0003149,GO:0003416,GO:0006915,GO:0007267,GO:0007409,GO:0008284,GO:0008543,GO:0008589,GO:0009791,GO:0009880,GO:0009887,GO:0010518,GO:0010839,GO:0016331,GO:0018108,GO:0021769,GO:0021847,GO:0021860,GO:0022612,GO:0030177,GO:0030282,GO:0030324,GO:0030855,GO:0030901,GO:0030916,GO:0031069,GO:0032496,GO:0032808,GO:0033688,GO:0035265,GO:0035602,GO:0035603,GO:0035604,GO:0035607,GO:0042472,GO:0042476,GO:0043009,GO:0043410,GO:0044344,GO:0045165,GO:0045471,GO:0045595,GO:0045667,GO:0045787,GO:0045944,GO:0046777,GO:0048286,GO:0048333,GO:0048557,GO:0048562,GO:0048565,GO:0048568,GO:0048608,GO:0048701,GO:0048705,GO:0048730,GO:0048755,GO:0048762,GO:0050679,GO:0050680,GO:0051150,GO:0051781,GO:0055010,GO:0060045,GO:0060174,GO:0060348,GO:0060349,GO:0060442,GO:0060445,GO:0060449,GO:0060463,GO:0060484,GO:0060501,GO:0060512,GO:0060523,GO:0060527,GO:0060529,GO:0060601,GO:0060615,GO:0060664,GO:0060667,GO:0060670,GO:0060688,GO:0060915,GO:0060916,GO:0070372,GO:0070374,GO:0071300,GO:0071456,GO:0071560,GO:0090263,GO:1904707,GO:1904888	GO:0001568,GO:0001819,GO:0001937,GO:0001960,GO:0007566,GO:0008284,GO:0008360,GO:0010596,GO:0010613,GO:0010614,GO:0010628,GO:0010629,GO:0010667,GO:0010718,GO:0010804,GO:0010838,GO:0016525,GO:0030334,GO:0030335,GO:0030336,GO:0030509,GO:0030511,GO:0031346,GO:0032480,GO:0032695,GO:0032705,GO:0032963,GO:0034392,GO:0035021,GO:0035024,GO:0035195,GO:0035278,GO:0036166,GO:0042058,GO:0042104,GO:0043066,GO:0043409,GO:0045590,GO:0045600,GO:0045603,GO:0045669,GO:0045766,GO:0045824,GO:0045930,GO:0050729,GO:0051497,GO:0051896,GO:0051897,GO:0060339,GO:0060940,GO:0061037,GO:0061154,GO:0070373,GO:0070374,GO:0071222,GO:0071479,GO:0071480,GO:0098586,GO:0106016,GO:1900017,GO:1900039,GO:1900082,GO:1900748,GO:1901223,GO:1901299,GO:1902254,GO:1902514,GO:1902731,GO:1903053,GO:1903427,GO:1903589,GO:1903766,GO:1904639,GO:1904695,GO:1904707,GO:1904728,GO:1904753,GO:1904754,GO:1904762,GO:1904827,GO:1904830,GO:1904996,GO:1905065,GO:1905460,GO:1905564,GO:1905955,GO:1990009,GO:2000318,GO:2000321,GO:2000377
200	GO:0000122,GO:0001503,GO:0001649,GO:0001657,GO:0001658,GO:0001822,GO:0001823,GO:0001934,GO:0001938,GO:0001958,GO:0002043,GO:0002062,GO:0002244,GO:0002320,GO:0002573,GO:0003007,GO:0003129,GO:0003139,GO:0003148,GO:0003149,GO:0003151,GO:0003163,GO:0003180,GO:0003184,GO:0003197,GO:0003279,GO:0003323,GO:0007498,GO:0008284,GO:0008285,GO:0009791,GO:0010453,GO:0010467,GO:0010628,GO:0010629,GO:0010718,GO:0021537,GO:0022408,GO:0030154,GO:0030224,GO:0030225,GO:0030335,GO:0030501,GO:0030509,GO:0030513,GO:0030858,GO:0032092,GO:0032967,GO:0033085,GO:0033088,GO:0035990,GO:0035993,GO:0042306,GO:0042476,GO:0043065,GO:0043068,GO:0045596,GO:0045603,GO:0045606,GO:0045662,GO:0045669,GO:0045778,GO:0045786,GO:0045839,GO:0045843,GO:0045892,GO:0045893,GO:0045944,GO:0048286,GO:0048392,GO:0048661,GO:0048662,GO:0048745,GO:0048863,GO:0050679,GO:0050918,GO:0051216,GO:0051241,GO:0055007,GO:0055020,GO:0060391,GO:0060425,GO:0060426,GO:0060433,GO:0060438,GO:0060441,GO:0060502,GO:0060503,GO:0060537,GO:0060976,GO:0061036,GO:0061047,GO:0061626,GO:0070244,GO:0071773,GO:0072104,GO:0072125,GO:0072179,GO:0072197,GO:0072200,GO:0090189,GO:0090191,GO:0090194,GO:1900182,GO:1900745,GO:1901331,GO:1902894,GO:1904706,GO:1904753,GO:1905312,GO:2000005,GO:2000007,GO:2000636,GO:2000725,GO:2001237	GO:0000122,GO:0001890,GO:0006355,GO:0006357,GO:0006631,GO:0007186,GO:0007584,GO:0008217,GO:0009755,GO:0010628,GO:0010629,GO:0010745,GO:0010875,GO:0010887,GO:0010888,GO:0015909,GO:0016525,GO:0030154,GO:0030224,GO:0030509,GO:0030512,GO:0030514,GO:0030522,GO:0030855,GO:0031348,GO:0031667,GO:0032376,GO:0032869,GO:0033993,GO:0035357,GO:0042593,GO:0042752,GO:0042789,GO:0043409,GO:0043537,GO:0045087,GO:0045165,GO:0045444,GO:0045600,GO:0045668,GO:0045834,GO:0045892,GO:0045893,GO:0045923,GO:0045944,GO:0048384,GO:0048469,GO:0048511,GO:0048662,GO:0050728,GO:0050872,GO:0050873,GO:0051049,GO:0051241,GO:0055088,GO:0060336,GO:0060392,GO:0070165,GO:0071404,GO:0071456,GO:0090258,GO:0140077,GO:0141193,GO:1900076,GO:1901202,GO:1902894,GO:1902895,GO:1903243,GO:1903845,GO:1904179,GO:1904597,GO:1904706,GO:1904893,GO:1905461,GO:1905563,GO:2001235
200	GO:0001525,GO:0001569,GO:0001570,GO:0001755,GO:0001764,GO:0001938,GO:0002040,GO:0002042,GO:0003148,GO:0006930,GO:0007165,GO:0007229,GO:0007267,GO:0007399,GO:0007411,GO:0008045,GO:0009611,GO:0009887,GO:0010595,GO:0014911,GO:0021612,GO:0021637,GO:0021649,GO:0021785,GO:0021828,GO:0030154,GO:0030947,GO:0031290,GO:0032489,GO:0035729,GO:0035767,GO:0035924,GO:0036486,GO:0038084,GO:0038189,GO:0038190,GO:0042327,GO:0043524,GO:0043542,GO:0045766,GO:0046718,GO:0048008,GO:0048010,GO:0048012,GO:0048666,GO:0048842,GO:0048844,GO:0048846,GO:0050918,GO:0051491,GO:0051496,GO:0051894,GO:0060385,GO:0060627,GO:0060978,GO:0060982,GO:0061299,GO:0061441,GO:0061549,GO:0061551,GO:0070374,GO:0071526,GO:0071679,GO:0090050,GO:0097102,GO:0097374,GO:0097475,GO:0097490,GO:0097491,GO:0099173,GO:0120035,GO:0150018,GO:0150020,GO:1900026,GO:1901166,GO:1902946,GO:1903375,GO:1904835,GO:1905040,GO:2001237	GO:0001837,GO:0001938,GO:0002088,GO:0002720,GO:0003138,GO:0003139,GO:0003281,GO:0003283,GO:0003408,GO:0006954,GO:0007200,GO:0007223,GO:0007409,GO:0007411,GO:0008104,GO:0008584,GO:0008595,GO:0010595,GO:0010628,GO:0010742,GO:0010820,GO:0010976,GO:0016055,GO:0021891,GO:0022008,GO:0030154,GO:0030182,GO:0030216,GO:0030901,GO:0032722,GO:0032729,GO:0032731,GO:0032755,GO:0032757,GO:0032760,GO:0035022,GO:0035567,GO:0036517,GO:0036518,GO:0042060,GO:0043032,GO:0043066,GO:0043122,GO:0043410,GO:0045165,GO:0045599,GO:0045732,GO:0045766,GO:0045778,GO:0045892,GO:0045893,GO:0045944,GO:0046330,GO:0048022,GO:0048146,GO:0048706,GO:0048806,GO:0048812,GO:0050727,GO:0050729,GO:0050807,GO:0051057,GO:0051216,GO:0051885,GO:0051897,GO:0051964,GO:0060070,GO:0060071,GO:0060324,GO:0060340,GO:0060760,GO:0060907,GO:0062009,GO:0071219,GO:0071222,GO:0071277,GO:0071300,GO:0071346,GO:0071425,GO:0071542,GO:0071560,GO:0072201,GO:0090090,GO:0097325,GO:0099054,GO:0099068,GO:0099170,GO:0099175,GO:0099566,GO:0150012,GO:1900020,GO:1902474,GO:1904861,GO:1904862,GO:1904934,GO:1904948,GO:2000052,GO:2001235
200	GO:0001649,GO:0001938,GO:0002042,GO:0002430,GO:0003376,GO:0005977,GO:0005978,GO:0005979,GO:0006006,GO:0006417,GO:0006468,GO:0006809,GO:0006915,GO:0006924,GO:0006979,GO:0007165,GO:0007173,GO:0007186,GO:0007399,GO:0008283,GO:0008286,GO:0009408,GO:0009725,GO:0010507,GO:0010595,GO:0010628,GO:0010629,GO:0010748,GO:0010761,GO:0010907,GO:0010975,GO:0016242,GO:0018105,GO:0018107,GO:0019221,GO:0030154,GO:0030307,GO:0030334,GO:0030335,GO:0031295,GO:0031397,GO:0031929,GO:0031999,GO:0032079,GO:0032436,GO:0032869,GO:0033138,GO:0033554,GO:0034405,GO:0035556,GO:0035655,GO:0042307,GO:0042981,GO:0043066,GO:0043276,GO:0043488,GO:0043491,GO:0043536,GO:0045429,GO:0045600,GO:0045725,GO:0045746,GO:0045861,GO:0045944,GO:0046209,GO:0046326,GO:0046889,GO:0048009,GO:0048266,GO:0048661,GO:0051247,GO:0051897,GO:0060079,GO:0060416,GO:0060644,GO:0070141,GO:0070585,GO:0070848,GO:0071364,GO:0072656,GO:0072752,GO:0090201,GO:0097700,GO:0099175,GO:0110002,GO:0140052,GO:0150033,GO:0160049,GO:0160213,GO:1900087,GO:1900182,GO:1901796,GO:1902018,GO:1902176,GO:1903038,GO:1903078,GO:1903318,GO:1903384,GO:1903898,GO:1904263,GO:1904515,GO:1905552,GO:1905786,GO:1990090,GO:1990418,GO:2000010,GO:2000074,GO:2000402,GO:2001240,GO:2001243	GO:0000122,GO:0001666,GO:0001774,GO:0001819,GO:0001937,GO:0001975,GO:0002037,GO:0002281,GO:0002439,GO:0002639,GO:0002700,GO:0002719,GO:0003009,GO:0003085,GO:0006325,GO:0006954,GO:0006955,GO:0007259,GO:0007623,GO:0008285,GO:0008625,GO:0008630,GO:0009410,GO:0009612,GO:0009615,GO:0009617,GO:0009651,GO:0009750,GO:0010459,GO:0010573,GO:0010628,GO:0010629,GO:0010744,GO:0010888,GO:0014823,GO:0019722,GO:0031334,GO:0031349,GO:0031622,GO:0031642,GO:0031667,GO:0032496,GO:0032715,GO:0032722,GO:0032724,GO:0032731,GO:0032741,GO:0032755,GO:0032757,GO:0033209,GO:0034116,GO:0034138,GO:0035900,GO:0036005,GO:0042127,GO:0042311,GO:0043065,GO:0043066,GO:0043068,GO:0043122,GO:0043123,GO:0043243,GO:0043410,GO:0043525,GO:0043537,GO:0045071,GO:0045087,GO:0045429,GO:0045471,GO:0045598,GO:0045599,GO:0045668,GO:0045672,GO:0045732,GO:0045760,GO:0045785,GO:0045840,GO:0045892,GO:0045893,GO:0045930,GO:0045944,GO:0046325,GO:0046330,GO:0046677,GO:0048143,GO:0048566,GO:0048661,GO:0050729,GO:0050768,GO:0050793,GO:0050796,GO:0050804,GO:0050806,GO:0050807,GO:0050890,GO:0050901,GO:0050966,GO:0050995,GO:0051044,GO:0051046,GO:0051222,GO:0051239,GO:0051384,GO:0051798,GO:0051897,GO:0051966,GO:0060252,GO:0060557,GO:0061044,GO:0061048,GO:0070374,GO:0070886,GO:0071219,GO:0071222,GO:0071300,GO:0071316,GO:0071346,GO:0071479,GO:0071677,GO:0071803,GO:0072577,GO:0072659,GO:0090324,GO:0090594,GO:0097191,GO:0097237,GO:0097421,GO:0097527,GO:0120190,GO:0140374,GO:0140460,GO:0150078,GO:0150129,GO:1900017,GO:1900222,GO:1901224,GO:1901647,GO:1902004,GO:1902065,GO:1902565,GO:1902894,GO:1902895,GO:1903078,GO:1903140,GO:1903347,GO:1903829,GO:1904638,GO:1904646,GO:1904707,GO:1904880,GO:1904996,GO:1904999,GO:1905235,GO:1905242,GO:1990268,GO:2000010,GO:2000334,GO:2000343,GO:2000347,GO:2000351,GO:2000377,GO:2000573,GO:2001234,GO:2001238,GO:2001240
200	GO:0001659,GO:0001666,GO:0001963,GO:0001975,GO:0001976,GO:0002027,GO:0002028,GO:0002031,GO:0002052,GO:0002092,GO:0006874,GO:0006914,GO:0007165,GO:0007186,GO:0007188,GO:0007195,GO:0007200,GO:0007212,GO:0007270,GO:0007409,GO:0007416,GO:0007608,GO:0007616,GO:0007626,GO:0007628,GO:0008104,GO:0008285,GO:0008306,GO:0008542,GO:0009410,GO:0009416,GO:0009636,GO:0010039,GO:0014059,GO:0014854,GO:0016055,GO:0021756,GO:0021769,GO:0021853,GO:0021984,GO:0030336,GO:0030432,GO:0030900,GO:0031223,GO:0032228,GO:0032355,GO:0032467,GO:0032922,GO:0033602,GO:0034776,GO:0035094,GO:0035305,GO:0035556,GO:0042220,GO:0042321,GO:0042417,GO:0042756,GO:0043266,GO:0043278,GO:0043408,GO:0045471,GO:0045745,GO:0045776,GO:0045824,GO:0045944,GO:0046676,GO:0046717,GO:0048148,GO:0048149,GO:0048169,GO:0048678,GO:0048755,GO:0050482,GO:0050709,GO:0050769,GO:0050805,GO:0051209,GO:0051240,GO:0051481,GO:0051580,GO:0051584,GO:0051586,GO:0051823,GO:0051898,GO:0051952,GO:0051967,GO:0060079,GO:0060124,GO:0060134,GO:0060158,GO:0060160,GO:0070374,GO:0071300,GO:0071361,GO:0090325,GO:0097305,GO:0099170,GO:0099171,GO:0160213,GO:1900038,GO:1900168,GO:1900273,GO:1903530,GO:1990384	GO:0001781,GO:0001960,GO:0002314,GO:0002384,GO:0002446,GO:0002548,GO:0002639,GO:0002675,GO:0002690,GO:0006953,GO:0006954,GO:0006955,GO:0006959,GO:0007259,GO:0008284,GO:0008285,GO:0010573,GO:0010574,GO:0010575,GO:0010628,GO:0010718,GO:0010888,GO:0014823,GO:0019221,GO:0030154,GO:0030168,GO:0031018,GO:0031175,GO:0032494,GO:0032682,GO:0032722,GO:0032731,GO:0032733,GO:0032740,GO:0032745,GO:0032755,GO:0032757,GO:0032760,GO:0032966,GO:0033138,GO:0035425,GO:0035633,GO:0038001,GO:0042102,GO:0042593,GO:0043065,GO:0043066,GO:0043410,GO:0045599,GO:0045669,GO:0045727,GO:0045765,GO:0045779,GO:0045893,GO:0045944,GO:0046427,GO:0048661,GO:0050731,GO:0050768,GO:0050796,GO:0050829,GO:0050830,GO:0050871,GO:0051223,GO:0051251,GO:0051384,GO:0051607,GO:0060252,GO:0061470,GO:0061888,GO:0070050,GO:0070091,GO:0070092,GO:0070102,GO:0070301,GO:0070345,GO:0071222,GO:0072540,GO:0072574,GO:0090091,GO:0090594,GO:0097421,GO:0097696,GO:0098586,GO:0150077,GO:0150078,GO:1900017,GO:1901731,GO:1902512,GO:1902895,GO:1903978,GO:1904894,GO:1904996,GO:2000553,GO:2000635,GO:2000660,GO:2000676
200	GO:0000122,GO:0001501,GO:0001503,GO:0001649,GO:0001658,GO:0001666,GO:0001701,GO:0001837,GO:0001934,GO:0002062,GO:0002573,GO:0003007,GO:0003129,GO:0003133,GO:0003176,GO:0003181,GO:0003203,GO:0003210,GO:0003272,GO:0003331,GO:0006355,GO:0006879,GO:0006954,GO:0007219,GO:0007267,GO:0007507,GO:0008284,GO:0008285,GO:0009887,GO:0010467,GO:0010628,GO:0010629,GO:0010718,GO:0010894,GO:0010922,GO:0021537,GO:0021978,GO:0022408,GO:0030154,GO:0030177,GO:0030282,GO:0030316,GO:0030335,GO:0030501,GO:0030509,GO:0030512,GO:0032348,GO:0033690,GO:0035051,GO:0035054,GO:0035360,GO:0042475,GO:0042482,GO:0043065,GO:0043410,GO:0043569,GO:0045165,GO:0045597,GO:0045599,GO:0045600,GO:0045666,GO:0045778,GO:0045786,GO:0045892,GO:0045893,GO:0045944,GO:0048662,GO:0048711,GO:0048762,GO:0048839,GO:0051042,GO:0051216,GO:0055007,GO:0055008,GO:0060039,GO:0060128,GO:0060129,GO:0060317,GO:0060348,GO:0060391,GO:0060426,GO:0060485,GO:0060537,GO:0061036,GO:0070374,GO:0071773,GO:0072138,GO:0090090,GO:1900159,GO:1900745,GO:1901331,GO:1902895,GO:1905072,GO:1905222,GO:2000065,GO:2000725,GO:2000726	GO:0000122,GO:0001570,GO:0001666,GO:0001937,GO:0006641,GO:0006816,GO:0006874,GO:0006940,GO:0007519,GO:0008104,GO:0009267,GO:0009617,GO:0010524,GO:0010608,GO:0010628,GO:0010875,GO:0016050,GO:0019065,GO:0019217,GO:0019915,GO:0030154,GO:0030193,GO:0030301,GO:0030335,GO:0030514,GO:0030857,GO:0030879,GO:0031295,GO:0031397,GO:0031398,GO:0031623,GO:0032507,GO:0032570,GO:0033484,GO:0038016,GO:0038166,GO:0042632,GO:0043123,GO:0043409,GO:0043627,GO:0044860,GO:0045019,GO:0045907,GO:0046209,GO:0046426,GO:0048550,GO:0051480,GO:0051592,GO:0051899,GO:0055074,GO:0060056,GO:0060070,GO:0060546,GO:0070836,GO:0071218,GO:0071375,GO:0071455,GO:0072584,GO:0086091,GO:0090090,GO:0097190,GO:0098903,GO:0098909,GO:0098911,GO:0120162,GO:1900027,GO:1901380,GO:1901844,GO:1903361,GO:1903598,GO:1904294,GO:2000535,GO:2000811,GO:2001238,GO:2001244
200	GO:0000278,GO:0002252,GO:0002429,GO:0006281,GO:0006298,GO:0006355,GO:0006897,GO:0006909,GO:0006914,GO:0006915,GO:0006974,GO:0006979,GO:0007155,GO:0007173,GO:0007204,GO:0007229,GO:0007611,GO:0008306,GO:0008630,GO:0009410,GO:0010468,GO:0010506,GO:0010557,GO:0010595,GO:0030036,GO:0030041,GO:0030100,GO:0030155,GO:0030516,GO:0030845,GO:0031113,GO:0032489,GO:0032956,GO:0034599,GO:0034976,GO:0035556,GO:0035791,GO:0036211,GO:0038096,GO:0038189,GO:0042770,GO:0043065,GO:0043525,GO:0043542,GO:0045580,GO:0045595,GO:0045785,GO:0045907,GO:0045944,GO:0048008,GO:0048013,GO:0048146,GO:0051444,GO:0051450,GO:0051496,GO:0051726,GO:0051882,GO:0051894,GO:0060038,GO:0070301,GO:0071103,GO:0071560,GO:0071871,GO:0090050,GO:0097706,GO:0099150,GO:0141214,GO:1900006,GO:1900026,GO:1900272,GO:1901701,GO:1902036,GO:1902531,GO:1903055,GO:1903210,GO:1903351,GO:1903905,GO:1904518,GO:1905244,GO:1905555,GO:2000042,GO:2000145,GO:2000406	GO:0001837,GO:0001954,GO:0003170,GO:0005977,GO:0006468,GO:0006983,GO:0007005,GO:0007399,GO:0007623,GO:0008286,GO:0009968,GO:0010508,GO:0010628,GO:0010629,GO:0010719,GO:0010975,GO:0016055,GO:0018105,GO:0019082,GO:0021766,GO:0030010,GO:0030011,GO:0030154,GO:0030336,GO:0030516,GO:0031175,GO:0031333,GO:0031334,GO:0031398,GO:0032007,GO:0032092,GO:0032436,GO:0032481,GO:0032880,GO:0032886,GO:0034976,GO:0035556,GO:0036016,GO:0042752,GO:0043066,GO:0043161,GO:0043525,GO:0045597,GO:0045668,GO:0045719,GO:0045724,GO:0045732,GO:0045879,GO:0046777,GO:0046825,GO:0046827,GO:0048511,GO:0048814,GO:0050770,GO:0060070,GO:0060079,GO:0070507,GO:0070885,GO:0071109,GO:0071300,GO:0090090,GO:0097191,GO:0097192,GO:0099171,GO:0106027,GO:0150101,GO:0160213,GO:1900034,GO:1900181,GO:1900271,GO:1901030,GO:1901701,GO:1902042,GO:1903566,GO:1903940,GO:1904339,GO:1904646,GO:1904781,GO:1904951,GO:2000077,GO:2000466,GO:2000740
200	GO:0000122,GO:0001659,GO:0001666,GO:0001754,GO:0001817,GO:0002317,GO:0002931,GO:0006355,GO:0006357,GO:0006606,GO:0006952,GO:0006953,GO:0006954,GO:0006955,GO:0007165,GO:0007179,GO:0007259,GO:0007399,GO:0008284,GO:0010507,GO:0010575,GO:0010628,GO:0010629,GO:0010730,GO:0019221,GO:0030154,GO:0030335,GO:0030522,GO:0030968,GO:0032355,GO:0032731,GO:0032733,GO:0032755,GO:0032757,GO:0032760,GO:0032870,GO:0033210,GO:0034097,GO:0035723,GO:0038110,GO:0038113,GO:0038154,GO:0038155,GO:0042127,GO:0042593,GO:0042755,GO:0043123,GO:0043124,GO:0043434,GO:0043491,GO:0043524,GO:0044320,GO:0044321,GO:0045471,GO:0045648,GO:0045747,GO:0045766,GO:0045893,GO:0045944,GO:0046902,GO:0048708,GO:0048861,GO:0050728,GO:0050729,GO:0050766,GO:0050804,GO:0051240,GO:0051726,GO:0060019,GO:0060259,GO:0060396,GO:0060397,GO:0070102,GO:0070120,GO:0072538,GO:0072540,GO:0090091,GO:0097009,GO:0097398,GO:0097696,GO:0099527,GO:0106015,GO:0140105,GO:1900016,GO:1900017,GO:1900037,GO:1902728,GO:1902895,GO:1905564,GO:2000635,GO:2001171,GO:2001243	GO:0000122,GO:0001525,GO:0001541,GO:0001569,GO:0001570,GO:0001666,GO:0001701,GO:0001822,GO:0001934,GO:0001938,GO:0002040,GO:0002042,GO:0002052,GO:0002092,GO:0002376,GO:0002575,GO:0002687,GO:0003007,GO:0003151,GO:0003169,GO:0006357,GO:0007200,GO:0007399,GO:0007498,GO:0007595,GO:0008284,GO:0008360,GO:0010595,GO:0010628,GO:0010629,GO:0010719,GO:0010749,GO:0030154,GO:0030224,GO:0030225,GO:0030324,GO:0030335,GO:0030855,GO:0031077,GO:0031290,GO:0031334,GO:0031954,GO:0035148,GO:0035767,GO:0035924,GO:0036303,GO:0036324,GO:0038033,GO:0038084,GO:0038091,GO:0038190,GO:0042462,GO:0043066,GO:0043117,GO:0043123,GO:0043129,GO:0043410,GO:0043536,GO:0045766,GO:0045785,GO:0045944,GO:0048010,GO:0048469,GO:0048593,GO:0048842,GO:0048844,GO:0050679,GO:0050918,GO:0050927,GO:0050930,GO:0051781,GO:0051894,GO:0051897,GO:0055013,GO:0060319,GO:0060749,GO:0060754,GO:0060948,GO:0060982,GO:0061042,GO:0070374,GO:0071456,GO:0071542,GO:0071679,GO:0090050,GO:0090190,GO:0097475,GO:0097533,GO:0120162,GO:1900748,GO:1901165,GO:1902894,GO:1902966,GO:1903141,GO:1903392,GO:1903589,GO:1903672,GO:1905278,GO:1905555,GO:1905604,GO:2000048,GO:2000573,GO:2001028
200	GO:0000122,GO:0001773,GO:0001935,GO:0001938,GO:0002218,GO:0002250,GO:0002270,GO:0002281,GO:0002376,GO:0002407,GO:0002437,GO:0002643,GO:0002840,GO:0006259,GO:0006265,GO:0006281,GO:0006284,GO:0006302,GO:0006303,GO:0006310,GO:0006325,GO:0006338,GO:0006914,GO:0006935,GO:0006954,GO:0006955,GO:0006974,GO:0007165,GO:0007204,GO:0010508,GO:0010596,GO:0017055,GO:0031175,GO:0031507,GO:0032392,GO:0032425,GO:0032689,GO:0032722,GO:0032727,GO:0032728,GO:0032731,GO:0032732,GO:0032733,GO:0032735,GO:0032755,GO:0032757,GO:0032760,GO:0033151,GO:0034137,GO:0034145,GO:0034165,GO:0035711,GO:0035767,GO:0042104,GO:0043065,GO:0043277,GO:0043371,GO:0043388,GO:0043410,GO:0043536,GO:0043537,GO:0045063,GO:0045087,GO:0045089,GO:0045597,GO:0045944,GO:0046330,GO:0046598,GO:0048468,GO:0050792,GO:0050918,GO:0051052,GO:0070374,GO:0071222,GO:0071639,GO:0090026,GO:0090303,GO:0097350,GO:1901224,GO:1903672,GO:1903706,GO:1905564,GO:2000343,GO:2000426,GO:2000819,GO:2001200	GO:0000012,GO:0000122,GO:0000183,GO:0000720,GO:0000731,GO:0001525,GO:0001678,GO:0001934,GO:0001938,GO:0002821,GO:0006325,GO:0006346,GO:0006476,GO:0006642,GO:0006915,GO:0006974,GO:0006979,GO:0007179,GO:0007346,GO:0007517,GO:0007623,GO:0008284,GO:0008630,GO:0009267,GO:0010629,GO:0010824,GO:0010868,GO:0010875,GO:0010883,GO:0010906,GO:0016239,GO:0016567,GO:0018394,GO:0030154,GO:0030225,GO:0030512,GO:0030968,GO:0031393,GO:0031507,GO:0031509,GO:0031648,GO:0032007,GO:0032071,GO:0032436,GO:0032868,GO:0032922,GO:0033210,GO:0034391,GO:0035331,GO:0035356,GO:0035358,GO:0042127,GO:0042149,GO:0042326,GO:0042542,GO:0042632,GO:0042771,GO:0042981,GO:0043065,GO:0043066,GO:0043124,GO:0043161,GO:0043518,GO:0043536,GO:0044321,GO:0045348,GO:0045599,GO:0045722,GO:0045739,GO:0045766,GO:0045786,GO:0045892,GO:0045944,GO:0046015,GO:0046628,GO:0046890,GO:0048511,GO:0050793,GO:0050872,GO:0051152,GO:0051239,GO:0051658,GO:0051897,GO:0051898,GO:0055089,GO:0060766,GO:0060907,GO:0062013,GO:0070301,GO:0070857,GO:0070914,GO:0071356,GO:0071456,GO:0071479,GO:0090335,GO:0090400,GO:0097009,GO:0106230,GO:0140861,GO:1900034,GO:1901797,GO:1901984,GO:1902166,GO:1902176,GO:1902237,GO:1902424,GO:1904179,GO:2000111,GO:2000481,GO:2000655,GO:2000757,GO:2000773,GO:2000774,GO:2000781
200	GO:0000122,GO:0000165,GO:0001568,GO:0001649,GO:0001764,GO:0001782,GO:0001947,GO:0001958,GO:0001974,GO:0002062,GO:0002467,GO:0002634,GO:0002931,GO:0003138,GO:0003139,GO:0003151,GO:0003185,GO:0003211,GO:0006355,GO:0006915,GO:0006959,GO:0007399,GO:0007507,GO:0007517,GO:0007519,GO:0007521,GO:0007611,GO:0010628,GO:0010629,GO:0014033,GO:0014902,GO:0030154,GO:0030182,GO:0030220,GO:0030279,GO:0030318,GO:0030501,GO:0030890,GO:0035984,GO:0042100,GO:0043410,GO:0043523,GO:0043524,GO:0043537,GO:0045652,GO:0045663,GO:0045666,GO:0045669,GO:0045893,GO:0045944,GO:0046928,GO:0048167,GO:0048643,GO:0048666,GO:0048667,GO:0050853,GO:0051145,GO:0051963,GO:0051966,GO:0055012,GO:0060025,GO:0060045,GO:0060079,GO:0060998,GO:0061333,GO:0071222,GO:0071277,GO:0071374,GO:0071466,GO:0071498,GO:0071560,GO:0072102,GO:0072160,GO:0098989,GO:0098990,GO:1904706,GO:1904753,GO:1905563,GO:2000111,GO:2000727,GO:2000987,GO:2001013,GO:2001016	GO:0001774,GO:0002282,GO:0002291,GO:0002588,GO:0002862,GO:0002931,GO:0006909,GO:0006910,GO:0006955,GO:0006959,GO:0007165,GO:0007166,GO:0007613,GO:0010468,GO:0010507,GO:0010628,GO:0010875,GO:0010887,GO:0010891,GO:0010983,GO:0019216,GO:0030316,GO:0032006,GO:0032008,GO:0032497,GO:0032499,GO:0032675,GO:0032691,GO:0032720,GO:0032733,GO:0034136,GO:0034144,GO:0034151,GO:0034241,GO:0034351,GO:0035176,GO:0038160,GO:0042742,GO:0043066,GO:0043124,GO:0043268,GO:0043277,GO:0045088,GO:0045672,GO:0045728,GO:0045960,GO:0048143,GO:0048468,GO:0048678,GO:0050714,GO:0050766,GO:0050829,GO:0050850,GO:0050866,GO:0050921,GO:0051897,GO:0051898,GO:0055088,GO:0060075,GO:0060100,GO:0061518,GO:0061889,GO:0070269,GO:0070345,GO:0070374,GO:0070392,GO:0071223,GO:0071224,GO:0071333,GO:0071396,GO:0071402,GO:0071456,GO:0071526,GO:0071640,GO:0080090,GO:0097028,GO:0097062,GO:0097242,GO:0098657,GO:0110089,GO:0120035,GO:0140052,GO:0150062,GO:0150076,GO:0150078,GO:0150079,GO:0150094,GO:1900015,GO:1900016,GO:1900223,GO:1900226,GO:1901076,GO:1901224,GO:1901800,GO:1902227,GO:1902533,GO:1903078,GO:1903082,GO:1903376,GO:1903753,GO:1903980,GO:1904093,GO:1904141,GO:1904646,GO:1904951,GO:1905291,GO:1905581,GO:1905805,GO:1905808,GO:1905907,GO:2000350,GO:2001171
200	GO:0001659,GO:0001666,GO:0001963,GO:0001975,GO:0001976,GO:0002027,GO:0002028,GO:0002031,GO:0002052,GO:0002092,GO:0006874,GO:0006914,GO:0007165,GO:0007186,GO:0007188,GO:0007195,GO:0007200,GO:0007212,GO:0007270,GO:0007409,GO:0007416,GO:0007608,GO:0007616,GO:0007626,GO:0007628,GO:0008104,GO:0008285,GO:0008306,GO:0008542,GO:0009410,GO:0009416,GO:0009636,GO:0010039,GO:0014059,GO:0014854,GO:0016055,GO:0021756,GO:0021769,GO:0021853,GO:0021984,GO:0030336,GO:0030432,GO:0030900,GO:0031223,GO:0032228,GO:0032355,GO:0032467,GO:0032922,GO:0033602,GO:0034776,GO:0035094,GO:0035305,GO:0035556,GO:0042220,GO:0042321,GO:0042417,GO:0042756,GO:0043266,GO:0043278,GO:0043408,GO:0045471,GO:0045745,GO:0045776,GO:0045824,GO:0045944,GO:0046676,GO:0046717,GO:0048148,GO:0048149,GO:0048169,GO:0048678,GO:0048755,GO:0050482,GO:0050709,GO:0050769,GO:0050805,GO:0051209,GO:0051240,GO:0051481,GO:0051580,GO:0051584,GO:0051586,GO:0051823,GO:0051898,GO:0051952,GO:0051967,GO:0060079,GO:0060124,GO:0060134,GO:0060158,GO:0060160,GO:0070374,GO:0071300,GO:0071361,GO:0090325,GO:0097305,GO:0099170,GO:0099171,GO:0160213,GO:1900038,GO:1900168,GO:1900273,GO:1903530,GO:1990384	GO:0001525,GO:0001569,GO:0001570,GO:0001755,GO:0001764,GO:0001938,GO:0002040,GO:0002042,GO:0003148,GO:0006930,GO:0007165,GO:0007229,GO:0007267,GO:0007399,GO:0007411,GO:0008045,GO:0009611,GO:0009887,GO:0010595,GO:0014911,GO:0021612,GO:0021637,GO:0021649,GO:0021785,GO:0021828,GO:0030154,GO:0030947,GO:0031290,GO:0032489,GO:0035729,GO:0035767,GO:0035924,GO:0036486,GO:0038084,GO:0038189,GO:0038190,GO:0042327,GO:0043524,GO:0043542,GO:0045766,GO:0046718,GO:0048008,GO:0048010,GO:0048012,GO:0048666,GO:0048842,GO:0048844,GO:0048846,GO:0050918,GO:0051491,GO:0051496,GO:0051894,GO:0060385,GO:0060627,GO:0060978,GO:0060982,GO:0061299,GO:0061441,GO:0061549,GO:0061551,GO:0070374,GO:0071526,GO:0071679,GO:0090050,GO:0097102,GO:0097374,GO:0097475,GO:0097490,GO:0097491,GO:0099173,GO:0120035,GO:0150018,GO:0150020,GO:1900026,GO:1901166,GO:1902946,GO:1903375,GO:1904835,GO:1905040,GO:2001237
200	GO:0000122,GO:0001525,GO:0001542,GO:0001666,GO:0001819,GO:0001890,GO:0001936,GO:0002021,GO:0003300,GO:0006112,GO:0006114,GO:0006629,GO:0006909,GO:0007165,GO:0007259,GO:0007565,GO:0007584,GO:0007623,GO:0008217,GO:0008284,GO:0008343,GO:0009062,GO:0009892,GO:0010507,GO:0010888,GO:0014823,GO:0019953,GO:0030217,GO:0031667,GO:0032008,GO:0032099,GO:0032310,GO:0032355,GO:0032735,GO:0032755,GO:0032757,GO:0032760,GO:0032814,GO:0032817,GO:0032868,GO:0033197,GO:0033210,GO:0033686,GO:0035360,GO:0035556,GO:0035630,GO:0038108,GO:0042102,GO:0042269,GO:0042307,GO:0043066,GO:0043270,GO:0043410,GO:0044320,GO:0045471,GO:0045765,GO:0045906,GO:0046325,GO:0046427,GO:0046628,GO:0046850,GO:0046881,GO:0048639,GO:0050892,GO:0050901,GO:0050999,GO:0051051,GO:0051726,GO:0051897,GO:0060587,GO:0061037,GO:0070093,GO:0071298,GO:0071300,GO:0090335,GO:0097009,GO:0097696,GO:0098868,GO:0120162,GO:1900015,GO:1900745,GO:1904651,GO:1990051,GO:2000379,GO:2000486,GO:2000491	GO:0000122,GO:0001659,GO:0001666,GO:0001754,GO:0001817,GO:0002317,GO:0002931,GO:0006355,GO:0006357,GO:0006606,GO:0006952,GO:0006953,GO:0006954,GO:0006955,GO:0007165,GO:0007179,GO:0007259,GO:0007399,GO:0008284,GO:0010507,GO:0010575,GO:0010628,GO:0010629,GO:0010730,GO:0019221,GO:0030154,GO:0030335,GO:0030522,GO:0030968,GO:0032355,GO:0032731,GO:0032733,GO:0032755,GO:0032757,GO:0032760,GO:0032870,GO:0033210,GO:0034097,GO:0035723,GO:0038110,GO:0038113,GO:0038154,GO:0038155,GO:0042127,GO:0042593,GO:0042755,GO:0043123,GO:0043124,GO:0043434,GO:0043491,GO:0043524,GO:0044320,GO:0044321,GO:0045471,GO:0045648,GO:0045747,GO:0045766,GO:0045893,GO:0045944,GO:0046902,GO:0048708,GO:0048861,GO:0050728,GO:0050729,GO:0050766,GO:0050804,GO:0051240,GO:0051726,GO:0060019,GO:0060259,GO:0060396,GO:0060397,GO:0070102,GO:0070120,GO:0072538,GO:0072540,GO:0090091,GO:0097009,GO:0097398,GO:0097696,GO:0099527,GO:0106015,GO:0140105,GO:1900016,GO:1900017,GO:1900037,GO:1902728,GO:1902895,GO:1905564,GO:2000635,GO:2001171,GO:2001243
200	GO:0000278,GO:0001525,GO:0001569,GO:0001974,GO:0001975,GO:0002027,GO:0003015,GO:0003094,GO:0003207,GO:0003220,GO:0003228,GO:0003253,GO:0003357,GO:0006874,GO:0006939,GO:0007005,GO:0007165,GO:0007186,GO:0007190,GO:0007200,GO:0007204,GO:0007411,GO:0007507,GO:0007585,GO:0008217,GO:0008283,GO:0009611,GO:0010467,GO:0014033,GO:0014034,GO:0014824,GO:0014829,GO:0016322,GO:0030878,GO:0031175,GO:0032835,GO:0034599,GO:0035050,GO:0035904,GO:0042310,GO:0042415,GO:0042474,GO:0044751,GO:0048066,GO:0048484,GO:0048485,GO:0048675,GO:0048706,GO:0050905,GO:0055078,GO:0060070,GO:0060324,GO:0060385,GO:0061626,GO:0070294,GO:0070588,GO:0071372,GO:0071373,GO:0071526,GO:0072011,GO:0072112,GO:0086100,GO:0097018,GO:0097084,GO:0097152,GO:0097237,GO:0097492,GO:0141156,GO:1903210,GO:1903537,GO:1904888,GO:1905144,GO:1905871,GO:2001259	GO:0000122,GO:0000165,GO:0001568,GO:0001649,GO:0001764,GO:0001782,GO:0001947,GO:0001958,GO:0001974,GO:0002062,GO:0002467,GO:0002634,GO:0002931,GO:0003138,GO:0003139,GO:0003151,GO:0003185,GO:0003211,GO:0006355,GO:0006915,GO:0006959,GO:0007399,GO:0007507,GO:0007517,GO:0007519,GO:0007521,GO:0007611,GO:0010628,GO:0010629,GO:0014033,GO:0014902,GO:0030154,GO:0030182,GO:0030220,GO:0030279,GO:0030318,GO:0030501,GO:0030890,GO:0035984,GO:0042100,GO:0043410,GO:0043523,GO:0043524,GO:0043537,GO:0045652,GO:0045663,GO:0045666,GO:0045669,GO:0045893,GO:0045944,GO:0046928,GO:0048167,GO:0048643,GO:0048666,GO:0048667,GO:0050853,GO:0051145,GO:0051963,GO:0051966,GO:0055012,GO:0060025,GO:0060045,GO:0060079,GO:0060998,GO:0061333,GO:0071222,GO:0071277,GO:0071374,GO:0071466,GO:0071498,GO:0071560,GO:0072102,GO:0072160,GO:0098989,GO:0098990,GO:1904706,GO:1904753,GO:1905563,GO:2000111,GO:2000727,GO:2000987,GO:2001013,GO:2001016
200	GO:0000122,GO:0001525,GO:0001657,GO:0001701,GO:0001837,GO:0002053,GO:0003148,GO:0003149,GO:0003416,GO:0006915,GO:0007267,GO:0007409,GO:0008284,GO:0008543,GO:0008589,GO:0009791,GO:0009880,GO:0009887,GO:0010518,GO:0010839,GO:0016331,GO:0018108,GO:0021769,GO:0021847,GO:0021860,GO:0022612,GO:0030177,GO:0030282,GO:0030324,GO:0030855,GO:0030901,GO:0030916,GO:0031069,GO:0032496,GO:0032808,GO:0033688,GO:0035265,GO:0035602,GO:0035603,GO:0035604,GO:0035607,GO:0042472,GO:0042476,GO:0043009,GO:0043410,GO:0044344,GO:0045165,GO:0045471,GO:0045595,GO:0045667,GO:0045787,GO:0045944,GO:0046777,GO:0048286,GO:0048333,GO:0048557,GO:0048562,GO:0048565,GO:0048568,GO:0048608,GO:0048701,GO:0048705,GO:0048730,GO:0048755,GO:0048762,GO:0050679,GO:0050680,GO:0051150,GO:0051781,GO:0055010,GO:0060045,GO:0060174,GO:0060348,GO:0060349,GO:0060442,GO:0060445,GO:0060449,GO:0060463,GO:0060484,GO:0060501,GO:0060512,GO:0060523,GO:0060527,GO:0060529,GO:0060601,GO:0060615,GO:0060664,GO:0060667,GO:0060670,GO:0060688,GO:0060915,GO:0060916,GO:0070372,GO:0070374,GO:0071300,GO:0071456,GO:0071560,GO:0090263,GO:1904707,GO:1904888	GO:0000165,GO:0006468,GO:0006897,GO:0006914,GO:0006979,GO:0007005,GO:0007029,GO:0007030,GO:0007040,GO:0007166,GO:0007254,GO:0007266,GO:0007283,GO:0007528,GO:0008104,GO:0008340,GO:0009267,GO:0009653,GO:0009968,GO:0010468,GO:0010506,GO:0010508,GO:0010955,GO:0010977,GO:0014041,GO:0016192,GO:0016242,GO:0019722,GO:0021756,GO:0021772,GO:0022028,GO:0030154,GO:0030162,GO:0030182,GO:0031344,GO:0031398,GO:0031647,GO:0032436,GO:0032760,GO:0034260,GO:0034599,GO:0034614,GO:0035542,GO:0035556,GO:0035564,GO:0035640,GO:0035641,GO:0035751,GO:0040012,GO:0042391,GO:0043068,GO:0043410,GO:0046039,GO:0046777,GO:0048312,GO:0048513,GO:0048812,GO:0050804,GO:0051239,GO:0051247,GO:0051646,GO:0051900,GO:0051966,GO:0060070,GO:0060079,GO:0060159,GO:0060161,GO:0060627,GO:0060628,GO:0060828,GO:0061001,GO:0070585,GO:0070973,GO:0071287,GO:0090140,GO:0090263,GO:0090394,GO:0140058,GO:0141161,GO:1900242,GO:1900244,GO:1901030,GO:1902236,GO:1902499,GO:1902531,GO:1902692,GO:1902803,GO:1902823,GO:1902902,GO:1903351,GO:1903748,GO:1903980,GO:1904644,GO:1904887,GO:1905279,GO:1905289,GO:1905504,GO:2000172,GO:2000300,GO:2000377
200	GO:0001781,GO:0001960,GO:0002314,GO:0002384,GO:0002446,GO:0002548,GO:0002639,GO:0002675,GO:0002690,GO:0006953,GO:0006954,GO:0006955,GO:0006959,GO:0007259,GO:0008284,GO:0008285,GO:0010573,GO:0010574,GO:0010575,GO:0010628,GO:0010718,GO:0010888,GO:0014823,GO:0019221,GO:0030154,GO:0030168,GO:0031018,GO:0031175,GO:0032494,GO:0032682,GO:0032722,GO:0032731,GO:0032733,GO:0032740,GO:0032745,GO:0032755,GO:0032757,GO:0032760,GO:0032966,GO:0033138,GO:0035425,GO:0035633,GO:0038001,GO:0042102,GO:0042593,GO:0043065,GO:0043066,GO:0043410,GO:0045599,GO:0045669,GO:0045727,GO:0045765,GO:0045779,GO:0045893,GO:0045944,GO:0046427,GO:0048661,GO:0050731,GO:0050768,GO:0050796,GO:0050829,GO:0050830,GO:0050871,GO:0051223,GO:0051251,GO:0051384,GO:0051607,GO:0060252,GO:0061470,GO:0061888,GO:0070050,GO:0070091,GO:0070092,GO:0070102,GO:0070301,GO:0070345,GO:0071222,GO:0072540,GO:0072574,GO:0090091,GO:0090594,GO:0097421,GO:0097696,GO:0098586,GO:0150077,GO:0150078,GO:1900017,GO:1901731,GO:1902512,GO:1902895,GO:1903978,GO:1904894,GO:1904996,GO:2000553,GO:2000635,GO:2000660,GO:2000676	GO:0000122,GO:0001666,GO:0001774,GO:0001819,GO:0001937,GO:0001975,GO:0002037,GO:0002281,GO:0002439,GO:0002639,GO:0002700,GO:0002719,GO:0003009,GO:0003085,GO:0006325,GO:0006954,GO:0006955,GO:0007259,GO:0007623,GO:0008285,GO:0008625,GO:0008630,GO:0009410,GO:0009612,GO:0009615,GO:0009617,GO:0009651,GO:0009750,GO:0010459,GO:0010573,GO:0010628,GO:0010629,GO:0010744,GO:0010888,GO:0014823,GO:0019722,GO:0031334,GO:0031349,GO:0031622,GO:0031642,GO:0031667,GO:0032496,GO:0032715,GO:0032722,GO:0032724,GO:0032731,GO:0032741,GO:0032755,GO:0032757,GO:0033209,GO:0034116,GO:0034138,GO:0035900,GO:0036005,GO:0042127,GO:0042311,GO:0043065,GO:0043066,GO:0043068,GO:0043122,GO:0043123,GO:0043243,GO:0043410,GO:0043525,GO:0043537,GO:0045071,GO:0045087,GO:0045429,GO:0045471,GO:0045598,GO:0045599,GO:0045668,GO:0045672,GO:0045732,GO:0045760,GO:0045785,GO:0045840,GO:0045892,GO:0045893,GO:0045930,GO:0045944,GO:0046325,GO:0046330,GO:0046677,GO:0048143,GO:0048566,GO:0048661,GO:0050729,GO:0050768,GO:0050793,GO:0050796,GO:0050804,GO:0050806,GO:0050807,GO:0050890,GO:0050901,GO:0050966,GO:0050995,GO:0051044,GO:0051046,GO:0051222,GO:0051239,GO:0051384,GO:0051798,GO:0051897,GO:0051966,GO:0060252,GO:0060557,GO:0061044,GO:0061048,GO:0070374,GO:0070886,GO:0071219,GO:0071222,GO:0071300,GO:0071316,GO:0071346,GO:0071479,GO:0071677,GO:0071803,GO:0072577,GO:0072659,GO:0090324,GO:0090594,GO:0097191,GO:0097237,GO:0097421,GO:0097527,GO:0120190,GO:0140374,GO:0140460,GO:0150078,GO:0150129,GO:1900017,GO:1900222,GO:1901224,GO:1901647,GO:1902004,GO:1902065,GO:1902565,GO:1902894,GO:1902895,GO:1903078,GO:1903140,GO:1903347,GO:1903829,GO:1904638,GO:1904646,GO:1904707,GO:1904880,GO:1904996,GO:1904999,GO:1905235,GO:1905242,GO:1990268,GO:2000010,GO:2000334,GO:2000343,GO:2000347,GO:2000351,GO:2000377,GO:2000573,GO:2001234,GO:2001238,GO:2001240
200	GO:0000122,GO:0001774,GO:0001878,GO:0002265,GO:0006357,GO:0006417,GO:0006816,GO:0006878,GO:0006897,GO:0006915,GO:0007155,GO:0007186,GO:0007189,GO:0007193,GO:0007219,GO:0007409,GO:0007417,GO:0007611,GO:0007612,GO:0007613,GO:0007617,GO:0007626,GO:0008088,GO:0008285,GO:0008306,GO:0008344,GO:0008542,GO:0010288,GO:0010468,GO:0010604,GO:0010628,GO:0010629,GO:0014005,GO:0016199,GO:0016322,GO:0016358,GO:0019722,GO:0019731,GO:0019732,GO:0030111,GO:0030178,GO:0030198,GO:0031175,GO:0031583,GO:0032224,GO:0032722,GO:0032729,GO:0032731,GO:0032755,GO:0032760,GO:0032930,GO:0034121,GO:0035235,GO:0036269,GO:0040014,GO:0042157,GO:0043065,GO:0043408,GO:0043410,GO:0043523,GO:0043525,GO:0045087,GO:0045429,GO:0045471,GO:0045666,GO:0045745,GO:0045752,GO:0045821,GO:0045931,GO:0045944,GO:0046330,GO:0048143,GO:0048169,GO:0048669,GO:0050729,GO:0050803,GO:0050808,GO:0050829,GO:0050830,GO:0050850,GO:0050867,GO:0050890,GO:0050918,GO:0051044,GO:0051246,GO:0051247,GO:0051260,GO:0051262,GO:0051580,GO:0051897,GO:0055096,GO:0061844,GO:0070206,GO:0070374,GO:0070555,GO:0071280,GO:0071287,GO:0071320,GO:0071874,GO:0090026,GO:0090090,GO:0098815,GO:0098989,GO:0110088,GO:0141137,GO:0141163,GO:0150003,GO:1900181,GO:1900221,GO:1900272,GO:1900273,GO:1900454,GO:1901224,GO:1902894,GO:1902950,GO:1902951,GO:1902993,GO:1903381,GO:1903523,GO:1904022,GO:1904472,GO:1904591,GO:1904646,GO:1905606,GO:1905898,GO:1905906,GO:1905908,GO:1905945,GO:1990000,GO:1990090,GO:1990418,GO:1990535,GO:2000406,GO:2000463,GO:2001238	GO:0001781,GO:0001960,GO:0002314,GO:0002384,GO:0002446,GO:0002548,GO:0002639,GO:0002675,GO:0002690,GO:0006953,GO:0006954,GO:0006955,GO:0006959,GO:0007259,GO:0008284,GO:0008285,GO:0010573,GO:0010574,GO:0010575,GO:0010628,GO:0010718,GO:0010888,GO:0014823,GO:0019221,GO:0030154,GO:0030168,GO:0031018,GO:0031175,GO:0032494,GO:0032682,GO:0032722,GO:0032731,GO:0032733,GO:0032740,GO:0032745,GO:0032755,GO:0032757,GO:0032760,GO:0032966,GO:0033138,GO:0035425,GO:0035633,GO:0038001,GO:0042102,GO:0042593,GO:0043065,GO:0043066,GO:0043410,GO:0045599,GO:0045669,GO:0045727,GO:0045765,GO:0045779,GO:0045893,GO:0045944,GO:0046427,GO:0048661,GO:0050731,GO:0050768,GO:0050796,GO:0050829,GO:0050830,GO:0050871,GO:0051223,GO:0051251,GO:0051384,GO:0051607,GO:0060252,GO:0061470,GO:0061888,GO:0070050,GO:0070091,GO:0070092,GO:0070102,GO:0070301,GO:0070345,GO:0071222,GO:0072540,GO:0072574,GO:0090091,GO:0090594,GO:0097421,GO:0097696,GO:0098586,GO:0150077,GO:0150078,GO:1900017,GO:1901731,GO:1902512,GO:1902895,GO:1903978,GO:1904894,GO:1904996,GO:2000553,GO:2000635,GO:2000660,GO:2000676
200	GO:0001781,GO:0001960,GO:0002314,GO:0002384,GO:0002446,GO:0002548,GO:0002639,GO:0002675,GO:0002690,GO:0006953,GO:0006954,GO:0006955,GO:0006959,GO:0007259,GO:0008284,GO:0008285,GO:0010573,GO:0010574,GO:0010575,GO:0010628,GO:0010718,GO:0010888,GO:0014823,GO:0019221,GO:0030154,GO:0030168,GO:0031018,GO:0031175,GO:0032494,GO:0032682,GO:0032722,GO:0032731,GO:0032733,GO:0032740,GO:0032745,GO:0032755,GO:0032757,GO:0032760,GO:0032966,GO:0033138,GO:0035425,GO:0035633,GO:0038001,GO:0042102,GO:0042593,GO:0043065,GO:0043066,GO:0043410,GO:0045599,GO:0045669,GO:0045727,GO:0045765,GO:0045779,GO:0045893,GO:0045944,GO:0046427,GO:0048661,GO:0050731,GO:0050768,GO:0050796,GO:0050829,GO:0050830,GO:0050871,GO:0051223,GO:0051251,GO:0051384,GO:0051607,GO:0060252,GO:0061470,GO:0061888,GO:0070050,GO:0070091,GO:0070092,GO:0070102,GO:0070301,GO:0070345,GO:0071222,GO:0072540,GO:0072574,GO:0090091,GO:0090594,GO:0097421,GO:0097696,GO:0098586,GO:0150077,GO:0150078,GO:1900017,GO:1901731,GO:1902512,GO:1902895,GO:1903978,GO:1904894,GO:1904996,GO:2000553,GO:2000635,GO:2000660,GO:2000676	GO:0000122,GO:0001569,GO:0001570,GO:0001656,GO:0001658,GO:0001708,GO:0001755,GO:0001947,GO:0002320,GO:0003140,GO:0006508,GO:0007224,GO:0007267,GO:0007389,GO:0007405,GO:0007411,GO:0007417,GO:0007418,GO:0007507,GO:0008209,GO:0008284,GO:0009880,GO:0009888,GO:0009949,GO:0009953,GO:0010468,GO:0010629,GO:0016539,GO:0016540,GO:0021930,GO:0030162,GO:0030182,GO:0030324,GO:0030326,GO:0030336,GO:0030539,GO:0030850,GO:0030900,GO:0030901,GO:0030902,GO:0033077,GO:0033089,GO:0033092,GO:0035295,GO:0042127,GO:0042481,GO:0042733,GO:0043066,GO:0043369,GO:0045059,GO:0045060,GO:0045165,GO:0045596,GO:0045880,GO:0045893,GO:0045944,GO:0046638,GO:0048468,GO:0048513,GO:0048538,GO:0048663,GO:0048709,GO:0048745,GO:0048754,GO:0048864,GO:0050793,GO:0051781,GO:0060684,GO:0061053,GO:0061189,GO:0071542,GO:0072136,GO:0072205,GO:0090370,GO:0097190,GO:0097264,GO:1900107,GO:1900180,GO:1904339,GO:2000062,GO:2000063,GO:2000357,GO:2000358,GO:2000729
200	GO:0000302,GO:0001523,GO:0001937,GO:0006629,GO:0006641,GO:0006869,GO:0006898,GO:0007010,GO:0007186,GO:0007271,GO:0007616,GO:0008202,GO:0008203,GO:0010544,GO:0010596,GO:0010629,GO:0010642,GO:0010875,GO:0010877,GO:0010976,GO:0010977,GO:0015909,GO:0017038,GO:0019068,GO:0030195,GO:0030516,GO:0031175,GO:0032438,GO:0032489,GO:0032805,GO:0033344,GO:0033700,GO:0034372,GO:0034374,GO:0034375,GO:0034380,GO:0034382,GO:0034384,GO:0034447,GO:0035641,GO:0038060,GO:0042157,GO:0042158,GO:0042632,GO:0042981,GO:0042982,GO:0043254,GO:0043409,GO:0043537,GO:0043691,GO:0044794,GO:0045088,GO:0045429,GO:0045541,GO:0045807,GO:0045893,GO:0046889,GO:0048168,GO:0048662,GO:0050709,GO:0050728,GO:0050807,GO:0051044,GO:0051055,GO:0051246,GO:0051248,GO:0055089,GO:0055090,GO:0060999,GO:0061000,GO:0061136,GO:0061771,GO:0070328,GO:0070374,GO:0071402,GO:0071830,GO:0071831,GO:0090090,GO:0090181,GO:0090205,GO:0090370,GO:0097006,GO:0097113,GO:0097114,GO:0098869,GO:0140077,GO:1900221,GO:1900223,GO:1900272,GO:1901627,GO:1901631,GO:1902004,GO:1902430,GO:1902951,GO:1902952,GO:1902991,GO:1902995,GO:1902998,GO:1902999,GO:1903001,GO:1903002,GO:1905890,GO:1905906,GO:1905907,GO:1905908,GO:2000822	GO:0000122,GO:0001503,GO:0001649,GO:0001657,GO:0001658,GO:0001822,GO:0001823,GO:0001934,GO:0001938,GO:0001958,GO:0002043,GO:0002062,GO:0002244,GO:0002320,GO:0002573,GO:0003007,GO:0003129,GO:0003139,GO:0003148,GO:0003149,GO:0003151,GO:0003163,GO:0003180,GO:0003184,GO:0003197,GO:0003279,GO:0003323,GO:0007498,GO:0008284,GO:0008285,GO:0009791,GO:0010453,GO:0010467,GO:0010628,GO:0010629,GO:0010718,GO:0021537,GO:0022408,GO:0030154,GO:0030224,GO:0030225,GO:0030335,GO:0030501,GO:0030509,GO:0030513,GO:0030858,GO:0032092,GO:0032967,GO:0033085,GO:0033088,GO:0035990,GO:0035993,GO:0042306,GO:0042476,GO:0043065,GO:0043068,GO:0045596,GO:0045603,GO:0045606,GO:0045662,GO:0045669,GO:0045778,GO:0045786,GO:0045839,GO:0045843,GO:0045892,GO:0045893,GO:0045944,GO:0048286,GO:0048392,GO:0048661,GO:0048662,GO:0048745,GO:0048863,GO:0050679,GO:0050918,GO:0051216,GO:0051241,GO:0055007,GO:0055020,GO:0060391,GO:0060425,GO:0060426,GO:0060433,GO:0060438,GO:0060441,GO:0060502,GO:0060503,GO:0060537,GO:0060976,GO:0061036,GO:0061047,GO:0061626,GO:0070244,GO:0071773,GO:0072104,GO:0072125,GO:0072179,GO:0072197,GO:0072200,GO:0090189,GO:0090191,GO:0090194,GO:1900182,GO:1900745,GO:1901331,GO:1902894,GO:1904706,GO:1904753,GO:1905312,GO:2000005,GO:2000007,GO:2000636,GO:2000725,GO:2001237
200	GO:0000278,GO:0002252,GO:0002429,GO:0006281,GO:0006298,GO:0006355,GO:0006897,GO:0006909,GO:0006914,GO:0006915,GO:0006974,GO:0006979,GO:0007155,GO:0007173,GO:0007204,GO:0007229,GO:0007611,GO:0008306,GO:0008630,GO:0009410,GO:0010468,GO:0010506,GO:0010557,GO:0010595,GO:0030036,GO:0030041,GO:0030100,GO:0030155,GO:0030516,GO:0030845,GO:0031113,GO:0032489,GO:0032956,GO:0034599,GO:0034976,GO:0035556,GO:0035791,GO:0036211,GO:0038096,GO:0038189,GO:0042770,GO:0043065,GO:0043525,GO:0043542,GO:0045580,GO:0045595,GO:0045785,GO:0045907,GO:0045944,GO:0048008,GO:0048013,GO:0048146,GO:0051444,GO:0051450,GO:0051496,GO:0051726,GO:0051882,GO:0051894,GO:0060038,GO:0070301,GO:0071103,GO:0071560,GO:0071871,GO:0090050,GO:0097706,GO:0099150,GO:0141214,GO:1900006,GO:1900026,GO:1900272,GO:1901701,GO:1902036,GO:1902531,GO:1903055,GO:1903210,GO:1903351,GO:1903905,GO:1904518,GO:1905244,GO:1905555,GO:2000042,GO:2000145,GO:2000406	GO:0000122,GO:0001525,GO:0001558,GO:0001889,GO:0001934,GO:0001935,GO:0002639,GO:0006355,GO:0006357,GO:0006366,GO:0006511,GO:0006629,GO:0006633,GO:0006914,GO:0006915,GO:0006955,GO:0006986,GO:0007517,GO:0008284,GO:0010506,GO:0010508,GO:0010832,GO:0015031,GO:0030154,GO:0030335,GO:0030512,GO:0030968,GO:0031647,GO:0031648,GO:0031670,GO:0032008,GO:0032755,GO:0032869,GO:0034599,GO:0034976,GO:0035356,GO:0035470,GO:0035924,GO:0036498,GO:0036500,GO:0036503,GO:0042149,GO:0042307,GO:0042632,GO:0043066,GO:0043491,GO:0045348,GO:0045579,GO:0045582,GO:0045600,GO:0045766,GO:0045944,GO:0048010,GO:0048666,GO:0051897,GO:0055089,GO:0055092,GO:0060392,GO:0060612,GO:0070059,GO:0070373,GO:0071073,GO:0071222,GO:0071230,GO:0071332,GO:0071333,GO:0071353,GO:0071375,GO:0071498,GO:0071499,GO:1900017,GO:1900100,GO:1900102,GO:1901985,GO:1902236,GO:1903489,GO:1904294,GO:1904707,GO:1904754,GO:1990418,GO:2000347,GO:2000353
200	GO:0000122,GO:0001666,GO:0001774,GO:0001819,GO:0001937,GO:0001975,GO:0002037,GO:0002281,GO:0002439,GO:0002639,GO:0002700,GO:0002719,GO:0003009,GO:0003085,GO:0006325,GO:0006954,GO:0006955,GO:0007259,GO:0007623,GO:0008285,GO:0008625,GO:0008630,GO:0009410,GO:0009612,GO:0009615,GO:0009617,GO:0009651,GO:0009750,GO:0010459,GO:0010573,GO:0010628,GO:0010629,GO:0010744,GO:0010888,GO:0014823,GO:0019722,GO:0031334,GO:0031349,GO:0031622,GO:0031642,GO:0031667,GO:0032496,GO:0032715,GO:0032722,GO:0032724,GO:0032731,GO:0032741,GO:0032755,GO:0032757,GO:0033209,GO:0034116,GO:0034138,GO:0035900,GO:0036005,GO:0042127,GO:0042311,GO:0043065,GO:0043066,GO:0043068,GO:0043122,GO:0043123,GO:0043243,GO:0043410,GO:0043525,GO:0043537,GO:0045071,GO:0045087,GO:0045429,GO:0045471,GO:0045598,GO:0045599,GO:0045668,GO:0045672,GO:0045732,GO:0045760,GO:0045785,GO:0045840,GO:0045892,GO:0045893,GO:0045930,GO:0045944,GO:0046325,GO:0046330,GO:0046677,GO:0048143,GO:0048566,GO:0048661,GO:0050729,GO:0050768,GO:0050793,GO:0050796,GO:0050804,GO:0050806,GO:0050807,GO:0050890,GO:0050901,GO:0050966,GO:0050995,GO:0051044,GO:0051046,GO:0051222,GO:0051239,GO:0051384,GO:0051798,GO:0051897,GO:0051966,GO:0060252,GO:0060557,GO:0061044,GO:0061048,GO:0070374,GO:0070886,GO:0071219,GO:0071222,GO:0071300,GO:0071316,GO:0071346,GO:0071479,GO:0071677,GO:0071803,GO:0072577,GO:0072659,GO:0090324,GO:0090594,GO:0097191,GO:0097237,GO:0097421,GO:0097527,GO:0120190,GO:0140374,GO:0140460,GO:0150078,GO:0150129,GO:1900017,GO:1900222,GO:1901224,GO:1901647,GO:1902004,GO:1902065,GO:1902565,GO:1902894,GO:1902895,GO:1903078,GO:1903140,GO:1903347,GO:1903829,GO:1904638,GO:1904646,GO:1904707,GO:1904880,GO:1904996,GO:1904999,GO:1905235,GO:1905242,GO:1990268,GO:2000010,GO:2000334,GO:2000343,GO:2000347,GO:2000351,GO:2000377,GO:2000573,GO:2001234,GO:2001238,GO:2001240	GO:0000122,GO:0002244,GO:0006289,GO:0006355,GO:0006357,GO:0006914,GO:0006915,GO:0006974,GO:0006979,GO:0006983,GO:0007265,GO:0007623,GO:0008104,GO:0008285,GO:0008340,GO:0009299,GO:0009410,GO:0009411,GO:0010212,GO:0010332,GO:0010628,GO:0012501,GO:0016032,GO:0030308,GO:0030330,GO:0031571,GO:0032211,GO:0033209,GO:0034644,GO:0042149,GO:0042771,GO:0042981,GO:0043065,GO:0043066,GO:0043153,GO:0045815,GO:0045892,GO:0045893,GO:0045899,GO:0045944,GO:0046677,GO:0048147,GO:0048511,GO:0048512,GO:0048539,GO:0051053,GO:0051097,GO:0051262,GO:0051726,GO:0060218,GO:0060333,GO:0062100,GO:0065003,GO:0070059,GO:0070245,GO:0071456,GO:0071466,GO:0071479,GO:0071480,GO:0072331,GO:0072332,GO:0072717,GO:0090200,GO:0090398,GO:0090399,GO:0090403,GO:0097190,GO:0097193,GO:0097252,GO:1900119,GO:1902749,GO:1902895,GO:1903451,GO:1905856,GO:2000379,GO:2000774,GO:2001242,GO:2001244
200	GO:0001649,GO:0001938,GO:0002042,GO:0002430,GO:0003376,GO:0005977,GO:0005978,GO:0005979,GO:0006006,GO:0006417,GO:0006468,GO:0006809,GO:0006915,GO:0006924,GO:0006979,GO:0007165,GO:0007173,GO:0007186,GO:0007399,GO:0008283,GO:0008286,GO:0009408,GO:0009725,GO:0010507,GO:0010595,GO:0010628,GO:0010629,GO:0010748,GO:0010761,GO:0010907,GO:0010975,GO:0016242,GO:0018105,GO:0018107,GO:0019221,GO:0030154,GO:0030307,GO:0030334,GO:0030335,GO:0031295,GO:0031397,GO:0031929,GO:0031999,GO:0032079,GO:0032436,GO:0032869,GO:0033138,GO:0033554,GO:0034405,GO:0035556,GO:0035655,GO:0042307,GO:0042981,GO:0043066,GO:0043276,GO:0043488,GO:0043491,GO:0043536,GO:0045429,GO:0045600,GO:0045725,GO:0045746,GO:0045861,GO:0045944,GO:0046209,GO:0046326,GO:0046889,GO:0048009,GO:0048266,GO:0048661,GO:0051247,GO:0051897,GO:0060079,GO:0060416,GO:0060644,GO:0070141,GO:0070585,GO:0070848,GO:0071364,GO:0072656,GO:0072752,GO:0090201,GO:0097700,GO:0099175,GO:0110002,GO:0140052,GO:0150033,GO:0160049,GO:0160213,GO:1900087,GO:1900182,GO:1901796,GO:1902018,GO:1902176,GO:1903038,GO:1903078,GO:1903318,GO:1903384,GO:1903898,GO:1904263,GO:1904515,GO:1905552,GO:1905786,GO:1990090,GO:1990418,GO:2000010,GO:2000074,GO:2000402,GO:2001240,GO:2001243	GO:0000012,GO:0000122,GO:0000183,GO:0000720,GO:0000731,GO:0001525,GO:0001678,GO:0001934,GO:0001938,GO:0002821,GO:0006325,GO:0006346,GO:0006476,GO:0006642,GO:0006915,GO:0006974,GO:0006979,GO:0007179,GO:0007346,GO:0007517,GO:0007623,GO:0008284,GO:0008630,GO:0009267,GO:0010629,GO:0010824,GO:0010868,GO:0010875,GO:0010883,GO:0010906,GO:0016239,GO:0016567,GO:0018394,GO:0030154,GO:0030225,GO:0030512,GO:0030968,GO:0031393,GO:0031507,GO:0031509,GO:0031648,GO:0032007,GO:0032071,GO:0032436,GO:0032868,GO:0032922,GO:0033210,GO:0034391,GO:0035331,GO:0035356,GO:0035358,GO:0042127,GO:0042149,GO:0042326,GO:0042542,GO:0042632,GO:0042771,GO:0042981,GO:0043065,GO:0043066,GO:0043124,GO:0043161,GO:0043518,GO:0043536,GO:0044321,GO:0045348,GO:0045599,GO:0045722,GO:0045739,GO:0045766,GO:0045786,GO:0045892,GO:0045944,GO:0046015,GO:0046628,GO:0046890,GO:0048511,GO:0050793,GO:0050872,GO:0051152,GO:0051239,GO:0051658,GO:0051897,GO:0051898,GO:0055089,GO:0060766,GO:0060907,GO:0062013,GO:0070301,GO:0070857,GO:0070914,GO:0071356,GO:0071456,GO:0071479,GO:0090335,GO:0090400,GO:0097009,GO:0106230,GO:0140861,GO:1900034,GO:1901797,GO:1901984,GO:1902166,GO:1902176,GO:1902237,GO:1902424,GO:1904179,GO:2000111,GO:2000481,GO:2000655,GO:2000757,GO:2000773,GO:2000774,GO:2000781
200	GO:0000122,GO:0001709,GO:0001806,GO:0001817,GO:0001822,GO:0001823,GO:0002376,GO:0002520,GO:0003180,GO:0003215,GO:0003281,GO:0006355,GO:0006357,GO:0006952,GO:0006954,GO:0007165,GO:0008285,GO:0008584,GO:0009410,GO:0009615,GO:0009653,GO:0009967,GO:0010332,GO:0010467,GO:0010595,GO:0010719,GO:0030154,GO:0030217,GO:0030225,GO:0030856,GO:0031929,GO:0032736,GO:0032753,GO:0032754,GO:0033600,GO:0035457,GO:0042421,GO:0043491,GO:0043583,GO:0043627,GO:0045064,GO:0045087,GO:0045165,GO:0045471,GO:0045582,GO:0045786,GO:0045892,GO:0045893,GO:0045944,GO:0048485,GO:0048568,GO:0048646,GO:0048731,GO:0050728,GO:0050793,GO:0050852,GO:0051216,GO:0051897,GO:0060037,GO:0060065,GO:0060070,GO:0060231,GO:0060676,GO:0071353,GO:0071356,GO:0072107,GO:0072178,GO:0072179,GO:0072182,GO:0072676,GO:0090102,GO:1902895,GO:2000146,GO:2000352,GO:2000611,GO:2000679,GO:2000683	GO:0000122,GO:0001890,GO:0006355,GO:0006357,GO:0006631,GO:0007186,GO:0007584,GO:0008217,GO:0009755,GO:0010628,GO:0010629,GO:0010745,GO:0010875,GO:0010887,GO:0010888,GO:0015909,GO:0016525,GO:0030154,GO:0030224,GO:0030509,GO:0030512,GO:0030514,GO:0030522,GO:0030855,GO:0031348,GO:0031667,GO:0032376,GO:0032869,GO:0033993,GO:0035357,GO:0042593,GO:0042752,GO:0042789,GO:0043409,GO:0043537,GO:0045087,GO:0045165,GO:0045444,GO:0045600,GO:0045668,GO:0045834,GO:0045892,GO:0045893,GO:0045923,GO:0045944,GO:0048384,GO:0048469,GO:0048511,GO:0048662,GO:0050728,GO:0050872,GO:0050873,GO:0051049,GO:0051241,GO:0055088,GO:0060336,GO:0060392,GO:0070165,GO:0071404,GO:0071456,GO:0090258,GO:0140077,GO:0141193,GO:1900076,GO:1901202,GO:1902894,GO:1902895,GO:1903243,GO:1903845,GO:1904179,GO:1904597,GO:1904706,GO:1904893,GO:1905461,GO:1905563,GO:2001235
200	GO:0000122,GO:0001503,GO:0001649,GO:0001657,GO:0001658,GO:0001822,GO:0001823,GO:0001934,GO:0001938,GO:0001958,GO:0002043,GO:0002062,GO:0002244,GO:0002320,GO:0002573,GO:0003007,GO:0003129,GO:0003139,GO:0003148,GO:0003149,GO:0003151,GO:0003163,GO:0003180,GO:0003184,GO:0003197,GO:0003279,GO:0003323,GO:0007498,GO:0008284,GO:0008285,GO:0009791,GO:0010453,GO:0010467,GO:0010628,GO:0010629,GO:0010718,GO:0021537,GO:0022408,GO:0030154,GO:0030224,GO:0030225,GO:0030335,GO:0030501,GO:0030509,GO:0030513,GO:0030858,GO:0032092,GO:0032967,GO:0033085,GO:0033088,GO:0035990,GO:0035993,GO:0042306,GO:0042476,GO:0043065,GO:0043068,GO:0045596,GO:0045603,GO:0045606,GO:0045662,GO:0045669,GO:0045778,GO:0045786,GO:0045839,GO:0045843,GO:0045892,GO:0045893,GO:0045944,GO:0048286,GO:0048392,GO:0048661,GO:0048662,GO:0048745,GO:0048863,GO:0050679,GO:0050918,GO:0051216,GO:0051241,GO:0055007,GO:0055020,GO:0060391,GO:0060425,GO:0060426,GO:0060433,GO:0060438,GO:0060441,GO:0060502,GO:0060503,GO:0060537,GO:0060976,GO:0061036,GO:0061047,GO:0061626,GO:0070244,GO:0071773,GO:0072104,GO:0072125,GO:0072179,GO:0072197,GO:0072200,GO:0090189,GO:0090191,GO:0090194,GO:1900182,GO:1900745,GO:1901331,GO:1902894,GO:1904706,GO:1904753,GO:1905312,GO:2000005,GO:2000007,GO:2000636,GO:2000725,GO:2001237	GO:0000209,GO:0001649,GO:0001837,GO:0002052,GO:0003151,GO:0007155,GO:0007173,GO:0007399,GO:0008284,GO:0008285,GO:0009410,GO:0010629,GO:0010717,GO:0010718,GO:0010909,GO:0016055,GO:0016525,GO:0019827,GO:0021854,GO:0030182,GO:0030901,GO:0030902,GO:0030997,GO:0031396,GO:0032212,GO:0032355,GO:0032968,GO:0033234,GO:0034112,GO:0034333,GO:0034394,GO:0035315,GO:0035995,GO:0036023,GO:0036520,GO:0043065,GO:0043066,GO:0043161,GO:0043525,GO:0044331,GO:0045597,GO:0045765,GO:0045766,GO:0045892,GO:0045893,GO:0045944,GO:0045976,GO:0048145,GO:0048568,GO:0048643,GO:0048660,GO:0050767,GO:0050768,GO:0050982,GO:0051884,GO:0051963,GO:0060070,GO:0060231,GO:0060292,GO:0061154,GO:0061549,GO:0061550,GO:0070602,GO:0071363,GO:0071681,GO:0072182,GO:0072497,GO:0090090,GO:0090279,GO:0097091,GO:0098609,GO:1901331,GO:1903377,GO:1904888,GO:1904948,GO:1905555,GO:1990138,GO:1990403,GO:1990791,GO:2000008,GO:2000179
200	GO:0000122,GO:0001890,GO:0006355,GO:0006357,GO:0006631,GO:0007186,GO:0007584,GO:0008217,GO:0009755,GO:0010628,GO:0010629,GO:0010745,GO:0010875,GO:0010887,GO:0010888,GO:0015909,GO:0016525,GO:0030154,GO:0030224,GO:0030509,GO:0030512,GO:0030514,GO:0030522,GO:0030855,GO:0031348,GO:0031667,GO:0032376,GO:0032869,GO:0033993,GO:0035357,GO:0042593,GO:0042752,GO:0042789,GO:0043409,GO:0043537,GO:0045087,GO:0045165,GO:0045444,GO:0045600,GO:0045668,GO:0045834,GO:0045892,GO:0045893,GO:0045923,GO:0045944,GO:0048384,GO:0048469,GO:0048511,GO:0048662,GO:0050728,GO:0050872,GO:0050873,GO:0051049,GO:0051241,GO:0055088,GO:0060336,GO:0060392,GO:0070165,GO:0071404,GO:0071456,GO:0090258,GO:0140077,GO:0141193,GO:1900076,GO:1901202,GO:1902894,GO:1902895,GO:1903243,GO:1903845,GO:1904179,GO:1904597,GO:1904706,GO:1904893,GO:1905461,GO:1905563,GO:2001235	GO:0001570,GO:0001657,GO:0001666,GO:0001763,GO:0001837,GO:0001843,GO:0002040,GO:0002062,GO:0002244,GO:0002248,GO:0002460,GO:0002859,GO:0003179,GO:0003180,GO:0006611,GO:0006754,GO:0006796,GO:0007179,GO:0007406,GO:0007435,GO:0007507,GO:0007565,GO:0008284,GO:0008285,GO:0009410,GO:0009611,GO:0009749,GO:0010332,GO:0010575,GO:0010628,GO:0010629,GO:0010716,GO:0010718,GO:0010742,GO:0010763,GO:0010936,GO:0014003,GO:0014008,GO:0016202,GO:0021915,GO:0030154,GO:0030214,GO:0030308,GO:0030334,GO:0030335,GO:0031100,GO:0031293,GO:0031334,GO:0031536,GO:0032355,GO:0032570,GO:0032667,GO:0032700,GO:0032740,GO:0032755,GO:0032760,GO:0032801,GO:0032930,GO:0032967,GO:0033280,GO:0034616,GO:0035902,GO:0036120,GO:0036446,GO:0042127,GO:0042306,GO:0042307,GO:0042475,GO:0042552,GO:0043065,GO:0043117,GO:0043123,GO:0043410,GO:0043536,GO:0043537,GO:0045066,GO:0045216,GO:0045471,GO:0045591,GO:0045596,GO:0045597,GO:0045599,GO:0045662,GO:0045742,GO:0045786,GO:0045892,GO:0045893,GO:0045944,GO:0048298,GO:0048535,GO:0048565,GO:0048642,GO:0048661,GO:0048839,GO:0050679,GO:0050680,GO:0050714,GO:0050729,GO:0050765,GO:0050832,GO:0050921,GO:0051130,GO:0051240,GO:0051247,GO:0051280,GO:0051781,GO:0051897,GO:0055010,GO:0060312,GO:0060325,GO:0060364,GO:0060391,GO:0070168,GO:0070374,GO:0070723,GO:0071260,GO:0071333,GO:0071363,GO:0071404,GO:0071456,GO:0071479,GO:0071549,GO:0071560,GO:0071677,GO:0071895,GO:0085029,GO:0090190,GO:0090263,GO:0097191,GO:0097421,GO:0098586,GO:0141091,GO:1900126,GO:1900182,GO:1901203,GO:1902074,GO:1902462,GO:1902894,GO:1902895,GO:1903077,GO:1904018,GO:1904894,GO:1905641,GO:1990314,GO:1990402,GO:2000048,GO:2000343,GO:2000353,GO:2000636,GO:2000727
200	GO:0000122,GO:0001773,GO:0001935,GO:0001938,GO:0002218,GO:0002250,GO:0002270,GO:0002281,GO:0002376,GO:0002407,GO:0002437,GO:0002643,GO:0002840,GO:0006259,GO:0006265,GO:0006281,GO:0006284,GO:0006302,GO:0006303,GO:0006310,GO:0006325,GO:0006338,GO:0006914,GO:0006935,GO:0006954,GO:0006955,GO:0006974,GO:0007165,GO:0007204,GO:0010508,GO:0010596,GO:0017055,GO:0031175,GO:0031507,GO:0032392,GO:0032425,GO:0032689,GO:0032722,GO:0032727,GO:0032728,GO:0032731,GO:0032732,GO:0032733,GO:0032735,GO:0032755,GO:0032757,GO:0032760,GO:0033151,GO:0034137,GO:0034145,GO:0034165,GO:0035711,GO:0035767,GO:0042104,GO:0043065,GO:0043277,GO:0043371,GO:0043388,GO:0043410,GO:0043536,GO:0043537,GO:0045063,GO:0045087,GO:0045089,GO:0045597,GO:0045944,GO:0046330,GO:0046598,GO:0048468,GO:0050792,GO:0050918,GO:0051052,GO:0070374,GO:0071222,GO:0071639,GO:0090026,GO:0090303,GO:0097350,GO:1901224,GO:1903672,GO:1903706,GO:1905564,GO:2000343,GO:2000426,GO:2000819,GO:2001200	GO:0000122,GO:0001890,GO:0006355,GO:0006357,GO:0006631,GO:0007186,GO:0007584,GO:0008217,GO:0009755,GO:0010628,GO:0010629,GO:0010745,GO:0010875,GO:0010887,GO:0010888,GO:0015909,GO:0016525,GO:0030154,GO:0030224,GO:0030509,GO:0030512,GO:0030514,GO:0030522,GO:0030855,GO:0031348,GO:0031667,GO:0032376,GO:0032869,GO:0033993,GO:0035357,GO:0042593,GO:0042752,GO:0042789,GO:0043409,GO:0043537,GO:0045087,GO:0045165,GO:0045444,GO:0045600,GO:0045668,GO:0045834,GO:0045892,GO:0045893,GO:0045923,GO:0045944,GO:0048384,GO:0048469,GO:0048511,GO:0048662,GO:0050728,GO:0050872,GO:0050873,GO:0051049,GO:0051241,GO:0055088,GO:0060336,GO:0060392,GO:0070165,GO:0071404,GO:0071456,GO:0090258,GO:0140077,GO:0141193,GO:1900076,GO:1901202,GO:1902894,GO:1902895,GO:1903243,GO:1903845,GO:1904179,GO:1904597,GO:1904706,GO:1904893,GO:1905461,GO:1905563,GO:2001235
200	GO:0000122,GO:0001709,GO:0001806,GO:0001817,GO:0001822,GO:0001823,GO:0002376,GO:0002520,GO:0003180,GO:0003215,GO:0003281,GO:0006355,GO:0006357,GO:0006952,GO:0006954,GO:0007165,GO:0008285,GO:0008584,GO:0009410,GO:0009615,GO:0009653,GO:0009967,GO:0010332,GO:0010467,GO:0010595,GO:0010719,GO:0030154,GO:0030217,GO:0030225,GO:0030856,GO:0031929,GO:0032736,GO:0032753,GO:0032754,GO:0033600,GO:0035457,GO:0042421,GO:0043491,GO:0043583,GO:0043627,GO:0045064,GO:0045087,GO:0045165,GO:0045471,GO:0045582,GO:0045786,GO:0045892,GO:0045893,GO:0045944,GO:0048485,GO:0048568,GO:0048646,GO:0048731,GO:0050728,GO:0050793,GO:0050852,GO:0051216,GO:0051897,GO:0060037,GO:0060065,GO:0060070,GO:0060231,GO:0060676,GO:0071353,GO:0071356,GO:0072107,GO:0072178,GO:0072179,GO:0072182,GO:0072676,GO:0090102,GO:1902895,GO:2000146,GO:2000352,GO:2000611,GO:2000679,GO:2000683	GO:0000122,GO:0000209,GO:0000266,GO:0000422,GO:0000423,GO:0006511,GO:0006513,GO:0006914,GO:0006979,GO:0006986,GO:0007005,GO:0007417,GO:0008344,GO:0009410,GO:0009896,GO:0010498,GO:0010506,GO:0010628,GO:0010629,GO:0010636,GO:0010637,GO:0010821,GO:0010906,GO:0010918,GO:0010994,GO:0014059,GO:0014850,GO:0016236,GO:0016567,GO:0016579,GO:0022603,GO:0030163,GO:0031396,GO:0031647,GO:0031648,GO:0032232,GO:0032368,GO:0032436,GO:0033132,GO:0034599,GO:0034620,GO:0034976,GO:0035519,GO:0035774,GO:0036503,GO:0042053,GO:0042417,GO:0043065,GO:0043123,GO:0043161,GO:0043524,GO:0043653,GO:0044314,GO:0044828,GO:0045732,GO:0045944,GO:0046329,GO:0046676,GO:0050804,GO:0050821,GO:0051412,GO:0051582,GO:0051646,GO:0051865,GO:0051881,GO:0051967,GO:0060544,GO:0060828,GO:0061734,GO:0070050,GO:0070534,GO:0070585,GO:0070842,GO:0070936,GO:0070979,GO:0071287,GO:0080090,GO:0085020,GO:0090090,GO:0090141,GO:0090201,GO:0090258,GO:0090394,GO:0097237,GO:0099072,GO:0099074,GO:0140251,GO:1900242,GO:1900407,GO:1901526,GO:1901800,GO:1902236,GO:1902254,GO:1902530,GO:1902803,GO:1903265,GO:1903351,GO:1903377,GO:1903382,GO:1903427,GO:1903530,GO:1903542,GO:1903747,GO:1903861,GO:1904049,GO:1904643,GO:1904845,GO:1904881,GO:1905091,GO:1905232,GO:1905281,GO:1905366,GO:1905477,GO:1990000,GO:2000377,GO:2000378,GO:2001171
200	GO:0000077,GO:0001782,GO:0001817,GO:0001932,GO:0001933,GO:0002223,GO:0002244,GO:0002250,GO:0002376,GO:0002431,GO:0002513,GO:0002553,GO:0002576,GO:0002758,GO:0002762,GO:0002768,GO:0002774,GO:0002862,GO:0002902,GO:0006468,GO:0006950,GO:0006954,GO:0006974,GO:0006991,GO:0007165,GO:0007169,GO:0008284,GO:0008285,GO:0009410,GO:0009636,GO:0009725,GO:0009743,GO:0010976,GO:0014003,GO:0015908,GO:0018108,GO:0030097,GO:0030218,GO:0030222,GO:0030335,GO:0030889,GO:0031175,GO:0031295,GO:0031663,GO:0032868,GO:0033003,GO:0033628,GO:0034136,GO:0034142,GO:0034144,GO:0034145,GO:0034165,GO:0034605,GO:0035556,GO:0038043,GO:0038095,GO:0038096,GO:0038159,GO:0042100,GO:0042327,GO:0043200,GO:0043304,GO:0043407,GO:0043410,GO:0043434,GO:0045087,GO:0045646,GO:0046777,GO:0048013,GO:0048678,GO:0050727,GO:0050777,GO:0050855,GO:0050859,GO:0050900,GO:0051279,GO:0060252,GO:0060369,GO:0060397,GO:0070372,GO:0070373,GO:0070447,GO:0070667,GO:0070668,GO:0071300,GO:0071396,GO:0090025,GO:0090330,GO:0097028,GO:1902532,GO:1902993,GO:2000670	GO:0000122,GO:0001501,GO:0001502,GO:0001503,GO:0001658,GO:0001708,GO:0001837,GO:0001894,GO:0001942,GO:0002009,GO:0002053,GO:0002062,GO:0002683,GO:0003170,GO:0003179,GO:0003180,GO:0003203,GO:0003413,GO:0003415,GO:0003430,GO:0006334,GO:0006338,GO:0007165,GO:0007173,GO:0007283,GO:0007417,GO:0007507,GO:0008284,GO:0008584,GO:0010467,GO:0010564,GO:0010628,GO:0010634,GO:0014036,GO:0019100,GO:0030154,GO:0030279,GO:0030850,GO:0030858,GO:0030879,GO:0030903,GO:0030916,GO:0032331,GO:0032332,GO:0035019,GO:0042127,GO:0042981,GO:0043066,GO:0045662,GO:0045668,GO:0045892,GO:0045893,GO:0045944,GO:0046322,GO:0046533,GO:0048709,GO:0050679,GO:0050680,GO:0051216,GO:0060008,GO:0060009,GO:0060041,GO:0060174,GO:0060221,GO:0060517,GO:0060729,GO:0060784,GO:0061036,GO:0061138,GO:0065003,GO:0070168,GO:0070371,GO:0070542,GO:0071260,GO:0071300,GO:0071347,GO:0071364,GO:0071504,GO:0071560,GO:0071599,GO:0071773,GO:0072034,GO:0072170,GO:0072190,GO:0072289,GO:0090090,GO:0090103,GO:0090184,GO:0090190,GO:1902732,GO:1902894,GO:1904864,GO:2000020,GO:2000741
200	GO:0000122,GO:0001709,GO:0001806,GO:0001817,GO:0001822,GO:0001823,GO:0002376,GO:0002520,GO:0003180,GO:0003215,GO:0003281,GO:0006355,GO:0006357,GO:0006952,GO:0006954,GO:0007165,GO:0008285,GO:0008584,GO:0009410,GO:0009615,GO:0009653,GO:0009967,GO:0010332,GO:0010467,GO:0010595,GO:0010719,GO:0030154,GO:0030217,GO:0030225,GO:0030856,GO:0031929,GO:0032736,GO:0032753,GO:0032754,GO:0033600,GO:0035457,GO:0042421,GO:0043491,GO:0043583,GO:0043627,GO:0045064,GO:0045087,GO:0045165,GO:0045471,GO:0045582,GO:0045786,GO:0045892,GO:0045893,GO:0045944,GO:0048485,GO:0048568,GO:0048646,GO:0048731,GO:0050728,GO:0050793,GO:0050852,GO:0051216,GO:0051897,GO:0060037,GO:0060065,GO:0060070,GO:0060231,GO:0060676,GO:0071353,GO:0071356,GO:0072107,GO:0072178,GO:0072179,GO:0072182,GO:0072676,GO:0090102,GO:1902895,GO:2000146,GO:2000352,GO:2000611,GO:2000679,GO:2000683	GO:0001568,GO:0001819,GO:0001937,GO:0001960,GO:0007566,GO:0008284,GO:0008360,GO:0010596,GO:0010613,GO:0010614,GO:0010628,GO:0010629,GO:0010667,GO:0010718,GO:0010804,GO:0010838,GO:0016525,GO:0030334,GO:0030335,GO:0030336,GO:0030509,GO:0030511,GO:0031346,GO:0032480,GO:0032695,GO:0032705,GO:0032963,GO:0034392,GO:0035021,GO:0035024,GO:0035195,GO:0035278,GO:0036166,GO:0042058,GO:0042104,GO:0043066,GO:0043409,GO:0045590,GO:0045600,GO:0045603,GO:0045669,GO:0045766,GO:0045824,GO:0045930,GO:0050729,GO:0051497,GO:0051896,GO:0051897,GO:0060339,GO:0060940,GO:0061037,GO:0061154,GO:0070373,GO:0070374,GO:0071222,GO:0071479,GO:0071480,GO:0098586,GO:0106016,GO:1900017,GO:1900039,GO:1900082,GO:1900748,GO:1901223,GO:1901299,GO:1902254,GO:1902514,GO:1902731,GO:1903053,GO:1903427,GO:1903589,GO:1903766,GO:1904639,GO:1904695,GO:1904707,GO:1904728,GO:1904753,GO:1904754,GO:1904762,GO:1904827,GO:1904830,GO:1904996,GO:1905065,GO:1905460,GO:1905564,GO:1905955,GO:1990009,GO:2000318,GO:2000321,GO:2000377
200	GO:0000122,GO:0001774,GO:0001878,GO:0002265,GO:0006357,GO:0006417,GO:0006816,GO:0006878,GO:0006897,GO:0006915,GO:0007155,GO:0007186,GO:0007189,GO:0007193,GO:0007219,GO:0007409,GO:0007417,GO:0007611,GO:0007612,GO:0007613,GO:0007617,GO:0007626,GO:0008088,GO:0008285,GO:0008306,GO:0008344,GO:0008542,GO:0010288,GO:0010468,GO:0010604,GO:0010628,GO:0010629,GO:0014005,GO:0016199,GO:0016322,GO:0016358,GO:0019722,GO:0019731,GO:0019732,GO:0030111,GO:0030178,GO:0030198,GO:0031175,GO:0031583,GO:0032224,GO:0032722,GO:0032729,GO:0032731,GO:0032755,GO:0032760,GO:0032930,GO:0034121,GO:0035235,GO:0036269,GO:0040014,GO:0042157,GO:0043065,GO:0043408,GO:0043410,GO:0043523,GO:0043525,GO:0045087,GO:0045429,GO:0045471,GO:0045666,GO:0045745,GO:0045752,GO:0045821,GO:0045931,GO:0045944,GO:0046330,GO:0048143,GO:0048169,GO:0048669,GO:0050729,GO:0050803,GO:0050808,GO:0050829,GO:0050830,GO:0050850,GO:0050867,GO:0050890,GO:0050918,GO:0051044,GO:0051246,GO:0051247,GO:0051260,GO:0051262,GO:0051580,GO:0051897,GO:0055096,GO:0061844,GO:0070206,GO:0070374,GO:0070555,GO:0071280,GO:0071287,GO:0071320,GO:0071874,GO:0090026,GO:0090090,GO:0098815,GO:0098989,GO:0110088,GO:0141137,GO:0141163,GO:0150003,GO:1900181,GO:1900221,GO:1900272,GO:1900273,GO:1900454,GO:1901224,GO:1902894,GO:1902950,GO:1902951,GO:1902993,GO:1903381,GO:1903523,GO:1904022,GO:1904472,GO:1904591,GO:1904646,GO:1905606,GO:1905898,GO:1905906,GO:1905908,GO:1905945,GO:1990000,GO:1990090,GO:1990418,GO:1990535,GO:2000406,GO:2000463,GO:2001238	GO:0001837,GO:0001938,GO:0002088,GO:0002720,GO:0003138,GO:0003139,GO:0003281,GO:0003283,GO:0003408,GO:0006954,GO:0007200,GO:0007223,GO:0007409,GO:0007411,GO:0008104,GO:0008584,GO:0008595,GO:0010595,GO:0010628,GO:0010742,GO:0010820,GO:0010976,GO:0016055,GO:0021891,GO:0022008,GO:0030154,GO:0030182,GO:0030216,GO:0030901,GO:0032722,GO:0032729,GO:0032731,GO:0032755,GO:0032757,GO:0032760,GO:0035022,GO:0035567,GO:0036517,GO:0036518,GO:0042060,GO:0043032,GO:0043066,GO:0043122,GO:0043410,GO:0045165,GO:0045599,GO:0045732,GO:0045766,GO:0045778,GO:0045892,GO:0045893,GO:0045944,GO:0046330,GO:0048022,GO:0048146,GO:0048706,GO:0048806,GO:0048812,GO:0050727,GO:0050729,GO:0050807,GO:0051057,GO:0051216,GO:0051885,GO:0051897,GO:0051964,GO:0060070,GO:0060071,GO:0060324,GO:0060340,GO:0060760,GO:0060907,GO:0062009,GO:0071219,GO:0071222,GO:0071277,GO:0071300,GO:0071346,GO:0071425,GO:0071542,GO:0071560,GO:0072201,GO:0090090,GO:0097325,GO:0099054,GO:0099068,GO:0099170,GO:0099175,GO:0099566,GO:0150012,GO:1900020,GO:1902474,GO:1904861,GO:1904862,GO:1904934,GO:1904948,GO:2000052,GO:2001235
200	GO:0000302,GO:0001523,GO:0001937,GO:0006629,GO:0006641,GO:0006869,GO:0006898,GO:0007010,GO:0007186,GO:0007271,GO:0007616,GO:0008202,GO:0008203,GO:0010544,GO:0010596,GO:0010629,GO:0010642,GO:0010875,GO:0010877,GO:0010976,GO:0010977,GO:0015909,GO:0017038,GO:0019068,GO:0030195,GO:0030516,GO:0031175,GO:0032438,GO:0032489,GO:0032805,GO:0033344,GO:0033700,GO:0034372,GO:0034374,GO:0034375,GO:0034380,GO:0034382,GO:0034384,GO:0034447,GO:0035641,GO:0038060,GO:0042157,GO:0042158,GO:0042632,GO:0042981,GO:0042982,GO:0043254,GO:0043409,GO:0043537,GO:0043691,GO:0044794,GO:0045088,GO:0045429,GO:0045541,GO:0045807,GO:0045893,GO:0046889,GO:0048168,GO:0048662,GO:0050709,GO:0050728,GO:0050807,GO:0051044,GO:0051055,GO:0051246,GO:0051248,GO:0055089,GO:0055090,GO:0060999,GO:0061000,GO:0061136,GO:0061771,GO:0070328,GO:0070374,GO:0071402,GO:0071830,GO:0071831,GO:0090090,GO:0090181,GO:0090205,GO:0090370,GO:0097006,GO:0097113,GO:0097114,GO:0098869,GO:0140077,GO:1900221,GO:1900223,GO:1900272,GO:1901627,GO:1901631,GO:1902004,GO:1902430,GO:1902951,GO:1902952,GO:1902991,GO:1902995,GO:1902998,GO:1902999,GO:1903001,GO:1903002,GO:1905890,GO:1905906,GO:1905907,GO:1905908,GO:2000822	GO:0000122,GO:0000165,GO:0001568,GO:0001649,GO:0001764,GO:0001782,GO:0001947,GO:0001958,GO:0001974,GO:0002062,GO:0002467,GO:0002634,GO:0002931,GO:0003138,GO:0003139,GO:0003151,GO:0003185,GO:0003211,GO:0006355,GO:0006915,GO:0006959,GO:0007399,GO:0007507,GO:0007517,GO:0007519,GO:0007521,GO:0007611,GO:0010628,GO:0010629,GO:0014033,GO:0014902,GO:0030154,GO:0030182,GO:0030220,GO:0030279,GO:0030318,GO:0030501,GO:0030890,GO:0035984,GO:0042100,GO:0043410,GO:0043523,GO:0043524,GO:0043537,GO:0045652,GO:0045663,GO:0045666,GO:0045669,GO:0045893,GO:0045944,GO:0046928,GO:0048167,GO:0048643,GO:0048666,GO:0048667,GO:0050853,GO:0051145,GO:0051963,GO:0051966,GO:0055012,GO:0060025,GO:0060045,GO:0060079,GO:0060998,GO:0061333,GO:0071222,GO:0071277,GO:0071374,GO:0071466,GO:0071498,GO:0071560,GO:0072102,GO:0072160,GO:0098989,GO:0098990,GO:1904706,GO:1904753,GO:1905563,GO:2000111,GO:2000727,GO:2000987,GO:2001013,GO:2001016
200	GO:0001837,GO:0001954,GO:0003170,GO:0005977,GO:0006468,GO:0006983,GO:0007005,GO:0007399,GO:0007623,GO:0008286,GO:0009968,GO:0010508,GO:0010628,GO:0010629,GO:0010719,GO:0010975,GO:0016055,GO:0018105,GO:0019082,GO:0021766,GO:0030010,GO:0030011,GO:0030154,GO:0030336,GO:0030516,GO:0031175,GO:0031333,GO:0031334,GO:0031398,GO:0032007,GO:0032092,GO:0032436,GO:0032481,GO:0032880,GO:0032886,GO:0034976,GO:0035556,GO:0036016,GO:0042752,GO:0043066,GO:0043161,GO:0043525,GO:0045597,GO:0045668,GO:0045719,GO:0045724,GO:0045732,GO:0045879,GO:0046777,GO:0046825,GO:0046827,GO:0048511,GO:0048814,GO:0050770,GO:0060070,GO:0060079,GO:0070507,GO:0070885,GO:0071109,GO:0071300,GO:0090090,GO:0097191,GO:0097192,GO:0099171,GO:0106027,GO:0150101,GO:0160213,GO:1900034,GO:1900181,GO:1900271,GO:1901030,GO:1901701,GO:1902042,GO:1903566,GO:1903940,GO:1904339,GO:1904646,GO:1904781,GO:1904951,GO:2000077,GO:2000466,GO:2000740	GO:0001660,GO:0001819,GO:0002282,GO:0002711,GO:0006915,GO:0006954,GO:0006955,GO:0007165,GO:0007267,GO:0007566,GO:0008284,GO:0008285,GO:0010573,GO:0010575,GO:0010628,GO:0010641,GO:0010718,GO:0010744,GO:0010829,GO:0014805,GO:0019221,GO:0030213,GO:0030224,GO:0030335,GO:0030949,GO:0031394,GO:0031622,GO:0032308,GO:0032496,GO:0032691,GO:0032725,GO:0032729,GO:0032743,GO:0032755,GO:0032757,GO:0033092,GO:0034116,GO:0042102,GO:0043122,GO:0043123,GO:0043409,GO:0043410,GO:0045429,GO:0045766,GO:0045833,GO:0045840,GO:0045893,GO:0045917,GO:0046330,GO:0046627,GO:0046827,GO:0050691,GO:0050728,GO:0050729,GO:0050767,GO:0050768,GO:0050796,GO:0050805,GO:0050830,GO:0050995,GO:0050996,GO:0050999,GO:0051044,GO:0051781,GO:0051897,GO:0060252,GO:0060355,GO:0070164,GO:0070372,GO:0070374,GO:0070487,GO:0070498,GO:0070555,GO:0071222,GO:0071260,GO:0071466,GO:0071639,GO:0097398,GO:0150078,GO:1900745,GO:1901224,GO:1902680,GO:1903140,GO:1903530,GO:1903597,GO:1905075,GO:2000556,GO:2000660,GO:2001240
200	GO:0000122,GO:0001501,GO:0001503,GO:0001649,GO:0001658,GO:0001666,GO:0001701,GO:0001837,GO:0001934,GO:0002062,GO:0002573,GO:0003007,GO:0003129,GO:0003133,GO:0003176,GO:0003181,GO:0003203,GO:0003210,GO:0003272,GO:0003331,GO:0006355,GO:0006879,GO:0006954,GO:0007219,GO:0007267,GO:0007507,GO:0008284,GO:0008285,GO:0009887,GO:0010467,GO:0010628,GO:0010629,GO:0010718,GO:0010894,GO:0010922,GO:0021537,GO:0021978,GO:0022408,GO:0030154,GO:0030177,GO:0030282,GO:0030316,GO:0030335,GO:0030501,GO:0030509,GO:0030512,GO:0032348,GO:0033690,GO:0035051,GO:0035054,GO:0035360,GO:0042475,GO:0042482,GO:0043065,GO:0043410,GO:0043569,GO:0045165,GO:0045597,GO:0045599,GO:0045600,GO:0045666,GO:0045778,GO:0045786,GO:0045892,GO:0045893,GO:0045944,GO:0048662,GO:0048711,GO:0048762,GO:0048839,GO:0051042,GO:0051216,GO:0055007,GO:0055008,GO:0060039,GO:0060128,GO:0060129,GO:0060317,GO:0060348,GO:0060391,GO:0060426,GO:0060485,GO:0060537,GO:0061036,GO:0070374,GO:0071773,GO:0072138,GO:0090090,GO:1900159,GO:1900745,GO:1901331,GO:1902895,GO:1905072,GO:1905222,GO:2000065,GO:2000725,GO:2000726	GO:0000122,GO:0000165,GO:0001666,GO:0001821,GO:0001975,GO:0003015,GO:0003094,GO:0003100,GO:0003253,GO:0003357,GO:0006366,GO:0006874,GO:0007005,GO:0007166,GO:0007186,GO:0007204,GO:0007267,GO:0007411,GO:0008217,GO:0008284,GO:0009410,GO:0010193,GO:0010460,GO:0010467,GO:0010595,GO:0010613,GO:0010629,GO:0014033,GO:0014034,GO:0014823,GO:0014824,GO:0014826,GO:0019229,GO:0019722,GO:0023019,GO:0030072,GO:0030185,GO:0030195,GO:0030335,GO:0030878,GO:0031175,GO:0031394,GO:0032308,GO:0032496,GO:0033574,GO:0034392,GO:0034696,GO:0035050,GO:0035094,GO:0035556,GO:0035994,GO:0042045,GO:0042310,GO:0042482,GO:0042554,GO:0043200,GO:0043410,GO:0043491,GO:0044321,GO:0044751,GO:0045321,GO:0045429,GO:0045793,GO:0045840,GO:0045944,GO:0045987,GO:0046330,GO:0046887,GO:0046888,GO:0048661,GO:0048675,GO:0050850,GO:0051248,GO:0051899,GO:0060070,GO:0060137,GO:0060298,GO:0060385,GO:0061051,GO:0061626,GO:0070101,GO:0070294,GO:0070301,GO:0070371,GO:0070588,GO:0071277,GO:0071346,GO:0071347,GO:0071356,GO:0071372,GO:0071373,GO:0071375,GO:0071385,GO:0071389,GO:0071398,GO:0071456,GO:0071466,GO:0071526,GO:0071548,GO:0071559,GO:0071560,GO:0072011,GO:0072112,GO:0086100,GO:0090023,GO:0097237,GO:0097492,GO:0097746,GO:0141156,GO:0160195,GO:1900182,GO:1901224,GO:1902074,GO:1903537,GO:1904707,GO:1905653,GO:2001259
200	GO:0000122,GO:0001890,GO:0006355,GO:0006357,GO:0006631,GO:0007186,GO:0007584,GO:0008217,GO:0009755,GO:0010628,GO:0010629,GO:0010745,GO:0010875,GO:0010887,GO:0010888,GO:0015909,GO:0016525,GO:0030154,GO:0030224,GO:0030509,GO:0030512,GO:0030514,GO:0030522,GO:0030855,GO:0031348,GO:0031667,GO:0032376,GO:0032869,GO:0033993,GO:0035357,GO:0042593,GO:0042752,GO:0042789,GO:0043409,GO:0043537,GO:0045087,GO:0045165,GO:0045444,GO:0045600,GO:0045668,GO:0045834,GO:0045892,GO:0045893,GO:0045923,GO:0045944,GO:0048384,GO:0048469,GO:0048511,GO:0048662,GO:0050728,GO:0050872,GO:0050873,GO:0051049,GO:0051241,GO:0055088,GO:0060336,GO:0060392,GO:0070165,GO:0071404,GO:0071456,GO:0090258,GO:0140077,GO:0141193,GO:1900076,GO:1901202,GO:1902894,GO:1902895,GO:1903243,GO:1903845,GO:1904179,GO:1904597,GO:1904706,GO:1904893,GO:1905461,GO:1905563,GO:2001235	GO:0000122,GO:0002244,GO:0006289,GO:0006355,GO:0006357,GO:0006914,GO:0006915,GO:0006974,GO:0006979,GO:0006983,GO:0007265,GO:0007623,GO:0008104,GO:0008285,GO:0008340,GO:0009299,GO:0009410,GO:0009411,GO:0010212,GO:0010332,GO:0010628,GO:0012501,GO:0016032,GO:0030308,GO:0030330,GO:0031571,GO:0032211,GO:0033209,GO:0034644,GO:0042149,GO:0042771,GO:0042981,GO:0043065,GO:0043066,GO:0043153,GO:0045815,GO:0045892,GO:0045893,GO:0045899,GO:0045944,GO:0046677,GO:0048147,GO:0048511,GO:0048512,GO:0048539,GO:0051053,GO:0051097,GO:0051262,GO:0051726,GO:0060218,GO:0060333,GO:0062100,GO:0065003,GO:0070059,GO:0070245,GO:0071456,GO:0071466,GO:0071479,GO:0071480,GO:0072331,GO:0072332,GO:0072717,GO:0090200,GO:0090398,GO:0090399,GO:0090403,GO:0097190,GO:0097193,GO:0097252,GO:1900119,GO:1902749,GO:1902895,GO:1903451,GO:1905856,GO:2000379,GO:2000774,GO:2001242,GO:2001244
200	GO:0000122,GO:0001501,GO:0001502,GO:0001503,GO:0001658,GO:0001708,GO:0001837,GO:0001894,GO:0001942,GO:0002009,GO:0002053,GO:0002062,GO:0002683,GO:0003170,GO:0003179,GO:0003180,GO:0003203,GO:0003413,GO:0003415,GO:0003430,GO:0006334,GO:0006338,GO:0007165,GO:0007173,GO:0007283,GO:0007417,GO:0007507,GO:0008284,GO:0008584,GO:0010467,GO:0010564,GO:0010628,GO:0010634,GO:0014036,GO:0019100,GO:0030154,GO:0030279,GO:0030850,GO:0030858,GO:0030879,GO:0030903,GO:0030916,GO:0032331,GO:0032332,GO:0035019,GO:0042127,GO:0042981,GO:0043066,GO:0045662,GO:0045668,GO:0045892,GO:0045893,GO:0045944,GO:0046322,GO:0046533,GO:0048709,GO:0050679,GO:0050680,GO:0051216,GO:0060008,GO:0060009,GO:0060041,GO:0060174,GO:0060221,GO:0060517,GO:0060729,GO:0060784,GO:0061036,GO:0061138,GO:0065003,GO:0070168,GO:0070371,GO:0070542,GO:0071260,GO:0071300,GO:0071347,GO:0071364,GO:0071504,GO:0071560,GO:0071599,GO:0071773,GO:0072034,GO:0072170,GO:0072190,GO:0072289,GO:0090090,GO:0090103,GO:0090184,GO:0090190,GO:1902732,GO:1902894,GO:1904864,GO:2000020,GO:2000741	GO:0000122,GO:0001525,GO:0001541,GO:0001569,GO:0001570,GO:0001666,GO:0001701,GO:0001822,GO:0001934,GO:0001938,GO:0002040,GO:0002042,GO:0002052,GO:0002092,GO:0002376,GO:0002575,GO:0002687,GO:0003007,GO:0003151,GO:0003169,GO:0006357,GO:0007200,GO:0007399,GO:0007498,GO:0007595,GO:0008284,GO:0008360,GO:0010595,GO:0010628,GO:0010629,GO:0010719,GO:0010749,GO:0030154,GO:0030224,GO:0030225,GO:0030324,GO:0030335,GO:0030855,GO:0031077,GO:0031290,GO:0031334,GO:0031954,GO:0035148,GO:0035767,GO:0035924,GO:0036303,GO:0036324,GO:0038033,GO:0038084,GO:0038091,GO:0038190,GO:0042462,GO:0043066,GO:0043117,GO:0043123,GO:0043129,GO:0043410,GO:0043536,GO:0045766,GO:0045785,GO:0045944,GO:0048010,GO:0048469,GO:0048593,GO:0048842,GO:0048844,GO:0050679,GO:0050918,GO:0050927,GO:0050930,GO:0051781,GO:0051894,GO:0051897,GO:0055013,GO:0060319,GO:0060749,GO:0060754,GO:0060948,GO:0060982,GO:0061042,GO:0070374,GO:0071456,GO:0071542,GO:0071679,GO:0090050,GO:0090190,GO:0097475,GO:0097533,GO:0120162,GO:1900748,GO:1901165,GO:1902894,GO:1902966,GO:1903141,GO:1903392,GO:1903589,GO:1903672,GO:1905278,GO:1905555,GO:1905604,GO:2000048,GO:2000573,GO:2001028
200	GO:0000122,GO:0001525,GO:0001542,GO:0001666,GO:0001819,GO:0001890,GO:0001936,GO:0002021,GO:0003300,GO:0006112,GO:0006114,GO:0006629,GO:0006909,GO:0007165,GO:0007259,GO:0007565,GO:0007584,GO:0007623,GO:0008217,GO:0008284,GO:0008343,GO:0009062,GO:0009892,GO:0010507,GO:0010888,GO:0014823,GO:0019953,GO:0030217,GO:0031667,GO:0032008,GO:0032099,GO:0032310,GO:0032355,GO:0032735,GO:0032755,GO:0032757,GO:0032760,GO:0032814,GO:0032817,GO:0032868,GO:0033197,GO:0033210,GO:0033686,GO:0035360,GO:0035556,GO:0035630,GO:0038108,GO:0042102,GO:0042269,GO:0042307,GO:0043066,GO:0043270,GO:0043410,GO:0044320,GO:0045471,GO:0045765,GO:0045906,GO:0046325,GO:0046427,GO:0046628,GO:0046850,GO:0046881,GO:0048639,GO:0050892,GO:0050901,GO:0050999,GO:0051051,GO:0051726,GO:0051897,GO:0060587,GO:0061037,GO:0070093,GO:0071298,GO:0071300,GO:0090335,GO:0097009,GO:0097696,GO:0098868,GO:0120162,GO:1900015,GO:1900745,GO:1904651,GO:1990051,GO:2000379,GO:2000486,GO:2000491	GO:0000122,GO:0001666,GO:0001774,GO:0001819,GO:0001937,GO:0001975,GO:0002037,GO:0002281,GO:0002439,GO:0002639,GO:0002700,GO:0002719,GO:0003009,GO:0003085,GO:0006325,GO:0006954,GO:0006955,GO:0007259,GO:0007623,GO:0008285,GO:0008625,GO:0008630,GO:0009410,GO:0009612,GO:0009615,GO:0009617,GO:0009651,GO:0009750,GO:0010459,GO:0010573,GO:0010628,GO:0010629,GO:0010744,GO:0010888,GO:0014823,GO:0019722,GO:0031334,GO:0031349,GO:0031622,GO:0031642,GO:0031667,GO:0032496,GO:0032715,GO:0032722,GO:0032724,GO:0032731,GO:0032741,GO:0032755,GO:0032757,GO:0033209,GO:0034116,GO:0034138,GO:0035900,GO:0036005,GO:0042127,GO:0042311,GO:0043065,GO:0043066,GO:0043068,GO:0043122,GO:0043123,GO:0043243,GO:0043410,GO:0043525,GO:0043537,GO:0045071,GO:0045087,GO:0045429,GO:0045471,GO:0045598,GO:0045599,GO:0045668,GO:0045672,GO:0045732,GO:0045760,GO:0045785,GO:0045840,GO:0045892,GO:0045893,GO:0045930,GO:0045944,GO:0046325,GO:0046330,GO:0046677,GO:0048143,GO:0048566,GO:0048661,GO:0050729,GO:0050768,GO:0050793,GO:0050796,GO:0050804,GO:0050806,GO:0050807,GO:0050890,GO:0050901,GO:0050966,GO:0050995,GO:0051044,GO:0051046,GO:0051222,GO:0051239,GO:0051384,GO:0051798,GO:0051897,GO:0051966,GO:0060252,GO:0060557,GO:0061044,GO:0061048,GO:0070374,GO:0070886,GO:0071219,GO:0071222,GO:0071300,GO:0071316,GO:0071346,GO:0071479,GO:0071677,GO:0071803,GO:0072577,GO:0072659,GO:0090324,GO:0090594,GO:0097191,GO:0097237,GO:0097421,GO:0097527,GO:0120190,GO:0140374,GO:0140460,GO:0150078,GO:0150129,GO:1900017,GO:1900222,GO:1901224,GO:1901647,GO:1902004,GO:1902065,GO:1902565,GO:1902894,GO:1902895,GO:1903078,GO:1903140,GO:1903347,GO:1903829,GO:1904638,GO:1904646,GO:1904707,GO:1904880,GO:1904996,GO:1904999,GO:1905235,GO:1905242,GO:1990268,GO:2000010,GO:2000334,GO:2000343,GO:2000347,GO:2000351,GO:2000377,GO:2000573,GO:2001234,GO:2001238,GO:2001240
200	GO:0001659,GO:0001666,GO:0001963,GO:0001975,GO:0001976,GO:0002027,GO:0002028,GO:0002031,GO:0002052,GO:0002092,GO:0006874,GO:0006914,GO:0007165,GO:0007186,GO:0007188,GO:0007195,GO:0007200,GO:0007212,GO:0007270,GO:0007409,GO:0007416,GO:0007608,GO:0007616,GO:0007626,GO:0007628,GO:0008104,GO:0008285,GO:0008306,GO:0008542,GO:0009410,GO:0009416,GO:0009636,GO:0010039,GO:0014059,GO:0014854,GO:0016055,GO:0021756,GO:0021769,GO:0021853,GO:0021984,GO:0030336,GO:0030432,GO:0030900,GO:0031223,GO:0032228,GO:0032355,GO:0032467,GO:0032922,GO:0033602,GO:0034776,GO:0035094,GO:0035305,GO:0035556,GO:0042220,GO:0042321,GO:0042417,GO:0042756,GO:0043266,GO:0043278,GO:0043408,GO:0045471,GO:0045745,GO:0045776,GO:0045824,GO:0045944,GO:0046676,GO:0046717,GO:0048148,GO:0048149,GO:0048169,GO:0048678,GO:0048755,GO:0050482,GO:0050709,GO:0050769,GO:0050805,GO:0051209,GO:0051240,GO:0051481,GO:0051580,GO:0051584,GO:0051586,GO:0051823,GO:0051898,GO:0051952,GO:0051967,GO:0060079,GO:0060124,GO:0060134,GO:0060158,GO:0060160,GO:0070374,GO:0071300,GO:0071361,GO:0090325,GO:0097305,GO:0099170,GO:0099171,GO:0160213,GO:1900038,GO:1900168,GO:1900273,GO:1903530,GO:1990384	GO:0001774,GO:0001819,GO:0002250,GO:0002376,GO:0006325,GO:0006338,GO:0006915,GO:0006979,GO:0007155,GO:0007165,GO:0007167,GO:0007204,GO:0007259,GO:0007498,GO:0008284,GO:0008285,GO:0008631,GO:0009755,GO:0010572,GO:0010667,GO:0010811,GO:0019221,GO:0022407,GO:0022408,GO:0030041,GO:0030154,GO:0030218,GO:0030335,GO:0031103,GO:0031663,GO:0031959,GO:0032024,GO:0032731,GO:0032760,GO:0033194,GO:0033209,GO:0034612,GO:0035166,GO:0035556,GO:0035722,GO:0038043,GO:0038065,GO:0038155,GO:0038156,GO:0038157,GO:0038162,GO:0038163,GO:0042102,GO:0042307,GO:0042531,GO:0042976,GO:0042981,GO:0043065,GO:0043066,GO:0043410,GO:0043524,GO:0043687,GO:0045087,GO:0045348,GO:0045428,GO:0045429,GO:0045597,GO:0045944,GO:0046425,GO:0046634,GO:0046677,GO:0046777,GO:0048008,GO:0048861,GO:0050727,GO:0050804,GO:0050867,GO:0051897,GO:0060333,GO:0060391,GO:0060396,GO:0060397,GO:0060399,GO:0061180,GO:0070102,GO:0070120,GO:0070665,GO:0070671,GO:0070757,GO:0097191,GO:0120162,GO:0120186,GO:0140546,GO:1900016,GO:1901731,GO:1902533,GO:1902728,GO:1904037,GO:1904707,GO:1905539
200	GO:0000122,GO:0001773,GO:0001935,GO:0001938,GO:0002218,GO:0002250,GO:0002270,GO:0002281,GO:0002376,GO:0002407,GO:0002437,GO:0002643,GO:0002840,GO:0006259,GO:0006265,GO:0006281,GO:0006284,GO:0006302,GO:0006303,GO:0006310,GO:0006325,GO:0006338,GO:0006914,GO:0006935,GO:0006954,GO:0006955,GO:0006974,GO:0007165,GO:0007204,GO:0010508,GO:0010596,GO:0017055,GO:0031175,GO:0031507,GO:0032392,GO:0032425,GO:0032689,GO:0032722,GO:0032727,GO:0032728,GO:0032731,GO:0032732,GO:0032733,GO:0032735,GO:0032755,GO:0032757,GO:0032760,GO:0033151,GO:0034137,GO:0034145,GO:0034165,GO:0035711,GO:0035767,GO:0042104,GO:0043065,GO:0043277,GO:0043371,GO:0043388,GO:0043410,GO:0043536,GO:0043537,GO:0045063,GO:0045087,GO:0045089,GO:0045597,GO:0045944,GO:0046330,GO:0046598,GO:0048468,GO:0050792,GO:0050918,GO:0051052,GO:0070374,GO:0071222,GO:0071639,GO:0090026,GO:0090303,GO:0097350,GO:1901224,GO:1903672,GO:1903706,GO:1905564,GO:2000343,GO:2000426,GO:2000819,GO:2001200	GO:0001568,GO:0001819,GO:0001937,GO:0001960,GO:0007566,GO:0008284,GO:0008360,GO:0010596,GO:0010613,GO:0010614,GO:0010628,GO:0010629,GO:0010667,GO:0010718,GO:0010804,GO:0010838,GO:0016525,GO:0030334,GO:0030335,GO:0030336,GO:0030509,GO:0030511,GO:0031346,GO:0032480,GO:0032695,GO:0032705,GO:0032963,GO:0034392,GO:0035021,GO:0035024,GO:0035195,GO:0035278,GO:0036166,GO:0042058,GO:0042104,GO:0043066,GO:0043409,GO:0045590,GO:0045600,GO:0045603,GO:0045669,GO:0045766,GO:0045824,GO:0045930,GO:0050729,GO:0051497,GO:0051896,GO:0051897,GO:0060339,GO:0060940,GO:0061037,GO:0061154,GO:0070373,GO:0070374,GO:0071222,GO:0071479,GO:0071480,GO:0098586,GO:0106016,GO:1900017,GO:1900039,GO:1900082,GO:1900748,GO:1901223,GO:1901299,GO:1902254,GO:1902514,GO:1902731,GO:1903053,GO:1903427,GO:1903589,GO:1903766,GO:1904639,GO:1904695,GO:1904707,GO:1904728,GO:1904753,GO:1904754,GO:1904762,GO:1904827,GO:1904830,GO:1904996,GO:1905065,GO:1905460,GO:1905564,GO:1905955,GO:1990009,GO:2000318,GO:2000321,GO:2000377
200	GO:0000122,GO:0001659,GO:0001666,GO:0001754,GO:0001817,GO:0002317,GO:0002931,GO:0006355,GO:0006357,GO:0006606,GO:0006952,GO:0006953,GO:0006954,GO:0006955,GO:0007165,GO:0007179,GO:0007259,GO:0007399,GO:0008284,GO:0010507,GO:0010575,GO:0010628,GO:0010629,GO:0010730,GO:0019221,GO:0030154,GO:0030335,GO:0030522,GO:0030968,GO:0032355,GO:0032731,GO:0032733,GO:0032755,GO:0032757,GO:0032760,GO:0032870,GO:0033210,GO:0034097,GO:0035723,GO:0038110,GO:0038113,GO:0038154,GO:0038155,GO:0042127,GO:0042593,GO:0042755,GO:0043123,GO:0043124,GO:0043434,GO:0043491,GO:0043524,GO:0044320,GO:0044321,GO:0045471,GO:0045648,GO:0045747,GO:0045766,GO:0045893,GO:0045944,GO:0046902,GO:0048708,GO:0048861,GO:0050728,GO:0050729,GO:0050766,GO:0050804,GO:0051240,GO:0051726,GO:0060019,GO:0060259,GO:0060396,GO:0060397,GO:0070102,GO:0070120,GO:0072538,GO:0072540,GO:0090091,GO:0097009,GO:0097398,GO:0097696,GO:0099527,GO:0106015,GO:0140105,GO:1900016,GO:1900017,GO:1900037,GO:1902728,GO:1902895,GO:1905564,GO:2000635,GO:2001171,GO:2001243	GO:0001837,GO:0001938,GO:0002088,GO:0002720,GO:0003138,GO:0003139,GO:0003281,GO:0003283,GO:0003408,GO:0006954,GO:0007200,GO:0007223,GO:0007409,GO:0007411,GO:0008104,GO:0008584,GO:0008595,GO:0010595,GO:0010628,GO:0010742,GO:0010820,GO:0010976,GO:0016055,GO:0021891,GO:0022008,GO:0030154,GO:0030182,GO:0030216,GO:0030901,GO:0032722,GO:0032729,GO:0032731,GO:0032755,GO:0032757,GO:0032760,GO:0035022,GO:0035567,GO:0036517,GO:0036518,GO:0042060,GO:0043032,GO:0043066,GO:0043122,GO:0043410,GO:0045165,GO:0045599,GO:0045732,GO:0045766,GO:0045778,GO:0045892,GO:0045893,GO:0045944,GO:0046330,GO:0048022,GO:0048146,GO:0048706,GO:0048806,GO:0048812,GO:0050727,GO:0050729,GO:0050807,GO:0051057,GO:0051216,GO:0051885,GO:0051897,GO:0051964,GO:0060070,GO:0060071,GO:0060324,GO:0060340,GO:0060760,GO:0060907,GO:0062009,GO:0071219,GO:0071222,GO:0071277,GO:0071300,GO:0071346,GO:0071425,GO:0071542,GO:0071560,GO:0072201,GO:0090090,GO:0097325,GO:0099054,GO:0099068,GO:0099170,GO:0099175,GO:0099566,GO:0150012,GO:1900020,GO:1902474,GO:1904861,GO:1904862,GO:1904934,GO:1904948,GO:2000052,GO:2001235
200	GO:0001525,GO:0001569,GO:0001570,GO:0001755,GO:0001764,GO:0001938,GO:0002040,GO:0002042,GO:0003148,GO:0006930,GO:0007165,GO:0007229,GO:0007267,GO:0007399,GO:0007411,GO:0008045,GO:0009611,GO:0009887,GO:0010595,GO:0014911,GO:0021612,GO:0021637,GO:0021649,GO:0021785,GO:0021828,GO:0030154,GO:0030947,GO:0031290,GO:0032489,GO:0035729,GO:0035767,GO:0035924,GO:0036486,GO:0038084,GO:0038189,GO:0038190,GO:0042327,GO:0043524,GO:0043542,GO:0045766,GO:0046718,GO:0048008,GO:0048010,GO:0048012,GO:0048666,GO:0048842,GO:0048844,GO:0048846,GO:0050918,GO:0051491,GO:0051496,GO:0051894,GO:0060385,GO:0060627,GO:0060978,GO:0060982,GO:0061299,GO:0061441,GO:0061549,GO:0061551,GO:0070374,GO:0071526,GO:0071679,GO:0090050,GO:0097102,GO:0097374,GO:0097475,GO:0097490,GO:0097491,GO:0099173,GO:0120035,GO:0150018,GO:0150020,GO:1900026,GO:1901166,GO:1902946,GO:1903375,GO:1904835,GO:1905040,GO:2001237	GO:0000122,GO:0000165,GO:0001649,GO:0001657,GO:0001666,GO:0001836,GO:0006355,GO:0006357,GO:0006955,GO:0007179,GO:0007254,GO:0008285,GO:0009653,GO:0010332,GO:0010467,GO:0010628,GO:0010629,GO:0010718,GO:0023019,GO:0030154,GO:0030279,GO:0030308,GO:0030325,GO:0030335,GO:0030501,GO:0031053,GO:0031665,GO:0032332,GO:0032502,GO:0032731,GO:0032909,GO:0032916,GO:0032924,GO:0033689,GO:0036120,GO:0038092,GO:0042060,GO:0042110,GO:0042177,GO:0042220,GO:0042307,GO:0043066,GO:0045216,GO:0045429,GO:0045596,GO:0045599,GO:0045893,GO:0045944,GO:0050728,GO:0050776,GO:0050821,GO:0050927,GO:0051481,GO:0051496,GO:0051881,GO:0051894,GO:0060290,GO:0060391,GO:0060395,GO:0061001,GO:0061045,GO:0061450,GO:0061767,GO:0071333,GO:0071363,GO:0071560,GO:0071635,GO:0090263,GO:0097190,GO:0097191,GO:0097305,GO:0098586,GO:0141091,GO:1901203,GO:1902893,GO:1902894,GO:1902895,GO:1903243,GO:1990776
200	GO:0000302,GO:0001523,GO:0001937,GO:0006629,GO:0006641,GO:0006869,GO:0006898,GO:0007010,GO:0007186,GO:0007271,GO:0007616,GO:0008202,GO:0008203,GO:0010544,GO:0010596,GO:0010629,GO:0010642,GO:0010875,GO:0010877,GO:0010976,GO:0010977,GO:0015909,GO:0017038,GO:0019068,GO:0030195,GO:0030516,GO:0031175,GO:0032438,GO:0032489,GO:0032805,GO:0033344,GO:0033700,GO:0034372,GO:0034374,GO:0034375,GO:0034380,GO:0034382,GO:0034384,GO:0034447,GO:0035641,GO:0038060,GO:0042157,GO:0042158,GO:0042632,GO:0042981,GO:0042982,GO:0043254,GO:0043409,GO:0043537,GO:0043691,GO:0044794,GO:0045088,GO:0045429,GO:0045541,GO:0045807,GO:0045893,GO:0046889,GO:0048168,GO:0048662,GO:0050709,GO:0050728,GO:0050807,GO:0051044,GO:0051055,GO:0051246,GO:0051248,GO:0055089,GO:0055090,GO:0060999,GO:0061000,GO:0061136,GO:0061771,GO:0070328,GO:0070374,GO:0071402,GO:0071830,GO:0071831,GO:0090090,GO:0090181,GO:0090205,GO:0090370,GO:0097006,GO:0097113,GO:0097114,GO:0098869,GO:0140077,GO:1900221,GO:1900223,GO:1900272,GO:1901627,GO:1901631,GO:1902004,GO:1902430,GO:1902951,GO:1902952,GO:1902991,GO:1902995,GO:1902998,GO:1902999,GO:1903001,GO:1903002,GO:1905890,GO:1905906,GO:1905907,GO:1905908,GO:2000822	GO:0001525,GO:0001569,GO:0001570,GO:0001755,GO:0001764,GO:0001938,GO:0002040,GO:0002042,GO:0003148,GO:0006930,GO:0007165,GO:0007229,GO:0007267,GO:0007399,GO:0007411,GO:0008045,GO:0009611,GO:0009887,GO:0010595,GO:0014911,GO:0021612,GO:0021637,GO:0021649,GO:0021785,GO:0021828,GO:0030154,GO:0030947,GO:0031290,GO:0032489,GO:0035729,GO:0035767,GO:0035924,GO:0036486,GO:0038084,GO:0038189,GO:0038190,GO:0042327,GO:0043524,GO:0043542,GO:0045766,GO:0046718,GO:0048008,GO:0048010,GO:0048012,GO:0048666,GO:0048842,GO:0048844,GO:0048846,GO:0050918,GO:0051491,GO:0051496,GO:0051894,GO:0060385,GO:0060627,GO:0060978,GO:0060982,GO:0061299,GO:0061441,GO:0061549,GO:0061551,GO:0070374,GO:0071526,GO:0071679,GO:0090050,GO:0097102,GO:0097374,GO:0097475,GO:0097490,GO:0097491,GO:0099173,GO:0120035,GO:0150018,GO:0150020,GO:1900026,GO:1901166,GO:1902946,GO:1903375,GO:1904835,GO:1905040,GO:2001237
200	GO:0000122,GO:0001570,GO:0001666,GO:0001937,GO:0006641,GO:0006816,GO:0006874,GO:0006940,GO:0007519,GO:0008104,GO:0009267,GO:0009617,GO:0010524,GO:0010608,GO:0010628,GO:0010875,GO:0016050,GO:0019065,GO:0019217,GO:0019915,GO:0030154,GO:0030193,GO:0030301,GO:0030335,GO:0030514,GO:0030857,GO:0030879,GO:0031295,GO:0031397,GO:0031398,GO:0031623,GO:0032507,GO:0032570,GO:0033484,GO:0038016,GO:0038166,GO:0042632,GO:0043123,GO:0043409,GO:0043627,GO:0044860,GO:0045019,GO:0045907,GO:0046209,GO:0046426,GO:0048550,GO:0051480,GO:0051592,GO:0051899,GO:0055074,GO:0060056,GO:0060070,GO:0060546,GO:0070836,GO:0071218,GO:0071375,GO:0071455,GO:0072584,GO:0086091,GO:0090090,GO:0097190,GO:0098903,GO:0098909,GO:0098911,GO:0120162,GO:1900027,GO:1901380,GO:1901844,GO:1903361,GO:1903598,GO:1904294,GO:2000535,GO:2000811,GO:2001238,GO:2001244	GO:0000122,GO:0001709,GO:0001806,GO:0001817,GO:0001822,GO:0001823,GO:0002376,GO:0002520,GO:0003180,GO:0003215,GO:0003281,GO:0006355,GO:0006357,GO:0006952,GO:0006954,GO:0007165,GO:0008285,GO:0008584,GO:0009410,GO:0009615,GO:0009653,GO:0009967,GO:0010332,GO:0010467,GO:0010595,GO:0010719,GO:0030154,GO:0030217,GO:0030225,GO:0030856,GO:0031929,GO:0032736,GO:0032753,GO:0032754,GO:0033600,GO:0035457,GO:0042421,GO:0043491,GO:0043583,GO:0043627,GO:0045064,GO:0045087,GO:0045165,GO:0045471,GO:0045582,GO:0045786,GO:0045892,GO:0045893,GO:0045944,GO:0048485,GO:0048568,GO:0048646,GO:0048731,GO:0050728,GO:0050793,GO:0050852,GO:0051216,GO:0051897,GO:0060037,GO:0060065,GO:0060070,GO:0060231,GO:0060676,GO:0071353,GO:0071356,GO:0072107,GO:0072178,GO:0072179,GO:0072182,GO:0072676,GO:0090102,GO:1902895,GO:2000146,GO:2000352,GO:2000611,GO:2000679,GO:2000683
200	GO:0000122,GO:0000165,GO:0001568,GO:0001649,GO:0001764,GO:0001782,GO:0001947,GO:0001958,GO:0001974,GO:0002062,GO:0002467,GO:0002634,GO:0002931,GO:0003138,GO:0003139,GO:0003151,GO:0003185,GO:0003211,GO:0006355,GO:0006915,GO:0006959,GO:0007399,GO:0007507,GO:0007517,GO:0007519,GO:0007521,GO:0007611,GO:0010628,GO:0010629,GO:0014033,GO:0014902,GO:0030154,GO:0030182,GO:0030220,GO:0030279,GO:0030318,GO:0030501,GO:0030890,GO:0035984,GO:0042100,GO:0043410,GO:0043523,GO:0043524,GO:0043537,GO:0045652,GO:0045663,GO:0045666,GO:0045669,GO:0045893,GO:0045944,GO:0046928,GO:0048167,GO:0048643,GO:0048666,GO:0048667,GO:0050853,GO:0051145,GO:0051963,GO:0051966,GO:0055012,GO:0060025,GO:0060045,GO:0060079,GO:0060998,GO:0061333,GO:0071222,GO:0071277,GO:0071374,GO:0071466,GO:0071498,GO:0071560,GO:0072102,GO:0072160,GO:0098989,GO:0098990,GO:1904706,GO:1904753,GO:1905563,GO:2000111,GO:2000727,GO:2000987,GO:2001013,GO:2001016	GO:0001837,GO:0001938,GO:0002088,GO:0002720,GO:0003138,GO:0003139,GO:0003281,GO:0003283,GO:0003408,GO:0006954,GO:0007200,GO:0007223,GO:0007409,GO:0007411,GO:0008104,GO:0008584,GO:0008595,GO:0010595,GO:0010628,GO:0010742,GO:0010820,GO:0010976,GO:0016055,GO:0021891,GO:0022008,GO:0030154,GO:0030182,GO:0030216,GO:0030901,GO:0032722,GO:0032729,GO:0032731,GO:0032755,GO:0032757,GO:0032760,GO:0035022,GO:0035567,GO:0036517,GO:0036518,GO:0042060,GO:0043032,GO:0043066,GO:0043122,GO:0043410,GO:0045165,GO:0045599,GO:0045732,GO:0045766,GO:0045778,GO:0045892,GO:0045893,GO:0045944,GO:0046330,GO:0048022,GO:0048146,GO:0048706,GO:0048806,GO:0048812,GO:0050727,GO:0050729,GO:0050807,GO:0051057,GO:0051216,GO:0051885,GO:0051897,GO:0051964,GO:0060070,GO:0060071,GO:0060324,GO:0060340,GO:0060760,GO:0060907,GO:0062009,GO:0071219,GO:0071222,GO:0071277,GO:0071300,GO:0071346,GO:0071425,GO:0071542,GO:0071560,GO:0072201,GO:0090090,GO:0097325,GO:0099054,GO:0099068,GO:0099170,GO:0099175,GO:0099566,GO:0150012,GO:1900020,GO:1902474,GO:1904861,GO:1904862,GO:1904934,GO:1904948,GO:2000052,GO:2001235
200	GO:0000122,GO:0001501,GO:0001503,GO:0001649,GO:0001658,GO:0001666,GO:0001701,GO:0001837,GO:0001934,GO:0002062,GO:0002573,GO:0003007,GO:0003129,GO:0003133,GO:0003176,GO:0003181,GO:0003203,GO:0003210,GO:0003272,GO:0003331,GO:0006355,GO:0006879,GO:0006954,GO:0007219,GO:0007267,GO:0007507,GO:0008284,GO:0008285,GO:0009887,GO:0010467,GO:0010628,GO:0010629,GO:0010718,GO:0010894,GO:0010922,GO:0021537,GO:0021978,GO:0022408,GO:0030154,GO:0030177,GO:0030282,GO:0030316,GO:0030335,GO:0030501,GO:0030509,GO:0030512,GO:0032348,GO:0033690,GO:0035051,GO:0035054,GO:0035360,GO:0042475,GO:0042482,GO:0043065,GO:0043410,GO:0043569,GO:0045165,GO:0045597,GO:0045599,GO:0045600,GO:0045666,GO:0045778,GO:0045786,GO:0045892,GO:0045893,GO:0045944,GO:0048662,GO:0048711,GO:0048762,GO:0048839,GO:0051042,GO:0051216,GO:0055007,GO:0055008,GO:0060039,GO:0060128,GO:0060129,GO:0060317,GO:0060348,GO:0060391,GO:0060426,GO:0060485,GO:0060537,GO:0061036,GO:0070374,GO:0071773,GO:0072138,GO:0090090,GO:1900159,GO:1900745,GO:1901331,GO:1902895,GO:1905072,GO:1905222,GO:2000065,GO:2000725,GO:2000726	GO:0001774,GO:0002282,GO:0002291,GO:0002588,GO:0002862,GO:0002931,GO:0006909,GO:0006910,GO:0006955,GO:0006959,GO:0007165,GO:0007166,GO:0007613,GO:0010468,GO:0010507,GO:0010628,GO:0010875,GO:0010887,GO:0010891,GO:0010983,GO:0019216,GO:0030316,GO:0032006,GO:0032008,GO:0032497,GO:0032499,GO:0032675,GO:0032691,GO:0032720,GO:0032733,GO:0034136,GO:0034144,GO:0034151,GO:0034241,GO:0034351,GO:0035176,GO:0038160,GO:0042742,GO:0043066,GO:0043124,GO:0043268,GO:0043277,GO:0045088,GO:0045672,GO:0045728,GO:0045960,GO:0048143,GO:0048468,GO:0048678,GO:0050714,GO:0050766,GO:0050829,GO:0050850,GO:0050866,GO:0050921,GO:0051897,GO:0051898,GO:0055088,GO:0060075,GO:0060100,GO:0061518,GO:0061889,GO:0070269,GO:0070345,GO:0070374,GO:0070392,GO:0071223,GO:0071224,GO:0071333,GO:0071396,GO:0071402,GO:0071456,GO:0071526,GO:0071640,GO:0080090,GO:0097028,GO:0097062,GO:0097242,GO:0098657,GO:0110089,GO:0120035,GO:0140052,GO:0150062,GO:0150076,GO:0150078,GO:0150079,GO:0150094,GO:1900015,GO:1900016,GO:1900223,GO:1900226,GO:1901076,GO:1901224,GO:1901800,GO:1902227,GO:1902533,GO:1903078,GO:1903082,GO:1903376,GO:1903753,GO:1903980,GO:1904093,GO:1904141,GO:1904646,GO:1904951,GO:1905291,GO:1905581,GO:1905805,GO:1905808,GO:1905907,GO:2000350,GO:2001171
200	GO:0000122,GO:0001501,GO:0001503,GO:0001649,GO:0001658,GO:0001666,GO:0001701,GO:0001837,GO:0001934,GO:0002062,GO:0002573,GO:0003007,GO:0003129,GO:0003133,GO:0003176,GO:0003181,GO:0003203,GO:0003210,GO:0003272,GO:0003331,GO:0006355,GO:0006879,GO:0006954,GO:0007219,GO:0007267,GO:0007507,GO:0008284,GO:0008285,GO:0009887,GO:0010467,GO:0010628,GO:0010629,GO:0010718,GO:0010894,GO:0010922,GO:0021537,GO:0021978,GO:0022408,GO:0030154,GO:0030177,GO:0030282,GO:0030316,GO:0030335,GO:0030501,GO:0030509,GO:0030512,GO:0032348,GO:0033690,GO:0035051,GO:0035054,GO:0035360,GO:0042475,GO:0042482,GO:0043065,GO:0043410,GO:0043569,GO:0045165,GO:0045597,GO:0045599,GO:0045600,GO:0045666,GO:0045778,GO:0045786,GO:0045892,GO:0045893,GO:0045944,GO:0048662,GO:0048711,GO:0048762,GO:0048839,GO:0051042,GO:0051216,GO:0055007,GO:0055008,GO:0060039,GO:0060128,GO:0060129,GO:0060317,GO:0060348,GO:0060391,GO:0060426,GO:0060485,GO:0060537,GO:0061036,GO:0070374,GO:0071773,GO:0072138,GO:0090090,GO:1900159,GO:1900745,GO:1901331,GO:1902895,GO:1905072,GO:1905222,GO:2000065,GO:2000725,GO:2000726	GO:0000077,GO:0001782,GO:0001817,GO:0001932,GO:0001933,GO:0002223,GO:0002244,GO:0002250,GO:0002376,GO:0002431,GO:0002513,GO:0002553,GO:0002576,GO:0002758,GO:0002762,GO:0002768,GO:0002774,GO:0002862,GO:0002902,GO:0006468,GO:0006950,GO:0006954,GO:0006974,GO:0006991,GO:0007165,GO:0007169,GO:0008284,GO:0008285,GO:0009410,GO:0009636,GO:0009725,GO:0009743,GO:0010976,GO:0014003,GO:0015908,GO:0018108,GO:0030097,GO:0030218,GO:0030222,GO:0030335,GO:0030889,GO:0031175,GO:0031295,GO:0031663,GO:0032868,GO:0033003,GO:0033628,GO:0034136,GO:0034142,GO:0034144,GO:0034145,GO:0034165,GO:0034605,GO:0035556,GO:0038043,GO:0038095,GO:0038096,GO:0038159,GO:0042100,GO:0042327,GO:0043200,GO:0043304,GO:0043407,GO:0043410,GO:0043434,GO:0045087,GO:0045646,GO:0046777,GO:0048013,GO:0048678,GO:0050727,GO:0050777,GO:0050855,GO:0050859,GO:0050900,GO:0051279,GO:0060252,GO:0060369,GO:0060397,GO:0070372,GO:0070373,GO:0070447,GO:0070667,GO:0070668,GO:0071300,GO:0071396,GO:0090025,GO:0090330,GO:0097028,GO:1902532,GO:1902993,GO:2000670
200	GO:0000122,GO:0001525,GO:0001554,GO:0001837,GO:0001947,GO:0002052,GO:0003151,GO:0003157,GO:0003160,GO:0003162,GO:0003169,GO:0003180,GO:0003181,GO:0003182,GO:0003184,GO:0003192,GO:0003198,GO:0003203,GO:0003207,GO:0003208,GO:0003209,GO:0003213,GO:0003214,GO:0003222,GO:0003241,GO:0003264,GO:0003273,GO:0003332,GO:0003344,GO:0006355,GO:0006357,GO:0006606,GO:0006955,GO:0007219,GO:0007221,GO:0007283,GO:0007368,GO:0007411,GO:0007507,GO:0008284,GO:0008285,GO:0010467,GO:0010614,GO:0010628,GO:0010629,GO:0010667,GO:0010718,GO:0010812,GO:0010832,GO:0014031,GO:0021515,GO:0030154,GO:0030163,GO:0030279,GO:0030334,GO:0030335,GO:0030513,GO:0030514,GO:0031100,GO:0032495,GO:0032496,GO:0032966,GO:0035148,GO:0035924,GO:0042127,GO:0042246,GO:0043086,GO:0045070,GO:0045603,GO:0045662,GO:0045665,GO:0045668,GO:0045687,GO:0045892,GO:0045893,GO:0045944,GO:0046427,GO:0046579,GO:0048708,GO:0048709,GO:0048711,GO:0048715,GO:0048873,GO:0050768,GO:0050793,GO:0051152,GO:0055008,GO:0060038,GO:0060045,GO:0060253,GO:0060271,GO:0060317,GO:0060354,GO:0060379,GO:0060411,GO:0060412,GO:0060842,GO:0060843,GO:0060948,GO:0060956,GO:0060979,GO:0060982,GO:0061344,GO:0061384,GO:0062043,GO:0070168,GO:0070374,GO:0070986,GO:0071228,GO:0071372,GO:0071456,GO:0072017,GO:0072044,GO:0072144,GO:0072538,GO:0090051,GO:0097150,GO:0097400,GO:0099565,GO:0120163,GO:1901201,GO:1902339,GO:2000048,GO:2000737,GO:2000811,GO:2000974,GO:2001027	GO:0000122,GO:0001501,GO:0001502,GO:0001503,GO:0001658,GO:0001708,GO:0001837,GO:0001894,GO:0001942,GO:0002009,GO:0002053,GO:0002062,GO:0002683,GO:0003170,GO:0003179,GO:0003180,GO:0003203,GO:0003413,GO:0003415,GO:0003430,GO:0006334,GO:0006338,GO:0007165,GO:0007173,GO:0007283,GO:0007417,GO:0007507,GO:0008284,GO:0008584,GO:0010467,GO:0010564,GO:0010628,GO:0010634,GO:0014036,GO:0019100,GO:0030154,GO:0030279,GO:0030850,GO:0030858,GO:0030879,GO:0030903,GO:0030916,GO:0032331,GO:0032332,GO:0035019,GO:0042127,GO:0042981,GO:0043066,GO:0045662,GO:0045668,GO:0045892,GO:0045893,GO:0045944,GO:0046322,GO:0046533,GO:0048709,GO:0050679,GO:0050680,GO:0051216,GO:0060008,GO:0060009,GO:0060041,GO:0060174,GO:0060221,GO:0060517,GO:0060729,GO:0060784,GO:0061036,GO:0061138,GO:0065003,GO:0070168,GO:0070371,GO:0070542,GO:0071260,GO:0071300,GO:0071347,GO:0071364,GO:0071504,GO:0071560,GO:0071599,GO:0071773,GO:0072034,GO:0072170,GO:0072190,GO:0072289,GO:0090090,GO:0090103,GO:0090184,GO:0090190,GO:1902732,GO:1902894,GO:1904864,GO:2000020,GO:2000741
200	GO:0001649,GO:0001938,GO:0002042,GO:0002430,GO:0003376,GO:0005977,GO:0005978,GO:0005979,GO:0006006,GO:0006417,GO:0006468,GO:0006809,GO:0006915,GO:0006924,GO:0006979,GO:0007165,GO:0007173,GO:0007186,GO:0007399,GO:0008283,GO:0008286,GO:0009408,GO:0009725,GO:0010507,GO:0010595,GO:0010628,GO:0010629,GO:0010748,GO:0010761,GO:0010907,GO:0010975,GO:0016242,GO:0018105,GO:0018107,GO:0019221,GO:0030154,GO:0030307,GO:0030334,GO:0030335,GO:0031295,GO:0031397,GO:0031929,GO:0031999,GO:0032079,GO:0032436,GO:0032869,GO:0033138,GO:0033554,GO:0034405,GO:0035556,GO:0035655,GO:0042307,GO:0042981,GO:0043066,GO:0043276,GO:0043488,GO:0043491,GO:0043536,GO:0045429,GO:0045600,GO:0045725,GO:0045746,GO:0045861,GO:0045944,GO:0046209,GO:0046326,GO:0046889,GO:0048009,GO:0048266,GO:0048661,GO:0051247,GO:0051897,GO:0060079,GO:0060416,GO:0060644,GO:0070141,GO:0070585,GO:0070848,GO:0071364,GO:0072656,GO:0072752,GO:0090201,GO:0097700,GO:0099175,GO:0110002,GO:0140052,GO:0150033,GO:0160049,GO:0160213,GO:1900087,GO:1900182,GO:1901796,GO:1902018,GO:1902176,GO:1903038,GO:1903078,GO:1903318,GO:1903384,GO:1903898,GO:1904263,GO:1904515,GO:1905552,GO:1905786,GO:1990090,GO:1990418,GO:2000010,GO:2000074,GO:2000402,GO:2001240,GO:2001243	GO:0000122,GO:0001525,GO:0001541,GO:0001569,GO:0001570,GO:0001666,GO:0001701,GO:0001822,GO:0001934,GO:0001938,GO:0002040,GO:0002042,GO:0002052,GO:0002092,GO:0002376,GO:0002575,GO:0002687,GO:0003007,GO:0003151,GO:0003169,GO:0006357,GO:0007200,GO:0007399,GO:0007498,GO:0007595,GO:0008284,GO:0008360,GO:0010595,GO:0010628,GO:0010629,GO:0010719,GO:0010749,GO:0030154,GO:0030224,GO:0030225,GO:0030324,GO:0030335,GO:0030855,GO:0031077,GO:0031290,GO:0031334,GO:0031954,GO:0035148,GO:0035767,GO:0035924,GO:0036303,GO:0036324,GO:0038033,GO:0038084,GO:0038091,GO:0038190,GO:0042462,GO:0043066,GO:0043117,GO:0043123,GO:0043129,GO:0043410,GO:0043536,GO:0045766,GO:0045785,GO:0045944,GO:0048010,GO:0048469,GO:0048593,GO:0048842,GO:0048844,GO:0050679,GO:0050918,GO:0050927,GO:0050930,GO:0051781,GO:0051894,GO:0051897,GO:0055013,GO:0060319,GO:0060749,GO:0060754,GO:0060948,GO:0060982,GO:0061042,GO:0070374,GO:0071456,GO:0071542,GO:0071679,GO:0090050,GO:0090190,GO:0097475,GO:0097533,GO:0120162,GO:1900748,GO:1901165,GO:1902894,GO:1902966,GO:1903141,GO:1903392,GO:1903589,GO:1903672,GO:1905278,GO:1905555,GO:1905604,GO:2000048,GO:2000573,GO:2001028
200	GO:0000122,GO:0001525,GO:0001657,GO:0001701,GO:0001837,GO:0002053,GO:0003148,GO:0003149,GO:0003416,GO:0006915,GO:0007267,GO:0007409,GO:0008284,GO:0008543,GO:0008589,GO:0009791,GO:0009880,GO:0009887,GO:0010518,GO:0010839,GO:0016331,GO:0018108,GO:0021769,GO:0021847,GO:0021860,GO:0022612,GO:0030177,GO:0030282,GO:0030324,GO:0030855,GO:0030901,GO:0030916,GO:0031069,GO:0032496,GO:0032808,GO:0033688,GO:0035265,GO:0035602,GO:0035603,GO:0035604,GO:0035607,GO:0042472,GO:0042476,GO:0043009,GO:0043410,GO:0044344,GO:0045165,GO:0045471,GO:0045595,GO:0045667,GO:0045787,GO:0045944,GO:0046777,GO:0048286,GO:0048333,GO:0048557,GO:0048562,GO:0048565,GO:0048568,GO:0048608,GO:0048701,GO:0048705,GO:0048730,GO:0048755,GO:0048762,GO:0050679,GO:0050680,GO:0051150,GO:0051781,GO:0055010,GO:0060045,GO:0060174,GO:0060348,GO:0060349,GO:0060442,GO:0060445,GO:0060449,GO:0060463,GO:0060484,GO:0060501,GO:0060512,GO:0060523,GO:0060527,GO:0060529,GO:0060601,GO:0060615,GO:0060664,GO:0060667,GO:0060670,GO:0060688,GO:0060915,GO:0060916,GO:0070372,GO:0070374,GO:0071300,GO:0071456,GO:0071560,GO:0090263,GO:1904707,GO:1904888	GO:0001525,GO:0001569,GO:0001570,GO:0001755,GO:0001764,GO:0001938,GO:0002040,GO:0002042,GO:0003148,GO:0006930,GO:0007165,GO:0007229,GO:0007267,GO:0007399,GO:0007411,GO:0008045,GO:0009611,GO:0009887,GO:0010595,GO:0014911,GO:0021612,GO:0021637,GO:0021649,GO:0021785,GO:0021828,GO:0030154,GO:0030947,GO:0031290,GO:0032489,GO:0035729,GO:0035767,GO:0035924,GO:0036486,GO:0038084,GO:0038189,GO:0038190,GO:0042327,GO:0043524,GO:0043542,GO:0045766,GO:0046718,GO:0048008,GO:0048010,GO:0048012,GO:0048666,GO:0048842,GO:0048844,GO:0048846,GO:0050918,GO:0051491,GO:0051496,GO:0051894,GO:0060385,GO:0060627,GO:0060978,GO:0060982,GO:0061299,GO:0061441,GO:0061549,GO:0061551,GO:0070374,GO:0071526,GO:0071679,GO:0090050,GO:0097102,GO:0097374,GO:0097475,GO:0097490,GO:0097491,GO:0099173,GO:0120035,GO:0150018,GO:0150020,GO:1900026,GO:1901166,GO:1902946,GO:1903375,GO:1904835,GO:1905040,GO:2001237
200	GO:0000122,GO:0001503,GO:0001649,GO:0001657,GO:0001658,GO:0001822,GO:0001823,GO:0001934,GO:0001938,GO:0001958,GO:0002043,GO:0002062,GO:0002244,GO:0002320,GO:0002573,GO:0003007,GO:0003129,GO:0003139,GO:0003148,GO:0003149,GO:0003151,GO:0003163,GO:0003180,GO:0003184,GO:0003197,GO:0003279,GO:0003323,GO:0007498,GO:0008284,GO:0008285,GO:0009791,GO:0010453,GO:0010467,GO:0010628,GO:0010629,GO:0010718,GO:0021537,GO:0022408,GO:0030154,GO:0030224,GO:0030225,GO:0030335,GO:0030501,GO:0030509,GO:0030513,GO:0030858,GO:0032092,GO:0032967,GO:0033085,GO:0033088,GO:0035990,GO:0035993,GO:0042306,GO:0042476,GO:0043065,GO:0043068,GO:0045596,GO:0045603,GO:0045606,GO:0045662,GO:0045669,GO:0045778,GO:0045786,GO:0045839,GO:0045843,GO:0045892,GO:0045893,GO:0045944,GO:0048286,GO:0048392,GO:0048661,GO:0048662,GO:0048745,GO:0048863,GO:0050679,GO:0050918,GO:0051216,GO:0051241,GO:0055007,GO:0055020,GO:0060391,GO:0060425,GO:0060426,GO:0060433,GO:0060438,GO:0060441,GO:0060502,GO:0060503,GO:0060537,GO:0060976,GO:0061036,GO:0061047,GO:0061626,GO:0070244,GO:0071773,GO:0072104,GO:0072125,GO:0072179,GO:0072197,GO:0072200,GO:0090189,GO:0090191,GO:0090194,GO:1900182,GO:1900745,GO:1901331,GO:1902894,GO:1904706,GO:1904753,GO:1905312,GO:2000005,GO:2000007,GO:2000636,GO:2000725,GO:2001237	GO:0000122,GO:0001525,GO:0001554,GO:0001837,GO:0001947,GO:0002052,GO:0003151,GO:0003157,GO:0003160,GO:0003162,GO:0003169,GO:0003180,GO:0003181,GO:0003182,GO:0003184,GO:0003192,GO:0003198,GO:0003203,GO:0003207,GO:0003208,GO:0003209,GO:0003213,GO:0003214,GO:0003222,GO:0003241,GO:0003264,GO:0003273,GO:0003332,GO:0003344,GO:0006355,GO:0006357,GO:0006606,GO:0006955,GO:0007219,GO:0007221,GO:0007283,GO:0007368,GO:0007411,GO:0007507,GO:0008284,GO:0008285,GO:0010467,GO:0010614,GO:0010628,GO:0010629,GO:0010667,GO:0010718,GO:0010812,GO:0010832,GO:0014031,GO:0021515,GO:0030154,GO:0030163,GO:0030279,GO:0030334,GO:0030335,GO:0030513,GO:0030514,GO:0031100,GO:0032495,GO:0032496,GO:0032966,GO:0035148,GO:0035924,GO:0042127,GO:0042246,GO:0043086,GO:0045070,GO:0045603,GO:0045662,GO:0045665,GO:0045668,GO:0045687,GO:0045892,GO:0045893,GO:0045944,GO:0046427,GO:0046579,GO:0048708,GO:0048709,GO:0048711,GO:0048715,GO:0048873,GO:0050768,GO:0050793,GO:0051152,GO:0055008,GO:0060038,GO:0060045,GO:0060253,GO:0060271,GO:0060317,GO:0060354,GO:0060379,GO:0060411,GO:0060412,GO:0060842,GO:0060843,GO:0060948,GO:0060956,GO:0060979,GO:0060982,GO:0061344,GO:0061384,GO:0062043,GO:0070168,GO:0070374,GO:0070986,GO:0071228,GO:0071372,GO:0071456,GO:0072017,GO:0072044,GO:0072144,GO:0072538,GO:0090051,GO:0097150,GO:0097400,GO:0099565,GO:0120163,GO:1901201,GO:1902339,GO:2000048,GO:2000737,GO:2000811,GO:2000974,GO:2001027
200	GO:0001659,GO:0001666,GO:0001963,GO:0001975,GO:0001976,GO:0002027,GO:0002028,GO:0002031,GO:0002052,GO:0002092,GO:0006874,GO:0006914,GO:0007165,GO:0007186,GO:0007188,GO:0007195,GO:0007200,GO:0007212,GO:0007270,GO:0007409,GO:0007416,GO:0007608,GO:0007616,GO:0007626,GO:0007628,GO:0008104,GO:0008285,GO:0008306,GO:0008542,GO:0009410,GO:0009416,GO:0009636,GO:0010039,GO:0014059,GO:0014854,GO:0016055,GO:0021756,GO:0021769,GO:0021853,GO:0021984,GO:0030336,GO:0030432,GO:0030900,GO:0031223,GO:0032228,GO:0032355,GO:0032467,GO:0032922,GO:0033602,GO:0034776,GO:0035094,GO:0035305,GO:0035556,GO:0042220,GO:0042321,GO:0042417,GO:0042756,GO:0043266,GO:0043278,GO:0043408,GO:0045471,GO:0045745,GO:0045776,GO:0045824,GO:0045944,GO:0046676,GO:0046717,GO:0048148,GO:0048149,GO:0048169,GO:0048678,GO:0048755,GO:0050482,GO:0050709,GO:0050769,GO:0050805,GO:0051209,GO:0051240,GO:0051481,GO:0051580,GO:0051584,GO:0051586,GO:0051823,GO:0051898,GO:0051952,GO:0051967,GO:0060079,GO:0060124,GO:0060134,GO:0060158,GO:0060160,GO:0070374,GO:0071300,GO:0071361,GO:0090325,GO:0097305,GO:0099170,GO:0099171,GO:0160213,GO:1900038,GO:1900168,GO:1900273,GO:1903530,GO:1990384	GO:0001774,GO:0002282,GO:0002291,GO:0002588,GO:0002862,GO:0002931,GO:0006909,GO:0006910,GO:0006955,GO:0006959,GO:0007165,GO:0007166,GO:0007613,GO:0010468,GO:0010507,GO:0010628,GO:0010875,GO:0010887,GO:0010891,GO:0010983,GO:0019216,GO:0030316,GO:0032006,GO:0032008,GO:0032497,GO:0032499,GO:0032675,GO:0032691,GO:0032720,GO:0032733,GO:0034136,GO:0034144,GO:0034151,GO:0034241,GO:0034351,GO:0035176,GO:0038160,GO:0042742,GO:0043066,GO:0043124,GO:0043268,GO:0043277,GO:0045088,GO:0045672,GO:0045728,GO:0045960,GO:0048143,GO:0048468,GO:0048678,GO:0050714,GO:0050766,GO:0050829,GO:0050850,GO:0050866,GO:0050921,GO:0051897,GO:0051898,GO:0055088,GO:0060075,GO:0060100,GO:0061518,GO:0061889,GO:0070269,GO:0070345,GO:0070374,GO:0070392,GO:0071223,GO:0071224,GO:0071333,GO:0071396,GO:0071402,GO:0071456,GO:0071526,GO:0071640,GO:0080090,GO:0097028,GO:0097062,GO:0097242,GO:0098657,GO:0110089,GO:0120035,GO:0140052,GO:0150062,GO:0150076,GO:0150078,GO:0150079,GO:0150094,GO:1900015,GO:1900016,GO:1900223,GO:1900226,GO:1901076,GO:1901224,GO:1901800,GO:1902227,GO:1902533,GO:1903078,GO:1903082,GO:1903376,GO:1903753,GO:1903980,GO:1904093,GO:1904141,GO:1904646,GO:1904951,GO:1905291,GO:1905581,GO:1905805,GO:1905808,GO:1905907,GO:2000350,GO:2001171
200	GO:0000278,GO:0002252,GO:0002429,GO:0006281,GO:0006298,GO:0006355,GO:0006897,GO:0006909,GO:0006914,GO:0006915,GO:0006974,GO:0006979,GO:0007155,GO:0007173,GO:0007204,GO:0007229,GO:0007611,GO:0008306,GO:0008630,GO:0009410,GO:0010468,GO:0010506,GO:0010557,GO:0010595,GO:0030036,GO:0030041,GO:0030100,GO:0030155,GO:0030516,GO:0030845,GO:0031113,GO:0032489,GO:0032956,GO:0034599,GO:0034976,GO:0035556,GO:0035791,GO:0036211,GO:0038096,GO:0038189,GO:0042770,GO:0043065,GO:0043525,GO:0043542,GO:0045580,GO:0045595,GO:0045785,GO:0045907,GO:0045944,GO:0048008,GO:0048013,GO:0048146,GO:0051444,GO:0051450,GO:0051496,GO:0051726,GO:0051882,GO:0051894,GO:0060038,GO:0070301,GO:0071103,GO:0071560,GO:0071871,GO:0090050,GO:0097706,GO:0099150,GO:0141214,GO:1900006,GO:1900026,GO:1900272,GO:1901701,GO:1902036,GO:1902531,GO:1903055,GO:1903210,GO:1903351,GO:1903905,GO:1904518,GO:1905244,GO:1905555,GO:2000042,GO:2000145,GO:2000406	GO:0000122,GO:0000165,GO:0001568,GO:0001649,GO:0001764,GO:0001782,GO:0001947,GO:0001958,GO:0001974,GO:0002062,GO:0002467,GO:0002634,GO:0002931,GO:0003138,GO:0003139,GO:0003151,GO:0003185,GO:0003211,GO:0006355,GO:0006915,GO:0006959,GO:0007399,GO:0007507,GO:0007517,GO:0007519,GO:0007521,GO:0007611,GO:0010628,GO:0010629,GO:0014033,GO:0014902,GO:0030154,GO:0030182,GO:0030220,GO:0030279,GO:0030318,GO:0030501,GO:0030890,GO:0035984,GO:0042100,GO:0043410,GO:0043523,GO:0043524,GO:0043537,GO:0045652,GO:0045663,GO:0045666,GO:0045669,GO:0045893,GO:0045944,GO:0046928,GO:0048167,GO:0048643,GO:0048666,GO:0048667,GO:0050853,GO:0051145,GO:0051963,GO:0051966,GO:0055012,GO:0060025,GO:0060045,GO:0060079,GO:0060998,GO:0061333,GO:0071222,GO:0071277,GO:0071374,GO:0071466,GO:0071498,GO:0071560,GO:0072102,GO:0072160,GO:0098989,GO:0098990,GO:1904706,GO:1904753,GO:1905563,GO:2000111,GO:2000727,GO:2000987,GO:2001013,GO:2001016
200	GO:0001781,GO:0001960,GO:0002314,GO:0002384,GO:0002446,GO:0002548,GO:0002639,GO:0002675,GO:0002690,GO:0006953,GO:0006954,GO:0006955,GO:0006959,GO:0007259,GO:0008284,GO:0008285,GO:0010573,GO:0010574,GO:0010575,GO:0010628,GO:0010718,GO:0010888,GO:0014823,GO:0019221,GO:0030154,GO:0030168,GO:0031018,GO:0031175,GO:0032494,GO:0032682,GO:0032722,GO:0032731,GO:0032733,GO:0032740,GO:0032745,GO:0032755,GO:0032757,GO:0032760,GO:0032966,GO:0033138,GO:0035425,GO:0035633,GO:0038001,GO:0042102,GO:0042593,GO:0043065,GO:0043066,GO:0043410,GO:0045599,GO:0045669,GO:0045727,GO:0045765,GO:0045779,GO:0045893,GO:0045944,GO:0046427,GO:0048661,GO:0050731,GO:0050768,GO:0050796,GO:0050829,GO:0050830,GO:0050871,GO:0051223,GO:0051251,GO:0051384,GO:0051607,GO:0060252,GO:0061470,GO:0061888,GO:0070050,GO:0070091,GO:0070092,GO:0070102,GO:0070301,GO:0070345,GO:0071222,GO:0072540,GO:0072574,GO:0090091,GO:0090594,GO:0097421,GO:0097696,GO:0098586,GO:0150077,GO:0150078,GO:1900017,GO:1901731,GO:1902512,GO:1902895,GO:1903978,GO:1904894,GO:1904996,GO:2000553,GO:2000635,GO:2000660,GO:2000676	GO:0000122,GO:0001525,GO:0001558,GO:0001889,GO:0001934,GO:0001935,GO:0002639,GO:0006355,GO:0006357,GO:0006366,GO:0006511,GO:0006629,GO:0006633,GO:0006914,GO:0006915,GO:0006955,GO:0006986,GO:0007517,GO:0008284,GO:0010506,GO:0010508,GO:0010832,GO:0015031,GO:0030154,GO:0030335,GO:0030512,GO:0030968,GO:0031647,GO:0031648,GO:0031670,GO:0032008,GO:0032755,GO:0032869,GO:0034599,GO:0034976,GO:0035356,GO:0035470,GO:0035924,GO:0036498,GO:0036500,GO:0036503,GO:0042149,GO:0042307,GO:0042632,GO:0043066,GO:0043491,GO:0045348,GO:0045579,GO:0045582,GO:0045600,GO:0045766,GO:0045944,GO:0048010,GO:0048666,GO:0051897,GO:0055089,GO:0055092,GO:0060392,GO:0060612,GO:0070059,GO:0070373,GO:0071073,GO:0071222,GO:0071230,GO:0071332,GO:0071333,GO:0071353,GO:0071375,GO:0071498,GO:0071499,GO:1900017,GO:1900100,GO:1900102,GO:1901985,GO:1902236,GO:1903489,GO:1904294,GO:1904707,GO:1904754,GO:1990418,GO:2000347,GO:2000353
200	GO:0000122,GO:0001709,GO:0001806,GO:0001817,GO:0001822,GO:0001823,GO:0002376,GO:0002520,GO:0003180,GO:0003215,GO:0003281,GO:0006355,GO:0006357,GO:0006952,GO:0006954,GO:0007165,GO:0008285,GO:0008584,GO:0009410,GO:0009615,GO:0009653,GO:0009967,GO:0010332,GO:0010467,GO:0010595,GO:0010719,GO:0030154,GO:0030217,GO:0030225,GO:0030856,GO:0031929,GO:0032736,GO:0032753,GO:0032754,GO:0033600,GO:0035457,GO:0042421,GO:0043491,GO:0043583,GO:0043627,GO:0045064,GO:0045087,GO:0045165,GO:0045471,GO:0045582,GO:0045786,GO:0045892,GO:0045893,GO:0045944,GO:0048485,GO:0048568,GO:0048646,GO:0048731,GO:0050728,GO:0050793,GO:0050852,GO:0051216,GO:0051897,GO:0060037,GO:0060065,GO:0060070,GO:0060231,GO:0060676,GO:0071353,GO:0071356,GO:0072107,GO:0072178,GO:0072179,GO:0072182,GO:0072676,GO:0090102,GO:1902895,GO:2000146,GO:2000352,GO:2000611,GO:2000679,GO:2000683	GO:0001781,GO:0001960,GO:0002314,GO:0002384,GO:0002446,GO:0002548,GO:0002639,GO:0002675,GO:0002690,GO:0006953,GO:0006954,GO:0006955,GO:0006959,GO:0007259,GO:0008284,GO:0008285,GO:0010573,GO:0010574,GO:0010575,GO:0010628,GO:0010718,GO:0010888,GO:0014823,GO:0019221,GO:0030154,GO:0030168,GO:0031018,GO:0031175,GO:0032494,GO:0032682,GO:0032722,GO:0032731,GO:0032733,GO:0032740,GO:0032745,GO:0032755,GO:0032757,GO:0032760,GO:0032966,GO:0033138,GO:0035425,GO:0035633,GO:0038001,GO:0042102,GO:0042593,GO:0043065,GO:0043066,GO:0043410,GO:0045599,GO:0045669,GO:0045727,GO:0045765,GO:0045779,GO:0045893,GO:0045944,GO:0046427,GO:0048661,GO:0050731,GO:0050768,GO:0050796,GO:0050829,GO:0050830,GO:0050871,GO:0051223,GO:0051251,GO:0051384,GO:0051607,GO:0060252,GO:0061470,GO:0061888,GO:0070050,GO:0070091,GO:0070092,GO:0070102,GO:0070301,GO:0070345,GO:0071222,GO:0072540,GO:0072574,GO:0090091,GO:0090594,GO:0097421,GO:0097696,GO:0098586,GO:0150077,GO:0150078,GO:1900017,GO:1901731,GO:1902512,GO:1902895,GO:1903978,GO:1904894,GO:1904996,GO:2000553,GO:2000635,GO:2000660,GO:2000676
200	GO:0000122,GO:0001569,GO:0001570,GO:0001656,GO:0001658,GO:0001708,GO:0001755,GO:0001947,GO:0002320,GO:0003140,GO:0006508,GO:0007224,GO:0007267,GO:0007389,GO:0007405,GO:0007411,GO:0007417,GO:0007418,GO:0007507,GO:0008209,GO:0008284,GO:0009880,GO:0009888,GO:0009949,GO:0009953,GO:0010468,GO:0010629,GO:0016539,GO:0016540,GO:0021930,GO:0030162,GO:0030182,GO:0030324,GO:0030326,GO:0030336,GO:0030539,GO:0030850,GO:0030900,GO:0030901,GO:0030902,GO:0033077,GO:0033089,GO:0033092,GO:0035295,GO:0042127,GO:0042481,GO:0042733,GO:0043066,GO:0043369,GO:0045059,GO:0045060,GO:0045165,GO:0045596,GO:0045880,GO:0045893,GO:0045944,GO:0046638,GO:0048468,GO:0048513,GO:0048538,GO:0048663,GO:0048709,GO:0048745,GO:0048754,GO:0048864,GO:0050793,GO:0051781,GO:0060684,GO:0061053,GO:0061189,GO:0071542,GO:0072136,GO:0072205,GO:0090370,GO:0097190,GO:0097264,GO:1900107,GO:1900180,GO:1904339,GO:2000062,GO:2000063,GO:2000357,GO:2000358,GO:2000729	GO:0000902,GO:0001501,GO:0001654,GO:0001666,GO:0001822,GO:0001837,GO:0001843,GO:0001942,GO:0003007,GO:0003148,GO:0003149,GO:0003151,GO:0003179,GO:0003181,GO:0003184,GO:0003203,GO:0003215,GO:0003222,GO:0003274,GO:0003289,GO:0003407,GO:0007179,GO:0007423,GO:0007435,GO:0007507,GO:0008284,GO:0008285,GO:0008347,GO:0008584,GO:0009611,GO:0009792,GO:0010002,GO:0010628,GO:0010629,GO:0010634,GO:0010718,GO:0010936,GO:0014706,GO:0016477,GO:0016525,GO:0023052,GO:0030097,GO:0030199,GO:0030307,GO:0030308,GO:0030326,GO:0030593,GO:0030855,GO:0031069,GO:0032570,GO:0032874,GO:0032909,GO:0032956,GO:0033630,GO:0035910,GO:0042060,GO:0042127,GO:0042416,GO:0042476,GO:0042704,GO:0043065,GO:0043525,GO:0045216,GO:0045597,GO:0045726,GO:0045747,GO:0045787,GO:0045823,GO:0046580,GO:0048103,GO:0048566,GO:0048666,GO:0048699,GO:0048839,GO:0050680,GO:0050714,GO:0050778,GO:0051130,GO:0051240,GO:0051781,GO:0051794,GO:0051795,GO:0051891,GO:0051897,GO:0060038,GO:0060065,GO:0060317,GO:0060325,GO:0060391,GO:0060412,GO:0060413,GO:0061626,GO:0062009,GO:0062043,GO:0071363,GO:0090091,GO:0097191,GO:0141091,GO:1900182,GO:1902256,GO:1902895,GO:1903701,GO:1904238,GO:1904888,GO:1905006,GO:1905007
200	GO:0000278,GO:0002252,GO:0002429,GO:0006281,GO:0006298,GO:0006355,GO:0006897,GO:0006909,GO:0006914,GO:0006915,GO:0006974,GO:0006979,GO:0007155,GO:0007173,GO:0007204,GO:0007229,GO:0007611,GO:0008306,GO:0008630,GO:0009410,GO:0010468,GO:0010506,GO:0010557,GO:0010595,GO:0030036,GO:0030041,GO:0030100,GO:0030155,GO:0030516,GO:0030845,GO:0031113,GO:0032489,GO:0032956,GO:0034599,GO:0034976,GO:0035556,GO:0035791,GO:0036211,GO:0038096,GO:0038189,GO:0042770,GO:0043065,GO:0043525,GO:0043542,GO:0045580,GO:0045595,GO:0045785,GO:0045907,GO:0045944,GO:0048008,GO:0048013,GO:0048146,GO:0051444,GO:0051450,GO:0051496,GO:0051726,GO:0051882,GO:0051894,GO:0060038,GO:0070301,GO:0071103,GO:0071560,GO:0071871,GO:0090050,GO:0097706,GO:0099150,GO:0141214,GO:1900006,GO:1900026,GO:1900272,GO:1901701,GO:1902036,GO:1902531,GO:1903055,GO:1903210,GO:1903351,GO:1903905,GO:1904518,GO:1905244,GO:1905555,GO:2000042,GO:2000145,GO:2000406	GO:0000122,GO:0001890,GO:0006355,GO:0006357,GO:0006631,GO:0007186,GO:0007584,GO:0008217,GO:0009755,GO:0010628,GO:0010629,GO:0010745,GO:0010875,GO:0010887,GO:0010888,GO:0015909,GO:0016525,GO:0030154,GO:0030224,GO:0030509,GO:0030512,GO:0030514,GO:0030522,GO:0030855,GO:0031348,GO:0031667,GO:0032376,GO:0032869,GO:0033993,GO:0035357,GO:0042593,GO:0042752,GO:0042789,GO:0043409,GO:0043537,GO:0045087,GO:0045165,GO:0045444,GO:0045600,GO:0045668,GO:0045834,GO:0045892,GO:0045893,GO:0045923,GO:0045944,GO:0048384,GO:0048469,GO:0048511,GO:0048662,GO:0050728,GO:0050872,GO:0050873,GO:0051049,GO:0051241,GO:0055088,GO:0060336,GO:0060392,GO:0070165,GO:0071404,GO:0071456,GO:0090258,GO:0140077,GO:0141193,GO:1900076,GO:1901202,GO:1902894,GO:1902895,GO:1903243,GO:1903845,GO:1904179,GO:1904597,GO:1904706,GO:1904893,GO:1905461,GO:1905563,GO:2001235
200	GO:0000122,GO:0000165,GO:0001666,GO:0001821,GO:0001975,GO:0003015,GO:0003094,GO:0003100,GO:0003253,GO:0003357,GO:0006366,GO:0006874,GO:0007005,GO:0007166,GO:0007186,GO:0007204,GO:0007267,GO:0007411,GO:0008217,GO:0008284,GO:0009410,GO:0010193,GO:0010460,GO:0010467,GO:0010595,GO:0010613,GO:0010629,GO:0014033,GO:0014034,GO:0014823,GO:0014824,GO:0014826,GO:0019229,GO:0019722,GO:0023019,GO:0030072,GO:0030185,GO:0030195,GO:0030335,GO:0030878,GO:0031175,GO:0031394,GO:0032308,GO:0032496,GO:0033574,GO:0034392,GO:0034696,GO:0035050,GO:0035094,GO:0035556,GO:0035994,GO:0042045,GO:0042310,GO:0042482,GO:0042554,GO:0043200,GO:0043410,GO:0043491,GO:0044321,GO:0044751,GO:0045321,GO:0045429,GO:0045793,GO:0045840,GO:0045944,GO:0045987,GO:0046330,GO:0046887,GO:0046888,GO:0048661,GO:0048675,GO:0050850,GO:0051248,GO:0051899,GO:0060070,GO:0060137,GO:0060298,GO:0060385,GO:0061051,GO:0061626,GO:0070101,GO:0070294,GO:0070301,GO:0070371,GO:0070588,GO:0071277,GO:0071346,GO:0071347,GO:0071356,GO:0071372,GO:0071373,GO:0071375,GO:0071385,GO:0071389,GO:0071398,GO:0071456,GO:0071466,GO:0071526,GO:0071548,GO:0071559,GO:0071560,GO:0072011,GO:0072112,GO:0086100,GO:0090023,GO:0097237,GO:0097492,GO:0097746,GO:0141156,GO:0160195,GO:1900182,GO:1901224,GO:1902074,GO:1903537,GO:1904707,GO:1905653,GO:2001259	GO:0000122,GO:0002244,GO:0006289,GO:0006355,GO:0006357,GO:0006914,GO:0006915,GO:0006974,GO:0006979,GO:0006983,GO:0007265,GO:0007623,GO:0008104,GO:0008285,GO:0008340,GO:0009299,GO:0009410,GO:0009411,GO:0010212,GO:0010332,GO:0010628,GO:0012501,GO:0016032,GO:0030308,GO:0030330,GO:0031571,GO:0032211,GO:0033209,GO:0034644,GO:0042149,GO:0042771,GO:0042981,GO:0043065,GO:0043066,GO:0043153,GO:0045815,GO:0045892,GO:0045893,GO:0045899,GO:0045944,GO:0046677,GO:0048147,GO:0048511,GO:0048512,GO:0048539,GO:0051053,GO:0051097,GO:0051262,GO:0051726,GO:0060218,GO:0060333,GO:0062100,GO:0065003,GO:0070059,GO:0070245,GO:0071456,GO:0071466,GO:0071479,GO:0071480,GO:0072331,GO:0072332,GO:0072717,GO:0090200,GO:0090398,GO:0090399,GO:0090403,GO:0097190,GO:0097193,GO:0097252,GO:1900119,GO:1902749,GO:1902895,GO:1903451,GO:1905856,GO:2000379,GO:2000774,GO:2001242,GO:2001244
200	GO:0001660,GO:0001819,GO:0002282,GO:0002711,GO:0006915,GO:0006954,GO:0006955,GO:0007165,GO:0007267,GO:0007566,GO:0008284,GO:0008285,GO:0010573,GO:0010575,GO:0010628,GO:0010641,GO:0010718,GO:0010744,GO:0010829,GO:0014805,GO:0019221,GO:0030213,GO:0030224,GO:0030335,GO:0030949,GO:0031394,GO:0031622,GO:0032308,GO:0032496,GO:0032691,GO:0032725,GO:0032729,GO:0032743,GO:0032755,GO:0032757,GO:0033092,GO:0034116,GO:0042102,GO:0043122,GO:0043123,GO:0043409,GO:0043410,GO:0045429,GO:0045766,GO:0045833,GO:0045840,GO:0045893,GO:0045917,GO:0046330,GO:0046627,GO:0046827,GO:0050691,GO:0050728,GO:0050729,GO:0050767,GO:0050768,GO:0050796,GO:0050805,GO:0050830,GO:0050995,GO:0050996,GO:0050999,GO:0051044,GO:0051781,GO:0051897,GO:0060252,GO:0060355,GO:0070164,GO:0070372,GO:0070374,GO:0070487,GO:0070498,GO:0070555,GO:0071222,GO:0071260,GO:0071466,GO:0071639,GO:0097398,GO:0150078,GO:1900745,GO:1901224,GO:1902680,GO:1903140,GO:1903530,GO:1903597,GO:1905075,GO:2000556,GO:2000660,GO:2001240	GO:0000012,GO:0000122,GO:0000183,GO:0000720,GO:0000731,GO:0001525,GO:0001678,GO:0001934,GO:0001938,GO:0002821,GO:0006325,GO:0006346,GO:0006476,GO:0006642,GO:0006915,GO:0006974,GO:0006979,GO:0007179,GO:0007346,GO:0007517,GO:0007623,GO:0008284,GO:0008630,GO:0009267,GO:0010629,GO:0010824,GO:0010868,GO:0010875,GO:0010883,GO:0010906,GO:0016239,GO:0016567,GO:0018394,GO:0030154,GO:0030225,GO:0030512,GO:0030968,GO:0031393,GO:0031507,GO:0031509,GO:0031648,GO:0032007,GO:0032071,GO:0032436,GO:0032868,GO:0032922,GO:0033210,GO:0034391,GO:0035331,GO:0035356,GO:0035358,GO:0042127,GO:0042149,GO:0042326,GO:0042542,GO:0042632,GO:0042771,GO:0042981,GO:0043065,GO:0043066,GO:0043124,GO:0043161,GO:0043518,GO:0043536,GO:0044321,GO:0045348,GO:0045599,GO:0045722,GO:0045739,GO:0045766,GO:0045786,GO:0045892,GO:0045944,GO:0046015,GO:0046628,GO:0046890,GO:0048511,GO:0050793,GO:0050872,GO:0051152,GO:0051239,GO:0051658,GO:0051897,GO:0051898,GO:0055089,GO:0060766,GO:0060907,GO:0062013,GO:0070301,GO:0070857,GO:0070914,GO:0071356,GO:0071456,GO:0071479,GO:0090335,GO:0090400,GO:0097009,GO:0106230,GO:0140861,GO:1900034,GO:1901797,GO:1901984,GO:1902166,GO:1902176,GO:1902237,GO:1902424,GO:1904179,GO:2000111,GO:2000481,GO:2000655,GO:2000757,GO:2000773,GO:2000774,GO:2000781
200	GO:0000122,GO:0001773,GO:0001935,GO:0001938,GO:0002218,GO:0002250,GO:0002270,GO:0002281,GO:0002376,GO:0002407,GO:0002437,GO:0002643,GO:0002840,GO:0006259,GO:0006265,GO:0006281,GO:0006284,GO:0006302,GO:0006303,GO:0006310,GO:0006325,GO:0006338,GO:0006914,GO:0006935,GO:0006954,GO:0006955,GO:0006974,GO:0007165,GO:0007204,GO:0010508,GO:0010596,GO:0017055,GO:0031175,GO:0031507,GO:0032392,GO:0032425,GO:0032689,GO:0032722,GO:0032727,GO:0032728,GO:0032731,GO:0032732,GO:0032733,GO:0032735,GO:0032755,GO:0032757,GO:0032760,GO:0033151,GO:0034137,GO:0034145,GO:0034165,GO:0035711,GO:0035767,GO:0042104,GO:0043065,GO:0043277,GO:0043371,GO:0043388,GO:0043410,GO:0043536,GO:0043537,GO:0045063,GO:0045087,GO:0045089,GO:0045597,GO:0045944,GO:0046330,GO:0046598,GO:0048468,GO:0050792,GO:0050918,GO:0051052,GO:0070374,GO:0071222,GO:0071639,GO:0090026,GO:0090303,GO:0097350,GO:1901224,GO:1903672,GO:1903706,GO:1905564,GO:2000343,GO:2000426,GO:2000819,GO:2001200	GO:0000122,GO:0000165,GO:0001649,GO:0001657,GO:0001666,GO:0001836,GO:0006355,GO:0006357,GO:0006955,GO:0007179,GO:0007254,GO:0008285,GO:0009653,GO:0010332,GO:0010467,GO:0010628,GO:0010629,GO:0010718,GO:0023019,GO:0030154,GO:0030279,GO:0030308,GO:0030325,GO:0030335,GO:0030501,GO:0031053,GO:0031665,GO:0032332,GO:0032502,GO:0032731,GO:0032909,GO:0032916,GO:0032924,GO:0033689,GO:0036120,GO:0038092,GO:0042060,GO:0042110,GO:0042177,GO:0042220,GO:0042307,GO:0043066,GO:0045216,GO:0045429,GO:0045596,GO:0045599,GO:0045893,GO:0045944,GO:0050728,GO:0050776,GO:0050821,GO:0050927,GO:0051481,GO:0051496,GO:0051881,GO:0051894,GO:0060290,GO:0060391,GO:0060395,GO:0061001,GO:0061045,GO:0061450,GO:0061767,GO:0071333,GO:0071363,GO:0071560,GO:0071635,GO:0090263,GO:0097190,GO:0097191,GO:0097305,GO:0098586,GO:0141091,GO:1901203,GO:1902893,GO:1902894,GO:1902895,GO:1903243,GO:1990776
200	GO:0001649,GO:0001938,GO:0002042,GO:0002430,GO:0003376,GO:0005977,GO:0005978,GO:0005979,GO:0006006,GO:0006417,GO:0006468,GO:0006809,GO:0006915,GO:0006924,GO:0006979,GO:0007165,GO:0007173,GO:0007186,GO:0007399,GO:0008283,GO:0008286,GO:0009408,GO:0009725,GO:0010507,GO:0010595,GO:0010628,GO:0010629,GO:0010748,GO:0010761,GO:0010907,GO:0010975,GO:0016242,GO:0018105,GO:0018107,GO:0019221,GO:0030154,GO:0030307,GO:0030334,GO:0030335,GO:0031295,GO:0031397,GO:0031929,GO:0031999,GO:0032079,GO:0032436,GO:0032869,GO:0033138,GO:0033554,GO:0034405,GO:0035556,GO:0035655,GO:0042307,GO:0042981,GO:0043066,GO:0043276,GO:0043488,GO:0043491,GO:0043536,GO:0045429,GO:0045600,GO:0045725,GO:0045746,GO:0045861,GO:0045944,GO:0046209,GO:0046326,GO:0046889,GO:0048009,GO:0048266,GO:0048661,GO:0051247,GO:0051897,GO:0060079,GO:0060416,GO:0060644,GO:0070141,GO:0070585,GO:0070848,GO:0071364,GO:0072656,GO:0072752,GO:0090201,GO:0097700,GO:0099175,GO:0110002,GO:0140052,GO:0150033,GO:0160049,GO:0160213,GO:1900087,GO:1900182,GO:1901796,GO:1902018,GO:1902176,GO:1903038,GO:1903078,GO:1903318,GO:1903384,GO:1903898,GO:1904263,GO:1904515,GO:1905552,GO:1905786,GO:1990090,GO:1990418,GO:2000010,GO:2000074,GO:2000402,GO:2001240,GO:2001243	GO:0000122,GO:0001525,GO:0001657,GO:0001701,GO:0001837,GO:0002053,GO:0003148,GO:0003149,GO:0003416,GO:0006915,GO:0007267,GO:0007409,GO:0008284,GO:0008543,GO:0008589,GO:0009791,GO:0009880,GO:0009887,GO:0010518,GO:0010839,GO:0016331,GO:0018108,GO:0021769,GO:0021847,GO:0021860,GO:0022612,GO:0030177,GO:0030282,GO:0030324,GO:0030855,GO:0030901,GO:0030916,GO:0031069,GO:0032496,GO:0032808,GO:0033688,GO:0035265,GO:0035602,GO:0035603,GO:0035604,GO:0035607,GO:0042472,GO:0042476,GO:0043009,GO:0043410,GO:0044344,GO:0045165,GO:0045471,GO:0045595,GO:0045667,GO:0045787,GO:0045944,GO:0046777,GO:0048286,GO:0048333,GO:0048557,GO:0048562,GO:0048565,GO:0048568,GO:0048608,GO:0048701,GO:0048705,GO:0048730,GO:0048755,GO:0048762,GO:0050679,GO:0050680,GO:0051150,GO:0051781,GO:0055010,GO:0060045,GO:0060174,GO:0060348,GO:0060349,GO:0060442,GO:0060445,GO:0060449,GO:0060463,GO:0060484,GO:0060501,GO:0060512,GO:0060523,GO:0060527,GO:0060529,GO:0060601,GO:0060615,GO:0060664,GO:0060667,GO:0060670,GO:0060688,GO:0060915,GO:0060916,GO:0070372,GO:0070374,GO:0071300,GO:0071456,GO:0071560,GO:0090263,GO:1904707,GO:1904888
200	GO:0000122,GO:0000165,GO:0001666,GO:0001821,GO:0001975,GO:0003015,GO:0003094,GO:0003100,GO:0003253,GO:0003357,GO:0006366,GO:0006874,GO:0007005,GO:0007166,GO:0007186,GO:0007204,GO:0007267,GO:0007411,GO:0008217,GO:0008284,GO:0009410,GO:0010193,GO:0010460,GO:0010467,GO:0010595,GO:0010613,GO:0010629,GO:0014033,GO:0014034,GO:0014823,GO:0014824,GO:0014826,GO:0019229,GO:0019722,GO:0023019,GO:0030072,GO:0030185,GO:0030195,GO:0030335,GO:0030878,GO:0031175,GO:0031394,GO:0032308,GO:0032496,GO:0033574,GO:0034392,GO:0034696,GO:0035050,GO:0035094,GO:0035556,GO:0035994,GO:0042045,GO:0042310,GO:0042482,GO:0042554,GO:0043200,GO:0043410,GO:0043491,GO:0044321,GO:0044751,GO:0045321,GO:0045429,GO:0045793,GO:0045840,GO:0045944,GO:0045987,GO:0046330,GO:0046887,GO:0046888,GO:0048661,GO:0048675,GO:0050850,GO:0051248,GO:0051899,GO:0060070,GO:0060137,GO:0060298,GO:0060385,GO:0061051,GO:0061626,GO:0070101,GO:0070294,GO:0070301,GO:0070371,GO:0070588,GO:0071277,GO:0071346,GO:0071347,GO:0071356,GO:0071372,GO:0071373,GO:0071375,GO:0071385,GO:0071389,GO:0071398,GO:0071456,GO:0071466,GO:0071526,GO:0071548,GO:0071559,GO:0071560,GO:0072011,GO:0072112,GO:0086100,GO:0090023,GO:0097237,GO:0097492,GO:0097746,GO:0141156,GO:0160195,GO:1900182,GO:1901224,GO:1902074,GO:1903537,GO:1904707,GO:1905653,GO:2001259	GO:0000122,GO:0001569,GO:0001570,GO:0001656,GO:0001658,GO:0001708,GO:0001755,GO:0001947,GO:0002320,GO:0003140,GO:0006508,GO:0007224,GO:0007267,GO:0007389,GO:0007405,GO:0007411,GO:0007417,GO:0007418,GO:0007507,GO:0008209,GO:0008284,GO:0009880,GO:0009888,GO:0009949,GO:0009953,GO:0010468,GO:0010629,GO:0016539,GO:0016540,GO:0021930,GO:0030162,GO:0030182,GO:0030324,GO:0030326,GO:0030336,GO:0030539,GO:0030850,GO:0030900,GO:0030901,GO:0030902,GO:0033077,GO:0033089,GO:0033092,GO:0035295,GO:0042127,GO:0042481,GO:0042733,GO:0043066,GO:0043369,GO:0045059,GO:0045060,GO:0045165,GO:0045596,GO:0045880,GO:0045893,GO:0045944,GO:0046638,GO:0048468,GO:0048513,GO:0048538,GO:0048663,GO:0048709,GO:0048745,GO:0048754,GO:0048864,GO:0050793,GO:0051781,GO:0060684,GO:0061053,GO:0061189,GO:0071542,GO:0072136,GO:0072205,GO:0090370,GO:0097190,GO:0097264,GO:1900107,GO:1900180,GO:1904339,GO:2000062,GO:2000063,GO:2000357,GO:2000358,GO:2000729
200	GO:0000122,GO:0001890,GO:0006355,GO:0006357,GO:0006631,GO:0007186,GO:0007584,GO:0008217,GO:0009755,GO:0010628,GO:0010629,GO:0010745,GO:0010875,GO:0010887,GO:0010888,GO:0015909,GO:0016525,GO:0030154,GO:0030224,GO:0030509,GO:0030512,GO:0030514,GO:0030522,GO:0030855,GO:0031348,GO:0031667,GO:0032376,GO:0032869,GO:0033993,GO:0035357,GO:0042593,GO:0042752,GO:0042789,GO:0043409,GO:0043537,GO:0045087,GO:0045165,GO:0045444,GO:0045600,GO:0045668,GO:0045834,GO:0045892,GO:0045893,GO:0045923,GO:0045944,GO:0048384,GO:0048469,GO:0048511,GO:0048662,GO:0050728,GO:0050872,GO:0050873,GO:0051049,GO:0051241,GO:0055088,GO:0060336,GO:0060392,GO:0070165,GO:0071404,GO:0071456,GO:0090258,GO:0140077,GO:0141193,GO:1900076,GO:1901202,GO:1902894,GO:1902895,GO:1903243,GO:1903845,GO:1904179,GO:1904597,GO:1904706,GO:1904893,GO:1905461,GO:1905563,GO:2001235	GO:0000122,GO:0000165,GO:0001649,GO:0001657,GO:0001666,GO:0001836,GO:0006355,GO:0006357,GO:0006955,GO:0007179,GO:0007254,GO:0008285,GO:0009653,GO:0010332,GO:0010467,GO:0010628,GO:0010629,GO:0010718,GO:0023019,GO:0030154,GO:0030279,GO:0030308,GO:0030325,GO:0030335,GO:0030501,GO:0031053,GO:0031665,GO:0032332,GO:0032502,GO:0032731,GO:0032909,GO:0032916,GO:0032924,GO:0033689,GO:0036120,GO:0038092,GO:0042060,GO:0042110,GO:0042177,GO:0042220,GO:0042307,GO:0043066,GO:0045216,GO:0045429,GO:0045596,GO:0045599,GO:0045893,GO:0045944,GO:0050728,GO:0050776,GO:0050821,GO:0050927,GO:0051481,GO:0051496,GO:0051881,GO:0051894,GO:0060290,GO:0060391,GO:0060395,GO:0061001,GO:0061045,GO:0061450,GO:0061767,GO:0071333,GO:0071363,GO:0071560,GO:0071635,GO:0090263,GO:0097190,GO:0097191,GO:0097305,GO:0098586,GO:0141091,GO:1901203,GO:1902893,GO:1902894,GO:1902895,GO:1903243,GO:1990776
200	GO:0001837,GO:0001954,GO:0003170,GO:0005977,GO:0006468,GO:0006983,GO:0007005,GO:0007399,GO:0007623,GO:0008286,GO:0009968,GO:0010508,GO:0010628,GO:0010629,GO:0010719,GO:0010975,GO:0016055,GO:0018105,GO:0019082,GO:0021766,GO:0030010,GO:0030011,GO:0030154,GO:0030336,GO:0030516,GO:0031175,GO:0031333,GO:0031334,GO:0031398,GO:0032007,GO:0032092,GO:0032436,GO:0032481,GO:0032880,GO:0032886,GO:0034976,GO:0035556,GO:0036016,GO:0042752,GO:0043066,GO:0043161,GO:0043525,GO:0045597,GO:0045668,GO:0045719,GO:0045724,GO:0045732,GO:0045879,GO:0046777,GO:0046825,GO:0046827,GO:0048511,GO:0048814,GO:0050770,GO:0060070,GO:0060079,GO:0070507,GO:0070885,GO:0071109,GO:0071300,GO:0090090,GO:0097191,GO:0097192,GO:0099171,GO:0106027,GO:0150101,GO:0160213,GO:1900034,GO:1900181,GO:1900271,GO:1901030,GO:1901701,GO:1902042,GO:1903566,GO:1903940,GO:1904339,GO:1904646,GO:1904781,GO:1904951,GO:2000077,GO:2000466,GO:2000740	GO:0000165,GO:0006468,GO:0006897,GO:0006914,GO:0006979,GO:0007005,GO:0007029,GO:0007030,GO:0007040,GO:0007166,GO:0007254,GO:0007266,GO:0007283,GO:0007528,GO:0008104,GO:0008340,GO:0009267,GO:0009653,GO:0009968,GO:0010468,GO:0010506,GO:0010508,GO:0010955,GO:0010977,GO:0014041,GO:0016192,GO:0016242,GO:0019722,GO:0021756,GO:0021772,GO:0022028,GO:0030154,GO:0030162,GO:0030182,GO:0031344,GO:0031398,GO:0031647,GO:0032436,GO:0032760,GO:0034260,GO:0034599,GO:0034614,GO:0035542,GO:0035556,GO:0035564,GO:0035640,GO:0035641,GO:0035751,GO:0040012,GO:0042391,GO:0043068,GO:0043410,GO:0046039,GO:0046777,GO:0048312,GO:0048513,GO:0048812,GO:0050804,GO:0051239,GO:0051247,GO:0051646,GO:0051900,GO:0051966,GO:0060070,GO:0060079,GO:0060159,GO:0060161,GO:0060627,GO:0060628,GO:0060828,GO:0061001,GO:0070585,GO:0070973,GO:0071287,GO:0090140,GO:0090263,GO:0090394,GO:0140058,GO:0141161,GO:1900242,GO:1900244,GO:1901030,GO:1902236,GO:1902499,GO:1902531,GO:1902692,GO:1902803,GO:1902823,GO:1902902,GO:1903351,GO:1903748,GO:1903980,GO:1904644,GO:1904887,GO:1905279,GO:1905289,GO:1905504,GO:2000172,GO:2000300,GO:2000377
200	GO:0000278,GO:0001525,GO:0001569,GO:0001974,GO:0001975,GO:0002027,GO:0003015,GO:0003094,GO:0003207,GO:0003220,GO:0003228,GO:0003253,GO:0003357,GO:0006874,GO:0006939,GO:0007005,GO:0007165,GO:0007186,GO:0007190,GO:0007200,GO:0007204,GO:0007411,GO:0007507,GO:0007585,GO:0008217,GO:0008283,GO:0009611,GO:0010467,GO:0014033,GO:0014034,GO:0014824,GO:0014829,GO:0016322,GO:0030878,GO:0031175,GO:0032835,GO:0034599,GO:0035050,GO:0035904,GO:0042310,GO:0042415,GO:0042474,GO:0044751,GO:0048066,GO:0048484,GO:0048485,GO:0048675,GO:0048706,GO:0050905,GO:0055078,GO:0060070,GO:0060324,GO:0060385,GO:0061626,GO:0070294,GO:0070588,GO:0071372,GO:0071373,GO:0071526,GO:0072011,GO:0072112,GO:0086100,GO:0097018,GO:0097084,GO:0097152,GO:0097237,GO:0097492,GO:0141156,GO:1903210,GO:1903537,GO:1904888,GO:1905144,GO:1905871,GO:2001259	GO:0000122,GO:0000165,GO:0001649,GO:0001657,GO:0001666,GO:0001836,GO:0006355,GO:0006357,GO:0006955,GO:0007179,GO:0007254,GO:0008285,GO:0009653,GO:0010332,GO:0010467,GO:0010628,GO:0010629,GO:0010718,GO:0023019,GO:0030154,GO:0030279,GO:0030308,GO:0030325,GO:0030335,GO:0030501,GO:0031053,GO:0031665,GO:0032332,GO:0032502,GO:0032731,GO:0032909,GO:0032916,GO:0032924,GO:0033689,GO:0036120,GO:0038092,GO:0042060,GO:0042110,GO:0042177,GO:0042220,GO:0042307,GO:0043066,GO:0045216,GO:0045429,GO:0045596,GO:0045599,GO:0045893,GO:0045944,GO:0050728,GO:0050776,GO:0050821,GO:0050927,GO:0051481,GO:0051496,GO:0051881,GO:0051894,GO:0060290,GO:0060391,GO:0060395,GO:0061001,GO:0061045,GO:0061450,GO:0061767,GO:0071333,GO:0071363,GO:0071560,GO:0071635,GO:0090263,GO:0097190,GO:0097191,GO:0097305,GO:0098586,GO:0141091,GO:1901203,GO:1902893,GO:1902894,GO:1902895,GO:1903243,GO:1990776
200	GO:0000122,GO:0001501,GO:0001502,GO:0001503,GO:0001658,GO:0001708,GO:0001837,GO:0001894,GO:0001942,GO:0002009,GO:0002053,GO:0002062,GO:0002683,GO:0003170,GO:0003179,GO:0003180,GO:0003203,GO:0003413,GO:0003415,GO:0003430,GO:0006334,GO:0006338,GO:0007165,GO:0007173,GO:0007283,GO:0007417,GO:0007507,GO:0008284,GO:0008584,GO:0010467,GO:0010564,GO:0010628,GO:0010634,GO:0014036,GO:0019100,GO:0030154,GO:0030279,GO:0030850,GO:0030858,GO:0030879,GO:0030903,GO:0030916,GO:0032331,GO:0032332,GO:0035019,GO:0042127,GO:0042981,GO:0043066,GO:0045662,GO:0045668,GO:0045892,GO:0045893,GO:0045944,GO:0046322,GO:0046533,GO:0048709,GO:0050679,GO:0050680,GO:0051216,GO:0060008,GO:0060009,GO:0060041,GO:0060174,GO:0060221,GO:0060517,GO:0060729,GO:0060784,GO:0061036,GO:0061138,GO:0065003,GO:0070168,GO:0070371,GO:0070542,GO:0071260,GO:0071300,GO:0071347,GO:0071364,GO:0071504,GO:0071560,GO:0071599,GO:0071773,GO:0072034,GO:0072170,GO:0072190,GO:0072289,GO:0090090,GO:0090103,GO:0090184,GO:0090190,GO:1902732,GO:1902894,GO:1904864,GO:2000020,GO:2000741	GO:0000902,GO:0001501,GO:0001654,GO:0001666,GO:0001822,GO:0001837,GO:0001843,GO:0001942,GO:0003007,GO:0003148,GO:0003149,GO:0003151,GO:0003179,GO:0003181,GO:0003184,GO:0003203,GO:0003215,GO:0003222,GO:0003274,GO:0003289,GO:0003407,GO:0007179,GO:0007423,GO:0007435,GO:0007507,GO:0008284,GO:0008285,GO:0008347,GO:0008584,GO:0009611,GO:0009792,GO:0010002,GO:0010628,GO:0010629,GO:0010634,GO:0010718,GO:0010936,GO:0014706,GO:0016477,GO:0016525,GO:0023052,GO:0030097,GO:0030199,GO:0030307,GO:0030308,GO:0030326,GO:0030593,GO:0030855,GO:0031069,GO:0032570,GO:0032874,GO:0032909,GO:0032956,GO:0033630,GO:0035910,GO:0042060,GO:0042127,GO:0042416,GO:0042476,GO:0042704,GO:0043065,GO:0043525,GO:0045216,GO:0045597,GO:0045726,GO:0045747,GO:0045787,GO:0045823,GO:0046580,GO:0048103,GO:0048566,GO:0048666,GO:0048699,GO:0048839,GO:0050680,GO:0050714,GO:0050778,GO:0051130,GO:0051240,GO:0051781,GO:0051794,GO:0051795,GO:0051891,GO:0051897,GO:0060038,GO:0060065,GO:0060317,GO:0060325,GO:0060391,GO:0060412,GO:0060413,GO:0061626,GO:0062009,GO:0062043,GO:0071363,GO:0090091,GO:0097191,GO:0141091,GO:1900182,GO:1902256,GO:1902895,GO:1903701,GO:1904238,GO:1904888,GO:1905006,GO:1905007
200	GO:0000122,GO:0001569,GO:0001570,GO:0001656,GO:0001658,GO:0001708,GO:0001755,GO:0001947,GO:0002320,GO:0003140,GO:0006508,GO:0007224,GO:0007267,GO:0007389,GO:0007405,GO:0007411,GO:0007417,GO:0007418,GO:0007507,GO:0008209,GO:0008284,GO:0009880,GO:0009888,GO:0009949,GO:0009953,GO:0010468,GO:0010629,GO:0016539,GO:0016540,GO:0021930,GO:0030162,GO:0030182,GO:0030324,GO:0030326,GO:0030336,GO:0030539,GO:0030850,GO:0030900,GO:0030901,GO:0030902,GO:0033077,GO:0033089,GO:0033092,GO:0035295,GO:0042127,GO:0042481,GO:0042733,GO:0043066,GO:0043369,GO:0045059,GO:0045060,GO:0045165,GO:0045596,GO:0045880,GO:0045893,GO:0045944,GO:0046638,GO:0048468,GO:0048513,GO:0048538,GO:0048663,GO:0048709,GO:0048745,GO:0048754,GO:0048864,GO:0050793,GO:0051781,GO:0060684,GO:0061053,GO:0061189,GO:0071542,GO:0072136,GO:0072205,GO:0090370,GO:0097190,GO:0097264,GO:1900107,GO:1900180,GO:1904339,GO:2000062,GO:2000063,GO:2000357,GO:2000358,GO:2000729	GO:0000122,GO:0001666,GO:0001774,GO:0001819,GO:0001937,GO:0001975,GO:0002037,GO:0002281,GO:0002439,GO:0002639,GO:0002700,GO:0002719,GO:0003009,GO:0003085,GO:0006325,GO:0006954,GO:0006955,GO:0007259,GO:0007623,GO:0008285,GO:0008625,GO:0008630,GO:0009410,GO:0009612,GO:0009615,GO:0009617,GO:0009651,GO:0009750,GO:0010459,GO:0010573,GO:0010628,GO:0010629,GO:0010744,GO:0010888,GO:0014823,GO:0019722,GO:0031334,GO:0031349,GO:0031622,GO:0031642,GO:0031667,GO:0032496,GO:0032715,GO:0032722,GO:0032724,GO:0032731,GO:0032741,GO:0032755,GO:0032757,GO:0033209,GO:0034116,GO:0034138,GO:0035900,GO:0036005,GO:0042127,GO:0042311,GO:0043065,GO:0043066,GO:0043068,GO:0043122,GO:0043123,GO:0043243,GO:0043410,GO:0043525,GO:0043537,GO:0045071,GO:0045087,GO:0045429,GO:0045471,GO:0045598,GO:0045599,GO:0045668,GO:0045672,GO:0045732,GO:0045760,GO:0045785,GO:0045840,GO:0045892,GO:0045893,GO:0045930,GO:0045944,GO:0046325,GO:0046330,GO:0046677,GO:0048143,GO:0048566,GO:0048661,GO:0050729,GO:0050768,GO:0050793,GO:0050796,GO:0050804,GO:0050806,GO:0050807,GO:0050890,GO:0050901,GO:0050966,GO:0050995,GO:0051044,GO:0051046,GO:0051222,GO:0051239,GO:0051384,GO:0051798,GO:0051897,GO:0051966,GO:0060252,GO:0060557,GO:0061044,GO:0061048,GO:0070374,GO:0070886,GO:0071219,GO:0071222,GO:0071300,GO:0071316,GO:0071346,GO:0071479,GO:0071677,GO:0071803,GO:0072577,GO:0072659,GO:0090324,GO:0090594,GO:0097191,GO:0097237,GO:0097421,GO:0097527,GO:0120190,GO:0140374,GO:0140460,GO:0150078,GO:0150129,GO:1900017,GO:1900222,GO:1901224,GO:1901647,GO:1902004,GO:1902065,GO:1902565,GO:1902894,GO:1902895,GO:1903078,GO:1903140,GO:1903347,GO:1903829,GO:1904638,GO:1904646,GO:1904707,GO:1904880,GO:1904996,GO:1904999,GO:1905235,GO:1905242,GO:1990268,GO:2000010,GO:2000334,GO:2000343,GO:2000347,GO:2000351,GO:2000377,GO:2000573,GO:2001234,GO:2001238,GO:2001240
200	GO:0000122,GO:0001525,GO:0001657,GO:0001701,GO:0001837,GO:0002053,GO:0003148,GO:0003149,GO:0003416,GO:0006915,GO:0007267,GO:0007409,GO:0008284,GO:0008543,GO:0008589,GO:0009791,GO:0009880,GO:0009887,GO:0010518,GO:0010839,GO:0016331,GO:0018108,GO:0021769,GO:0021847,GO:0021860,GO:0022612,GO:0030177,GO:0030282,GO:0030324,GO:0030855,GO:0030901,GO:0030916,GO:0031069,GO:0032496,GO:0032808,GO:0033688,GO:0035265,GO:0035602,GO:0035603,GO:0035604,GO:0035607,GO:0042472,GO:0042476,GO:0043009,GO:0043410,GO:0044344,GO:0045165,GO:0045471,GO:0045595,GO:0045667,GO:0045787,GO:0045944,GO:0046777,GO:0048286,GO:0048333,GO:0048557,GO:0048562,GO:0048565,GO:0048568,GO:0048608,GO:0048701,GO:0048705,GO:0048730,GO:0048755,GO:0048762,GO:0050679,GO:0050680,GO:0051150,GO:0051781,GO:0055010,GO:0060045,GO:0060174,GO:0060348,GO:0060349,GO:0060442,GO:0060445,GO:0060449,GO:0060463,GO:0060484,GO:0060501,GO:0060512,GO:0060523,GO:0060527,GO:0060529,GO:0060601,GO:0060615,GO:0060664,GO:0060667,GO:0060670,GO:0060688,GO:0060915,GO:0060916,GO:0070372,GO:0070374,GO:0071300,GO:0071456,GO:0071560,GO:0090263,GO:1904707,GO:1904888	GO:0000122,GO:0001525,GO:0001542,GO:0001666,GO:0001819,GO:0001890,GO:0001936,GO:0002021,GO:0003300,GO:0006112,GO:0006114,GO:0006629,GO:0006909,GO:0007165,GO:0007259,GO:0007565,GO:0007584,GO:0007623,GO:0008217,GO:0008284,GO:0008343,GO:0009062,GO:0009892,GO:0010507,GO:0010888,GO:0014823,GO:0019953,GO:0030217,GO:0031667,GO:0032008,GO:0032099,GO:0032310,GO:0032355,GO:0032735,GO:0032755,GO:0032757,GO:0032760,GO:0032814,GO:0032817,GO:0032868,GO:0033197,GO:0033210,GO:0033686,GO:0035360,GO:0035556,GO:0035630,GO:0038108,GO:0042102,GO:0042269,GO:0042307,GO:0043066,GO:0043270,GO:0043410,GO:0044320,GO:0045471,GO:0045765,GO:0045906,GO:0046325,GO:0046427,GO:0046628,GO:0046850,GO:0046881,GO:0048639,GO:0050892,GO:0050901,GO:0050999,GO:0051051,GO:0051726,GO:0051897,GO:0060587,GO:0061037,GO:0070093,GO:0071298,GO:0071300,GO:0090335,GO:0097009,GO:0097696,GO:0098868,GO:0120162,GO:1900015,GO:1900745,GO:1904651,GO:1990051,GO:2000379,GO:2000486,GO:2000491
200	GO:0000122,GO:0001525,GO:0001657,GO:0001701,GO:0001837,GO:0002053,GO:0003148,GO:0003149,GO:0003416,GO:0006915,GO:0007267,GO:0007409,GO:0008284,GO:0008543,GO:0008589,GO:0009791,GO:0009880,GO:0009887,GO:0010518,GO:0010839,GO:0016331,GO:0018108,GO:0021769,GO:0021847,GO:0021860,GO:0022612,GO:0030177,GO:0030282,GO:0030324,GO:0030855,GO:0030901,GO:0030916,GO:0031069,GO:0032496,GO:0032808,GO:0033688,GO:0035265,GO:0035602,GO:0035603,GO:0035604,GO:0035607,GO:0042472,GO:0042476,GO:0043009,GO:0043410,GO:0044344,GO:0045165,GO:0045471,GO:0045595,GO:0045667,GO:0045787,GO:0045944,GO:0046777,GO:0048286,GO:0048333,GO:0048557,GO:0048562,GO:0048565,GO:0048568,GO:0048608,GO:0048701,GO:0048705,GO:0048730,GO:0048755,GO:0048762,GO:0050679,GO:0050680,GO:0051150,GO:0051781,GO:0055010,GO:0060045,GO:0060174,GO:0060348,GO:0060349,GO:0060442,GO:0060445,GO:0060449,GO:0060463,GO:0060484,GO:0060501,GO:0060512,GO:0060523,GO:0060527,GO:0060529,GO:0060601,GO:0060615,GO:0060664,GO:0060667,GO:0060670,GO:0060688,GO:0060915,GO:0060916,GO:0070372,GO:0070374,GO:0071300,GO:0071456,GO:0071560,GO:0090263,GO:1904707,GO:1904888	GO:0000902,GO:0001501,GO:0001654,GO:0001666,GO:0001822,GO:0001837,GO:0001843,GO:0001942,GO:0003007,GO:0003148,GO:0003149,GO:0003151,GO:0003179,GO:0003181,GO:0003184,GO:0003203,GO:0003215,GO:0003222,GO:0003274,GO:0003289,GO:0003407,GO:0007179,GO:0007423,GO:0007435,GO:0007507,GO:0008284,GO:0008285,GO:0008347,GO:0008584,GO:0009611,GO:0009792,GO:0010002,GO:0010628,GO:0010629,GO:0010634,GO:0010718,GO:0010936,GO:0014706,GO:0016477,GO:0016525,GO:0023052,GO:0030097,GO:0030199,GO:0030307,GO:0030308,GO:0030326,GO:0030593,GO:0030855,GO:0031069,GO:0032570,GO:0032874,GO:0032909,GO:0032956,GO:0033630,GO:0035910,GO:0042060,GO:0042127,GO:0042416,GO:0042476,GO:0042704,GO:0043065,GO:0043525,GO:0045216,GO:0045597,GO:0045726,GO:0045747,GO:0045787,GO:0045823,GO:0046580,GO:0048103,GO:0048566,GO:0048666,GO:0048699,GO:0048839,GO:0050680,GO:0050714,GO:0050778,GO:0051130,GO:0051240,GO:0051781,GO:0051794,GO:0051795,GO:0051891,GO:0051897,GO:0060038,GO:0060065,GO:0060317,GO:0060325,GO:0060391,GO:0060412,GO:0060413,GO:0061626,GO:0062009,GO:0062043,GO:0071363,GO:0090091,GO:0097191,GO:0141091,GO:1900182,GO:1902256,GO:1902895,GO:1903701,GO:1904238,GO:1904888,GO:1905006,GO:1905007
200	GO:0000122,GO:0000209,GO:0000266,GO:0000422,GO:0000423,GO:0006511,GO:0006513,GO:0006914,GO:0006979,GO:0006986,GO:0007005,GO:0007417,GO:0008344,GO:0009410,GO:0009896,GO:0010498,GO:0010506,GO:0010628,GO:0010629,GO:0010636,GO:0010637,GO:0010821,GO:0010906,GO:0010918,GO:0010994,GO:0014059,GO:0014850,GO:0016236,GO:0016567,GO:0016579,GO:0022603,GO:0030163,GO:0031396,GO:0031647,GO:0031648,GO:0032232,GO:0032368,GO:0032436,GO:0033132,GO:0034599,GO:0034620,GO:0034976,GO:0035519,GO:0035774,GO:0036503,GO:0042053,GO:0042417,GO:0043065,GO:0043123,GO:0043161,GO:0043524,GO:0043653,GO:0044314,GO:0044828,GO:0045732,GO:0045944,GO:0046329,GO:0046676,GO:0050804,GO:0050821,GO:0051412,GO:0051582,GO:0051646,GO:0051865,GO:0051881,GO:0051967,GO:0060544,GO:0060828,GO:0061734,GO:0070050,GO:0070534,GO:0070585,GO:0070842,GO:0070936,GO:0070979,GO:0071287,GO:0080090,GO:0085020,GO:0090090,GO:0090141,GO:0090201,GO:0090258,GO:0090394,GO:0097237,GO:0099072,GO:0099074,GO:0140251,GO:1900242,GO:1900407,GO:1901526,GO:1901800,GO:1902236,GO:1902254,GO:1902530,GO:1902803,GO:1903265,GO:1903351,GO:1903377,GO:1903382,GO:1903427,GO:1903530,GO:1903542,GO:1903747,GO:1903861,GO:1904049,GO:1904643,GO:1904845,GO:1904881,GO:1905091,GO:1905232,GO:1905281,GO:1905366,GO:1905477,GO:1990000,GO:2000377,GO:2000378,GO:2001171	GO:0000122,GO:0001525,GO:0001558,GO:0001889,GO:0001934,GO:0001935,GO:0002639,GO:0006355,GO:0006357,GO:0006366,GO:0006511,GO:0006629,GO:0006633,GO:0006914,GO:0006915,GO:0006955,GO:0006986,GO:0007517,GO:0008284,GO:0010506,GO:0010508,GO:0010832,GO:0015031,GO:0030154,GO:0030335,GO:0030512,GO:0030968,GO:0031647,GO:0031648,GO:0031670,GO:0032008,GO:0032755,GO:0032869,GO:0034599,GO:0034976,GO:0035356,GO:0035470,GO:0035924,GO:0036498,GO:0036500,GO:0036503,GO:0042149,GO:0042307,GO:0042632,GO:0043066,GO:0043491,GO:0045348,GO:0045579,GO:0045582,GO:0045600,GO:0045766,GO:0045944,GO:0048010,GO:0048666,GO:0051897,GO:0055089,GO:0055092,GO:0060392,GO:0060612,GO:0070059,GO:0070373,GO:0071073,GO:0071222,GO:0071230,GO:0071332,GO:0071333,GO:0071353,GO:0071375,GO:0071498,GO:0071499,GO:1900017,GO:1900100,GO:1900102,GO:1901985,GO:1902236,GO:1903489,GO:1904294,GO:1904707,GO:1904754,GO:1990418,GO:2000347,GO:2000353
200	GO:0000122,GO:0000165,GO:0001649,GO:0001657,GO:0001666,GO:0001836,GO:0006355,GO:0006357,GO:0006955,GO:0007179,GO:0007254,GO:0008285,GO:0009653,GO:0010332,GO:0010467,GO:0010628,GO:0010629,GO:0010718,GO:0023019,GO:0030154,GO:0030279,GO:0030308,GO:0030325,GO:0030335,GO:0030501,GO:0031053,GO:0031665,GO:0032332,GO:0032502,GO:0032731,GO:0032909,GO:0032916,GO:0032924,GO:0033689,GO:0036120,GO:0038092,GO:0042060,GO:0042110,GO:0042177,GO:0042220,GO:0042307,GO:0043066,GO:0045216,GO:0045429,GO:0045596,GO:0045599,GO:0045893,GO:0045944,GO:0050728,GO:0050776,GO:0050821,GO:0050927,GO:0051481,GO:0051496,GO:0051881,GO:0051894,GO:0060290,GO:0060391,GO:0060395,GO:0061001,GO:0061045,GO:0061450,GO:0061767,GO:0071333,GO:0071363,GO:0071560,GO:0071635,GO:0090263,GO:0097190,GO:0097191,GO:0097305,GO:0098586,GO:0141091,GO:1901203,GO:1902893,GO:1902894,GO:1902895,GO:1903243,GO:1990776	GO:0000122,GO:0002244,GO:0006289,GO:0006355,GO:0006357,GO:0006914,GO:0006915,GO:0006974,GO:0006979,GO:0006983,GO:0007265,GO:0007623,GO:0008104,GO:0008285,GO:0008340,GO:0009299,GO:0009410,GO:0009411,GO:0010212,GO:0010332,GO:0010628,GO:0012501,GO:0016032,GO:0030308,GO:0030330,GO:0031571,GO:0032211,GO:0033209,GO:0034644,GO:0042149,GO:0042771,GO:0042981,GO:0043065,GO:0043066,GO:0043153,GO:0045815,GO:0045892,GO:0045893,GO:0045899,GO:0045944,GO:0046677,GO:0048147,GO:0048511,GO:0048512,GO:0048539,GO:0051053,GO:0051097,GO:0051262,GO:0051726,GO:0060218,GO:0060333,GO:0062100,GO:0065003,GO:0070059,GO:0070245,GO:0071456,GO:0071466,GO:0071479,GO:0071480,GO:0072331,GO:0072332,GO:0072717,GO:0090200,GO:0090398,GO:0090399,GO:0090403,GO:0097190,GO:0097193,GO:0097252,GO:1900119,GO:1902749,GO:1902895,GO:1903451,GO:1905856,GO:2000379,GO:2000774,GO:2001242,GO:2001244
200	GO:0000122,GO:0000165,GO:0001666,GO:0001821,GO:0001975,GO:0003015,GO:0003094,GO:0003100,GO:0003253,GO:0003357,GO:0006366,GO:0006874,GO:0007005,GO:0007166,GO:0007186,GO:0007204,GO:0007267,GO:0007411,GO:0008217,GO:0008284,GO:0009410,GO:0010193,GO:0010460,GO:0010467,GO:0010595,GO:0010613,GO:0010629,GO:0014033,GO:0014034,GO:0014823,GO:0014824,GO:0014826,GO:0019229,GO:0019722,GO:0023019,GO:0030072,GO:0030185,GO:0030195,GO:0030335,GO:0030878,GO:0031175,GO:0031394,GO:0032308,GO:0032496,GO:0033574,GO:0034392,GO:0034696,GO:0035050,GO:0035094,GO:0035556,GO:0035994,GO:0042045,GO:0042310,GO:0042482,GO:0042554,GO:0043200,GO:0043410,GO:0043491,GO:0044321,GO:0044751,GO:0045321,GO:0045429,GO:0045793,GO:0045840,GO:0045944,GO:0045987,GO:0046330,GO:0046887,GO:0046888,GO:0048661,GO:0048675,GO:0050850,GO:0051248,GO:0051899,GO:0060070,GO:0060137,GO:0060298,GO:0060385,GO:0061051,GO:0061626,GO:0070101,GO:0070294,GO:0070301,GO:0070371,GO:0070588,GO:0071277,GO:0071346,GO:0071347,GO:0071356,GO:0071372,GO:0071373,GO:0071375,GO:0071385,GO:0071389,GO:0071398,GO:0071456,GO:0071466,GO:0071526,GO:0071548,GO:0071559,GO:0071560,GO:0072011,GO:0072112,GO:0086100,GO:0090023,GO:0097237,GO:0097492,GO:0097746,GO:0141156,GO:0160195,GO:1900182,GO:1901224,GO:1902074,GO:1903537,GO:1904707,GO:1905653,GO:2001259	GO:0000122,GO:0001525,GO:0001554,GO:0001837,GO:0001947,GO:0002052,GO:0003151,GO:0003157,GO:0003160,GO:0003162,GO:0003169,GO:0003180,GO:0003181,GO:0003182,GO:0003184,GO:0003192,GO:0003198,GO:0003203,GO:0003207,GO:0003208,GO:0003209,GO:0003213,GO:0003214,GO:0003222,GO:0003241,GO:0003264,GO:0003273,GO:0003332,GO:0003344,GO:0006355,GO:0006357,GO:0006606,GO:0006955,GO:0007219,GO:0007221,GO:0007283,GO:0007368,GO:0007411,GO:0007507,GO:0008284,GO:0008285,GO:0010467,GO:0010614,GO:0010628,GO:0010629,GO:0010667,GO:0010718,GO:0010812,GO:0010832,GO:0014031,GO:0021515,GO:0030154,GO:0030163,GO:0030279,GO:0030334,GO:0030335,GO:0030513,GO:0030514,GO:0031100,GO:0032495,GO:0032496,GO:0032966,GO:0035148,GO:0035924,GO:0042127,GO:0042246,GO:0043086,GO:0045070,GO:0045603,GO:0045662,GO:0045665,GO:0045668,GO:0045687,GO:0045892,GO:0045893,GO:0045944,GO:0046427,GO:0046579,GO:0048708,GO:0048709,GO:0048711,GO:0048715,GO:0048873,GO:0050768,GO:0050793,GO:0051152,GO:0055008,GO:0060038,GO:0060045,GO:0060253,GO:0060271,GO:0060317,GO:0060354,GO:0060379,GO:0060411,GO:0060412,GO:0060842,GO:0060843,GO:0060948,GO:0060956,GO:0060979,GO:0060982,GO:0061344,GO:0061384,GO:0062043,GO:0070168,GO:0070374,GO:0070986,GO:0071228,GO:0071372,GO:0071456,GO:0072017,GO:0072044,GO:0072144,GO:0072538,GO:0090051,GO:0097150,GO:0097400,GO:0099565,GO:0120163,GO:1901201,GO:1902339,GO:2000048,GO:2000737,GO:2000811,GO:2000974,GO:2001027
200	GO:0000122,GO:0001503,GO:0001649,GO:0001657,GO:0001658,GO:0001822,GO:0001823,GO:0001934,GO:0001938,GO:0001958,GO:0002043,GO:0002062,GO:0002244,GO:0002320,GO:0002573,GO:0003007,GO:0003129,GO:0003139,GO:0003148,GO:0003149,GO:0003151,GO:0003163,GO:0003180,GO:0003184,GO:0003197,GO:0003279,GO:0003323,GO:0007498,GO:0008284,GO:0008285,GO:0009791,GO:0010453,GO:0010467,GO:0010628,GO:0010629,GO:0010718,GO:0021537,GO:0022408,GO:0030154,GO:0030224,GO:0030225,GO:0030335,GO:0030501,GO:0030509,GO:0030513,GO:0030858,GO:0032092,GO:0032967,GO:0033085,GO:0033088,GO:0035990,GO:0035993,GO:0042306,GO:0042476,GO:0043065,GO:0043068,GO:0045596,GO:0045603,GO:0045606,GO:0045662,GO:0045669,GO:0045778,GO:0045786,GO:0045839,GO:0045843,GO:0045892,GO:0045893,GO:0045944,GO:0048286,GO:0048392,GO:0048661,GO:0048662,GO:0048745,GO:0048863,GO:0050679,GO:0050918,GO:0051216,GO:0051241,GO:0055007,GO:0055020,GO:0060391,GO:0060425,GO:0060426,GO:0060433,GO:0060438,GO:0060441,GO:0060502,GO:0060503,GO:0060537,GO:0060976,GO:0061036,GO:0061047,GO:0061626,GO:0070244,GO:0071773,GO:0072104,GO:0072125,GO:0072179,GO:0072197,GO:0072200,GO:0090189,GO:0090191,GO:0090194,GO:1900182,GO:1900745,GO:1901331,GO:1902894,GO:1904706,GO:1904753,GO:1905312,GO:2000005,GO:2000007,GO:2000636,GO:2000725,GO:2001237	GO:0000122,GO:0001659,GO:0001666,GO:0001754,GO:0001817,GO:0002317,GO:0002931,GO:0006355,GO:0006357,GO:0006606,GO:0006952,GO:0006953,GO:0006954,GO:0006955,GO:0007165,GO:0007179,GO:0007259,GO:0007399,GO:0008284,GO:0010507,GO:0010575,GO:0010628,GO:0010629,GO:0010730,GO:0019221,GO:0030154,GO:0030335,GO:0030522,GO:0030968,GO:0032355,GO:0032731,GO:0032733,GO:0032755,GO:0032757,GO:0032760,GO:0032870,GO:0033210,GO:0034097,GO:0035723,GO:0038110,GO:0038113,GO:0038154,GO:0038155,GO:0042127,GO:0042593,GO:0042755,GO:0043123,GO:0043124,GO:0043434,GO:0043491,GO:0043524,GO:0044320,GO:0044321,GO:0045471,GO:0045648,GO:0045747,GO:0045766,GO:0045893,GO:0045944,GO:0046902,GO:0048708,GO:0048861,GO:0050728,GO:0050729,GO:0050766,GO:0050804,GO:0051240,GO:0051726,GO:0060019,GO:0060259,GO:0060396,GO:0060397,GO:0070102,GO:0070120,GO:0072538,GO:0072540,GO:0090091,GO:0097009,GO:0097398,GO:0097696,GO:0099527,GO:0106015,GO:0140105,GO:1900016,GO:1900017,GO:1900037,GO:1902728,GO:1902895,GO:1905564,GO:2000635,GO:2001171,GO:2001243
200	GO:0000122,GO:0001570,GO:0001666,GO:0001937,GO:0006641,GO:0006816,GO:0006874,GO:0006940,GO:0007519,GO:0008104,GO:0009267,GO:0009617,GO:0010524,GO:0010608,GO:0010628,GO:0010875,GO:0016050,GO:0019065,GO:0019217,GO:0019915,GO:0030154,GO:0030193,GO:0030301,GO:0030335,GO:0030514,GO:0030857,GO:0030879,GO:0031295,GO:0031397,GO:0031398,GO:0031623,GO:0032507,GO:0032570,GO:0033484,GO:0038016,GO:0038166,GO:0042632,GO:0043123,GO:0043409,GO:0043627,GO:0044860,GO:0045019,GO:0045907,GO:0046209,GO:0046426,GO:0048550,GO:0051480,GO:0051592,GO:0051899,GO:0055074,GO:0060056,GO:0060070,GO:0060546,GO:0070836,GO:0071218,GO:0071375,GO:0071455,GO:0072584,GO:0086091,GO:0090090,GO:0097190,GO:0098903,GO:0098909,GO:0098911,GO:0120162,GO:1900027,GO:1901380,GO:1901844,GO:1903361,GO:1903598,GO:1904294,GO:2000535,GO:2000811,GO:2001238,GO:2001244	GO:0001525,GO:0001569,GO:0001570,GO:0001755,GO:0001764,GO:0001938,GO:0002040,GO:0002042,GO:0003148,GO:0006930,GO:0007165,GO:0007229,GO:0007267,GO:0007399,GO:0007411,GO:0008045,GO:0009611,GO:0009887,GO:0010595,GO:0014911,GO:0021612,GO:0021637,GO:0021649,GO:0021785,GO:0021828,GO:0030154,GO:0030947,GO:0031290,GO:0032489,GO:0035729,GO:0035767,GO:0035924,GO:0036486,GO:0038084,GO:0038189,GO:0038190,GO:0042327,GO:0043524,GO:0043542,GO:0045766,GO:0046718,GO:0048008,GO:0048010,GO:0048012,GO:0048666,GO:0048842,GO:0048844,GO:0048846,GO:0050918,GO:0051491,GO:0051496,GO:0051894,GO:0060385,GO:0060627,GO:0060978,GO:0060982,GO:0061299,GO:0061441,GO:0061549,GO:0061551,GO:0070374,GO:0071526,GO:0071679,GO:0090050,GO:0097102,GO:0097374,GO:0097475,GO:0097490,GO:0097491,GO:0099173,GO:0120035,GO:0150018,GO:0150020,GO:1900026,GO:1901166,GO:1902946,GO:1903375,GO:1904835,GO:1905040,GO:2001237
200	GO:0000122,GO:0001525,GO:0001657,GO:0001701,GO:0001837,GO:0002053,GO:0003148,GO:0003149,GO:0003416,GO:0006915,GO:0007267,GO:0007409,GO:0008284,GO:0008543,GO:0008589,GO:0009791,GO:0009880,GO:0009887,GO:0010518,GO:0010839,GO:0016331,GO:0018108,GO:0021769,GO:0021847,GO:0021860,GO:0022612,GO:0030177,GO:0030282,GO:0030324,GO:0030855,GO:0030901,GO:0030916,GO:0031069,GO:0032496,GO:0032808,GO:0033688,GO:0035265,GO:0035602,GO:0035603,GO:0035604,GO:0035607,GO:0042472,GO:0042476,GO:0043009,GO:0043410,GO:0044344,GO:0045165,GO:0045471,GO:0045595,GO:0045667,GO:0045787,GO:0045944,GO:0046777,GO:0048286,GO:0048333,GO:0048557,GO:0048562,GO:0048565,GO:0048568,GO:0048608,GO:0048701,GO:0048705,GO:0048730,GO:0048755,GO:0048762,GO:0050679,GO:0050680,GO:0051150,GO:0051781,GO:0055010,GO:0060045,GO:0060174,GO:0060348,GO:0060349,GO:0060442,GO:0060445,GO:0060449,GO:0060463,GO:0060484,GO:0060501,GO:0060512,GO:0060523,GO:0060527,GO:0060529,GO:0060601,GO:0060615,GO:0060664,GO:0060667,GO:0060670,GO:0060688,GO:0060915,GO:0060916,GO:0070372,GO:0070374,GO:0071300,GO:0071456,GO:0071560,GO:0090263,GO:1904707,GO:1904888	GO:0000122,GO:0001773,GO:0001935,GO:0001938,GO:0002218,GO:0002250,GO:0002270,GO:0002281,GO:0002376,GO:0002407,GO:0002437,GO:0002643,GO:0002840,GO:0006259,GO:0006265,GO:0006281,GO:0006284,GO:0006302,GO:0006303,GO:0006310,GO:0006325,GO:0006338,GO:0006914,GO:0006935,GO:0006954,GO:0006955,GO:0006974,GO:0007165,GO:0007204,GO:0010508,GO:0010596,GO:0017055,GO:0031175,GO:0031507,GO:0032392,GO:0032425,GO:0032689,GO:0032722,GO:0032727,GO:0032728,GO:0032731,GO:0032732,GO:0032733,GO:0032735,GO:0032755,GO:0032757,GO:0032760,GO:0033151,GO:0034137,GO:0034145,GO:0034165,GO:0035711,GO:0035767,GO:0042104,GO:0043065,GO:0043277,GO:0043371,GO:0043388,GO:0043410,GO:0043536,GO:0043537,GO:0045063,GO:0045087,GO:0045089,GO:0045597,GO:0045944,GO:0046330,GO:0046598,GO:0048468,GO:0050792,GO:0050918,GO:0051052,GO:0070374,GO:0071222,GO:0071639,GO:0090026,GO:0090303,GO:0097350,GO:1901224,GO:1903672,GO:1903706,GO:1905564,GO:2000343,GO:2000426,GO:2000819,GO:2001200
200	GO:0000122,GO:0001570,GO:0001666,GO:0001937,GO:0006641,GO:0006816,GO:0006874,GO:0006940,GO:0007519,GO:0008104,GO:0009267,GO:0009617,GO:0010524,GO:0010608,GO:0010628,GO:0010875,GO:0016050,GO:0019065,GO:0019217,GO:0019915,GO:0030154,GO:0030193,GO:0030301,GO:0030335,GO:0030514,GO:0030857,GO:0030879,GO:0031295,GO:0031397,GO:0031398,GO:0031623,GO:0032507,GO:0032570,GO:0033484,GO:0038016,GO:0038166,GO:0042632,GO:0043123,GO:0043409,GO:0043627,GO:0044860,GO:0045019,GO:0045907,GO:0046209,GO:0046426,GO:0048550,GO:0051480,GO:0051592,GO:0051899,GO:0055074,GO:0060056,GO:0060070,GO:0060546,GO:0070836,GO:0071218,GO:0071375,GO:0071455,GO:0072584,GO:0086091,GO:0090090,GO:0097190,GO:0098903,GO:0098909,GO:0098911,GO:0120162,GO:1900027,GO:1901380,GO:1901844,GO:1903361,GO:1903598,GO:1904294,GO:2000535,GO:2000811,GO:2001238,GO:2001244	GO:0000122,GO:0001501,GO:0001502,GO:0001503,GO:0001658,GO:0001708,GO:0001837,GO:0001894,GO:0001942,GO:0002009,GO:0002053,GO:0002062,GO:0002683,GO:0003170,GO:0003179,GO:0003180,GO:0003203,GO:0003413,GO:0003415,GO:0003430,GO:0006334,GO:0006338,GO:0007165,GO:0007173,GO:0007283,GO:0007417,GO:0007507,GO:0008284,GO:0008584,GO:0010467,GO:0010564,GO:0010628,GO:0010634,GO:0014036,GO:0019100,GO:0030154,GO:0030279,GO:0030850,GO:0030858,GO:0030879,GO:0030903,GO:0030916,GO:0032331,GO:0032332,GO:0035019,GO:0042127,GO:0042981,GO:0043066,GO:0045662,GO:0045668,GO:0045892,GO:0045893,GO:0045944,GO:0046322,GO:0046533,GO:0048709,GO:0050679,GO:0050680,GO:0051216,GO:0060008,GO:0060009,GO:0060041,GO:0060174,GO:0060221,GO:0060517,GO:0060729,GO:0060784,GO:0061036,GO:0061138,GO:0065003,GO:0070168,GO:0070371,GO:0070542,GO:0071260,GO:0071300,GO:0071347,GO:0071364,GO:0071504,GO:0071560,GO:0071599,GO:0071773,GO:0072034,GO:0072170,GO:0072190,GO:0072289,GO:0090090,GO:0090103,GO:0090184,GO:0090190,GO:1902732,GO:1902894,GO:1904864,GO:2000020,GO:2000741
200	GO:0001659,GO:0001666,GO:0001963,GO:0001975,GO:0001976,GO:0002027,GO:0002028,GO:0002031,GO:0002052,GO:0002092,GO:0006874,GO:0006914,GO:0007165,GO:0007186,GO:0007188,GO:0007195,GO:0007200,GO:0007212,GO:0007270,GO:0007409,GO:0007416,GO:0007608,GO:0007616,GO:0007626,GO:0007628,GO:0008104,GO:0008285,GO:0008306,GO:0008542,GO:0009410,GO:0009416,GO:0009636,GO:0010039,GO:0014059,GO:0014854,GO:0016055,GO:0021756,GO:0021769,GO:0021853,GO:0021984,GO:0030336,GO:0030432,GO:0030900,GO:0031223,GO:0032228,GO:0032355,GO:0032467,GO:0032922,GO:0033602,GO:0034776,GO:0035094,GO:0035305,GO:0035556,GO:0042220,GO:0042321,GO:0042417,GO:0042756,GO:0043266,GO:0043278,GO:0043408,GO:0045471,GO:0045745,GO:0045776,GO:0045824,GO:0045944,GO:0046676,GO:0046717,GO:0048148,GO:0048149,GO:0048169,GO:0048678,GO:0048755,GO:0050482,GO:0050709,GO:0050769,GO:0050805,GO:0051209,GO:0051240,GO:0051481,GO:0051580,GO:0051584,GO:0051586,GO:0051823,GO:0051898,GO:0051952,GO:0051967,GO:0060079,GO:0060124,GO:0060134,GO:0060158,GO:0060160,GO:0070374,GO:0071300,GO:0071361,GO:0090325,GO:0097305,GO:0099170,GO:0099171,GO:0160213,GO:1900038,GO:1900168,GO:1900273,GO:1903530,GO:1990384	GO:0001570,GO:0001657,GO:0001666,GO:0001763,GO:0001837,GO:0001843,GO:0002040,GO:0002062,GO:0002244,GO:0002248,GO:0002460,GO:0002859,GO:0003179,GO:0003180,GO:0006611,GO:0006754,GO:0006796,GO:0007179,GO:0007406,GO:0007435,GO:0007507,GO:0007565,GO:0008284,GO:0008285,GO:0009410,GO:0009611,GO:0009749,GO:0010332,GO:0010575,GO:0010628,GO:0010629,GO:0010716,GO:0010718,GO:0010742,GO:0010763,GO:0010936,GO:0014003,GO:0014008,GO:0016202,GO:0021915,GO:0030154,GO:0030214,GO:0030308,GO:0030334,GO:0030335,GO:0031100,GO:0031293,GO:0031334,GO:0031536,GO:0032355,GO:0032570,GO:0032667,GO:0032700,GO:0032740,GO:0032755,GO:0032760,GO:0032801,GO:0032930,GO:0032967,GO:0033280,GO:0034616,GO:0035902,GO:0036120,GO:0036446,GO:0042127,GO:0042306,GO:0042307,GO:0042475,GO:0042552,GO:0043065,GO:0043117,GO:0043123,GO:0043410,GO:0043536,GO:0043537,GO:0045066,GO:0045216,GO:0045471,GO:0045591,GO:0045596,GO:0045597,GO:0045599,GO:0045662,GO:0045742,GO:0045786,GO:0045892,GO:0045893,GO:0045944,GO:0048298,GO:0048535,GO:0048565,GO:0048642,GO:0048661,GO:0048839,GO:0050679,GO:0050680,GO:0050714,GO:0050729,GO:0050765,GO:0050832,GO:0050921,GO:0051130,GO:0051240,GO:0051247,GO:0051280,GO:0051781,GO:0051897,GO:0055010,GO:0060312,GO:0060325,GO:0060364,GO:0060391,GO:0070168,GO:0070374,GO:0070723,GO:0071260,GO:0071333,GO:0071363,GO:0071404,GO:0071456,GO:0071479,GO:0071549,GO:0071560,GO:0071677,GO:0071895,GO:0085029,GO:0090190,GO:0090263,GO:0097191,GO:0097421,GO:0098586,GO:0141091,GO:1900126,GO:1900182,GO:1901203,GO:1902074,GO:1902462,GO:1902894,GO:1902895,GO:1903077,GO:1904018,GO:1904894,GO:1905641,GO:1990314,GO:1990402,GO:2000048,GO:2000343,GO:2000353,GO:2000636,GO:2000727
200	GO:0000077,GO:0001782,GO:0001817,GO:0001932,GO:0001933,GO:0002223,GO:0002244,GO:0002250,GO:0002376,GO:0002431,GO:0002513,GO:0002553,GO:0002576,GO:0002758,GO:0002762,GO:0002768,GO:0002774,GO:0002862,GO:0002902,GO:0006468,GO:0006950,GO:0006954,GO:0006974,GO:0006991,GO:0007165,GO:0007169,GO:0008284,GO:0008285,GO:0009410,GO:0009636,GO:0009725,GO:0009743,GO:0010976,GO:0014003,GO:0015908,GO:0018108,GO:0030097,GO:0030218,GO:0030222,GO:0030335,GO:0030889,GO:0031175,GO:0031295,GO:0031663,GO:0032868,GO:0033003,GO:0033628,GO:0034136,GO:0034142,GO:0034144,GO:0034145,GO:0034165,GO:0034605,GO:0035556,GO:0038043,GO:0038095,GO:0038096,GO:0038159,GO:0042100,GO:0042327,GO:0043200,GO:0043304,GO:0043407,GO:0043410,GO:0043434,GO:0045087,GO:0045646,GO:0046777,GO:0048013,GO:0048678,GO:0050727,GO:0050777,GO:0050855,GO:0050859,GO:0050900,GO:0051279,GO:0060252,GO:0060369,GO:0060397,GO:0070372,GO:0070373,GO:0070447,GO:0070667,GO:0070668,GO:0071300,GO:0071396,GO:0090025,GO:0090330,GO:0097028,GO:1902532,GO:1902993,GO:2000670	GO:0000012,GO:0000122,GO:0000183,GO:0000720,GO:0000731,GO:0001525,GO:0001678,GO:0001934,GO:0001938,GO:0002821,GO:0006325,GO:0006346,GO:0006476,GO:0006642,GO:0006915,GO:0006974,GO:0006979,GO:0007179,GO:0007346,GO:0007517,GO:0007623,GO:0008284,GO:0008630,GO:0009267,GO:0010629,GO:0010824,GO:0010868,GO:0010875,GO:0010883,GO:0010906,GO:0016239,GO:0016567,GO:0018394,GO:0030154,GO:0030225,GO:0030512,GO:0030968,GO:0031393,GO:0031507,GO:0031509,GO:0031648,GO:0032007,GO:0032071,GO:0032436,GO:0032868,GO:0032922,GO:0033210,GO:0034391,GO:0035331,GO:0035356,GO:0035358,GO:0042127,GO:0042149,GO:0042326,GO:0042542,GO:0042632,GO:0042771,GO:0042981,GO:0043065,GO:0043066,GO:0043124,GO:0043161,GO:0043518,GO:0043536,GO:0044321,GO:0045348,GO:0045599,GO:0045722,GO:0045739,GO:0045766,GO:0045786,GO:0045892,GO:0045944,GO:0046015,GO:0046628,GO:0046890,GO:0048511,GO:0050793,GO:0050872,GO:0051152,GO:0051239,GO:0051658,GO:0051897,GO:0051898,GO:0055089,GO:0060766,GO:0060907,GO:0062013,GO:0070301,GO:0070857,GO:0070914,GO:0071356,GO:0071456,GO:0071479,GO:0090335,GO:0090400,GO:0097009,GO:0106230,GO:0140861,GO:1900034,GO:1901797,GO:1901984,GO:1902166,GO:1902176,GO:1902237,GO:1902424,GO:1904179,GO:2000111,GO:2000481,GO:2000655,GO:2000757,GO:2000773,GO:2000774,GO:2000781
200	GO:0001649,GO:0001938,GO:0002042,GO:0002430,GO:0003376,GO:0005977,GO:0005978,GO:0005979,GO:0006006,GO:0006417,GO:0006468,GO:0006809,GO:0006915,GO:0006924,GO:0006979,GO:0007165,GO:0007173,GO:0007186,GO:0007399,GO:0008283,GO:0008286,GO:0009408,GO:0009725,GO:0010507,GO:0010595,GO:0010628,GO:0010629,GO:0010748,GO:0010761,GO:0010907,GO:0010975,GO:0016242,GO:0018105,GO:0018107,GO:0019221,GO:0030154,GO:0030307,GO:0030334,GO:0030335,GO:0031295,GO:0031397,GO:0031929,GO:0031999,GO:0032079,GO:0032436,GO:0032869,GO:0033138,GO:0033554,GO:0034405,GO:0035556,GO:0035655,GO:0042307,GO:0042981,GO:0043066,GO:0043276,GO:0043488,GO:0043491,GO:0043536,GO:0045429,GO:0045600,GO:0045725,GO:0045746,GO:0045861,GO:0045944,GO:0046209,GO:0046326,GO:0046889,GO:0048009,GO:0048266,GO:0048661,GO:0051247,GO:0051897,GO:0060079,GO:0060416,GO:0060644,GO:0070141,GO:0070585,GO:0070848,GO:0071364,GO:0072656,GO:0072752,GO:0090201,GO:0097700,GO:0099175,GO:0110002,GO:0140052,GO:0150033,GO:0160049,GO:0160213,GO:1900087,GO:1900182,GO:1901796,GO:1902018,GO:1902176,GO:1903038,GO:1903078,GO:1903318,GO:1903384,GO:1903898,GO:1904263,GO:1904515,GO:1905552,GO:1905786,GO:1990090,GO:1990418,GO:2000010,GO:2000074,GO:2000402,GO:2001240,GO:2001243	GO:0000122,GO:0001709,GO:0001806,GO:0001817,GO:0001822,GO:0001823,GO:0002376,GO:0002520,GO:0003180,GO:0003215,GO:0003281,GO:0006355,GO:0006357,GO:0006952,GO:0006954,GO:0007165,GO:0008285,GO:0008584,GO:0009410,GO:0009615,GO:0009653,GO:0009967,GO:0010332,GO:0010467,GO:0010595,GO:0010719,GO:0030154,GO:0030217,GO:0030225,GO:0030856,GO:0031929,GO:0032736,GO:0032753,GO:0032754,GO:0033600,GO:0035457,GO:0042421,GO:0043491,GO:0043583,GO:0043627,GO:0045064,GO:0045087,GO:0045165,GO:0045471,GO:0045582,GO:0045786,GO:0045892,GO:0045893,GO:0045944,GO:0048485,GO:0048568,GO:0048646,GO:0048731,GO:0050728,GO:0050793,GO:0050852,GO:0051216,GO:0051897,GO:0060037,GO:0060065,GO:0060070,GO:0060231,GO:0060676,GO:0071353,GO:0071356,GO:0072107,GO:0072178,GO:0072179,GO:0072182,GO:0072676,GO:0090102,GO:1902895,GO:2000146,GO:2000352,GO:2000611,GO:2000679,GO:2000683
200	GO:0000165,GO:0006468,GO:0006897,GO:0006914,GO:0006979,GO:0007005,GO:0007029,GO:0007030,GO:0007040,GO:0007166,GO:0007254,GO:0007266,GO:0007283,GO:0007528,GO:0008104,GO:0008340,GO:0009267,GO:0009653,GO:0009968,GO:0010468,GO:0010506,GO:0010508,GO:0010955,GO:0010977,GO:0014041,GO:0016192,GO:0016242,GO:0019722,GO:0021756,GO:0021772,GO:0022028,GO:0030154,GO:0030162,GO:0030182,GO:0031344,GO:0031398,GO:0031647,GO:0032436,GO:0032760,GO:0034260,GO:0034599,GO:0034614,GO:0035542,GO:0035556,GO:0035564,GO:0035640,GO:0035641,GO:0035751,GO:0040012,GO:0042391,GO:0043068,GO:0043410,GO:0046039,GO:0046777,GO:0048312,GO:0048513,GO:0048812,GO:0050804,GO:0051239,GO:0051247,GO:0051646,GO:0051900,GO:0051966,GO:0060070,GO:0060079,GO:0060159,GO:0060161,GO:0060627,GO:0060628,GO:0060828,GO:0061001,GO:0070585,GO:0070973,GO:0071287,GO:0090140,GO:0090263,GO:0090394,GO:0140058,GO:0141161,GO:1900242,GO:1900244,GO:1901030,GO:1902236,GO:1902499,GO:1902531,GO:1902692,GO:1902803,GO:1902823,GO:1902902,GO:1903351,GO:1903748,GO:1903980,GO:1904644,GO:1904887,GO:1905279,GO:1905289,GO:1905504,GO:2000172,GO:2000300,GO:2000377	GO:0000902,GO:0001501,GO:0001654,GO:0001666,GO:0001822,GO:0001837,GO:0001843,GO:0001942,GO:0003007,GO:0003148,GO:0003149,GO:0003151,GO:0003179,GO:0003181,GO:0003184,GO:0003203,GO:0003215,GO:0003222,GO:0003274,GO:0003289,GO:0003407,GO:0007179,GO:0007423,GO:0007435,GO:0007507,GO:0008284,GO:0008285,GO:0008347,GO:0008584,GO:0009611,GO:0009792,GO:0010002,GO:0010628,GO:0010629,GO:0010634,GO:0010718,GO:0010936,GO:0014706,GO:0016477,GO:0016525,GO:0023052,GO:0030097,GO:0030199,GO:0030307,GO:0030308,GO:0030326,GO:0030593,GO:0030855,GO:0031069,GO:0032570,GO:0032874,GO:0032909,GO:0032956,GO:0033630,GO:0035910,GO:0042060,GO:0042127,GO:0042416,GO:0042476,GO:0042704,GO:0043065,GO:0043525,GO:0045216,GO:0045597,GO:0045726,GO:0045747,GO:0045787,GO:0045823,GO:0046580,GO:0048103,GO:0048566,GO:0048666,GO:0048699,GO:0048839,GO:0050680,GO:0050714,GO:0050778,GO:0051130,GO:0051240,GO:0051781,GO:0051794,GO:0051795,GO:0051891,GO:0051897,GO:0060038,GO:0060065,GO:0060317,GO:0060325,GO:0060391,GO:0060412,GO:0060413,GO:0061626,GO:0062009,GO:0062043,GO:0071363,GO:0090091,GO:0097191,GO:0141091,GO:1900182,GO:1902256,GO:1902895,GO:1903701,GO:1904238,GO:1904888,GO:1905006,GO:1905007
200	GO:0001659,GO:0001666,GO:0001963,GO:0001975,GO:0001976,GO:0002027,GO:0002028,GO:0002031,GO:0002052,GO:0002092,GO:0006874,GO:0006914,GO:0007165,GO:0007186,GO:0007188,GO:0007195,GO:0007200,GO:0007212,GO:0007270,GO:0007409,GO:0007416,GO:0007608,GO:0007616,GO:0007626,GO:0007628,GO:0008104,GO:0008285,GO:0008306,GO:0008542,GO:0009410,GO:0009416,GO:0009636,GO:0010039,GO:0014059,GO:0014854,GO:0016055,GO:0021756,GO:0021769,GO:0021853,GO:0021984,GO:0030336,GO:0030432,GO:0030900,GO:0031223,GO:0032228,GO:0032355,GO:0032467,GO:0032922,GO:0033602,GO:0034776,GO:0035094,GO:0035305,GO:0035556,GO:0042220,GO:0042321,GO:0042417,GO:0042756,GO:0043266,GO:0043278,GO:0043408,GO:0045471,GO:0045745,GO:0045776,GO:0045824,GO:0045944,GO:0046676,GO:0046717,GO:0048148,GO:0048149,GO:0048169,GO:0048678,GO:0048755,GO:0050482,GO:0050709,GO:0050769,GO:0050805,GO:0051209,GO:0051240,GO:0051481,GO:0051580,GO:0051584,GO:0051586,GO:0051823,GO:0051898,GO:0051952,GO:0051967,GO:0060079,GO:0060124,GO:0060134,GO:0060158,GO:0060160,GO:0070374,GO:0071300,GO:0071361,GO:0090325,GO:0097305,GO:0099170,GO:0099171,GO:0160213,GO:1900038,GO:1900168,GO:1900273,GO:1903530,GO:1990384	GO:0000165,GO:0006468,GO:0006897,GO:0006914,GO:0006979,GO:0007005,GO:0007029,GO:0007030,GO:0007040,GO:0007166,GO:0007254,GO:0007266,GO:0007283,GO:0007528,GO:0008104,GO:0008340,GO:0009267,GO:0009653,GO:0009968,GO:0010468,GO:0010506,GO:0010508,GO:0010955,GO:0010977,GO:0014041,GO:0016192,GO:0016242,GO:0019722,GO:0021756,GO:0021772,GO:0022028,GO:0030154,GO:0030162,GO:0030182,GO:0031344,GO:0031398,GO:0031647,GO:0032436,GO:0032760,GO:0034260,GO:0034599,GO:0034614,GO:0035542,GO:0035556,GO:0035564,GO:0035640,GO:0035641,GO:0035751,GO:0040012,GO:0042391,GO:0043068,GO:0043410,GO:0046039,GO:0046777,GO:0048312,GO:0048513,GO:0048812,GO:0050804,GO:0051239,GO:0051247,GO:0051646,GO:0051900,GO:0051966,GO:0060070,GO:0060079,GO:0060159,GO:0060161,GO:0060627,GO:0060628,GO:0060828,GO:0061001,GO:0070585,GO:0070973,GO:0071287,GO:0090140,GO:0090263,GO:0090394,GO:0140058,GO:0141161,GO:1900242,GO:1900244,GO:1901030,GO:1902236,GO:1902499,GO:1902531,GO:1902692,GO:1902803,GO:1902823,GO:1902902,GO:1903351,GO:1903748,GO:1903980,GO:1904644,GO:1904887,GO:1905279,GO:1905289,GO:1905504,GO:2000172,GO:2000300,GO:2000377
200	GO:0000122,GO:0001709,GO:0001806,GO:0001817,GO:0001822,GO:0001823,GO:0002376,GO:0002520,GO:0003180,GO:0003215,GO:0003281,GO:0006355,GO:0006357,GO:0006952,GO:0006954,GO:0007165,GO:0008285,GO:0008584,GO:0009410,GO:0009615,GO:0009653,GO:0009967,GO:0010332,GO:0010467,GO:0010595,GO:0010719,GO:0030154,GO:0030217,GO:0030225,GO:0030856,GO:0031929,GO:0032736,GO:0032753,GO:0032754,GO:0033600,GO:0035457,GO:0042421,GO:0043491,GO:0043583,GO:0043627,GO:0045064,GO:0045087,GO:0045165,GO:0045471,GO:0045582,GO:0045786,GO:0045892,GO:0045893,GO:0045944,GO:0048485,GO:0048568,GO:0048646,GO:0048731,GO:0050728,GO:0050793,GO:0050852,GO:0051216,GO:0051897,GO:0060037,GO:0060065,GO:0060070,GO:0060231,GO:0060676,GO:0071353,GO:0071356,GO:0072107,GO:0072178,GO:0072179,GO:0072182,GO:0072676,GO:0090102,GO:1902895,GO:2000146,GO:2000352,GO:2000611,GO:2000679,GO:2000683	GO:0001774,GO:0001819,GO:0002250,GO:0002376,GO:0006325,GO:0006338,GO:0006915,GO:0006979,GO:0007155,GO:0007165,GO:0007167,GO:0007204,GO:0007259,GO:0007498,GO:0008284,GO:0008285,GO:0008631,GO:0009755,GO:0010572,GO:0010667,GO:0010811,GO:0019221,GO:0022407,GO:0022408,GO:0030041,GO:0030154,GO:0030218,GO:0030335,GO:0031103,GO:0031663,GO:0031959,GO:0032024,GO:0032731,GO:0032760,GO:0033194,GO:0033209,GO:0034612,GO:0035166,GO:0035556,GO:0035722,GO:0038043,GO:0038065,GO:0038155,GO:0038156,GO:0038157,GO:0038162,GO:0038163,GO:0042102,GO:0042307,GO:0042531,GO:0042976,GO:0042981,GO:0043065,GO:0043066,GO:0043410,GO:0043524,GO:0043687,GO:0045087,GO:0045348,GO:0045428,GO:0045429,GO:0045597,GO:0045944,GO:0046425,GO:0046634,GO:0046677,GO:0046777,GO:0048008,GO:0048861,GO:0050727,GO:0050804,GO:0050867,GO:0051897,GO:0060333,GO:0060391,GO:0060396,GO:0060397,GO:0060399,GO:0061180,GO:0070102,GO:0070120,GO:0070665,GO:0070671,GO:0070757,GO:0097191,GO:0120162,GO:0120186,GO:0140546,GO:1900016,GO:1901731,GO:1902533,GO:1902728,GO:1904037,GO:1904707,GO:1905539
200	GO:0000278,GO:0002252,GO:0002429,GO:0006281,GO:0006298,GO:0006355,GO:0006897,GO:0006909,GO:0006914,GO:0006915,GO:0006974,GO:0006979,GO:0007155,GO:0007173,GO:0007204,GO:0007229,GO:0007611,GO:0008306,GO:0008630,GO:0009410,GO:0010468,GO:0010506,GO:0010557,GO:0010595,GO:0030036,GO:0030041,GO:0030100,GO:0030155,GO:0030516,GO:0030845,GO:0031113,GO:0032489,GO:0032956,GO:0034599,GO:0034976,GO:0035556,GO:0035791,GO:0036211,GO:0038096,GO:0038189,GO:0042770,GO:0043065,GO:0043525,GO:0043542,GO:0045580,GO:0045595,GO:0045785,GO:0045907,GO:0045944,GO:0048008,GO:0048013,GO:0048146,GO:0051444,GO:0051450,GO:0051496,GO:0051726,GO:0051882,GO:0051894,GO:0060038,GO:0070301,GO:0071103,GO:0071560,GO:0071871,GO:0090050,GO:0097706,GO:0099150,GO:0141214,GO:1900006,GO:1900026,GO:1900272,GO:1901701,GO:1902036,GO:1902531,GO:1903055,GO:1903210,GO:1903351,GO:1903905,GO:1904518,GO:1905244,GO:1905555,GO:2000042,GO:2000145,GO:2000406	GO:0000122,GO:0000209,GO:0000266,GO:0000422,GO:0000423,GO:0006511,GO:0006513,GO:0006914,GO:0006979,GO:0006986,GO:0007005,GO:0007417,GO:0008344,GO:0009410,GO:0009896,GO:0010498,GO:0010506,GO:0010628,GO:0010629,GO:0010636,GO:0010637,GO:0010821,GO:0010906,GO:0010918,GO:0010994,GO:0014059,GO:0014850,GO:0016236,GO:0016567,GO:0016579,GO:0022603,GO:0030163,GO:0031396,GO:0031647,GO:0031648,GO:0032232,GO:0032368,GO:0032436,GO:0033132,GO:0034599,GO:0034620,GO:0034976,GO:0035519,GO:0035774,GO:0036503,GO:0042053,GO:0042417,GO:0043065,GO:0043123,GO:0043161,GO:0043524,GO:0043653,GO:0044314,GO:0044828,GO:0045732,GO:0045944,GO:0046329,GO:0046676,GO:0050804,GO:0050821,GO:0051412,GO:0051582,GO:0051646,GO:0051865,GO:0051881,GO:0051967,GO:0060544,GO:0060828,GO:0061734,GO:0070050,GO:0070534,GO:0070585,GO:0070842,GO:0070936,GO:0070979,GO:0071287,GO:0080090,GO:0085020,GO:0090090,GO:0090141,GO:0090201,GO:0090258,GO:0090394,GO:0097237,GO:0099072,GO:0099074,GO:0140251,GO:1900242,GO:1900407,GO:1901526,GO:1901800,GO:1902236,GO:1902254,GO:1902530,GO:1902803,GO:1903265,GO:1903351,GO:1903377,GO:1903382,GO:1903427,GO:1903530,GO:1903542,GO:1903747,GO:1903861,GO:1904049,GO:1904643,GO:1904845,GO:1904881,GO:1905091,GO:1905232,GO:1905281,GO:1905366,GO:1905477,GO:1990000,GO:2000377,GO:2000378,GO:2001171
200	GO:0001774,GO:0001819,GO:0002250,GO:0002376,GO:0006325,GO:0006338,GO:0006915,GO:0006979,GO:0007155,GO:0007165,GO:0007167,GO:0007204,GO:0007259,GO:0007498,GO:0008284,GO:0008285,GO:0008631,GO:0009755,GO:0010572,GO:0010667,GO:0010811,GO:0019221,GO:0022407,GO:0022408,GO:0030041,GO:0030154,GO:0030218,GO:0030335,GO:0031103,GO:0031663,GO:0031959,GO:0032024,GO:0032731,GO:0032760,GO:0033194,GO:0033209,GO:0034612,GO:0035166,GO:0035556,GO:0035722,GO:0038043,GO:0038065,GO:0038155,GO:0038156,GO:0038157,GO:0038162,GO:0038163,GO:0042102,GO:0042307,GO:0042531,GO:0042976,GO:0042981,GO:0043065,GO:0043066,GO:0043410,GO:0043524,GO:0043687,GO:0045087,GO:0045348,GO:0045428,GO:0045429,GO:0045597,GO:0045944,GO:0046425,GO:0046634,GO:0046677,GO:0046777,GO:0048008,GO:0048861,GO:0050727,GO:0050804,GO:0050867,GO:0051897,GO:0060333,GO:0060391,GO:0060396,GO:0060397,GO:0060399,GO:0061180,GO:0070102,GO:0070120,GO:0070665,GO:0070671,GO:0070757,GO:0097191,GO:0120162,GO:0120186,GO:0140546,GO:1900016,GO:1901731,GO:1902533,GO:1902728,GO:1904037,GO:1904707,GO:1905539	GO:0001837,GO:0001938,GO:0002088,GO:0002720,GO:0003138,GO:0003139,GO:0003281,GO:0003283,GO:0003408,GO:0006954,GO:0007200,GO:0007223,GO:0007409,GO:0007411,GO:0008104,GO:0008584,GO:0008595,GO:0010595,GO:0010628,GO:0010742,GO:0010820,GO:0010976,GO:0016055,GO:0021891,GO:0022008,GO:0030154,GO:0030182,GO:0030216,GO:0030901,GO:0032722,GO:0032729,GO:0032731,GO:0032755,GO:0032757,GO:0032760,GO:0035022,GO:0035567,GO:0036517,GO:0036518,GO:0042060,GO:0043032,GO:0043066,GO:0043122,GO:0043410,GO:0045165,GO:0045599,GO:0045732,GO:0045766,GO:0045778,GO:0045892,GO:0045893,GO:0045944,GO:0046330,GO:0048022,GO:0048146,GO:0048706,GO:0048806,GO:0048812,GO:0050727,GO:0050729,GO:0050807,GO:0051057,GO:0051216,GO:0051885,GO:0051897,GO:0051964,GO:0060070,GO:0060071,GO:0060324,GO:0060340,GO:0060760,GO:0060907,GO:0062009,GO:0071219,GO:0071222,GO:0071277,GO:0071300,GO:0071346,GO:0071425,GO:0071542,GO:0071560,GO:0072201,GO:0090090,GO:0097325,GO:0099054,GO:0099068,GO:0099170,GO:0099175,GO:0099566,GO:0150012,GO:1900020,GO:1902474,GO:1904861,GO:1904862,GO:1904934,GO:1904948,GO:2000052,GO:2001235
200	GO:0000122,GO:0000165,GO:0001666,GO:0001821,GO:0001975,GO:0003015,GO:0003094,GO:0003100,GO:0003253,GO:0003357,GO:0006366,GO:0006874,GO:0007005,GO:0007166,GO:0007186,GO:0007204,GO:0007267,GO:0007411,GO:0008217,GO:0008284,GO:0009410,GO:0010193,GO:0010460,GO:0010467,GO:0010595,GO:0010613,GO:0010629,GO:0014033,GO:0014034,GO:0014823,GO:0014824,GO:0014826,GO:0019229,GO:0019722,GO:0023019,GO:0030072,GO:0030185,GO:0030195,GO:0030335,GO:0030878,GO:0031175,GO:0031394,GO:0032308,GO:0032496,GO:0033574,GO:0034392,GO:0034696,GO:0035050,GO:0035094,GO:0035556,GO:0035994,GO:0042045,GO:0042310,GO:0042482,GO:0042554,GO:0043200,GO:0043410,GO:0043491,GO:0044321,GO:0044751,GO:0045321,GO:0045429,GO:0045793,GO:0045840,GO:0045944,GO:0045987,GO:0046330,GO:0046887,GO:0046888,GO:0048661,GO:0048675,GO:0050850,GO:0051248,GO:0051899,GO:0060070,GO:0060137,GO:0060298,GO:0060385,GO:0061051,GO:0061626,GO:0070101,GO:0070294,GO:0070301,GO:0070371,GO:0070588,GO:0071277,GO:0071346,GO:0071347,GO:0071356,GO:0071372,GO:0071373,GO:0071375,GO:0071385,GO:0071389,GO:0071398,GO:0071456,GO:0071466,GO:0071526,GO:0071548,GO:0071559,GO:0071560,GO:0072011,GO:0072112,GO:0086100,GO:0090023,GO:0097237,GO:0097492,GO:0097746,GO:0141156,GO:0160195,GO:1900182,GO:1901224,GO:1902074,GO:1903537,GO:1904707,GO:1905653,GO:2001259	GO:0000122,GO:0001525,GO:0001657,GO:0001701,GO:0001837,GO:0002053,GO:0003148,GO:0003149,GO:0003416,GO:0006915,GO:0007267,GO:0007409,GO:0008284,GO:0008543,GO:0008589,GO:0009791,GO:0009880,GO:0009887,GO:0010518,GO:0010839,GO:0016331,GO:0018108,GO:0021769,GO:0021847,GO:0021860,GO:0022612,GO:0030177,GO:0030282,GO:0030324,GO:0030855,GO:0030901,GO:0030916,GO:0031069,GO:0032496,GO:0032808,GO:0033688,GO:0035265,GO:0035602,GO:0035603,GO:0035604,GO:0035607,GO:0042472,GO:0042476,GO:0043009,GO:0043410,GO:0044344,GO:0045165,GO:0045471,GO:0045595,GO:0045667,GO:0045787,GO:0045944,GO:0046777,GO:0048286,GO:0048333,GO:0048557,GO:0048562,GO:0048565,GO:0048568,GO:0048608,GO:0048701,GO:0048705,GO:0048730,GO:0048755,GO:0048762,GO:0050679,GO:0050680,GO:0051150,GO:0051781,GO:0055010,GO:0060045,GO:0060174,GO:0060348,GO:0060349,GO:0060442,GO:0060445,GO:0060449,GO:0060463,GO:0060484,GO:0060501,GO:0060512,GO:0060523,GO:0060527,GO:0060529,GO:0060601,GO:0060615,GO:0060664,GO:0060667,GO:0060670,GO:0060688,GO:0060915,GO:0060916,GO:0070372,GO:0070374,GO:0071300,GO:0071456,GO:0071560,GO:0090263,GO:1904707,GO:1904888
200	GO:0000122,GO:0000165,GO:0001568,GO:0001649,GO:0001764,GO:0001782,GO:0001947,GO:0001958,GO:0001974,GO:0002062,GO:0002467,GO:0002634,GO:0002931,GO:0003138,GO:0003139,GO:0003151,GO:0003185,GO:0003211,GO:0006355,GO:0006915,GO:0006959,GO:0007399,GO:0007507,GO:0007517,GO:0007519,GO:0007521,GO:0007611,GO:0010628,GO:0010629,GO:0014033,GO:0014902,GO:0030154,GO:0030182,GO:0030220,GO:0030279,GO:0030318,GO:0030501,GO:0030890,GO:0035984,GO:0042100,GO:0043410,GO:0043523,GO:0043524,GO:0043537,GO:0045652,GO:0045663,GO:0045666,GO:0045669,GO:0045893,GO:0045944,GO:0046928,GO:0048167,GO:0048643,GO:0048666,GO:0048667,GO:0050853,GO:0051145,GO:0051963,GO:0051966,GO:0055012,GO:0060025,GO:0060045,GO:0060079,GO:0060998,GO:0061333,GO:0071222,GO:0071277,GO:0071374,GO:0071466,GO:0071498,GO:0071560,GO:0072102,GO:0072160,GO:0098989,GO:0098990,GO:1904706,GO:1904753,GO:1905563,GO:2000111,GO:2000727,GO:2000987,GO:2001013,GO:2001016	GO:0001568,GO:0001819,GO:0001937,GO:0001960,GO:0007566,GO:0008284,GO:0008360,GO:0010596,GO:0010613,GO:0010614,GO:0010628,GO:0010629,GO:0010667,GO:0010718,GO:0010804,GO:0010838,GO:0016525,GO:0030334,GO:0030335,GO:0030336,GO:0030509,GO:0030511,GO:0031346,GO:0032480,GO:0032695,GO:0032705,GO:0032963,GO:0034392,GO:0035021,GO:0035024,GO:0035195,GO:0035278,GO:0036166,GO:0042058,GO:0042104,GO:0043066,GO:0043409,GO:0045590,GO:0045600,GO:0045603,GO:0045669,GO:0045766,GO:0045824,GO:0045930,GO:0050729,GO:0051497,GO:0051896,GO:0051897,GO:0060339,GO:0060940,GO:0061037,GO:0061154,GO:0070373,GO:0070374,GO:0071222,GO:0071479,GO:0071480,GO:0098586,GO:0106016,GO:1900017,GO:1900039,GO:1900082,GO:1900748,GO:1901223,GO:1901299,GO:1902254,GO:1902514,GO:1902731,GO:1903053,GO:1903427,GO:1903589,GO:1903766,GO:1904639,GO:1904695,GO:1904707,GO:1904728,GO:1904753,GO:1904754,GO:1904762,GO:1904827,GO:1904830,GO:1904996,GO:1905065,GO:1905460,GO:1905564,GO:1905955,GO:1990009,GO:2000318,GO:2000321,GO:2000377
200	GO:0000077,GO:0001782,GO:0001817,GO:0001932,GO:0001933,GO:0002223,GO:0002244,GO:0002250,GO:0002376,GO:0002431,GO:0002513,GO:0002553,GO:0002576,GO:0002758,GO:0002762,GO:0002768,GO:0002774,GO:0002862,GO:0002902,GO:0006468,GO:0006950,GO:0006954,GO:0006974,GO:0006991,GO:0007165,GO:0007169,GO:0008284,GO:0008285,GO:0009410,GO:0009636,GO:0009725,GO:0009743,GO:0010976,GO:0014003,GO:0015908,GO:0018108,GO:0030097,GO:0030218,GO:0030222,GO:0030335,GO:0030889,GO:0031175,GO:0031295,GO:0031663,GO:0032868,GO:0033003,GO:0033628,GO:0034136,GO:0034142,GO:0034144,GO:0034145,GO:0034165,GO:0034605,GO:0035556,GO:0038043,GO:0038095,GO:0038096,GO:0038159,GO:0042100,GO:0042327,GO:0043200,GO:0043304,GO:0043407,GO:0043410,GO:0043434,GO:0045087,GO:0045646,GO:0046777,GO:0048013,GO:0048678,GO:0050727,GO:0050777,GO:0050855,GO:0050859,GO:0050900,GO:0051279,GO:0060252,GO:0060369,GO:0060397,GO:0070372,GO:0070373,GO:0070447,GO:0070667,GO:0070668,GO:0071300,GO:0071396,GO:0090025,GO:0090330,GO:0097028,GO:1902532,GO:1902993,GO:2000670	GO:0000122,GO:0001659,GO:0001666,GO:0001754,GO:0001817,GO:0002317,GO:0002931,GO:0006355,GO:0006357,GO:0006606,GO:0006952,GO:0006953,GO:0006954,GO:0006955,GO:0007165,GO:0007179,GO:0007259,GO:0007399,GO:0008284,GO:0010507,GO:0010575,GO:0010628,GO:0010629,GO:0010730,GO:0019221,GO:0030154,GO:0030335,GO:0030522,GO:0030968,GO:0032355,GO:0032731,GO:0032733,GO:0032755,GO:0032757,GO:0032760,GO:0032870,GO:0033210,GO:0034097,GO:0035723,GO:0038110,GO:0038113,GO:0038154,GO:0038155,GO:0042127,GO:0042593,GO:0042755,GO:0043123,GO:0043124,GO:0043434,GO:0043491,GO:0043524,GO:0044320,GO:0044321,GO:0045471,GO:0045648,GO:0045747,GO:0045766,GO:0045893,GO:0045944,GO:0046902,GO:0048708,GO:0048861,GO:0050728,GO:0050729,GO:0050766,GO:0050804,GO:0051240,GO:0051726,GO:0060019,GO:0060259,GO:0060396,GO:0060397,GO:0070102,GO:0070120,GO:0072538,GO:0072540,GO:0090091,GO:0097009,GO:0097398,GO:0097696,GO:0099527,GO:0106015,GO:0140105,GO:1900016,GO:1900017,GO:1900037,GO:1902728,GO:1902895,GO:1905564,GO:2000635,GO:2001171,GO:2001243
200	GO:0000209,GO:0001649,GO:0001837,GO:0002052,GO:0003151,GO:0007155,GO:0007173,GO:0007399,GO:0008284,GO:0008285,GO:0009410,GO:0010629,GO:0010717,GO:0010718,GO:0010909,GO:0016055,GO:0016525,GO:0019827,GO:0021854,GO:0030182,GO:0030901,GO:0030902,GO:0030997,GO:0031396,GO:0032212,GO:0032355,GO:0032968,GO:0033234,GO:0034112,GO:0034333,GO:0034394,GO:0035315,GO:0035995,GO:0036023,GO:0036520,GO:0043065,GO:0043066,GO:0043161,GO:0043525,GO:0044331,GO:0045597,GO:0045765,GO:0045766,GO:0045892,GO:0045893,GO:0045944,GO:0045976,GO:0048145,GO:0048568,GO:0048643,GO:0048660,GO:0050767,GO:0050768,GO:0050982,GO:0051884,GO:0051963,GO:0060070,GO:0060231,GO:0060292,GO:0061154,GO:0061549,GO:0061550,GO:0070602,GO:0071363,GO:0071681,GO:0072182,GO:0072497,GO:0090090,GO:0090279,GO:0097091,GO:0098609,GO:1901331,GO:1903377,GO:1904888,GO:1904948,GO:1905555,GO:1990138,GO:1990403,GO:1990791,GO:2000008,GO:2000179	GO:0000278,GO:0001525,GO:0001569,GO:0001974,GO:0001975,GO:0002027,GO:0003015,GO:0003094,GO:0003207,GO:0003220,GO:0003228,GO:0003253,GO:0003357,GO:0006874,GO:0006939,GO:0007005,GO:0007165,GO:0007186,GO:0007190,GO:0007200,GO:0007204,GO:0007411,GO:0007507,GO:0007585,GO:0008217,GO:0008283,GO:0009611,GO:0010467,GO:0014033,GO:0014034,GO:0014824,GO:0014829,GO:0016322,GO:0030878,GO:0031175,GO:0032835,GO:0034599,GO:0035050,GO:0035904,GO:0042310,GO:0042415,GO:0042474,GO:0044751,GO:0048066,GO:0048484,GO:0048485,GO:0048675,GO:0048706,GO:0050905,GO:0055078,GO:0060070,GO:0060324,GO:0060385,GO:0061626,GO:0070294,GO:0070588,GO:0071372,GO:0071373,GO:0071526,GO:0072011,GO:0072112,GO:0086100,GO:0097018,GO:0097084,GO:0097152,GO:0097237,GO:0097492,GO:0141156,GO:1903210,GO:1903537,GO:1904888,GO:1905144,GO:1905871,GO:2001259
200	GO:0000122,GO:0001774,GO:0001878,GO:0002265,GO:0006357,GO:0006417,GO:0006816,GO:0006878,GO:0006897,GO:0006915,GO:0007155,GO:0007186,GO:0007189,GO:0007193,GO:0007219,GO:0007409,GO:0007417,GO:0007611,GO:0007612,GO:0007613,GO:0007617,GO:0007626,GO:0008088,GO:0008285,GO:0008306,GO:0008344,GO:0008542,GO:0010288,GO:0010468,GO:0010604,GO:0010628,GO:0010629,GO:0014005,GO:0016199,GO:0016322,GO:0016358,GO:0019722,GO:0019731,GO:0019732,GO:0030111,GO:0030178,GO:0030198,GO:0031175,GO:0031583,GO:0032224,GO:0032722,GO:0032729,GO:0032731,GO:0032755,GO:0032760,GO:0032930,GO:0034121,GO:0035235,GO:0036269,GO:0040014,GO:0042157,GO:0043065,GO:0043408,GO:0043410,GO:0043523,GO:0043525,GO:0045087,GO:0045429,GO:0045471,GO:0045666,GO:0045745,GO:0045752,GO:0045821,GO:0045931,GO:0045944,GO:0046330,GO:0048143,GO:0048169,GO:0048669,GO:0050729,GO:0050803,GO:0050808,GO:0050829,GO:0050830,GO:0050850,GO:0050867,GO:0050890,GO:0050918,GO:0051044,GO:0051246,GO:0051247,GO:0051260,GO:0051262,GO:0051580,GO:0051897,GO:0055096,GO:0061844,GO:0070206,GO:0070374,GO:0070555,GO:0071280,GO:0071287,GO:0071320,GO:0071874,GO:0090026,GO:0090090,GO:0098815,GO:0098989,GO:0110088,GO:0141137,GO:0141163,GO:0150003,GO:1900181,GO:1900221,GO:1900272,GO:1900273,GO:1900454,GO:1901224,GO:1902894,GO:1902950,GO:1902951,GO:1902993,GO:1903381,GO:1903523,GO:1904022,GO:1904472,GO:1904591,GO:1904646,GO:1905606,GO:1905898,GO:1905906,GO:1905908,GO:1905945,GO:1990000,GO:1990090,GO:1990418,GO:1990535,GO:2000406,GO:2000463,GO:2001238	GO:0000278,GO:0001525,GO:0001569,GO:0001974,GO:0001975,GO:0002027,GO:0003015,GO:0003094,GO:0003207,GO:0003220,GO:0003228,GO:0003253,GO:0003357,GO:0006874,GO:0006939,GO:0007005,GO:0007165,GO:0007186,GO:0007190,GO:0007200,GO:0007204,GO:0007411,GO:0007507,GO:0007585,GO:0008217,GO:0008283,GO:0009611,GO:0010467,GO:0014033,GO:0014034,GO:0014824,GO:0014829,GO:0016322,GO:0030878,GO:0031175,GO:0032835,GO:0034599,GO:0035050,GO:0035904,GO:0042310,GO:0042415,GO:0042474,GO:0044751,GO:0048066,GO:0048484,GO:0048485,GO:0048675,GO:0048706,GO:0050905,GO:0055078,GO:0060070,GO:0060324,GO:0060385,GO:0061626,GO:0070294,GO:0070588,GO:0071372,GO:0071373,GO:0071526,GO:0072011,GO:0072112,GO:0086100,GO:0097018,GO:0097084,GO:0097152,GO:0097237,GO:0097492,GO:0141156,GO:1903210,GO:1903537,GO:1904888,GO:1905144,GO:1905871,GO:2001259
200	GO:0001660,GO:0001819,GO:0002282,GO:0002711,GO:0006915,GO:0006954,GO:0006955,GO:0007165,GO:0007267,GO:0007566,GO:0008284,GO:0008285,GO:0010573,GO:0010575,GO:0010628,GO:0010641,GO:0010718,GO:0010744,GO:0010829,GO:0014805,GO:0019221,GO:0030213,GO:0030224,GO:0030335,GO:0030949,GO:0031394,GO:0031622,GO:0032308,GO:0032496,GO:0032691,GO:0032725,GO:0032729,GO:0032743,GO:0032755,GO:0032757,GO:0033092,GO:0034116,GO:0042102,GO:0043122,GO:0043123,GO:0043409,GO:0043410,GO:0045429,GO:0045766,GO:0045833,GO:0045840,GO:0045893,GO:0045917,GO:0046330,GO:0046627,GO:0046827,GO:0050691,GO:0050728,GO:0050729,GO:0050767,GO:0050768,GO:0050796,GO:0050805,GO:0050830,GO:0050995,GO:0050996,GO:0050999,GO:0051044,GO:0051781,GO:0051897,GO:0060252,GO:0060355,GO:0070164,GO:0070372,GO:0070374,GO:0070487,GO:0070498,GO:0070555,GO:0071222,GO:0071260,GO:0071466,GO:0071639,GO:0097398,GO:0150078,GO:1900745,GO:1901224,GO:1902680,GO:1903140,GO:1903530,GO:1903597,GO:1905075,GO:2000556,GO:2000660,GO:2001240	GO:0001837,GO:0001938,GO:0002088,GO:0002720,GO:0003138,GO:0003139,GO:0003281,GO:0003283,GO:0003408,GO:0006954,GO:0007200,GO:0007223,GO:0007409,GO:0007411,GO:0008104,GO:0008584,GO:0008595,GO:0010595,GO:0010628,GO:0010742,GO:0010820,GO:0010976,GO:0016055,GO:0021891,GO:0022008,GO:0030154,GO:0030182,GO:0030216,GO:0030901,GO:0032722,GO:0032729,GO:0032731,GO:0032755,GO:0032757,GO:0032760,GO:0035022,GO:0035567,GO:0036517,GO:0036518,GO:0042060,GO:0043032,GO:0043066,GO:0043122,GO:0043410,GO:0045165,GO:0045599,GO:0045732,GO:0045766,GO:0045778,GO:0045892,GO:0045893,GO:0045944,GO:0046330,GO:0048022,GO:0048146,GO:0048706,GO:0048806,GO:0048812,GO:0050727,GO:0050729,GO:0050807,GO:0051057,GO:0051216,GO:0051885,GO:0051897,GO:0051964,GO:0060070,GO:0060071,GO:0060324,GO:0060340,GO:0060760,GO:0060907,GO:0062009,GO:0071219,GO:0071222,GO:0071277,GO:0071300,GO:0071346,GO:0071425,GO:0071542,GO:0071560,GO:0072201,GO:0090090,GO:0097325,GO:0099054,GO:0099068,GO:0099170,GO:0099175,GO:0099566,GO:0150012,GO:1900020,GO:1902474,GO:1904861,GO:1904862,GO:1904934,GO:1904948,GO:2000052,GO:2001235
200	GO:0000122,GO:0001666,GO:0001774,GO:0001819,GO:0001937,GO:0001975,GO:0002037,GO:0002281,GO:0002439,GO:0002639,GO:0002700,GO:0002719,GO:0003009,GO:0003085,GO:0006325,GO:0006954,GO:0006955,GO:0007259,GO:0007623,GO:0008285,GO:0008625,GO:0008630,GO:0009410,GO:0009612,GO:0009615,GO:0009617,GO:0009651,GO:0009750,GO:0010459,GO:0010573,GO:0010628,GO:0010629,GO:0010744,GO:0010888,GO:0014823,GO:0019722,GO:0031334,GO:0031349,GO:0031622,GO:0031642,GO:0031667,GO:0032496,GO:0032715,GO:0032722,GO:0032724,GO:0032731,GO:0032741,GO:0032755,GO:0032757,GO:0033209,GO:0034116,GO:0034138,GO:0035900,GO:0036005,GO:0042127,GO:0042311,GO:0043065,GO:0043066,GO:0043068,GO:0043122,GO:0043123,GO:0043243,GO:0043410,GO:0043525,GO:0043537,GO:0045071,GO:0045087,GO:0045429,GO:0045471,GO:0045598,GO:0045599,GO:0045668,GO:0045672,GO:0045732,GO:0045760,GO:0045785,GO:0045840,GO:0045892,GO:0045893,GO:0045930,GO:0045944,GO:0046325,GO:0046330,GO:0046677,GO:0048143,GO:0048566,GO:0048661,GO:0050729,GO:0050768,GO:0050793,GO:0050796,GO:0050804,GO:0050806,GO:0050807,GO:0050890,GO:0050901,GO:0050966,GO:0050995,GO:0051044,GO:0051046,GO:0051222,GO:0051239,GO:0051384,GO:0051798,GO:0051897,GO:0051966,GO:0060252,GO:0060557,GO:0061044,GO:0061048,GO:0070374,GO:0070886,GO:0071219,GO:0071222,GO:0071300,GO:0071316,GO:0071346,GO:0071479,GO:0071677,GO:0071803,GO:0072577,GO:0072659,GO:0090324,GO:0090594,GO:0097191,GO:0097237,GO:0097421,GO:0097527,GO:0120190,GO:0140374,GO:0140460,GO:0150078,GO:0150129,GO:1900017,GO:1900222,GO:1901224,GO:1901647,GO:1902004,GO:1902065,GO:1902565,GO:1902894,GO:1902895,GO:1903078,GO:1903140,GO:1903347,GO:1903829,GO:1904638,GO:1904646,GO:1904707,GO:1904880,GO:1904996,GO:1904999,GO:1905235,GO:1905242,GO:1990268,GO:2000010,GO:2000334,GO:2000343,GO:2000347,GO:2000351,GO:2000377,GO:2000573,GO:2001234,GO:2001238,GO:2001240	GO:0001837,GO:0001938,GO:0002088,GO:0002720,GO:0003138,GO:0003139,GO:0003281,GO:0003283,GO:0003408,GO:0006954,GO:0007200,GO:0007223,GO:0007409,GO:0007411,GO:0008104,GO:0008584,GO:0008595,GO:0010595,GO:0010628,GO:0010742,GO:0010820,GO:0010976,GO:0016055,GO:0021891,GO:0022008,GO:0030154,GO:0030182,GO:0030216,GO:0030901,GO:0032722,GO:0032729,GO:0032731,GO:0032755,GO:0032757,GO:0032760,GO:0035022,GO:0035567,GO:0036517,GO:0036518,GO:0042060,GO:0043032,GO:0043066,GO:0043122,GO:0043410,GO:0045165,GO:0045599,GO:0045732,GO:0045766,GO:0045778,GO:0045892,GO:0045893,GO:0045944,GO:0046330,GO:0048022,GO:0048146,GO:0048706,GO:0048806,GO:0048812,GO:0050727,GO:0050729,GO:0050807,GO:0051057,GO:0051216,GO:0051885,GO:0051897,GO:0051964,GO:0060070,GO:0060071,GO:0060324,GO:0060340,GO:0060760,GO:0060907,GO:0062009,GO:0071219,GO:0071222,GO:0071277,GO:0071300,GO:0071346,GO:0071425,GO:0071542,GO:0071560,GO:0072201,GO:0090090,GO:0097325,GO:0099054,GO:0099068,GO:0099170,GO:0099175,GO:0099566,GO:0150012,GO:1900020,GO:1902474,GO:1904861,GO:1904862,GO:1904934,GO:1904948,GO:2000052,GO:2001235
200	GO:0000122,GO:0001503,GO:0001649,GO:0001657,GO:0001658,GO:0001822,GO:0001823,GO:0001934,GO:0001938,GO:0001958,GO:0002043,GO:0002062,GO:0002244,GO:0002320,GO:0002573,GO:0003007,GO:0003129,GO:0003139,GO:0003148,GO:0003149,GO:0003151,GO:0003163,GO:0003180,GO:0003184,GO:0003197,GO:0003279,GO:0003323,GO:0007498,GO:0008284,GO:0008285,GO:0009791,GO:0010453,GO:0010467,GO:0010628,GO:0010629,GO:0010718,GO:0021537,GO:0022408,GO:0030154,GO:0030224,GO:0030225,GO:0030335,GO:0030501,GO:0030509,GO:0030513,GO:0030858,GO:0032092,GO:0032967,GO:0033085,GO:0033088,GO:0035990,GO:0035993,GO:0042306,GO:0042476,GO:0043065,GO:0043068,GO:0045596,GO:0045603,GO:0045606,GO:0045662,GO:0045669,GO:0045778,GO:0045786,GO:0045839,GO:0045843,GO:0045892,GO:0045893,GO:0045944,GO:0048286,GO:0048392,GO:0048661,GO:0048662,GO:0048745,GO:0048863,GO:0050679,GO:0050918,GO:0051216,GO:0051241,GO:0055007,GO:0055020,GO:0060391,GO:0060425,GO:0060426,GO:0060433,GO:0060438,GO:0060441,GO:0060502,GO:0060503,GO:0060537,GO:0060976,GO:0061036,GO:0061047,GO:0061626,GO:0070244,GO:0071773,GO:0072104,GO:0072125,GO:0072179,GO:0072197,GO:0072200,GO:0090189,GO:0090191,GO:0090194,GO:1900182,GO:1900745,GO:1901331,GO:1902894,GO:1904706,GO:1904753,GO:1905312,GO:2000005,GO:2000007,GO:2000636,GO:2000725,GO:2001237	GO:0000122,GO:0001525,GO:0001558,GO:0001889,GO:0001934,GO:0001935,GO:0002639,GO:0006355,GO:0006357,GO:0006366,GO:0006511,GO:0006629,GO:0006633,GO:0006914,GO:0006915,GO:0006955,GO:0006986,GO:0007517,GO:0008284,GO:0010506,GO:0010508,GO:0010832,GO:0015031,GO:0030154,GO:0030335,GO:0030512,GO:0030968,GO:0031647,GO:0031648,GO:0031670,GO:0032008,GO:0032755,GO:0032869,GO:0034599,GO:0034976,GO:0035356,GO:0035470,GO:0035924,GO:0036498,GO:0036500,GO:0036503,GO:0042149,GO:0042307,GO:0042632,GO:0043066,GO:0043491,GO:0045348,GO:0045579,GO:0045582,GO:0045600,GO:0045766,GO:0045944,GO:0048010,GO:0048666,GO:0051897,GO:0055089,GO:0055092,GO:0060392,GO:0060612,GO:0070059,GO:0070373,GO:0071073,GO:0071222,GO:0071230,GO:0071332,GO:0071333,GO:0071353,GO:0071375,GO:0071498,GO:0071499,GO:1900017,GO:1900100,GO:1900102,GO:1901985,GO:1902236,GO:1903489,GO:1904294,GO:1904707,GO:1904754,GO:1990418,GO:2000347,GO:2000353
200	GO:0000122,GO:0000165,GO:0001666,GO:0001821,GO:0001975,GO:0003015,GO:0003094,GO:0003100,GO:0003253,GO:0003357,GO:0006366,GO:0006874,GO:0007005,GO:0007166,GO:0007186,GO:0007204,GO:0007267,GO:0007411,GO:0008217,GO:0008284,GO:0009410,GO:0010193,GO:0010460,GO:0010467,GO:0010595,GO:0010613,GO:0010629,GO:0014033,GO:0014034,GO:0014823,GO:0014824,GO:0014826,GO:0019229,GO:0019722,GO:0023019,GO:0030072,GO:0030185,GO:0030195,GO:0030335,GO:0030878,GO:0031175,GO:0031394,GO:0032308,GO:0032496,GO:0033574,GO:0034392,GO:0034696,GO:0035050,GO:0035094,GO:0035556,GO:0035994,GO:0042045,GO:0042310,GO:0042482,GO:0042554,GO:0043200,GO:0043410,GO:0043491,GO:0044321,GO:0044751,GO:0045321,GO:0045429,GO:0045793,GO:0045840,GO:0045944,GO:0045987,GO:0046330,GO:0046887,GO:0046888,GO:0048661,GO:0048675,GO:0050850,GO:0051248,GO:0051899,GO:0060070,GO:0060137,GO:0060298,GO:0060385,GO:0061051,GO:0061626,GO:0070101,GO:0070294,GO:0070301,GO:0070371,GO:0070588,GO:0071277,GO:0071346,GO:0071347,GO:0071356,GO:0071372,GO:0071373,GO:0071375,GO:0071385,GO:0071389,GO:0071398,GO:0071456,GO:0071466,GO:0071526,GO:0071548,GO:0071559,GO:0071560,GO:0072011,GO:0072112,GO:0086100,GO:0090023,GO:0097237,GO:0097492,GO:0097746,GO:0141156,GO:0160195,GO:1900182,GO:1901224,GO:1902074,GO:1903537,GO:1904707,GO:1905653,GO:2001259	GO:0001781,GO:0001960,GO:0002314,GO:0002384,GO:0002446,GO:0002548,GO:0002639,GO:0002675,GO:0002690,GO:0006953,GO:0006954,GO:0006955,GO:0006959,GO:0007259,GO:0008284,GO:0008285,GO:0010573,GO:0010574,GO:0010575,GO:0010628,GO:0010718,GO:0010888,GO:0014823,GO:0019221,GO:0030154,GO:0030168,GO:0031018,GO:0031175,GO:0032494,GO:0032682,GO:0032722,GO:0032731,GO:0032733,GO:0032740,GO:0032745,GO:0032755,GO:0032757,GO:0032760,GO:0032966,GO:0033138,GO:0035425,GO:0035633,GO:0038001,GO:0042102,GO:0042593,GO:0043065,GO:0043066,GO:0043410,GO:0045599,GO:0045669,GO:0045727,GO:0045765,GO:0045779,GO:0045893,GO:0045944,GO:0046427,GO:0048661,GO:0050731,GO:0050768,GO:0050796,GO:0050829,GO:0050830,GO:0050871,GO:0051223,GO:0051251,GO:0051384,GO:0051607,GO:0060252,GO:0061470,GO:0061888,GO:0070050,GO:0070091,GO:0070092,GO:0070102,GO:0070301,GO:0070345,GO:0071222,GO:0072540,GO:0072574,GO:0090091,GO:0090594,GO:0097421,GO:0097696,GO:0098586,GO:0150077,GO:0150078,GO:1900017,GO:1901731,GO:1902512,GO:1902895,GO:1903978,GO:1904894,GO:1904996,GO:2000553,GO:2000635,GO:2000660,GO:2000676
200	GO:0000012,GO:0000122,GO:0000183,GO:0000720,GO:0000731,GO:0001525,GO:0001678,GO:0001934,GO:0001938,GO:0002821,GO:0006325,GO:0006346,GO:0006476,GO:0006642,GO:0006915,GO:0006974,GO:0006979,GO:0007179,GO:0007346,GO:0007517,GO:0007623,GO:0008284,GO:0008630,GO:0009267,GO:0010629,GO:0010824,GO:0010868,GO:0010875,GO:0010883,GO:0010906,GO:0016239,GO:0016567,GO:0018394,GO:0030154,GO:0030225,GO:0030512,GO:0030968,GO:0031393,GO:0031507,GO:0031509,GO:0031648,GO:0032007,GO:0032071,GO:0032436,GO:0032868,GO:0032922,GO:0033210,GO:0034391,GO:0035331,GO:0035356,GO:0035358,GO:0042127,GO:0042149,GO:0042326,GO:0042542,GO:0042632,GO:0042771,GO:0042981,GO:0043065,GO:0043066,GO:0043124,GO:0043161,GO:0043518,GO:0043536,GO:0044321,GO:0045348,GO:0045599,GO:0045722,GO:0045739,GO:0045766,GO:0045786,GO:0045892,GO:0045944,GO:0046015,GO:0046628,GO:0046890,GO:0048511,GO:0050793,GO:0050872,GO:0051152,GO:0051239,GO:0051658,GO:0051897,GO:0051898,GO:0055089,GO:0060766,GO:0060907,GO:0062013,GO:0070301,GO:0070857,GO:0070914,GO:0071356,GO:0071456,GO:0071479,GO:0090335,GO:0090400,GO:0097009,GO:0106230,GO:0140861,GO:1900034,GO:1901797,GO:1901984,GO:1902166,GO:1902176,GO:1902237,GO:1902424,GO:1904179,GO:2000111,GO:2000481,GO:2000655,GO:2000757,GO:2000773,GO:2000774,GO:2000781	GO:0000122,GO:0000165,GO:0001649,GO:0001657,GO:0001666,GO:0001836,GO:0006355,GO:0006357,GO:0006955,GO:0007179,GO:0007254,GO:0008285,GO:0009653,GO:0010332,GO:0010467,GO:0010628,GO:0010629,GO:0010718,GO:0023019,GO:0030154,GO:0030279,GO:0030308,GO:0030325,GO:0030335,GO:0030501,GO:0031053,GO:0031665,GO:0032332,GO:0032502,GO:0032731,GO:0032909,GO:0032916,GO:0032924,GO:0033689,GO:0036120,GO:0038092,GO:0042060,GO:0042110,GO:0042177,GO:0042220,GO:0042307,GO:0043066,GO:0045216,GO:0045429,GO:0045596,GO:0045599,GO:0045893,GO:0045944,GO:0050728,GO:0050776,GO:0050821,GO:0050927,GO:0051481,GO:0051496,GO:0051881,GO:0051894,GO:0060290,GO:0060391,GO:0060395,GO:0061001,GO:0061045,GO:0061450,GO:0061767,GO:0071333,GO:0071363,GO:0071560,GO:0071635,GO:0090263,GO:0097190,GO:0097191,GO:0097305,GO:0098586,GO:0141091,GO:1901203,GO:1902893,GO:1902894,GO:1902895,GO:1903243,GO:1990776
200	GO:0000209,GO:0001649,GO:0001837,GO:0002052,GO:0003151,GO:0007155,GO:0007173,GO:0007399,GO:0008284,GO:0008285,GO:0009410,GO:0010629,GO:0010717,GO:0010718,GO:0010909,GO:0016055,GO:0016525,GO:0019827,GO:0021854,GO:0030182,GO:0030901,GO:0030902,GO:0030997,GO:0031396,GO:0032212,GO:0032355,GO:0032968,GO:0033234,GO:0034112,GO:0034333,GO:0034394,GO:0035315,GO:0035995,GO:0036023,GO:0036520,GO:0043065,GO:0043066,GO:0043161,GO:0043525,GO:0044331,GO:0045597,GO:0045765,GO:0045766,GO:0045892,GO:0045893,GO:0045944,GO:0045976,GO:0048145,GO:0048568,GO:0048643,GO:0048660,GO:0050767,GO:0050768,GO:0050982,GO:0051884,GO:0051963,GO:0060070,GO:0060231,GO:0060292,GO:0061154,GO:0061549,GO:0061550,GO:0070602,GO:0071363,GO:0071681,GO:0072182,GO:0072497,GO:0090090,GO:0090279,GO:0097091,GO:0098609,GO:1901331,GO:1903377,GO:1904888,GO:1904948,GO:1905555,GO:1990138,GO:1990403,GO:1990791,GO:2000008,GO:2000179	GO:0000122,GO:0001659,GO:0001666,GO:0001754,GO:0001817,GO:0002317,GO:0002931,GO:0006355,GO:0006357,GO:0006606,GO:0006952,GO:0006953,GO:0006954,GO:0006955,GO:0007165,GO:0007179,GO:0007259,GO:0007399,GO:0008284,GO:0010507,GO:0010575,GO:0010628,GO:0010629,GO:0010730,GO:0019221,GO:0030154,GO:0030335,GO:0030522,GO:0030968,GO:0032355,GO:0032731,GO:0032733,GO:0032755,GO:0032757,GO:0032760,GO:0032870,GO:0033210,GO:0034097,GO:0035723,GO:0038110,GO:0038113,GO:0038154,GO:0038155,GO:0042127,GO:0042593,GO:0042755,GO:0043123,GO:0043124,GO:0043434,GO:0043491,GO:0043524,GO:0044320,GO:0044321,GO:0045471,GO:0045648,GO:0045747,GO:0045766,GO:0045893,GO:0045944,GO:0046902,GO:0048708,GO:0048861,GO:0050728,GO:0050729,GO:0050766,GO:0050804,GO:0051240,GO:0051726,GO:0060019,GO:0060259,GO:0060396,GO:0060397,GO:0070102,GO:0070120,GO:0072538,GO:0072540,GO:0090091,GO:0097009,GO:0097398,GO:0097696,GO:0099527,GO:0106015,GO:0140105,GO:1900016,GO:1900017,GO:1900037,GO:1902728,GO:1902895,GO:1905564,GO:2000635,GO:2001171,GO:2001243
200	GO:0001837,GO:0001954,GO:0003170,GO:0005977,GO:0006468,GO:0006983,GO:0007005,GO:0007399,GO:0007623,GO:0008286,GO:0009968,GO:0010508,GO:0010628,GO:0010629,GO:0010719,GO:0010975,GO:0016055,GO:0018105,GO:0019082,GO:0021766,GO:0030010,GO:0030011,GO:0030154,GO:0030336,GO:0030516,GO:0031175,GO:0031333,GO:0031334,GO:0031398,GO:0032007,GO:0032092,GO:0032436,GO:0032481,GO:0032880,GO:0032886,GO:0034976,GO:0035556,GO:0036016,GO:0042752,GO:0043066,GO:0043161,GO:0043525,GO:0045597,GO:0045668,GO:0045719,GO:0045724,GO:0045732,GO:0045879,GO:0046777,GO:0046825,GO:0046827,GO:0048511,GO:0048814,GO:0050770,GO:0060070,GO:0060079,GO:0070507,GO:0070885,GO:0071109,GO:0071300,GO:0090090,GO:0097191,GO:0097192,GO:0099171,GO:0106027,GO:0150101,GO:0160213,GO:1900034,GO:1900181,GO:1900271,GO:1901030,GO:1901701,GO:1902042,GO:1903566,GO:1903940,GO:1904339,GO:1904646,GO:1904781,GO:1904951,GO:2000077,GO:2000466,GO:2000740	GO:0000122,GO:0000209,GO:0000266,GO:0000422,GO:0000423,GO:0006511,GO:0006513,GO:0006914,GO:0006979,GO:0006986,GO:0007005,GO:0007417,GO:0008344,GO:0009410,GO:0009896,GO:0010498,GO:0010506,GO:0010628,GO:0010629,GO:0010636,GO:0010637,GO:0010821,GO:0010906,GO:0010918,GO:0010994,GO:0014059,GO:0014850,GO:0016236,GO:0016567,GO:0016579,GO:0022603,GO:0030163,GO:0031396,GO:0031647,GO:0031648,GO:0032232,GO:0032368,GO:0032436,GO:0033132,GO:0034599,GO:0034620,GO:0034976,GO:0035519,GO:0035774,GO:0036503,GO:0042053,GO:0042417,GO:0043065,GO:0043123,GO:0043161,GO:0043524,GO:0043653,GO:0044314,GO:0044828,GO:0045732,GO:0045944,GO:0046329,GO:0046676,GO:0050804,GO:0050821,GO:0051412,GO:0051582,GO:0051646,GO:0051865,GO:0051881,GO:0051967,GO:0060544,GO:0060828,GO:0061734,GO:0070050,GO:0070534,GO:0070585,GO:0070842,GO:0070936,GO:0070979,GO:0071287,GO:0080090,GO:0085020,GO:0090090,GO:0090141,GO:0090201,GO:0090258,GO:0090394,GO:0097237,GO:0099072,GO:0099074,GO:0140251,GO:1900242,GO:1900407,GO:1901526,GO:1901800,GO:1902236,GO:1902254,GO:1902530,GO:1902803,GO:1903265,GO:1903351,GO:1903377,GO:1903382,GO:1903427,GO:1903530,GO:1903542,GO:1903747,GO:1903861,GO:1904049,GO:1904643,GO:1904845,GO:1904881,GO:1905091,GO:1905232,GO:1905281,GO:1905366,GO:1905477,GO:1990000,GO:2000377,GO:2000378,GO:2001171
200	GO:0000122,GO:0001525,GO:0001554,GO:0001837,GO:0001947,GO:0002052,GO:0003151,GO:0003157,GO:0003160,GO:0003162,GO:0003169,GO:0003180,GO:0003181,GO:0003182,GO:0003184,GO:0003192,GO:0003198,GO:0003203,GO:0003207,GO:0003208,GO:0003209,GO:0003213,GO:0003214,GO:0003222,GO:0003241,GO:0003264,GO:0003273,GO:0003332,GO:0003344,GO:0006355,GO:0006357,GO:0006606,GO:0006955,GO:0007219,GO:0007221,GO:0007283,GO:0007368,GO:0007411,GO:0007507,GO:0008284,GO:0008285,GO:0010467,GO:0010614,GO:0010628,GO:0010629,GO:0010667,GO:0010718,GO:0010812,GO:0010832,GO:0014031,GO:0021515,GO:0030154,GO:0030163,GO:0030279,GO:0030334,GO:0030335,GO:0030513,GO:0030514,GO:0031100,GO:0032495,GO:0032496,GO:0032966,GO:0035148,GO:0035924,GO:0042127,GO:0042246,GO:0043086,GO:0045070,GO:0045603,GO:0045662,GO:0045665,GO:0045668,GO:0045687,GO:0045892,GO:0045893,GO:0045944,GO:0046427,GO:0046579,GO:0048708,GO:0048709,GO:0048711,GO:0048715,GO:0048873,GO:0050768,GO:0050793,GO:0051152,GO:0055008,GO:0060038,GO:0060045,GO:0060253,GO:0060271,GO:0060317,GO:0060354,GO:0060379,GO:0060411,GO:0060412,GO:0060842,GO:0060843,GO:0060948,GO:0060956,GO:0060979,GO:0060982,GO:0061344,GO:0061384,GO:0062043,GO:0070168,GO:0070374,GO:0070986,GO:0071228,GO:0071372,GO:0071456,GO:0072017,GO:0072044,GO:0072144,GO:0072538,GO:0090051,GO:0097150,GO:0097400,GO:0099565,GO:0120163,GO:1901201,GO:1902339,GO:2000048,GO:2000737,GO:2000811,GO:2000974,GO:2001027	GO:0000122,GO:0002244,GO:0006289,GO:0006355,GO:0006357,GO:0006914,GO:0006915,GO:0006974,GO:0006979,GO:0006983,GO:0007265,GO:0007623,GO:0008104,GO:0008285,GO:0008340,GO:0009299,GO:0009410,GO:0009411,GO:0010212,GO:0010332,GO:0010628,GO:0012501,GO:0016032,GO:0030308,GO:0030330,GO:0031571,GO:0032211,GO:0033209,GO:0034644,GO:0042149,GO:0042771,GO:0042981,GO:0043065,GO:0043066,GO:0043153,GO:0045815,GO:0045892,GO:0045893,GO:0045899,GO:0045944,GO:0046677,GO:0048147,GO:0048511,GO:0048512,GO:0048539,GO:0051053,GO:0051097,GO:0051262,GO:0051726,GO:0060218,GO:0060333,GO:0062100,GO:0065003,GO:0070059,GO:0070245,GO:0071456,GO:0071466,GO:0071479,GO:0071480,GO:0072331,GO:0072332,GO:0072717,GO:0090200,GO:0090398,GO:0090399,GO:0090403,GO:0097190,GO:0097193,GO:0097252,GO:1900119,GO:1902749,GO:1902895,GO:1903451,GO:1905856,GO:2000379,GO:2000774,GO:2001242,GO:2001244
200	GO:0000278,GO:0001525,GO:0001569,GO:0001974,GO:0001975,GO:0002027,GO:0003015,GO:0003094,GO:0003207,GO:0003220,GO:0003228,GO:0003253,GO:0003357,GO:0006874,GO:0006939,GO:0007005,GO:0007165,GO:0007186,GO:0007190,GO:0007200,GO:0007204,GO:0007411,GO:0007507,GO:0007585,GO:0008217,GO:0008283,GO:0009611,GO:0010467,GO:0014033,GO:0014034,GO:0014824,GO:0014829,GO:0016322,GO:0030878,GO:0031175,GO:0032835,GO:0034599,GO:0035050,GO:0035904,GO:0042310,GO:0042415,GO:0042474,GO:0044751,GO:0048066,GO:0048484,GO:0048485,GO:0048675,GO:0048706,GO:0050905,GO:0055078,GO:0060070,GO:0060324,GO:0060385,GO:0061626,GO:0070294,GO:0070588,GO:0071372,GO:0071373,GO:0071526,GO:0072011,GO:0072112,GO:0086100,GO:0097018,GO:0097084,GO:0097152,GO:0097237,GO:0097492,GO:0141156,GO:1903210,GO:1903537,GO:1904888,GO:1905144,GO:1905871,GO:2001259	GO:0001774,GO:0002282,GO:0002291,GO:0002588,GO:0002862,GO:0002931,GO:0006909,GO:0006910,GO:0006955,GO:0006959,GO:0007165,GO:0007166,GO:0007613,GO:0010468,GO:0010507,GO:0010628,GO:0010875,GO:0010887,GO:0010891,GO:0010983,GO:0019216,GO:0030316,GO:0032006,GO:0032008,GO:0032497,GO:0032499,GO:0032675,GO:0032691,GO:0032720,GO:0032733,GO:0034136,GO:0034144,GO:0034151,GO:0034241,GO:0034351,GO:0035176,GO:0038160,GO:0042742,GO:0043066,GO:0043124,GO:0043268,GO:0043277,GO:0045088,GO:0045672,GO:0045728,GO:0045960,GO:0048143,GO:0048468,GO:0048678,GO:0050714,GO:0050766,GO:0050829,GO:0050850,GO:0050866,GO:0050921,GO:0051897,GO:0051898,GO:0055088,GO:0060075,GO:0060100,GO:0061518,GO:0061889,GO:0070269,GO:0070345,GO:0070374,GO:0070392,GO:0071223,GO:0071224,GO:0071333,GO:0071396,GO:0071402,GO:0071456,GO:0071526,GO:0071640,GO:0080090,GO:0097028,GO:0097062,GO:0097242,GO:0098657,GO:0110089,GO:0120035,GO:0140052,GO:0150062,GO:0150076,GO:0150078,GO:0150079,GO:0150094,GO:1900015,GO:1900016,GO:1900223,GO:1900226,GO:1901076,GO:1901224,GO:1901800,GO:1902227,GO:1902533,GO:1903078,GO:1903082,GO:1903376,GO:1903753,GO:1903980,GO:1904093,GO:1904141,GO:1904646,GO:1904951,GO:1905291,GO:1905581,GO:1905805,GO:1905808,GO:1905907,GO:2000350,GO:2001171
200	GO:0000122,GO:0001773,GO:0001935,GO:0001938,GO:0002218,GO:0002250,GO:0002270,GO:0002281,GO:0002376,GO:0002407,GO:0002437,GO:0002643,GO:0002840,GO:0006259,GO:0006265,GO:0006281,GO:0006284,GO:0006302,GO:0006303,GO:0006310,GO:0006325,GO:0006338,GO:0006914,GO:0006935,GO:0006954,GO:0006955,GO:0006974,GO:0007165,GO:0007204,GO:0010508,GO:0010596,GO:0017055,GO:0031175,GO:0031507,GO:0032392,GO:0032425,GO:0032689,GO:0032722,GO:0032727,GO:0032728,GO:0032731,GO:0032732,GO:0032733,GO:0032735,GO:0032755,GO:0032757,GO:0032760,GO:0033151,GO:0034137,GO:0034145,GO:0034165,GO:0035711,GO:0035767,GO:0042104,GO:0043065,GO:0043277,GO:0043371,GO:0043388,GO:0043410,GO:0043536,GO:0043537,GO:0045063,GO:0045087,GO:0045089,GO:0045597,GO:0045944,GO:0046330,GO:0046598,GO:0048468,GO:0050792,GO:0050918,GO:0051052,GO:0070374,GO:0071222,GO:0071639,GO:0090026,GO:0090303,GO:0097350,GO:1901224,GO:1903672,GO:1903706,GO:1905564,GO:2000343,GO:2000426,GO:2000819,GO:2001200	GO:0000165,GO:0006468,GO:0006897,GO:0006914,GO:0006979,GO:0007005,GO:0007029,GO:0007030,GO:0007040,GO:0007166,GO:0007254,GO:0007266,GO:0007283,GO:0007528,GO:0008104,GO:0008340,GO:0009267,GO:0009653,GO:0009968,GO:0010468,GO:0010506,GO:0010508,GO:0010955,GO:0010977,GO:0014041,GO:0016192,GO:0016242,GO:0019722,GO:0021756,GO:0021772,GO:0022028,GO:0030154,GO:0030162,GO:0030182,GO:0031344,GO:0031398,GO:0031647,GO:0032436,GO:0032760,GO:0034260,GO:0034599,GO:0034614,GO:0035542,GO:0035556,GO:0035564,GO:0035640,GO:0035641,GO:0035751,GO:0040012,GO:0042391,GO:0043068,GO:0043410,GO:0046039,GO:0046777,GO:0048312,GO:0048513,GO:0048812,GO:0050804,GO:0051239,GO:0051247,GO:0051646,GO:0051900,GO:0051966,GO:0060070,GO:0060079,GO:0060159,GO:0060161,GO:0060627,GO:0060628,GO:0060828,GO:0061001,GO:0070585,GO:0070973,GO:0071287,GO:0090140,GO:0090263,GO:0090394,GO:0140058,GO:0141161,GO:1900242,GO:1900244,GO:1901030,GO:1902236,GO:1902499,GO:1902531,GO:1902692,GO:1902803,GO:1902823,GO:1902902,GO:1903351,GO:1903748,GO:1903980,GO:1904644,GO:1904887,GO:1905279,GO:1905289,GO:1905504,GO:2000172,GO:2000300,GO:2000377
200	GO:0000302,GO:0001523,GO:0001937,GO:0006629,GO:0006641,GO:0006869,GO:0006898,GO:0007010,GO:0007186,GO:0007271,GO:0007616,GO:0008202,GO:0008203,GO:0010544,GO:0010596,GO:0010629,GO:0010642,GO:0010875,GO:0010877,GO:0010976,GO:0010977,GO:0015909,GO:0017038,GO:0019068,GO:0030195,GO:0030516,GO:0031175,GO:0032438,GO:0032489,GO:0032805,GO:0033344,GO:0033700,GO:0034372,GO:0034374,GO:0034375,GO:0034380,GO:0034382,GO:0034384,GO:0034447,GO:0035641,GO:0038060,GO:0042157,GO:0042158,GO:0042632,GO:0042981,GO:0042982,GO:0043254,GO:0043409,GO:0043537,GO:0043691,GO:0044794,GO:0045088,GO:0045429,GO:0045541,GO:0045807,GO:0045893,GO:0046889,GO:0048168,GO:0048662,GO:0050709,GO:0050728,GO:0050807,GO:0051044,GO:0051055,GO:0051246,GO:0051248,GO:0055089,GO:0055090,GO:0060999,GO:0061000,GO:0061136,GO:0061771,GO:0070328,GO:0070374,GO:0071402,GO:0071830,GO:0071831,GO:0090090,GO:0090181,GO:0090205,GO:0090370,GO:0097006,GO:0097113,GO:0097114,GO:0098869,GO:0140077,GO:1900221,GO:1900223,GO:1900272,GO:1901627,GO:1901631,GO:1902004,GO:1902430,GO:1902951,GO:1902952,GO:1902991,GO:1902995,GO:1902998,GO:1902999,GO:1903001,GO:1903002,GO:1905890,GO:1905906,GO:1905907,GO:1905908,GO:2000822	GO:0000122,GO:0001570,GO:0001666,GO:0001937,GO:0006641,GO:0006816,GO:0006874,GO:0006940,GO:0007519,GO:0008104,GO:0009267,GO:0009617,GO:0010524,GO:0010608,GO:0010628,GO:0010875,GO:0016050,GO:0019065,GO:0019217,GO:0019915,GO:0030154,GO:0030193,GO:0030301,GO:0030335,GO:0030514,GO:0030857,GO:0030879,GO:0031295,GO:0031397,GO:0031398,GO:0031623,GO:0032507,GO:0032570,GO:0033484,GO:0038016,GO:0038166,GO:0042632,GO:0043123,GO:0043409,GO:0043627,GO:0044860,GO:0045019,GO:0045907,GO:0046209,GO:0046426,GO:0048550,GO:0051480,GO:0051592,GO:0051899,GO:0055074,GO:0060056,GO:0060070,GO:0060546,GO:0070836,GO:0071218,GO:0071375,GO:0071455,GO:0072584,GO:0086091,GO:0090090,GO:0097190,GO:0098903,GO:0098909,GO:0098911,GO:0120162,GO:1900027,GO:1901380,GO:1901844,GO:1903361,GO:1903598,GO:1904294,GO:2000535,GO:2000811,GO:2001238,GO:2001244
200	GO:0000122,GO:0001501,GO:0001503,GO:0001649,GO:0001658,GO:0001666,GO:0001701,GO:0001837,GO:0001934,GO:0002062,GO:0002573,GO:0003007,GO:0003129,GO:0003133,GO:0003176,GO:0003181,GO:0003203,GO:0003210,GO:0003272,GO:0003331,GO:0006355,GO:0006879,GO:0006954,GO:0007219,GO:0007267,GO:0007507,GO:0008284,GO:0008285,GO:0009887,GO:0010467,GO:0010628,GO:0010629,GO:0010718,GO:0010894,GO:0010922,GO:0021537,GO:0021978,GO:0022408,GO:0030154,GO:0030177,GO:0030282,GO:0030316,GO:0030335,GO:0030501,GO:0030509,GO:0030512,GO:0032348,GO:0033690,GO:0035051,GO:0035054,GO:0035360,GO:0042475,GO:0042482,GO:0043065,GO:0043410,GO:0043569,GO:0045165,GO:0045597,GO:0045599,GO:0045600,GO:0045666,GO:0045778,GO:0045786,GO:0045892,GO:0045893,GO:0045944,GO:0048662,GO:0048711,GO:0048762,GO:0048839,GO:0051042,GO:0051216,GO:0055007,GO:0055008,GO:0060039,GO:0060128,GO:0060129,GO:0060317,GO:0060348,GO:0060391,GO:0060426,GO:0060485,GO:0060537,GO:0061036,GO:0070374,GO:0071773,GO:0072138,GO:0090090,GO:1900159,GO:1900745,GO:1901331,GO:1902895,GO:1905072,GO:1905222,GO:2000065,GO:2000725,GO:2000726	GO:0000122,GO:0001501,GO:0001502,GO:0001503,GO:0001658,GO:0001708,GO:0001837,GO:0001894,GO:0001942,GO:0002009,GO:0002053,GO:0002062,GO:0002683,GO:0003170,GO:0003179,GO:0003180,GO:0003203,GO:0003413,GO:0003415,GO:0003430,GO:0006334,GO:0006338,GO:0007165,GO:0007173,GO:0007283,GO:0007417,GO:0007507,GO:0008284,GO:0008584,GO:0010467,GO:0010564,GO:0010628,GO:0010634,GO:0014036,GO:0019100,GO:0030154,GO:0030279,GO:0030850,GO:0030858,GO:0030879,GO:0030903,GO:0030916,GO:0032331,GO:0032332,GO:0035019,GO:0042127,GO:0042981,GO:0043066,GO:0045662,GO:0045668,GO:0045892,GO:0045893,GO:0045944,GO:0046322,GO:0046533,GO:0048709,GO:0050679,GO:0050680,GO:0051216,GO:0060008,GO:0060009,GO:0060041,GO:0060174,GO:0060221,GO:0060517,GO:0060729,GO:0060784,GO:0061036,GO:0061138,GO:0065003,GO:0070168,GO:0070371,GO:0070542,GO:0071260,GO:0071300,GO:0071347,GO:0071364,GO:0071504,GO:0071560,GO:0071599,GO:0071773,GO:0072034,GO:0072170,GO:0072190,GO:0072289,GO:0090090,GO:0090103,GO:0090184,GO:0090190,GO:1902732,GO:1902894,GO:1904864,GO:2000020,GO:2000741
200	GO:0000122,GO:0001525,GO:0001542,GO:0001666,GO:0001819,GO:0001890,GO:0001936,GO:0002021,GO:0003300,GO:0006112,GO:0006114,GO:0006629,GO:0006909,GO:0007165,GO:0007259,GO:0007565,GO:0007584,GO:0007623,GO:0008217,GO:0008284,GO:0008343,GO:0009062,GO:0009892,GO:0010507,GO:0010888,GO:0014823,GO:0019953,GO:0030217,GO:0031667,GO:0032008,GO:0032099,GO:0032310,GO:0032355,GO:0032735,GO:0032755,GO:0032757,GO:0032760,GO:0032814,GO:0032817,GO:0032868,GO:0033197,GO:0033210,GO:0033686,GO:0035360,GO:0035556,GO:0035630,GO:0038108,GO:0042102,GO:0042269,GO:0042307,GO:0043066,GO:0043270,GO:0043410,GO:0044320,GO:0045471,GO:0045765,GO:0045906,GO:0046325,GO:0046427,GO:0046628,GO:0046850,GO:0046881,GO:0048639,GO:0050892,GO:0050901,GO:0050999,GO:0051051,GO:0051726,GO:0051897,GO:0060587,GO:0061037,GO:0070093,GO:0071298,GO:0071300,GO:0090335,GO:0097009,GO:0097696,GO:0098868,GO:0120162,GO:1900015,GO:1900745,GO:1904651,GO:1990051,GO:2000379,GO:2000486,GO:2000491	GO:0000122,GO:0001525,GO:0001558,GO:0001889,GO:0001934,GO:0001935,GO:0002639,GO:0006355,GO:0006357,GO:0006366,GO:0006511,GO:0006629,GO:0006633,GO:0006914,GO:0006915,GO:0006955,GO:0006986,GO:0007517,GO:0008284,GO:0010506,GO:0010508,GO:0010832,GO:0015031,GO:0030154,GO:0030335,GO:0030512,GO:0030968,GO:0031647,GO:0031648,GO:0031670,GO:0032008,GO:0032755,GO:0032869,GO:0034599,GO:0034976,GO:0035356,GO:0035470,GO:0035924,GO:0036498,GO:0036500,GO:0036503,GO:0042149,GO:0042307,GO:0042632,GO:0043066,GO:0043491,GO:0045348,GO:0045579,GO:0045582,GO:0045600,GO:0045766,GO:0045944,GO:0048010,GO:0048666,GO:0051897,GO:0055089,GO:0055092,GO:0060392,GO:0060612,GO:0070059,GO:0070373,GO:0071073,GO:0071222,GO:0071230,GO:0071332,GO:0071333,GO:0071353,GO:0071375,GO:0071498,GO:0071499,GO:1900017,GO:1900100,GO:1900102,GO:1901985,GO:1902236,GO:1903489,GO:1904294,GO:1904707,GO:1904754,GO:1990418,GO:2000347,GO:2000353
200	GO:0000122,GO:0001890,GO:0006355,GO:0006357,GO:0006631,GO:0007186,GO:0007584,GO:0008217,GO:0009755,GO:0010628,GO:0010629,GO:0010745,GO:0010875,GO:0010887,GO:0010888,GO:0015909,GO:0016525,GO:0030154,GO:0030224,GO:0030509,GO:0030512,GO:0030514,GO:0030522,GO:0030855,GO:0031348,GO:0031667,GO:0032376,GO:0032869,GO:0033993,GO:0035357,GO:0042593,GO:0042752,GO:0042789,GO:0043409,GO:0043537,GO:0045087,GO:0045165,GO:0045444,GO:0045600,GO:0045668,GO:0045834,GO:0045892,GO:0045893,GO:0045923,GO:0045944,GO:0048384,GO:0048469,GO:0048511,GO:0048662,GO:0050728,GO:0050872,GO:0050873,GO:0051049,GO:0051241,GO:0055088,GO:0060336,GO:0060392,GO:0070165,GO:0071404,GO:0071456,GO:0090258,GO:0140077,GO:0141193,GO:1900076,GO:1901202,GO:1902894,GO:1902895,GO:1903243,GO:1903845,GO:1904179,GO:1904597,GO:1904706,GO:1904893,GO:1905461,GO:1905563,GO:2001235	GO:0000122,GO:0000209,GO:0000266,GO:0000422,GO:0000423,GO:0006511,GO:0006513,GO:0006914,GO:0006979,GO:0006986,GO:0007005,GO:0007417,GO:0008344,GO:0009410,GO:0009896,GO:0010498,GO:0010506,GO:0010628,GO:0010629,GO:0010636,GO:0010637,GO:0010821,GO:0010906,GO:0010918,GO:0010994,GO:0014059,GO:0014850,GO:0016236,GO:0016567,GO:0016579,GO:0022603,GO:0030163,GO:0031396,GO:0031647,GO:0031648,GO:0032232,GO:0032368,GO:0032436,GO:0033132,GO:0034599,GO:0034620,GO:0034976,GO:0035519,GO:0035774,GO:0036503,GO:0042053,GO:0042417,GO:0043065,GO:0043123,GO:0043161,GO:0043524,GO:0043653,GO:0044314,GO:0044828,GO:0045732,GO:0045944,GO:0046329,GO:0046676,GO:0050804,GO:0050821,GO:0051412,GO:0051582,GO:0051646,GO:0051865,GO:0051881,GO:0051967,GO:0060544,GO:0060828,GO:0061734,GO:0070050,GO:0070534,GO:0070585,GO:0070842,GO:0070936,GO:0070979,GO:0071287,GO:0080090,GO:0085020,GO:0090090,GO:0090141,GO:0090201,GO:0090258,GO:0090394,GO:0097237,GO:0099072,GO:0099074,GO:0140251,GO:1900242,GO:1900407,GO:1901526,GO:1901800,GO:1902236,GO:1902254,GO:1902530,GO:1902803,GO:1903265,GO:1903351,GO:1903377,GO:1903382,GO:1903427,GO:1903530,GO:1903542,GO:1903747,GO:1903861,GO:1904049,GO:1904643,GO:1904845,GO:1904881,GO:1905091,GO:1905232,GO:1905281,GO:1905366,GO:1905477,GO:1990000,GO:2000377,GO:2000378,GO:2001171
200	GO:0001660,GO:0001819,GO:0002282,GO:0002711,GO:0006915,GO:0006954,GO:0006955,GO:0007165,GO:0007267,GO:0007566,GO:0008284,GO:0008285,GO:0010573,GO:0010575,GO:0010628,GO:0010641,GO:0010718,GO:0010744,GO:0010829,GO:0014805,GO:0019221,GO:0030213,GO:0030224,GO:0030335,GO:0030949,GO:0031394,GO:0031622,GO:0032308,GO:0032496,GO:0032691,GO:0032725,GO:0032729,GO:0032743,GO:0032755,GO:0032757,GO:0033092,GO:0034116,GO:0042102,GO:0043122,GO:0043123,GO:0043409,GO:0043410,GO:0045429,GO:0045766,GO:0045833,GO:0045840,GO:0045893,GO:0045917,GO:0046330,GO:0046627,GO:0046827,GO:0050691,GO:0050728,GO:0050729,GO:0050767,GO:0050768,GO:0050796,GO:0050805,GO:0050830,GO:0050995,GO:0050996,GO:0050999,GO:0051044,GO:0051781,GO:0051897,GO:0060252,GO:0060355,GO:0070164,GO:0070372,GO:0070374,GO:0070487,GO:0070498,GO:0070555,GO:0071222,GO:0071260,GO:0071466,GO:0071639,GO:0097398,GO:0150078,GO:1900745,GO:1901224,GO:1902680,GO:1903140,GO:1903530,GO:1903597,GO:1905075,GO:2000556,GO:2000660,GO:2001240	GO:0001774,GO:0001819,GO:0002250,GO:0002376,GO:0006325,GO:0006338,GO:0006915,GO:0006979,GO:0007155,GO:0007165,GO:0007167,GO:0007204,GO:0007259,GO:0007498,GO:0008284,GO:0008285,GO:0008631,GO:0009755,GO:0010572,GO:0010667,GO:0010811,GO:0019221,GO:0022407,GO:0022408,GO:0030041,GO:0030154,GO:0030218,GO:0030335,GO:0031103,GO:0031663,GO:0031959,GO:0032024,GO:0032731,GO:0032760,GO:0033194,GO:0033209,GO:0034612,GO:0035166,GO:0035556,GO:0035722,GO:0038043,GO:0038065,GO:0038155,GO:0038156,GO:0038157,GO:0038162,GO:0038163,GO:0042102,GO:0042307,GO:0042531,GO:0042976,GO:0042981,GO:0043065,GO:0043066,GO:0043410,GO:0043524,GO:0043687,GO:0045087,GO:0045348,GO:0045428,GO:0045429,GO:0045597,GO:0045944,GO:0046425,GO:0046634,GO:0046677,GO:0046777,GO:0048008,GO:0048861,GO:0050727,GO:0050804,GO:0050867,GO:0051897,GO:0060333,GO:0060391,GO:0060396,GO:0060397,GO:0060399,GO:0061180,GO:0070102,GO:0070120,GO:0070665,GO:0070671,GO:0070757,GO:0097191,GO:0120162,GO:0120186,GO:0140546,GO:1900016,GO:1901731,GO:1902533,GO:1902728,GO:1904037,GO:1904707,GO:1905539
200	GO:0000278,GO:0002252,GO:0002429,GO:0006281,GO:0006298,GO:0006355,GO:0006897,GO:0006909,GO:0006914,GO:0006915,GO:0006974,GO:0006979,GO:0007155,GO:0007173,GO:0007204,GO:0007229,GO:0007611,GO:0008306,GO:0008630,GO:0009410,GO:0010468,GO:0010506,GO:0010557,GO:0010595,GO:0030036,GO:0030041,GO:0030100,GO:0030155,GO:0030516,GO:0030845,GO:0031113,GO:0032489,GO:0032956,GO:0034599,GO:0034976,GO:0035556,GO:0035791,GO:0036211,GO:0038096,GO:0038189,GO:0042770,GO:0043065,GO:0043525,GO:0043542,GO:0045580,GO:0045595,GO:0045785,GO:0045907,GO:0045944,GO:0048008,GO:0048013,GO:0048146,GO:0051444,GO:0051450,GO:0051496,GO:0051726,GO:0051882,GO:0051894,GO:0060038,GO:0070301,GO:0071103,GO:0071560,GO:0071871,GO:0090050,GO:0097706,GO:0099150,GO:0141214,GO:1900006,GO:1900026,GO:1900272,GO:1901701,GO:1902036,GO:1902531,GO:1903055,GO:1903210,GO:1903351,GO:1903905,GO:1904518,GO:1905244,GO:1905555,GO:2000042,GO:2000145,GO:2000406	GO:0001660,GO:0001819,GO:0002282,GO:0002711,GO:0006915,GO:0006954,GO:0006955,GO:0007165,GO:0007267,GO:0007566,GO:0008284,GO:0008285,GO:0010573,GO:0010575,GO:0010628,GO:0010641,GO:0010718,GO:0010744,GO:0010829,GO:0014805,GO:0019221,GO:0030213,GO:0030224,GO:0030335,GO:0030949,GO:0031394,GO:0031622,GO:0032308,GO:0032496,GO:0032691,GO:0032725,GO:0032729,GO:0032743,GO:0032755,GO:0032757,GO:0033092,GO:0034116,GO:0042102,GO:0043122,GO:0043123,GO:0043409,GO:0043410,GO:0045429,GO:0045766,GO:0045833,GO:0045840,GO:0045893,GO:0045917,GO:0046330,GO:0046627,GO:0046827,GO:0050691,GO:0050728,GO:0050729,GO:0050767,GO:0050768,GO:0050796,GO:0050805,GO:0050830,GO:0050995,GO:0050996,GO:0050999,GO:0051044,GO:0051781,GO:0051897,GO:0060252,GO:0060355,GO:0070164,GO:0070372,GO:0070374,GO:0070487,GO:0070498,GO:0070555,GO:0071222,GO:0071260,GO:0071466,GO:0071639,GO:0097398,GO:0150078,GO:1900745,GO:1901224,GO:1902680,GO:1903140,GO:1903530,GO:1903597,GO:1905075,GO:2000556,GO:2000660,GO:2001240
200	GO:0000165,GO:0006468,GO:0006897,GO:0006914,GO:0006979,GO:0007005,GO:0007029,GO:0007030,GO:0007040,GO:0007166,GO:0007254,GO:0007266,GO:0007283,GO:0007528,GO:0008104,GO:0008340,GO:0009267,GO:0009653,GO:0009968,GO:0010468,GO:0010506,GO:0010508,GO:0010955,GO:0010977,GO:0014041,GO:0016192,GO:0016242,GO:0019722,GO:0021756,GO:0021772,GO:0022028,GO:0030154,GO:0030162,GO:0030182,GO:0031344,GO:0031398,GO:0031647,GO:0032436,GO:0032760,GO:0034260,GO:0034599,GO:0034614,GO:0035542,GO:0035556,GO:0035564,GO:0035640,GO:0035641,GO:0035751,GO:0040012,GO:0042391,GO:0043068,GO:0043410,GO:0046039,GO:0046777,GO:0048312,GO:0048513,GO:0048812,GO:0050804,GO:0051239,GO:0051247,GO:0051646,GO:0051900,GO:0051966,GO:0060070,GO:0060079,GO:0060159,GO:0060161,GO:0060627,GO:0060628,GO:0060828,GO:0061001,GO:0070585,GO:0070973,GO:0071287,GO:0090140,GO:0090263,GO:0090394,GO:0140058,GO:0141161,GO:1900242,GO:1900244,GO:1901030,GO:1902236,GO:1902499,GO:1902531,GO:1902692,GO:1902803,GO:1902823,GO:1902902,GO:1903351,GO:1903748,GO:1903980,GO:1904644,GO:1904887,GO:1905279,GO:1905289,GO:1905504,GO:2000172,GO:2000300,GO:2000377	GO:0000122,GO:0001525,GO:0001541,GO:0001569,GO:0001570,GO:0001666,GO:0001701,GO:0001822,GO:0001934,GO:0001938,GO:0002040,GO:0002042,GO:0002052,GO:0002092,GO:0002376,GO:0002575,GO:0002687,GO:0003007,GO:0003151,GO:0003169,GO:0006357,GO:0007200,GO:0007399,GO:0007498,GO:0007595,GO:0008284,GO:0008360,GO:0010595,GO:0010628,GO:0010629,GO:0010719,GO:0010749,GO:0030154,GO:0030224,GO:0030225,GO:0030324,GO:0030335,GO:0030855,GO:0031077,GO:0031290,GO:0031334,GO:0031954,GO:0035148,GO:0035767,GO:0035924,GO:0036303,GO:0036324,GO:0038033,GO:0038084,GO:0038091,GO:0038190,GO:0042462,GO:0043066,GO:0043117,GO:0043123,GO:0043129,GO:0043410,GO:0043536,GO:0045766,GO:0045785,GO:0045944,GO:0048010,GO:0048469,GO:0048593,GO:0048842,GO:0048844,GO:0050679,GO:0050918,GO:0050927,GO:0050930,GO:0051781,GO:0051894,GO:0051897,GO:0055013,GO:0060319,GO:0060749,GO:0060754,GO:0060948,GO:0060982,GO:0061042,GO:0070374,GO:0071456,GO:0071542,GO:0071679,GO:0090050,GO:0090190,GO:0097475,GO:0097533,GO:0120162,GO:1900748,GO:1901165,GO:1902894,GO:1902966,GO:1903141,GO:1903392,GO:1903589,GO:1903672,GO:1905278,GO:1905555,GO:1905604,GO:2000048,GO:2000573,GO:2001028
200	GO:0000122,GO:0001773,GO:0001935,GO:0001938,GO:0002218,GO:0002250,GO:0002270,GO:0002281,GO:0002376,GO:0002407,GO:0002437,GO:0002643,GO:0002840,GO:0006259,GO:0006265,GO:0006281,GO:0006284,GO:0006302,GO:0006303,GO:0006310,GO:0006325,GO:0006338,GO:0006914,GO:0006935,GO:0006954,GO:0006955,GO:0006974,GO:0007165,GO:0007204,GO:0010508,GO:0010596,GO:0017055,GO:0031175,GO:0031507,GO:0032392,GO:0032425,GO:0032689,GO:0032722,GO:0032727,GO:0032728,GO:0032731,GO:0032732,GO:0032733,GO:0032735,GO:0032755,GO:0032757,GO:0032760,GO:0033151,GO:0034137,GO:0034145,GO:0034165,GO:0035711,GO:0035767,GO:0042104,GO:0043065,GO:0043277,GO:0043371,GO:0043388,GO:0043410,GO:0043536,GO:0043537,GO:0045063,GO:0045087,GO:0045089,GO:0045597,GO:0045944,GO:0046330,GO:0046598,GO:0048468,GO:0050792,GO:0050918,GO:0051052,GO:0070374,GO:0071222,GO:0071639,GO:0090026,GO:0090303,GO:0097350,GO:1901224,GO:1903672,GO:1903706,GO:1905564,GO:2000343,GO:2000426,GO:2000819,GO:2001200	GO:0001837,GO:0001938,GO:0002088,GO:0002720,GO:0003138,GO:0003139,GO:0003281,GO:0003283,GO:0003408,GO:0006954,GO:0007200,GO:0007223,GO:0007409,GO:0007411,GO:0008104,GO:0008584,GO:0008595,GO:0010595,GO:0010628,GO:0010742,GO:0010820,GO:0010976,GO:0016055,GO:0021891,GO:0022008,GO:0030154,GO:0030182,GO:0030216,GO:0030901,GO:0032722,GO:0032729,GO:0032731,GO:0032755,GO:0032757,GO:0032760,GO:0035022,GO:0035567,GO:0036517,GO:0036518,GO:0042060,GO:0043032,GO:0043066,GO:0043122,GO:0043410,GO:0045165,GO:0045599,GO:0045732,GO:0045766,GO:0045778,GO:0045892,GO:0045893,GO:0045944,GO:0046330,GO:0048022,GO:0048146,GO:0048706,GO:0048806,GO:0048812,GO:0050727,GO:0050729,GO:0050807,GO:0051057,GO:0051216,GO:0051885,GO:0051897,GO:0051964,GO:0060070,GO:0060071,GO:0060324,GO:0060340,GO:0060760,GO:0060907,GO:0062009,GO:0071219,GO:0071222,GO:0071277,GO:0071300,GO:0071346,GO:0071425,GO:0071542,GO:0071560,GO:0072201,GO:0090090,GO:0097325,GO:0099054,GO:0099068,GO:0099170,GO:0099175,GO:0099566,GO:0150012,GO:1900020,GO:1902474,GO:1904861,GO:1904862,GO:1904934,GO:1904948,GO:2000052,GO:2001235
200	GO:0000209,GO:0001649,GO:0001837,GO:0002052,GO:0003151,GO:0007155,GO:0007173,GO:0007399,GO:0008284,GO:0008285,GO:0009410,GO:0010629,GO:0010717,GO:0010718,GO:0010909,GO:0016055,GO:0016525,GO:0019827,GO:0021854,GO:0030182,GO:0030901,GO:0030902,GO:0030997,GO:0031396,GO:0032212,GO:0032355,GO:0032968,GO:0033234,GO:0034112,GO:0034333,GO:0034394,GO:0035315,GO:0035995,GO:0036023,GO:0036520,GO:0043065,GO:0043066,GO:0043161,GO:0043525,GO:0044331,GO:0045597,GO:0045765,GO:0045766,GO:0045892,GO:0045893,GO:0045944,GO:0045976,GO:0048145,GO:0048568,GO:0048643,GO:0048660,GO:0050767,GO:0050768,GO:0050982,GO:0051884,GO:0051963,GO:0060070,GO:0060231,GO:0060292,GO:0061154,GO:0061549,GO:0061550,GO:0070602,GO:0071363,GO:0071681,GO:0072182,GO:0072497,GO:0090090,GO:0090279,GO:0097091,GO:0098609,GO:1901331,GO:1903377,GO:1904888,GO:1904948,GO:1905555,GO:1990138,GO:1990403,GO:1990791,GO:2000008,GO:2000179	GO:0000122,GO:0001666,GO:0001774,GO:0001819,GO:0001937,GO:0001975,GO:0002037,GO:0002281,GO:0002439,GO:0002639,GO:0002700,GO:0002719,GO:0003009,GO:0003085,GO:0006325,GO:0006954,GO:0006955,GO:0007259,GO:0007623,GO:0008285,GO:0008625,GO:0008630,GO:0009410,GO:0009612,GO:0009615,GO:0009617,GO:0009651,GO:0009750,GO:0010459,GO:0010573,GO:0010628,GO:0010629,GO:0010744,GO:0010888,GO:0014823,GO:0019722,GO:0031334,GO:0031349,GO:0031622,GO:0031642,GO:0031667,GO:0032496,GO:0032715,GO:0032722,GO:0032724,GO:0032731,GO:0032741,GO:0032755,GO:0032757,GO:0033209,GO:0034116,GO:0034138,GO:0035900,GO:0036005,GO:0042127,GO:0042311,GO:0043065,GO:0043066,GO:0043068,GO:0043122,GO:0043123,GO:0043243,GO:0043410,GO:0043525,GO:0043537,GO:0045071,GO:0045087,GO:0045429,GO:0045471,GO:0045598,GO:0045599,GO:0045668,GO:0045672,GO:0045732,GO:0045760,GO:0045785,GO:0045840,GO:0045892,GO:0045893,GO:0045930,GO:0045944,GO:0046325,GO:0046330,GO:0046677,GO:0048143,GO:0048566,GO:0048661,GO:0050729,GO:0050768,GO:0050793,GO:0050796,GO:0050804,GO:0050806,GO:0050807,GO:0050890,GO:0050901,GO:0050966,GO:0050995,GO:0051044,GO:0051046,GO:0051222,GO:0051239,GO:0051384,GO:0051798,GO:0051897,GO:0051966,GO:0060252,GO:0060557,GO:0061044,GO:0061048,GO:0070374,GO:0070886,GO:0071219,GO:0071222,GO:0071300,GO:0071316,GO:0071346,GO:0071479,GO:0071677,GO:0071803,GO:0072577,GO:0072659,GO:0090324,GO:0090594,GO:0097191,GO:0097237,GO:0097421,GO:0097527,GO:0120190,GO:0140374,GO:0140460,GO:0150078,GO:0150129,GO:1900017,GO:1900222,GO:1901224,GO:1901647,GO:1902004,GO:1902065,GO:1902565,GO:1902894,GO:1902895,GO:1903078,GO:1903140,GO:1903347,GO:1903829,GO:1904638,GO:1904646,GO:1904707,GO:1904880,GO:1904996,GO:1904999,GO:1905235,GO:1905242,GO:1990268,GO:2000010,GO:2000334,GO:2000343,GO:2000347,GO:2000351,GO:2000377,GO:2000573,GO:2001234,GO:2001238,GO:2001240
200	GO:0000122,GO:0001773,GO:0001935,GO:0001938,GO:0002218,GO:0002250,GO:0002270,GO:0002281,GO:0002376,GO:0002407,GO:0002437,GO:0002643,GO:0002840,GO:0006259,GO:0006265,GO:0006281,GO:0006284,GO:0006302,GO:0006303,GO:0006310,GO:0006325,GO:0006338,GO:0006914,GO:0006935,GO:0006954,GO:0006955,GO:0006974,GO:0007165,GO:0007204,GO:0010508,GO:0010596,GO:0017055,GO:0031175,GO:0031507,GO:0032392,GO:0032425,GO:0032689,GO:0032722,GO:0032727,GO:0032728,GO:0032731,GO:0032732,GO:0032733,GO:0032735,GO:0032755,GO:0032757,GO:0032760,GO:0033151,GO:0034137,GO:0034145,GO:0034165,GO:0035711,GO:0035767,GO:0042104,GO:0043065,GO:0043277,GO:0043371,GO:0043388,GO:0043410,GO:0043536,GO:0043537,GO:0045063,GO:0045087,GO:0045089,GO:0045597,GO:0045944,GO:0046330,GO:0046598,GO:0048468,GO:0050792,GO:0050918,GO:0051052,GO:0070374,GO:0071222,GO:0071639,GO:0090026,GO:0090303,GO:0097350,GO:1901224,GO:1903672,GO:1903706,GO:1905564,GO:2000343,GO:2000426,GO:2000819,GO:2001200	GO:0000122,GO:0001525,GO:0001558,GO:0001889,GO:0001934,GO:0001935,GO:0002639,GO:0006355,GO:0006357,GO:0006366,GO:0006511,GO:0006629,GO:0006633,GO:0006914,GO:0006915,GO:0006955,GO:0006986,GO:0007517,GO:0008284,GO:0010506,GO:0010508,GO:0010832,GO:0015031,GO:0030154,GO:0030335,GO:0030512,GO:0030968,GO:0031647,GO:0031648,GO:0031670,GO:0032008,GO:0032755,GO:0032869,GO:0034599,GO:0034976,GO:0035356,GO:0035470,GO:0035924,GO:0036498,GO:0036500,GO:0036503,GO:0042149,GO:0042307,GO:0042632,GO:0043066,GO:0043491,GO:0045348,GO:0045579,GO:0045582,GO:0045600,GO:0045766,GO:0045944,GO:0048010,GO:0048666,GO:0051897,GO:0055089,GO:0055092,GO:0060392,GO:0060612,GO:0070059,GO:0070373,GO:0071073,GO:0071222,GO:0071230,GO:0071332,GO:0071333,GO:0071353,GO:0071375,GO:0071498,GO:0071499,GO:1900017,GO:1900100,GO:1900102,GO:1901985,GO:1902236,GO:1903489,GO:1904294,GO:1904707,GO:1904754,GO:1990418,GO:2000347,GO:2000353
200	GO:0000122,GO:0001570,GO:0001666,GO:0001937,GO:0006641,GO:0006816,GO:0006874,GO:0006940,GO:0007519,GO:0008104,GO:0009267,GO:0009617,GO:0010524,GO:0010608,GO:0010628,GO:0010875,GO:0016050,GO:0019065,GO:0019217,GO:0019915,GO:0030154,GO:0030193,GO:0030301,GO:0030335,GO:0030514,GO:0030857,GO:0030879,GO:0031295,GO:0031397,GO:0031398,GO:0031623,GO:0032507,GO:0032570,GO:0033484,GO:0038016,GO:0038166,GO:0042632,GO:0043123,GO:0043409,GO:0043627,GO:0044860,GO:0045019,GO:0045907,GO:0046209,GO:0046426,GO:0048550,GO:0051480,GO:0051592,GO:0051899,GO:0055074,GO:0060056,GO:0060070,GO:0060546,GO:0070836,GO:0071218,GO:0071375,GO:0071455,GO:0072584,GO:0086091,GO:0090090,GO:0097190,GO:0098903,GO:0098909,GO:0098911,GO:0120162,GO:1900027,GO:1901380,GO:1901844,GO:1903361,GO:1903598,GO:1904294,GO:2000535,GO:2000811,GO:2001238,GO:2001244	GO:0000122,GO:0001659,GO:0001666,GO:0001754,GO:0001817,GO:0002317,GO:0002931,GO:0006355,GO:0006357,GO:0006606,GO:0006952,GO:0006953,GO:0006954,GO:0006955,GO:0007165,GO:0007179,GO:0007259,GO:0007399,GO:0008284,GO:0010507,GO:0010575,GO:0010628,GO:0010629,GO:0010730,GO:0019221,GO:0030154,GO:0030335,GO:0030522,GO:0030968,GO:0032355,GO:0032731,GO:0032733,GO:0032755,GO:0032757,GO:0032760,GO:0032870,GO:0033210,GO:0034097,GO:0035723,GO:0038110,GO:0038113,GO:0038154,GO:0038155,GO:0042127,GO:0042593,GO:0042755,GO:0043123,GO:0043124,GO:0043434,GO:0043491,GO:0043524,GO:0044320,GO:0044321,GO:0045471,GO:0045648,GO:0045747,GO:0045766,GO:0045893,GO:0045944,GO:0046902,GO:0048708,GO:0048861,GO:0050728,GO:0050729,GO:0050766,GO:0050804,GO:0051240,GO:0051726,GO:0060019,GO:0060259,GO:0060396,GO:0060397,GO:0070102,GO:0070120,GO:0072538,GO:0072540,GO:0090091,GO:0097009,GO:0097398,GO:0097696,GO:0099527,GO:0106015,GO:0140105,GO:1900016,GO:1900017,GO:1900037,GO:1902728,GO:1902895,GO:1905564,GO:2000635,GO:2001171,GO:2001243
200	GO:0000122,GO:0001569,GO:0001570,GO:0001656,GO:0001658,GO:0001708,GO:0001755,GO:0001947,GO:0002320,GO:0003140,GO:0006508,GO:0007224,GO:0007267,GO:0007389,GO:0007405,GO:0007411,GO:0007417,GO:0007418,GO:0007507,GO:0008209,GO:0008284,GO:0009880,GO:0009888,GO:0009949,GO:0009953,GO:0010468,GO:0010629,GO:0016539,GO:0016540,GO:0021930,GO:0030162,GO:0030182,GO:0030324,GO:0030326,GO:0030336,GO:0030539,GO:0030850,GO:0030900,GO:0030901,GO:0030902,GO:0033077,GO:0033089,GO:0033092,GO:0035295,GO:0042127,GO:0042481,GO:0042733,GO:0043066,GO:0043369,GO:0045059,GO:0045060,GO:0045165,GO:0045596,GO:0045880,GO:0045893,GO:0045944,GO:0046638,GO:0048468,GO:0048513,GO:0048538,GO:0048663,GO:0048709,GO:0048745,GO:0048754,GO:0048864,GO:0050793,GO:0051781,GO:0060684,GO:0061053,GO:0061189,GO:0071542,GO:0072136,GO:0072205,GO:0090370,GO:0097190,GO:0097264,GO:1900107,GO:1900180,GO:1904339,GO:2000062,GO:2000063,GO:2000357,GO:2000358,GO:2000729	GO:0000122,GO:0001525,GO:0001558,GO:0001889,GO:0001934,GO:0001935,GO:0002639,GO:0006355,GO:0006357,GO:0006366,GO:0006511,GO:0006629,GO:0006633,GO:0006914,GO:0006915,GO:0006955,GO:0006986,GO:0007517,GO:0008284,GO:0010506,GO:0010508,GO:0010832,GO:0015031,GO:0030154,GO:0030335,GO:0030512,GO:0030968,GO:0031647,GO:0031648,GO:0031670,GO:0032008,GO:0032755,GO:0032869,GO:0034599,GO:0034976,GO:0035356,GO:0035470,GO:0035924,GO:0036498,GO:0036500,GO:0036503,GO:0042149,GO:0042307,GO:0042632,GO:0043066,GO:0043491,GO:0045348,GO:0045579,GO:0045582,GO:0045600,GO:0045766,GO:0045944,GO:0048010,GO:0048666,GO:0051897,GO:0055089,GO:0055092,GO:0060392,GO:0060612,GO:0070059,GO:0070373,GO:0071073,GO:0071222,GO:0071230,GO:0071332,GO:0071333,GO:0071353,GO:0071375,GO:0071498,GO:0071499,GO:1900017,GO:1900100,GO:1900102,GO:1901985,GO:1902236,GO:1903489,GO:1904294,GO:1904707,GO:1904754,GO:1990418,GO:2000347,GO:2000353
200	GO:0001781,GO:0001960,GO:0002314,GO:0002384,GO:0002446,GO:0002548,GO:0002639,GO:0002675,GO:0002690,GO:0006953,GO:0006954,GO:0006955,GO:0006959,GO:0007259,GO:0008284,GO:0008285,GO:0010573,GO:0010574,GO:0010575,GO:0010628,GO:0010718,GO:0010888,GO:0014823,GO:0019221,GO:0030154,GO:0030168,GO:0031018,GO:0031175,GO:0032494,GO:0032682,GO:0032722,GO:0032731,GO:0032733,GO:0032740,GO:0032745,GO:0032755,GO:0032757,GO:0032760,GO:0032966,GO:0033138,GO:0035425,GO:0035633,GO:0038001,GO:0042102,GO:0042593,GO:0043065,GO:0043066,GO:0043410,GO:0045599,GO:0045669,GO:0045727,GO:0045765,GO:0045779,GO:0045893,GO:0045944,GO:0046427,GO:0048661,GO:0050731,GO:0050768,GO:0050796,GO:0050829,GO:0050830,GO:0050871,GO:0051223,GO:0051251,GO:0051384,GO:0051607,GO:0060252,GO:0061470,GO:0061888,GO:0070050,GO:0070091,GO:0070092,GO:0070102,GO:0070301,GO:0070345,GO:0071222,GO:0072540,GO:0072574,GO:0090091,GO:0090594,GO:0097421,GO:0097696,GO:0098586,GO:0150077,GO:0150078,GO:1900017,GO:1901731,GO:1902512,GO:1902895,GO:1903978,GO:1904894,GO:1904996,GO:2000553,GO:2000635,GO:2000660,GO:2000676	GO:0001774,GO:0002282,GO:0002291,GO:0002588,GO:0002862,GO:0002931,GO:0006909,GO:0006910,GO:0006955,GO:0006959,GO:0007165,GO:0007166,GO:0007613,GO:0010468,GO:0010507,GO:0010628,GO:0010875,GO:0010887,GO:0010891,GO:0010983,GO:0019216,GO:0030316,GO:0032006,GO:0032008,GO:0032497,GO:0032499,GO:0032675,GO:0032691,GO:0032720,GO:0032733,GO:0034136,GO:0034144,GO:0034151,GO:0034241,GO:0034351,GO:0035176,GO:0038160,GO:0042742,GO:0043066,GO:0043124,GO:0043268,GO:0043277,GO:0045088,GO:0045672,GO:0045728,GO:0045960,GO:0048143,GO:0048468,GO:0048678,GO:0050714,GO:0050766,GO:0050829,GO:0050850,GO:0050866,GO:0050921,GO:0051897,GO:0051898,GO:0055088,GO:0060075,GO:0060100,GO:0061518,GO:0061889,GO:0070269,GO:0070345,GO:0070374,GO:0070392,GO:0071223,GO:0071224,GO:0071333,GO:0071396,GO:0071402,GO:0071456,GO:0071526,GO:0071640,GO:0080090,GO:0097028,GO:0097062,GO:0097242,GO:0098657,GO:0110089,GO:0120035,GO:0140052,GO:0150062,GO:0150076,GO:0150078,GO:0150079,GO:0150094,GO:1900015,GO:1900016,GO:1900223,GO:1900226,GO:1901076,GO:1901224,GO:1901800,GO:1902227,GO:1902533,GO:1903078,GO:1903082,GO:1903376,GO:1903753,GO:1903980,GO:1904093,GO:1904141,GO:1904646,GO:1904951,GO:1905291,GO:1905581,GO:1905805,GO:1905808,GO:1905907,GO:2000350,GO:2001171
200	GO:0000209,GO:0001649,GO:0001837,GO:0002052,GO:0003151,GO:0007155,GO:0007173,GO:0007399,GO:0008284,GO:0008285,GO:0009410,GO:0010629,GO:0010717,GO:0010718,GO:0010909,GO:0016055,GO:0016525,GO:0019827,GO:0021854,GO:0030182,GO:0030901,GO:0030902,GO:0030997,GO:0031396,GO:0032212,GO:0032355,GO:0032968,GO:0033234,GO:0034112,GO:0034333,GO:0034394,GO:0035315,GO:0035995,GO:0036023,GO:0036520,GO:0043065,GO:0043066,GO:0043161,GO:0043525,GO:0044331,GO:0045597,GO:0045765,GO:0045766,GO:0045892,GO:0045893,GO:0045944,GO:0045976,GO:0048145,GO:0048568,GO:0048643,GO:0048660,GO:0050767,GO:0050768,GO:0050982,GO:0051884,GO:0051963,GO:0060070,GO:0060231,GO:0060292,GO:0061154,GO:0061549,GO:0061550,GO:0070602,GO:0071363,GO:0071681,GO:0072182,GO:0072497,GO:0090090,GO:0090279,GO:0097091,GO:0098609,GO:1901331,GO:1903377,GO:1904888,GO:1904948,GO:1905555,GO:1990138,GO:1990403,GO:1990791,GO:2000008,GO:2000179	GO:0001781,GO:0001960,GO:0002314,GO:0002384,GO:0002446,GO:0002548,GO:0002639,GO:0002675,GO:0002690,GO:0006953,GO:0006954,GO:0006955,GO:0006959,GO:0007259,GO:0008284,GO:0008285,GO:0010573,GO:0010574,GO:0010575,GO:0010628,GO:0010718,GO:0010888,GO:0014823,GO:0019221,GO:0030154,GO:0030168,GO:0031018,GO:0031175,GO:0032494,GO:0032682,GO:0032722,GO:0032731,GO:0032733,GO:0032740,GO:0032745,GO:0032755,GO:0032757,GO:0032760,GO:0032966,GO:0033138,GO:0035425,GO:0035633,GO:0038001,GO:0042102,GO:0042593,GO:0043065,GO:0043066,GO:0043410,GO:0045599,GO:0045669,GO:0045727,GO:0045765,GO:0045779,GO:0045893,GO:0045944,GO:0046427,GO:0048661,GO:0050731,GO:0050768,GO:0050796,GO:0050829,GO:0050830,GO:0050871,GO:0051223,GO:0051251,GO:0051384,GO:0051607,GO:0060252,GO:0061470,GO:0061888,GO:0070050,GO:0070091,GO:0070092,GO:0070102,GO:0070301,GO:0070345,GO:0071222,GO:0072540,GO:0072574,GO:0090091,GO:0090594,GO:0097421,GO:0097696,GO:0098586,GO:0150077,GO:0150078,GO:1900017,GO:1901731,GO:1902512,GO:1902895,GO:1903978,GO:1904894,GO:1904996,GO:2000553,GO:2000635,GO:2000660,GO:2000676
200	GO:0000122,GO:0001659,GO:0001666,GO:0001754,GO:0001817,GO:0002317,GO:0002931,GO:0006355,GO:0006357,GO:0006606,GO:0006952,GO:0006953,GO:0006954,GO:0006955,GO:0007165,GO:0007179,GO:0007259,GO:0007399,GO:0008284,GO:0010507,GO:0010575,GO:0010628,GO:0010629,GO:0010730,GO:0019221,GO:0030154,GO:0030335,GO:0030522,GO:0030968,GO:0032355,GO:0032731,GO:0032733,GO:0032755,GO:0032757,GO:0032760,GO:0032870,GO:0033210,GO:0034097,GO:0035723,GO:0038110,GO:0038113,GO:0038154,GO:0038155,GO:0042127,GO:0042593,GO:0042755,GO:0043123,GO:0043124,GO:0043434,GO:0043491,GO:0043524,GO:0044320,GO:0044321,GO:0045471,GO:0045648,GO:0045747,GO:0045766,GO:0045893,GO:0045944,GO:0046902,GO:0048708,GO:0048861,GO:0050728,GO:0050729,GO:0050766,GO:0050804,GO:0051240,GO:0051726,GO:0060019,GO:0060259,GO:0060396,GO:0060397,GO:0070102,GO:0070120,GO:0072538,GO:0072540,GO:0090091,GO:0097009,GO:0097398,GO:0097696,GO:0099527,GO:0106015,GO:0140105,GO:1900016,GO:1900017,GO:1900037,GO:1902728,GO:1902895,GO:1905564,GO:2000635,GO:2001171,GO:2001243	GO:0000122,GO:0001666,GO:0001774,GO:0001819,GO:0001937,GO:0001975,GO:0002037,GO:0002281,GO:0002439,GO:0002639,GO:0002700,GO:0002719,GO:0003009,GO:0003085,GO:0006325,GO:0006954,GO:0006955,GO:0007259,GO:0007623,GO:0008285,GO:0008625,GO:0008630,GO:0009410,GO:0009612,GO:0009615,GO:0009617,GO:0009651,GO:0009750,GO:0010459,GO:0010573,GO:0010628,GO:0010629,GO:0010744,GO:0010888,GO:0014823,GO:0019722,GO:0031334,GO:0031349,GO:0031622,GO:0031642,GO:0031667,GO:0032496,GO:0032715,GO:0032722,GO:0032724,GO:0032731,GO:0032741,GO:0032755,GO:0032757,GO:0033209,GO:0034116,GO:0034138,GO:0035900,GO:0036005,GO:0042127,GO:0042311,GO:0043065,GO:0043066,GO:0043068,GO:0043122,GO:0043123,GO:0043243,GO:0043410,GO:0043525,GO:0043537,GO:0045071,GO:0045087,GO:0045429,GO:0045471,GO:0045598,GO:0045599,GO:0045668,GO:0045672,GO:0045732,GO:0045760,GO:0045785,GO:0045840,GO:0045892,GO:0045893,GO:0045930,GO:0045944,GO:0046325,GO:0046330,GO:0046677,GO:0048143,GO:0048566,GO:0048661,GO:0050729,GO:0050768,GO:0050793,GO:0050796,GO:0050804,GO:0050806,GO:0050807,GO:0050890,GO:0050901,GO:0050966,GO:0050995,GO:0051044,GO:0051046,GO:0051222,GO:0051239,GO:0051384,GO:0051798,GO:0051897,GO:0051966,GO:0060252,GO:0060557,GO:0061044,GO:0061048,GO:0070374,GO:0070886,GO:0071219,GO:0071222,GO:0071300,GO:0071316,GO:0071346,GO:0071479,GO:0071677,GO:0071803,GO:0072577,GO:0072659,GO:0090324,GO:0090594,GO:0097191,GO:0097237,GO:0097421,GO:0097527,GO:0120190,GO:0140374,GO:0140460,GO:0150078,GO:0150129,GO:1900017,GO:1900222,GO:1901224,GO:1901647,GO:1902004,GO:1902065,GO:1902565,GO:1902894,GO:1902895,GO:1903078,GO:1903140,GO:1903347,GO:1903829,GO:1904638,GO:1904646,GO:1904707,GO:1904880,GO:1904996,GO:1904999,GO:1905235,GO:1905242,GO:1990268,GO:2000010,GO:2000334,GO:2000343,GO:2000347,GO:2000351,GO:2000377,GO:2000573,GO:2001234,GO:2001238,GO:2001240
200	GO:0000302,GO:0001523,GO:0001937,GO:0006629,GO:0006641,GO:0006869,GO:0006898,GO:0007010,GO:0007186,GO:0007271,GO:0007616,GO:0008202,GO:0008203,GO:0010544,GO:0010596,GO:0010629,GO:0010642,GO:0010875,GO:0010877,GO:0010976,GO:0010977,GO:0015909,GO:0017038,GO:0019068,GO:0030195,GO:0030516,GO:0031175,GO:0032438,GO:0032489,GO:0032805,GO:0033344,GO:0033700,GO:0034372,GO:0034374,GO:0034375,GO:0034380,GO:0034382,GO:0034384,GO:0034447,GO:0035641,GO:0038060,GO:0042157,GO:0042158,GO:0042632,GO:0042981,GO:0042982,GO:0043254,GO:0043409,GO:0043537,GO:0043691,GO:0044794,GO:0045088,GO:0045429,GO:0045541,GO:0045807,GO:0045893,GO:0046889,GO:0048168,GO:0048662,GO:0050709,GO:0050728,GO:0050807,GO:0051044,GO:0051055,GO:0051246,GO:0051248,GO:0055089,GO:0055090,GO:0060999,GO:0061000,GO:0061136,GO:0061771,GO:0070328,GO:0070374,GO:0071402,GO:0071830,GO:0071831,GO:0090090,GO:0090181,GO:0090205,GO:0090370,GO:0097006,GO:0097113,GO:0097114,GO:0098869,GO:0140077,GO:1900221,GO:1900223,GO:1900272,GO:1901627,GO:1901631,GO:1902004,GO:1902430,GO:1902951,GO:1902952,GO:1902991,GO:1902995,GO:1902998,GO:1902999,GO:1903001,GO:1903002,GO:1905890,GO:1905906,GO:1905907,GO:1905908,GO:2000822	GO:0000122,GO:0001525,GO:0001542,GO:0001666,GO:0001819,GO:0001890,GO:0001936,GO:0002021,GO:0003300,GO:0006112,GO:0006114,GO:0006629,GO:0006909,GO:0007165,GO:0007259,GO:0007565,GO:0007584,GO:0007623,GO:0008217,GO:0008284,GO:0008343,GO:0009062,GO:0009892,GO:0010507,GO:0010888,GO:0014823,GO:0019953,GO:0030217,GO:0031667,GO:0032008,GO:0032099,GO:0032310,GO:0032355,GO:0032735,GO:0032755,GO:0032757,GO:0032760,GO:0032814,GO:0032817,GO:0032868,GO:0033197,GO:0033210,GO:0033686,GO:0035360,GO:0035556,GO:0035630,GO:0038108,GO:0042102,GO:0042269,GO:0042307,GO:0043066,GO:0043270,GO:0043410,GO:0044320,GO:0045471,GO:0045765,GO:0045906,GO:0046325,GO:0046427,GO:0046628,GO:0046850,GO:0046881,GO:0048639,GO:0050892,GO:0050901,GO:0050999,GO:0051051,GO:0051726,GO:0051897,GO:0060587,GO:0061037,GO:0070093,GO:0071298,GO:0071300,GO:0090335,GO:0097009,GO:0097696,GO:0098868,GO:0120162,GO:1900015,GO:1900745,GO:1904651,GO:1990051,GO:2000379,GO:2000486,GO:2000491
200	GO:0000122,GO:0001503,GO:0001649,GO:0001657,GO:0001658,GO:0001822,GO:0001823,GO:0001934,GO:0001938,GO:0001958,GO:0002043,GO:0002062,GO:0002244,GO:0002320,GO:0002573,GO:0003007,GO:0003129,GO:0003139,GO:0003148,GO:0003149,GO:0003151,GO:0003163,GO:0003180,GO:0003184,GO:0003197,GO:0003279,GO:0003323,GO:0007498,GO:0008284,GO:0008285,GO:0009791,GO:0010453,GO:0010467,GO:0010628,GO:0010629,GO:0010718,GO:0021537,GO:0022408,GO:0030154,GO:0030224,GO:0030225,GO:0030335,GO:0030501,GO:0030509,GO:0030513,GO:0030858,GO:0032092,GO:0032967,GO:0033085,GO:0033088,GO:0035990,GO:0035993,GO:0042306,GO:0042476,GO:0043065,GO:0043068,GO:0045596,GO:0045603,GO:0045606,GO:0045662,GO:0045669,GO:0045778,GO:0045786,GO:0045839,GO:0045843,GO:0045892,GO:0045893,GO:0045944,GO:0048286,GO:0048392,GO:0048661,GO:0048662,GO:0048745,GO:0048863,GO:0050679,GO:0050918,GO:0051216,GO:0051241,GO:0055007,GO:0055020,GO:0060391,GO:0060425,GO:0060426,GO:0060433,GO:0060438,GO:0060441,GO:0060502,GO:0060503,GO:0060537,GO:0060976,GO:0061036,GO:0061047,GO:0061626,GO:0070244,GO:0071773,GO:0072104,GO:0072125,GO:0072179,GO:0072197,GO:0072200,GO:0090189,GO:0090191,GO:0090194,GO:1900182,GO:1900745,GO:1901331,GO:1902894,GO:1904706,GO:1904753,GO:1905312,GO:2000005,GO:2000007,GO:2000636,GO:2000725,GO:2001237	GO:0000122,GO:0001709,GO:0001806,GO:0001817,GO:0001822,GO:0001823,GO:0002376,GO:0002520,GO:0003180,GO:0003215,GO:0003281,GO:0006355,GO:0006357,GO:0006952,GO:0006954,GO:0007165,GO:0008285,GO:0008584,GO:0009410,GO:0009615,GO:0009653,GO:0009967,GO:0010332,GO:0010467,GO:0010595,GO:0010719,GO:0030154,GO:0030217,GO:0030225,GO:0030856,GO:0031929,GO:0032736,GO:0032753,GO:0032754,GO:0033600,GO:0035457,GO:0042421,GO:0043491,GO:0043583,GO:0043627,GO:0045064,GO:0045087,GO:0045165,GO:0045471,GO:0045582,GO:0045786,GO:0045892,GO:0045893,GO:0045944,GO:0048485,GO:0048568,GO:0048646,GO:0048731,GO:0050728,GO:0050793,GO:0050852,GO:0051216,GO:0051897,GO:0060037,GO:0060065,GO:0060070,GO:0060231,GO:0060676,GO:0071353,GO:0071356,GO:0072107,GO:0072178,GO:0072179,GO:0072182,GO:0072676,GO:0090102,GO:1902895,GO:2000146,GO:2000352,GO:2000611,GO:2000679,GO:2000683
200	GO:0000122,GO:0001503,GO:0001649,GO:0001657,GO:0001658,GO:0001822,GO:0001823,GO:0001934,GO:0001938,GO:0001958,GO:0002043,GO:0002062,GO:0002244,GO:0002320,GO:0002573,GO:0003007,GO:0003129,GO:0003139,GO:0003148,GO:0003149,GO:0003151,GO:0003163,GO:0003180,GO:0003184,GO:0003197,GO:0003279,GO:0003323,GO:0007498,GO:0008284,GO:0008285,GO:0009791,GO:0010453,GO:0010467,GO:0010628,GO:0010629,GO:0010718,GO:0021537,GO:0022408,GO:0030154,GO:0030224,GO:0030225,GO:0030335,GO:0030501,GO:0030509,GO:0030513,GO:0030858,GO:0032092,GO:0032967,GO:0033085,GO:0033088,GO:0035990,GO:0035993,GO:0042306,GO:0042476,GO:0043065,GO:0043068,GO:0045596,GO:0045603,GO:0045606,GO:0045662,GO:0045669,GO:0045778,GO:0045786,GO:0045839,GO:0045843,GO:0045892,GO:0045893,GO:0045944,GO:0048286,GO:0048392,GO:0048661,GO:0048662,GO:0048745,GO:0048863,GO:0050679,GO:0050918,GO:0051216,GO:0051241,GO:0055007,GO:0055020,GO:0060391,GO:0060425,GO:0060426,GO:0060433,GO:0060438,GO:0060441,GO:0060502,GO:0060503,GO:0060537,GO:0060976,GO:0061036,GO:0061047,GO:0061626,GO:0070244,GO:0071773,GO:0072104,GO:0072125,GO:0072179,GO:0072197,GO:0072200,GO:0090189,GO:0090191,GO:0090194,GO:1900182,GO:1900745,GO:1901331,GO:1902894,GO:1904706,GO:1904753,GO:1905312,GO:2000005,GO:2000007,GO:2000636,GO:2000725,GO:2001237	GO:0000278,GO:0001525,GO:0001569,GO:0001974,GO:0001975,GO:0002027,GO:0003015,GO:0003094,GO:0003207,GO:0003220,GO:0003228,GO:0003253,GO:0003357,GO:0006874,GO:0006939,GO:0007005,GO:0007165,GO:0007186,GO:0007190,GO:0007200,GO:0007204,GO:0007411,GO:0007507,GO:0007585,GO:0008217,GO:0008283,GO:0009611,GO:0010467,GO:0014033,GO:0014034,GO:0014824,GO:0014829,GO:0016322,GO:0030878,GO:0031175,GO:0032835,GO:0034599,GO:0035050,GO:0035904,GO:0042310,GO:0042415,GO:0042474,GO:0044751,GO:0048066,GO:0048484,GO:0048485,GO:0048675,GO:0048706,GO:0050905,GO:0055078,GO:0060070,GO:0060324,GO:0060385,GO:0061626,GO:0070294,GO:0070588,GO:0071372,GO:0071373,GO:0071526,GO:0072011,GO:0072112,GO:0086100,GO:0097018,GO:0097084,GO:0097152,GO:0097237,GO:0097492,GO:0141156,GO:1903210,GO:1903537,GO:1904888,GO:1905144,GO:1905871,GO:2001259
200	GO:0000122,GO:0001503,GO:0001649,GO:0001657,GO:0001658,GO:0001822,GO:0001823,GO:0001934,GO:0001938,GO:0001958,GO:0002043,GO:0002062,GO:0002244,GO:0002320,GO:0002573,GO:0003007,GO:0003129,GO:0003139,GO:0003148,GO:0003149,GO:0003151,GO:0003163,GO:0003180,GO:0003184,GO:0003197,GO:0003279,GO:0003323,GO:0007498,GO:0008284,GO:0008285,GO:0009791,GO:0010453,GO:0010467,GO:0010628,GO:0010629,GO:0010718,GO:0021537,GO:0022408,GO:0030154,GO:0030224,GO:0030225,GO:0030335,GO:0030501,GO:0030509,GO:0030513,GO:0030858,GO:0032092,GO:0032967,GO:0033085,GO:0033088,GO:0035990,GO:0035993,GO:0042306,GO:0042476,GO:0043065,GO:0043068,GO:0045596,GO:0045603,GO:0045606,GO:0045662,GO:0045669,GO:0045778,GO:0045786,GO:0045839,GO:0045843,GO:0045892,GO:0045893,GO:0045944,GO:0048286,GO:0048392,GO:0048661,GO:0048662,GO:0048745,GO:0048863,GO:0050679,GO:0050918,GO:0051216,GO:0051241,GO:0055007,GO:0055020,GO:0060391,GO:0060425,GO:0060426,GO:0060433,GO:0060438,GO:0060441,GO:0060502,GO:0060503,GO:0060537,GO:0060976,GO:0061036,GO:0061047,GO:0061626,GO:0070244,GO:0071773,GO:0072104,GO:0072125,GO:0072179,GO:0072197,GO:0072200,GO:0090189,GO:0090191,GO:0090194,GO:1900182,GO:1900745,GO:1901331,GO:1902894,GO:1904706,GO:1904753,GO:1905312,GO:2000005,GO:2000007,GO:2000636,GO:2000725,GO:2001237	GO:0000077,GO:0001782,GO:0001817,GO:0001932,GO:0001933,GO:0002223,GO:0002244,GO:0002250,GO:0002376,GO:0002431,GO:0002513,GO:0002553,GO:0002576,GO:0002758,GO:0002762,GO:0002768,GO:0002774,GO:0002862,GO:0002902,GO:0006468,GO:0006950,GO:0006954,GO:0006974,GO:0006991,GO:0007165,GO:0007169,GO:0008284,GO:0008285,GO:0009410,GO:0009636,GO:0009725,GO:0009743,GO:0010976,GO:0014003,GO:0015908,GO:0018108,GO:0030097,GO:0030218,GO:0030222,GO:0030335,GO:0030889,GO:0031175,GO:0031295,GO:0031663,GO:0032868,GO:0033003,GO:0033628,GO:0034136,GO:0034142,GO:0034144,GO:0034145,GO:0034165,GO:0034605,GO:0035556,GO:0038043,GO:0038095,GO:0038096,GO:0038159,GO:0042100,GO:0042327,GO:0043200,GO:0043304,GO:0043407,GO:0043410,GO:0043434,GO:0045087,GO:0045646,GO:0046777,GO:0048013,GO:0048678,GO:0050727,GO:0050777,GO:0050855,GO:0050859,GO:0050900,GO:0051279,GO:0060252,GO:0060369,GO:0060397,GO:0070372,GO:0070373,GO:0070447,GO:0070667,GO:0070668,GO:0071300,GO:0071396,GO:0090025,GO:0090330,GO:0097028,GO:1902532,GO:1902993,GO:2000670
200	GO:0000165,GO:0006468,GO:0006897,GO:0006914,GO:0006979,GO:0007005,GO:0007029,GO:0007030,GO:0007040,GO:0007166,GO:0007254,GO:0007266,GO:0007283,GO:0007528,GO:0008104,GO:0008340,GO:0009267,GO:0009653,GO:0009968,GO:0010468,GO:0010506,GO:0010508,GO:0010955,GO:0010977,GO:0014041,GO:0016192,GO:0016242,GO:0019722,GO:0021756,GO:0021772,GO:0022028,GO:0030154,GO:0030162,GO:0030182,GO:0031344,GO:0031398,GO:0031647,GO:0032436,GO:0032760,GO:0034260,GO:0034599,GO:0034614,GO:0035542,GO:0035556,GO:0035564,GO:0035640,GO:0035641,GO:0035751,GO:0040012,GO:0042391,GO:0043068,GO:0043410,GO:0046039,GO:0046777,GO:0048312,GO:0048513,GO:0048812,GO:0050804,GO:0051239,GO:0051247,GO:0051646,GO:0051900,GO:0051966,GO:0060070,GO:0060079,GO:0060159,GO:0060161,GO:0060627,GO:0060628,GO:0060828,GO:0061001,GO:0070585,GO:0070973,GO:0071287,GO:0090140,GO:0090263,GO:0090394,GO:0140058,GO:0141161,GO:1900242,GO:1900244,GO:1901030,GO:1902236,GO:1902499,GO:1902531,GO:1902692,GO:1902803,GO:1902823,GO:1902902,GO:1903351,GO:1903748,GO:1903980,GO:1904644,GO:1904887,GO:1905279,GO:1905289,GO:1905504,GO:2000172,GO:2000300,GO:2000377	GO:0001774,GO:0002282,GO:0002291,GO:0002588,GO:0002862,GO:0002931,GO:0006909,GO:0006910,GO:0006955,GO:0006959,GO:0007165,GO:0007166,GO:0007613,GO:0010468,GO:0010507,GO:0010628,GO:0010875,GO:0010887,GO:0010891,GO:0010983,GO:0019216,GO:0030316,GO:0032006,GO:0032008,GO:0032497,GO:0032499,GO:0032675,GO:0032691,GO:0032720,GO:0032733,GO:0034136,GO:0034144,GO:0034151,GO:0034241,GO:0034351,GO:0035176,GO:0038160,GO:0042742,GO:0043066,GO:0043124,GO:0043268,GO:0043277,GO:0045088,GO:0045672,GO:0045728,GO:0045960,GO:0048143,GO:0048468,GO:0048678,GO:0050714,GO:0050766,GO:0050829,GO:0050850,GO:0050866,GO:0050921,GO:0051897,GO:0051898,GO:0055088,GO:0060075,GO:0060100,GO:0061518,GO:0061889,GO:0070269,GO:0070345,GO:0070374,GO:0070392,GO:0071223,GO:0071224,GO:0071333,GO:0071396,GO:0071402,GO:0071456,GO:0071526,GO:0071640,GO:0080090,GO:0097028,GO:0097062,GO:0097242,GO:0098657,GO:0110089,GO:0120035,GO:0140052,GO:0150062,GO:0150076,GO:0150078,GO:0150079,GO:0150094,GO:1900015,GO:1900016,GO:1900223,GO:1900226,GO:1901076,GO:1901224,GO:1901800,GO:1902227,GO:1902533,GO:1903078,GO:1903082,GO:1903376,GO:1903753,GO:1903980,GO:1904093,GO:1904141,GO:1904646,GO:1904951,GO:1905291,GO:1905581,GO:1905805,GO:1905808,GO:1905907,GO:2000350,GO:2001171
200	GO:0001570,GO:0001657,GO:0001666,GO:0001763,GO:0001837,GO:0001843,GO:0002040,GO:0002062,GO:0002244,GO:0002248,GO:0002460,GO:0002859,GO:0003179,GO:0003180,GO:0006611,GO:0006754,GO:0006796,GO:0007179,GO:0007406,GO:0007435,GO:0007507,GO:0007565,GO:0008284,GO:0008285,GO:0009410,GO:0009611,GO:0009749,GO:0010332,GO:0010575,GO:0010628,GO:0010629,GO:0010716,GO:0010718,GO:0010742,GO:0010763,GO:0010936,GO:0014003,GO:0014008,GO:0016202,GO:0021915,GO:0030154,GO:0030214,GO:0030308,GO:0030334,GO:0030335,GO:0031100,GO:0031293,GO:0031334,GO:0031536,GO:0032355,GO:0032570,GO:0032667,GO:0032700,GO:0032740,GO:0032755,GO:0032760,GO:0032801,GO:0032930,GO:0032967,GO:0033280,GO:0034616,GO:0035902,GO:0036120,GO:0036446,GO:0042127,GO:0042306,GO:0042307,GO:0042475,GO:0042552,GO:0043065,GO:0043117,GO:0043123,GO:0043410,GO:0043536,GO:0043537,GO:0045066,GO:0045216,GO:0045471,GO:0045591,GO:0045596,GO:0045597,GO:0045599,GO:0045662,GO:0045742,GO:0045786,GO:0045892,GO:0045893,GO:0045944,GO:0048298,GO:0048535,GO:0048565,GO:0048642,GO:0048661,GO:0048839,GO:0050679,GO:0050680,GO:0050714,GO:0050729,GO:0050765,GO:0050832,GO:0050921,GO:0051130,GO:0051240,GO:0051247,GO:0051280,GO:0051781,GO:0051897,GO:0055010,GO:0060312,GO:0060325,GO:0060364,GO:0060391,GO:0070168,GO:0070374,GO:0070723,GO:0071260,GO:0071333,GO:0071363,GO:0071404,GO:0071456,GO:0071479,GO:0071549,GO:0071560,GO:0071677,GO:0071895,GO:0085029,GO:0090190,GO:0090263,GO:0097191,GO:0097421,GO:0098586,GO:0141091,GO:1900126,GO:1900182,GO:1901203,GO:1902074,GO:1902462,GO:1902894,GO:1902895,GO:1903077,GO:1904018,GO:1904894,GO:1905641,GO:1990314,GO:1990402,GO:2000048,GO:2000343,GO:2000353,GO:2000636,GO:2000727	GO:0000122,GO:0001525,GO:0001558,GO:0001889,GO:0001934,GO:0001935,GO:0002639,GO:0006355,GO:0006357,GO:0006366,GO:0006511,GO:0006629,GO:0006633,GO:0006914,GO:0006915,GO:0006955,GO:0006986,GO:0007517,GO:0008284,GO:0010506,GO:0010508,GO:0010832,GO:0015031,GO:0030154,GO:0030335,GO:0030512,GO:0030968,GO:0031647,GO:0031648,GO:0031670,GO:0032008,GO:0032755,GO:0032869,GO:0034599,GO:0034976,GO:0035356,GO:0035470,GO:0035924,GO:0036498,GO:0036500,GO:0036503,GO:0042149,GO:0042307,GO:0042632,GO:0043066,GO:0043491,GO:0045348,GO:0045579,GO:0045582,GO:0045600,GO:0045766,GO:0045944,GO:0048010,GO:0048666,GO:0051897,GO:0055089,GO:0055092,GO:0060392,GO:0060612,GO:0070059,GO:0070373,GO:0071073,GO:0071222,GO:0071230,GO:0071332,GO:0071333,GO:0071353,GO:0071375,GO:0071498,GO:0071499,GO:1900017,GO:1900100,GO:1900102,GO:1901985,GO:1902236,GO:1903489,GO:1904294,GO:1904707,GO:1904754,GO:1990418,GO:2000347,GO:2000353
200	GO:0000122,GO:0001525,GO:0001542,GO:0001666,GO:0001819,GO:0001890,GO:0001936,GO:0002021,GO:0003300,GO:0006112,GO:0006114,GO:0006629,GO:0006909,GO:0007165,GO:0007259,GO:0007565,GO:0007584,GO:0007623,GO:0008217,GO:0008284,GO:0008343,GO:0009062,GO:0009892,GO:0010507,GO:0010888,GO:0014823,GO:0019953,GO:0030217,GO:0031667,GO:0032008,GO:0032099,GO:0032310,GO:0032355,GO:0032735,GO:0032755,GO:0032757,GO:0032760,GO:0032814,GO:0032817,GO:0032868,GO:0033197,GO:0033210,GO:0033686,GO:0035360,GO:0035556,GO:0035630,GO:0038108,GO:0042102,GO:0042269,GO:0042307,GO:0043066,GO:0043270,GO:0043410,GO:0044320,GO:0045471,GO:0045765,GO:0045906,GO:0046325,GO:0046427,GO:0046628,GO:0046850,GO:0046881,GO:0048639,GO:0050892,GO:0050901,GO:0050999,GO:0051051,GO:0051726,GO:0051897,GO:0060587,GO:0061037,GO:0070093,GO:0071298,GO:0071300,GO:0090335,GO:0097009,GO:0097696,GO:0098868,GO:0120162,GO:1900015,GO:1900745,GO:1904651,GO:1990051,GO:2000379,GO:2000486,GO:2000491	GO:0000122,GO:0001525,GO:0001554,GO:0001837,GO:0001947,GO:0002052,GO:0003151,GO:0003157,GO:0003160,GO:0003162,GO:0003169,GO:0003180,GO:0003181,GO:0003182,GO:0003184,GO:0003192,GO:0003198,GO:0003203,GO:0003207,GO:0003208,GO:0003209,GO:0003213,GO:0003214,GO:0003222,GO:0003241,GO:0003264,GO:0003273,GO:0003332,GO:0003344,GO:0006355,GO:0006357,GO:0006606,GO:0006955,GO:0007219,GO:0007221,GO:0007283,GO:0007368,GO:0007411,GO:0007507,GO:0008284,GO:0008285,GO:0010467,GO:0010614,GO:0010628,GO:0010629,GO:0010667,GO:0010718,GO:0010812,GO:0010832,GO:0014031,GO:0021515,GO:0030154,GO:0030163,GO:0030279,GO:0030334,GO:0030335,GO:0030513,GO:0030514,GO:0031100,GO:0032495,GO:0032496,GO:0032966,GO:0035148,GO:0035924,GO:0042127,GO:0042246,GO:0043086,GO:0045070,GO:0045603,GO:0045662,GO:0045665,GO:0045668,GO:0045687,GO:0045892,GO:0045893,GO:0045944,GO:0046427,GO:0046579,GO:0048708,GO:0048709,GO:0048711,GO:0048715,GO:0048873,GO:0050768,GO:0050793,GO:0051152,GO:0055008,GO:0060038,GO:0060045,GO:0060253,GO:0060271,GO:0060317,GO:0060354,GO:0060379,GO:0060411,GO:0060412,GO:0060842,GO:0060843,GO:0060948,GO:0060956,GO:0060979,GO:0060982,GO:0061344,GO:0061384,GO:0062043,GO:0070168,GO:0070374,GO:0070986,GO:0071228,GO:0071372,GO:0071456,GO:0072017,GO:0072044,GO:0072144,GO:0072538,GO:0090051,GO:0097150,GO:0097400,GO:0099565,GO:0120163,GO:1901201,GO:1902339,GO:2000048,GO:2000737,GO:2000811,GO:2000974,GO:2001027
200	GO:0000209,GO:0001649,GO:0001837,GO:0002052,GO:0003151,GO:0007155,GO:0007173,GO:0007399,GO:0008284,GO:0008285,GO:0009410,GO:0010629,GO:0010717,GO:0010718,GO:0010909,GO:0016055,GO:0016525,GO:0019827,GO:0021854,GO:0030182,GO:0030901,GO:0030902,GO:0030997,GO:0031396,GO:0032212,GO:0032355,GO:0032968,GO:0033234,GO:0034112,GO:0034333,GO:0034394,GO:0035315,GO:0035995,GO:0036023,GO:0036520,GO:0043065,GO:0043066,GO:0043161,GO:0043525,GO:0044331,GO:0045597,GO:0045765,GO:0045766,GO:0045892,GO:0045893,GO:0045944,GO:0045976,GO:0048145,GO:0048568,GO:0048643,GO:0048660,GO:0050767,GO:0050768,GO:0050982,GO:0051884,GO:0051963,GO:0060070,GO:0060231,GO:0060292,GO:0061154,GO:0061549,GO:0061550,GO:0070602,GO:0071363,GO:0071681,GO:0072182,GO:0072497,GO:0090090,GO:0090279,GO:0097091,GO:0098609,GO:1901331,GO:1903377,GO:1904888,GO:1904948,GO:1905555,GO:1990138,GO:1990403,GO:1990791,GO:2000008,GO:2000179	GO:0000165,GO:0006468,GO:0006897,GO:0006914,GO:0006979,GO:0007005,GO:0007029,GO:0007030,GO:0007040,GO:0007166,GO:0007254,GO:0007266,GO:0007283,GO:0007528,GO:0008104,GO:0008340,GO:0009267,GO:0009653,GO:0009968,GO:0010468,GO:0010506,GO:0010508,GO:0010955,GO:0010977,GO:0014041,GO:0016192,GO:0016242,GO:0019722,GO:0021756,GO:0021772,GO:0022028,GO:0030154,GO:0030162,GO:0030182,GO:0031344,GO:0031398,GO:0031647,GO:0032436,GO:0032760,GO:0034260,GO:0034599,GO:0034614,GO:0035542,GO:0035556,GO:0035564,GO:0035640,GO:0035641,GO:0035751,GO:0040012,GO:0042391,GO:0043068,GO:0043410,GO:0046039,GO:0046777,GO:0048312,GO:0048513,GO:0048812,GO:0050804,GO:0051239,GO:0051247,GO:0051646,GO:0051900,GO:0051966,GO:0060070,GO:0060079,GO:0060159,GO:0060161,GO:0060627,GO:0060628,GO:0060828,GO:0061001,GO:0070585,GO:0070973,GO:0071287,GO:0090140,GO:0090263,GO:0090394,GO:0140058,GO:0141161,GO:1900242,GO:1900244,GO:1901030,GO:1902236,GO:1902499,GO:1902531,GO:1902692,GO:1902803,GO:1902823,GO:1902902,GO:1903351,GO:1903748,GO:1903980,GO:1904644,GO:1904887,GO:1905279,GO:1905289,GO:1905504,GO:2000172,GO:2000300,GO:2000377
200	GO:0000122,GO:0001501,GO:0001503,GO:0001649,GO:0001658,GO:0001666,GO:0001701,GO:0001837,GO:0001934,GO:0002062,GO:0002573,GO:0003007,GO:0003129,GO:0003133,GO:0003176,GO:0003181,GO:0003203,GO:0003210,GO:0003272,GO:0003331,GO:0006355,GO:0006879,GO:0006954,GO:0007219,GO:0007267,GO:0007507,GO:0008284,GO:0008285,GO:0009887,GO:0010467,GO:0010628,GO:0010629,GO:0010718,GO:0010894,GO:0010922,GO:0021537,GO:0021978,GO:0022408,GO:0030154,GO:0030177,GO:0030282,GO:0030316,GO:0030335,GO:0030501,GO:0030509,GO:0030512,GO:0032348,GO:0033690,GO:0035051,GO:0035054,GO:0035360,GO:0042475,GO:0042482,GO:0043065,GO:0043410,GO:0043569,GO:0045165,GO:0045597,GO:0045599,GO:0045600,GO:0045666,GO:0045778,GO:0045786,GO:0045892,GO:0045893,GO:0045944,GO:0048662,GO:0048711,GO:0048762,GO:0048839,GO:0051042,GO:0051216,GO:0055007,GO:0055008,GO:0060039,GO:0060128,GO:0060129,GO:0060317,GO:0060348,GO:0060391,GO:0060426,GO:0060485,GO:0060537,GO:0061036,GO:0070374,GO:0071773,GO:0072138,GO:0090090,GO:1900159,GO:1900745,GO:1901331,GO:1902895,GO:1905072,GO:1905222,GO:2000065,GO:2000725,GO:2000726	GO:0000165,GO:0006468,GO:0006897,GO:0006914,GO:0006979,GO:0007005,GO:0007029,GO:0007030,GO:0007040,GO:0007166,GO:0007254,GO:0007266,GO:0007283,GO:0007528,GO:0008104,GO:0008340,GO:0009267,GO:0009653,GO:0009968,GO:0010468,GO:0010506,GO:0010508,GO:0010955,GO:0010977,GO:0014041,GO:0016192,GO:0016242,GO:0019722,GO:0021756,GO:0021772,GO:0022028,GO:0030154,GO:0030162,GO:0030182,GO:0031344,GO:0031398,GO:0031647,GO:0032436,GO:0032760,GO:0034260,GO:0034599,GO:0034614,GO:0035542,GO:0035556,GO:0035564,GO:0035640,GO:0035641,GO:0035751,GO:0040012,GO:0042391,GO:0043068,GO:0043410,GO:0046039,GO:0046777,GO:0048312,GO:0048513,GO:0048812,GO:0050804,GO:0051239,GO:0051247,GO:0051646,GO:0051900,GO:0051966,GO:0060070,GO:0060079,GO:0060159,GO:0060161,GO:0060627,GO:0060628,GO:0060828,GO:0061001,GO:0070585,GO:0070973,GO:0071287,GO:0090140,GO:0090263,GO:0090394,GO:0140058,GO:0141161,GO:1900242,GO:1900244,GO:1901030,GO:1902236,GO:1902499,GO:1902531,GO:1902692,GO:1902803,GO:1902823,GO:1902902,GO:1903351,GO:1903748,GO:1903980,GO:1904644,GO:1904887,GO:1905279,GO:1905289,GO:1905504,GO:2000172,GO:2000300,GO:2000377
200	GO:0001837,GO:0001954,GO:0003170,GO:0005977,GO:0006468,GO:0006983,GO:0007005,GO:0007399,GO:0007623,GO:0008286,GO:0009968,GO:0010508,GO:0010628,GO:0010629,GO:0010719,GO:0010975,GO:0016055,GO:0018105,GO:0019082,GO:0021766,GO:0030010,GO:0030011,GO:0030154,GO:0030336,GO:0030516,GO:0031175,GO:0031333,GO:0031334,GO:0031398,GO:0032007,GO:0032092,GO:0032436,GO:0032481,GO:0032880,GO:0032886,GO:0034976,GO:0035556,GO:0036016,GO:0042752,GO:0043066,GO:0043161,GO:0043525,GO:0045597,GO:0045668,GO:0045719,GO:0045724,GO:0045732,GO:0045879,GO:0046777,GO:0046825,GO:0046827,GO:0048511,GO:0048814,GO:0050770,GO:0060070,GO:0060079,GO:0070507,GO:0070885,GO:0071109,GO:0071300,GO:0090090,GO:0097191,GO:0097192,GO:0099171,GO:0106027,GO:0150101,GO:0160213,GO:1900034,GO:1900181,GO:1900271,GO:1901030,GO:1901701,GO:1902042,GO:1903566,GO:1903940,GO:1904339,GO:1904646,GO:1904781,GO:1904951,GO:2000077,GO:2000466,GO:2000740	GO:0001570,GO:0001657,GO:0001666,GO:0001763,GO:0001837,GO:0001843,GO:0002040,GO:0002062,GO:0002244,GO:0002248,GO:0002460,GO:0002859,GO:0003179,GO:0003180,GO:0006611,GO:0006754,GO:0006796,GO:0007179,GO:0007406,GO:0007435,GO:0007507,GO:0007565,GO:0008284,GO:0008285,GO:0009410,GO:0009611,GO:0009749,GO:0010332,GO:0010575,GO:0010628,GO:0010629,GO:0010716,GO:0010718,GO:0010742,GO:0010763,GO:0010936,GO:0014003,GO:0014008,GO:0016202,GO:0021915,GO:0030154,GO:0030214,GO:0030308,GO:0030334,GO:0030335,GO:0031100,GO:0031293,GO:0031334,GO:0031536,GO:0032355,GO:0032570,GO:0032667,GO:0032700,GO:0032740,GO:0032755,GO:0032760,GO:0032801,GO:0032930,GO:0032967,GO:0033280,GO:0034616,GO:0035902,GO:0036120,GO:0036446,GO:0042127,GO:0042306,GO:0042307,GO:0042475,GO:0042552,GO:0043065,GO:0043117,GO:0043123,GO:0043410,GO:0043536,GO:0043537,GO:0045066,GO:0045216,GO:0045471,GO:0045591,GO:0045596,GO:0045597,GO:0045599,GO:0045662,GO:0045742,GO:0045786,GO:0045892,GO:0045893,GO:0045944,GO:0048298,GO:0048535,GO:0048565,GO:0048642,GO:0048661,GO:0048839,GO:0050679,GO:0050680,GO:0050714,GO:0050729,GO:0050765,GO:0050832,GO:0050921,GO:0051130,GO:0051240,GO:0051247,GO:0051280,GO:0051781,GO:0051897,GO:0055010,GO:0060312,GO:0060325,GO:0060364,GO:0060391,GO:0070168,GO:0070374,GO:0070723,GO:0071260,GO:0071333,GO:0071363,GO:0071404,GO:0071456,GO:0071479,GO:0071549,GO:0071560,GO:0071677,GO:0071895,GO:0085029,GO:0090190,GO:0090263,GO:0097191,GO:0097421,GO:0098586,GO:0141091,GO:1900126,GO:1900182,GO:1901203,GO:1902074,GO:1902462,GO:1902894,GO:1902895,GO:1903077,GO:1904018,GO:1904894,GO:1905641,GO:1990314,GO:1990402,GO:2000048,GO:2000343,GO:2000353,GO:2000636,GO:2000727
200	GO:0000122,GO:0001525,GO:0001657,GO:0001701,GO:0001837,GO:0002053,GO:0003148,GO:0003149,GO:0003416,GO:0006915,GO:0007267,GO:0007409,GO:0008284,GO:0008543,GO:0008589,GO:0009791,GO:0009880,GO:0009887,GO:0010518,GO:0010839,GO:0016331,GO:0018108,GO:0021769,GO:0021847,GO:0021860,GO:0022612,GO:0030177,GO:0030282,GO:0030324,GO:0030855,GO:0030901,GO:0030916,GO:0031069,GO:0032496,GO:0032808,GO:0033688,GO:0035265,GO:0035602,GO:0035603,GO:0035604,GO:0035607,GO:0042472,GO:0042476,GO:0043009,GO:0043410,GO:0044344,GO:0045165,GO:0045471,GO:0045595,GO:0045667,GO:0045787,GO:0045944,GO:0046777,GO:0048286,GO:0048333,GO:0048557,GO:0048562,GO:0048565,GO:0048568,GO:0048608,GO:0048701,GO:0048705,GO:0048730,GO:0048755,GO:0048762,GO:0050679,GO:0050680,GO:0051150,GO:0051781,GO:0055010,GO:0060045,GO:0060174,GO:0060348,GO:0060349,GO:0060442,GO:0060445,GO:0060449,GO:0060463,GO:0060484,GO:0060501,GO:0060512,GO:0060523,GO:0060527,GO:0060529,GO:0060601,GO:0060615,GO:0060664,GO:0060667,GO:0060670,GO:0060688,GO:0060915,GO:0060916,GO:0070372,GO:0070374,GO:0071300,GO:0071456,GO:0071560,GO:0090263,GO:1904707,GO:1904888	GO:0000122,GO:0001659,GO:0001666,GO:0001754,GO:0001817,GO:0002317,GO:0002931,GO:0006355,GO:0006357,GO:0006606,GO:0006952,GO:0006953,GO:0006954,GO:0006955,GO:0007165,GO:0007179,GO:0007259,GO:0007399,GO:0008284,GO:0010507,GO:0010575,GO:0010628,GO:0010629,GO:0010730,GO:0019221,GO:0030154,GO:0030335,GO:0030522,GO:0030968,GO:0032355,GO:0032731,GO:0032733,GO:0032755,GO:0032757,GO:0032760,GO:0032870,GO:0033210,GO:0034097,GO:0035723,GO:0038110,GO:0038113,GO:0038154,GO:0038155,GO:0042127,GO:0042593,GO:0042755,GO:0043123,GO:0043124,GO:0043434,GO:0043491,GO:0043524,GO:0044320,GO:0044321,GO:0045471,GO:0045648,GO:0045747,GO:0045766,GO:0045893,GO:0045944,GO:0046902,GO:0048708,GO:0048861,GO:0050728,GO:0050729,GO:0050766,GO:0050804,GO:0051240,GO:0051726,GO:0060019,GO:0060259,GO:0060396,GO:0060397,GO:0070102,GO:0070120,GO:0072538,GO:0072540,GO:0090091,GO:0097009,GO:0097398,GO:0097696,GO:0099527,GO:0106015,GO:0140105,GO:1900016,GO:1900017,GO:1900037,GO:1902728,GO:1902895,GO:1905564,GO:2000635,GO:2001171,GO:2001243
200	GO:0000122,GO:0001525,GO:0001657,GO:0001701,GO:0001837,GO:0002053,GO:0003148,GO:0003149,GO:0003416,GO:0006915,GO:0007267,GO:0007409,GO:0008284,GO:0008543,GO:0008589,GO:0009791,GO:0009880,GO:0009887,GO:0010518,GO:0010839,GO:0016331,GO:0018108,GO:0021769,GO:0021847,GO:0021860,GO:0022612,GO:0030177,GO:0030282,GO:0030324,GO:0030855,GO:0030901,GO:0030916,GO:0031069,GO:0032496,GO:0032808,GO:0033688,GO:0035265,GO:0035602,GO:0035603,GO:0035604,GO:0035607,GO:0042472,GO:0042476,GO:0043009,GO:0043410,GO:0044344,GO:0045165,GO:0045471,GO:0045595,GO:0045667,GO:0045787,GO:0045944,GO:0046777,GO:0048286,GO:0048333,GO:0048557,GO:0048562,GO:0048565,GO:0048568,GO:0048608,GO:0048701,GO:0048705,GO:0048730,GO:0048755,GO:0048762,GO:0050679,GO:0050680,GO:0051150,GO:0051781,GO:0055010,GO:0060045,GO:0060174,GO:0060348,GO:0060349,GO:0060442,GO:0060445,GO:0060449,GO:0060463,GO:0060484,GO:0060501,GO:0060512,GO:0060523,GO:0060527,GO:0060529,GO:0060601,GO:0060615,GO:0060664,GO:0060667,GO:0060670,GO:0060688,GO:0060915,GO:0060916,GO:0070372,GO:0070374,GO:0071300,GO:0071456,GO:0071560,GO:0090263,GO:1904707,GO:1904888	GO:0001774,GO:0001819,GO:0002250,GO:0002376,GO:0006325,GO:0006338,GO:0006915,GO:0006979,GO:0007155,GO:0007165,GO:0007167,GO:0007204,GO:0007259,GO:0007498,GO:0008284,GO:0008285,GO:0008631,GO:0009755,GO:0010572,GO:0010667,GO:0010811,GO:0019221,GO:0022407,GO:0022408,GO:0030041,GO:0030154,GO:0030218,GO:0030335,GO:0031103,GO:0031663,GO:0031959,GO:0032024,GO:0032731,GO:0032760,GO:0033194,GO:0033209,GO:0034612,GO:0035166,GO:0035556,GO:0035722,GO:0038043,GO:0038065,GO:0038155,GO:0038156,GO:0038157,GO:0038162,GO:0038163,GO:0042102,GO:0042307,GO:0042531,GO:0042976,GO:0042981,GO:0043065,GO:0043066,GO:0043410,GO:0043524,GO:0043687,GO:0045087,GO:0045348,GO:0045428,GO:0045429,GO:0045597,GO:0045944,GO:0046425,GO:0046634,GO:0046677,GO:0046777,GO:0048008,GO:0048861,GO:0050727,GO:0050804,GO:0050867,GO:0051897,GO:0060333,GO:0060391,GO:0060396,GO:0060397,GO:0060399,GO:0061180,GO:0070102,GO:0070120,GO:0070665,GO:0070671,GO:0070757,GO:0097191,GO:0120162,GO:0120186,GO:0140546,GO:1900016,GO:1901731,GO:1902533,GO:1902728,GO:1904037,GO:1904707,GO:1905539
200	GO:0000122,GO:0000165,GO:0001666,GO:0001821,GO:0001975,GO:0003015,GO:0003094,GO:0003100,GO:0003253,GO:0003357,GO:0006366,GO:0006874,GO:0007005,GO:0007166,GO:0007186,GO:0007204,GO:0007267,GO:0007411,GO:0008217,GO:0008284,GO:0009410,GO:0010193,GO:0010460,GO:0010467,GO:0010595,GO:0010613,GO:0010629,GO:0014033,GO:0014034,GO:0014823,GO:0014824,GO:0014826,GO:0019229,GO:0019722,GO:0023019,GO:0030072,GO:0030185,GO:0030195,GO:0030335,GO:0030878,GO:0031175,GO:0031394,GO:0032308,GO:0032496,GO:0033574,GO:0034392,GO:0034696,GO:0035050,GO:0035094,GO:0035556,GO:0035994,GO:0042045,GO:0042310,GO:0042482,GO:0042554,GO:0043200,GO:0043410,GO:0043491,GO:0044321,GO:0044751,GO:0045321,GO:0045429,GO:0045793,GO:0045840,GO:0045944,GO:0045987,GO:0046330,GO:0046887,GO:0046888,GO:0048661,GO:0048675,GO:0050850,GO:0051248,GO:0051899,GO:0060070,GO:0060137,GO:0060298,GO:0060385,GO:0061051,GO:0061626,GO:0070101,GO:0070294,GO:0070301,GO:0070371,GO:0070588,GO:0071277,GO:0071346,GO:0071347,GO:0071356,GO:0071372,GO:0071373,GO:0071375,GO:0071385,GO:0071389,GO:0071398,GO:0071456,GO:0071466,GO:0071526,GO:0071548,GO:0071559,GO:0071560,GO:0072011,GO:0072112,GO:0086100,GO:0090023,GO:0097237,GO:0097492,GO:0097746,GO:0141156,GO:0160195,GO:1900182,GO:1901224,GO:1902074,GO:1903537,GO:1904707,GO:1905653,GO:2001259	GO:0000278,GO:0001525,GO:0001569,GO:0001974,GO:0001975,GO:0002027,GO:0003015,GO:0003094,GO:0003207,GO:0003220,GO:0003228,GO:0003253,GO:0003357,GO:0006874,GO:0006939,GO:0007005,GO:0007165,GO:0007186,GO:0007190,GO:0007200,GO:0007204,GO:0007411,GO:0007507,GO:0007585,GO:0008217,GO:0008283,GO:0009611,GO:0010467,GO:0014033,GO:0014034,GO:0014824,GO:0014829,GO:0016322,GO:0030878,GO:0031175,GO:0032835,GO:0034599,GO:0035050,GO:0035904,GO:0042310,GO:0042415,GO:0042474,GO:0044751,GO:0048066,GO:0048484,GO:0048485,GO:0048675,GO:0048706,GO:0050905,GO:0055078,GO:0060070,GO:0060324,GO:0060385,GO:0061626,GO:0070294,GO:0070588,GO:0071372,GO:0071373,GO:0071526,GO:0072011,GO:0072112,GO:0086100,GO:0097018,GO:0097084,GO:0097152,GO:0097237,GO:0097492,GO:0141156,GO:1903210,GO:1903537,GO:1904888,GO:1905144,GO:1905871,GO:2001259
200	GO:0001649,GO:0001938,GO:0002042,GO:0002430,GO:0003376,GO:0005977,GO:0005978,GO:0005979,GO:0006006,GO:0006417,GO:0006468,GO:0006809,GO:0006915,GO:0006924,GO:0006979,GO:0007165,GO:0007173,GO:0007186,GO:0007399,GO:0008283,GO:0008286,GO:0009408,GO:0009725,GO:0010507,GO:0010595,GO:0010628,GO:0010629,GO:0010748,GO:0010761,GO:0010907,GO:0010975,GO:0016242,GO:0018105,GO:0018107,GO:0019221,GO:0030154,GO:0030307,GO:0030334,GO:0030335,GO:0031295,GO:0031397,GO:0031929,GO:0031999,GO:0032079,GO:0032436,GO:0032869,GO:0033138,GO:0033554,GO:0034405,GO:0035556,GO:0035655,GO:0042307,GO:0042981,GO:0043066,GO:0043276,GO:0043488,GO:0043491,GO:0043536,GO:0045429,GO:0045600,GO:0045725,GO:0045746,GO:0045861,GO:0045944,GO:0046209,GO:0046326,GO:0046889,GO:0048009,GO:0048266,GO:0048661,GO:0051247,GO:0051897,GO:0060079,GO:0060416,GO:0060644,GO:0070141,GO:0070585,GO:0070848,GO:0071364,GO:0072656,GO:0072752,GO:0090201,GO:0097700,GO:0099175,GO:0110002,GO:0140052,GO:0150033,GO:0160049,GO:0160213,GO:1900087,GO:1900182,GO:1901796,GO:1902018,GO:1902176,GO:1903038,GO:1903078,GO:1903318,GO:1903384,GO:1903898,GO:1904263,GO:1904515,GO:1905552,GO:1905786,GO:1990090,GO:1990418,GO:2000010,GO:2000074,GO:2000402,GO:2001240,GO:2001243	GO:0000122,GO:0001569,GO:0001570,GO:0001656,GO:0001658,GO:0001708,GO:0001755,GO:0001947,GO:0002320,GO:0003140,GO:0006508,GO:0007224,GO:0007267,GO:0007389,GO:0007405,GO:0007411,GO:0007417,GO:0007418,GO:0007507,GO:0008209,GO:0008284,GO:0009880,GO:0009888,GO:0009949,GO:0009953,GO:0010468,GO:0010629,GO:0016539,GO:0016540,GO:0021930,GO:0030162,GO:0030182,GO:0030324,GO:0030326,GO:0030336,GO:0030539,GO:0030850,GO:0030900,GO:0030901,GO:0030902,GO:0033077,GO:0033089,GO:0033092,GO:0035295,GO:0042127,GO:0042481,GO:0042733,GO:0043066,GO:0043369,GO:0045059,GO:0045060,GO:0045165,GO:0045596,GO:0045880,GO:0045893,GO:0045944,GO:0046638,GO:0048468,GO:0048513,GO:0048538,GO:0048663,GO:0048709,GO:0048745,GO:0048754,GO:0048864,GO:0050793,GO:0051781,GO:0060684,GO:0061053,GO:0061189,GO:0071542,GO:0072136,GO:0072205,GO:0090370,GO:0097190,GO:0097264,GO:1900107,GO:1900180,GO:1904339,GO:2000062,GO:2000063,GO:2000357,GO:2000358,GO:2000729
200	GO:0000122,GO:0000165,GO:0001666,GO:0001821,GO:0001975,GO:0003015,GO:0003094,GO:0003100,GO:0003253,GO:0003357,GO:0006366,GO:0006874,GO:0007005,GO:0007166,GO:0007186,GO:0007204,GO:0007267,GO:0007411,GO:0008217,GO:0008284,GO:0009410,GO:0010193,GO:0010460,GO:0010467,GO:0010595,GO:0010613,GO:0010629,GO:0014033,GO:0014034,GO:0014823,GO:0014824,GO:0014826,GO:0019229,GO:0019722,GO:0023019,GO:0030072,GO:0030185,GO:0030195,GO:0030335,GO:0030878,GO:0031175,GO:0031394,GO:0032308,GO:0032496,GO:0033574,GO:0034392,GO:0034696,GO:0035050,GO:0035094,GO:0035556,GO:0035994,GO:0042045,GO:0042310,GO:0042482,GO:0042554,GO:0043200,GO:0043410,GO:0043491,GO:0044321,GO:0044751,GO:0045321,GO:0045429,GO:0045793,GO:0045840,GO:0045944,GO:0045987,GO:0046330,GO:0046887,GO:0046888,GO:0048661,GO:0048675,GO:0050850,GO:0051248,GO:0051899,GO:0060070,GO:0060137,GO:0060298,GO:0060385,GO:0061051,GO:0061626,GO:0070101,GO:0070294,GO:0070301,GO:0070371,GO:0070588,GO:0071277,GO:0071346,GO:0071347,GO:0071356,GO:0071372,GO:0071373,GO:0071375,GO:0071385,GO:0071389,GO:0071398,GO:0071456,GO:0071466,GO:0071526,GO:0071548,GO:0071559,GO:0071560,GO:0072011,GO:0072112,GO:0086100,GO:0090023,GO:0097237,GO:0097492,GO:0097746,GO:0141156,GO:0160195,GO:1900182,GO:1901224,GO:1902074,GO:1903537,GO:1904707,GO:1905653,GO:2001259	GO:0000122,GO:0001525,GO:0001558,GO:0001889,GO:0001934,GO:0001935,GO:0002639,GO:0006355,GO:0006357,GO:0006366,GO:0006511,GO:0006629,GO:0006633,GO:0006914,GO:0006915,GO:0006955,GO:0006986,GO:0007517,GO:0008284,GO:0010506,GO:0010508,GO:0010832,GO:0015031,GO:0030154,GO:0030335,GO:0030512,GO:0030968,GO:0031647,GO:0031648,GO:0031670,GO:0032008,GO:0032755,GO:0032869,GO:0034599,GO:0034976,GO:0035356,GO:0035470,GO:0035924,GO:0036498,GO:0036500,GO:0036503,GO:0042149,GO:0042307,GO:0042632,GO:0043066,GO:0043491,GO:0045348,GO:0045579,GO:0045582,GO:0045600,GO:0045766,GO:0045944,GO:0048010,GO:0048666,GO:0051897,GO:0055089,GO:0055092,GO:0060392,GO:0060612,GO:0070059,GO:0070373,GO:0071073,GO:0071222,GO:0071230,GO:0071332,GO:0071333,GO:0071353,GO:0071375,GO:0071498,GO:0071499,GO:1900017,GO:1900100,GO:1900102,GO:1901985,GO:1902236,GO:1903489,GO:1904294,GO:1904707,GO:1904754,GO:1990418,GO:2000347,GO:2000353
200	GO:0001649,GO:0001938,GO:0002042,GO:0002430,GO:0003376,GO:0005977,GO:0005978,GO:0005979,GO:0006006,GO:0006417,GO:0006468,GO:0006809,GO:0006915,GO:0006924,GO:0006979,GO:0007165,GO:0007173,GO:0007186,GO:0007399,GO:0008283,GO:0008286,GO:0009408,GO:0009725,GO:0010507,GO:0010595,GO:0010628,GO:0010629,GO:0010748,GO:0010761,GO:0010907,GO:0010975,GO:0016242,GO:0018105,GO:0018107,GO:0019221,GO:0030154,GO:0030307,GO:0030334,GO:0030335,GO:0031295,GO:0031397,GO:0031929,GO:0031999,GO:0032079,GO:0032436,GO:0032869,GO:0033138,GO:0033554,GO:0034405,GO:0035556,GO:0035655,GO:0042307,GO:0042981,GO:0043066,GO:0043276,GO:0043488,GO:0043491,GO:0043536,GO:0045429,GO:0045600,GO:0045725,GO:0045746,GO:0045861,GO:0045944,GO:0046209,GO:0046326,GO:0046889,GO:0048009,GO:0048266,GO:0048661,GO:0051247,GO:0051897,GO:0060079,GO:0060416,GO:0060644,GO:0070141,GO:0070585,GO:0070848,GO:0071364,GO:0072656,GO:0072752,GO:0090201,GO:0097700,GO:0099175,GO:0110002,GO:0140052,GO:0150033,GO:0160049,GO:0160213,GO:1900087,GO:1900182,GO:1901796,GO:1902018,GO:1902176,GO:1903038,GO:1903078,GO:1903318,GO:1903384,GO:1903898,GO:1904263,GO:1904515,GO:1905552,GO:1905786,GO:1990090,GO:1990418,GO:2000010,GO:2000074,GO:2000402,GO:2001240,GO:2001243	GO:0000278,GO:0001525,GO:0001569,GO:0001974,GO:0001975,GO:0002027,GO:0003015,GO:0003094,GO:0003207,GO:0003220,GO:0003228,GO:0003253,GO:0003357,GO:0006874,GO:0006939,GO:0007005,GO:0007165,GO:0007186,GO:0007190,GO:0007200,GO:0007204,GO:0007411,GO:0007507,GO:0007585,GO:0008217,GO:0008283,GO:0009611,GO:0010467,GO:0014033,GO:0014034,GO:0014824,GO:0014829,GO:0016322,GO:0030878,GO:0031175,GO:0032835,GO:0034599,GO:0035050,GO:0035904,GO:0042310,GO:0042415,GO:0042474,GO:0044751,GO:0048066,GO:0048484,GO:0048485,GO:0048675,GO:0048706,GO:0050905,GO:0055078,GO:0060070,GO:0060324,GO:0060385,GO:0061626,GO:0070294,GO:0070588,GO:0071372,GO:0071373,GO:0071526,GO:0072011,GO:0072112,GO:0086100,GO:0097018,GO:0097084,GO:0097152,GO:0097237,GO:0097492,GO:0141156,GO:1903210,GO:1903537,GO:1904888,GO:1905144,GO:1905871,GO:2001259
200	GO:0000278,GO:0002252,GO:0002429,GO:0006281,GO:0006298,GO:0006355,GO:0006897,GO:0006909,GO:0006914,GO:0006915,GO:0006974,GO:0006979,GO:0007155,GO:0007173,GO:0007204,GO:0007229,GO:0007611,GO:0008306,GO:0008630,GO:0009410,GO:0010468,GO:0010506,GO:0010557,GO:0010595,GO:0030036,GO:0030041,GO:0030100,GO:0030155,GO:0030516,GO:0030845,GO:0031113,GO:0032489,GO:0032956,GO:0034599,GO:0034976,GO:0035556,GO:0035791,GO:0036211,GO:0038096,GO:0038189,GO:0042770,GO:0043065,GO:0043525,GO:0043542,GO:0045580,GO:0045595,GO:0045785,GO:0045907,GO:0045944,GO:0048008,GO:0048013,GO:0048146,GO:0051444,GO:0051450,GO:0051496,GO:0051726,GO:0051882,GO:0051894,GO:0060038,GO:0070301,GO:0071103,GO:0071560,GO:0071871,GO:0090050,GO:0097706,GO:0099150,GO:0141214,GO:1900006,GO:1900026,GO:1900272,GO:1901701,GO:1902036,GO:1902531,GO:1903055,GO:1903210,GO:1903351,GO:1903905,GO:1904518,GO:1905244,GO:1905555,GO:2000042,GO:2000145,GO:2000406	GO:0000122,GO:0001501,GO:0001502,GO:0001503,GO:0001658,GO:0001708,GO:0001837,GO:0001894,GO:0001942,GO:0002009,GO:0002053,GO:0002062,GO:0002683,GO:0003170,GO:0003179,GO:0003180,GO:0003203,GO:0003413,GO:0003415,GO:0003430,GO:0006334,GO:0006338,GO:0007165,GO:0007173,GO:0007283,GO:0007417,GO:0007507,GO:0008284,GO:0008584,GO:0010467,GO:0010564,GO:0010628,GO:0010634,GO:0014036,GO:0019100,GO:0030154,GO:0030279,GO:0030850,GO:0030858,GO:0030879,GO:0030903,GO:0030916,GO:0032331,GO:0032332,GO:0035019,GO:0042127,GO:0042981,GO:0043066,GO:0045662,GO:0045668,GO:0045892,GO:0045893,GO:0045944,GO:0046322,GO:0046533,GO:0048709,GO:0050679,GO:0050680,GO:0051216,GO:0060008,GO:0060009,GO:0060041,GO:0060174,GO:0060221,GO:0060517,GO:0060729,GO:0060784,GO:0061036,GO:0061138,GO:0065003,GO:0070168,GO:0070371,GO:0070542,GO:0071260,GO:0071300,GO:0071347,GO:0071364,GO:0071504,GO:0071560,GO:0071599,GO:0071773,GO:0072034,GO:0072170,GO:0072190,GO:0072289,GO:0090090,GO:0090103,GO:0090184,GO:0090190,GO:1902732,GO:1902894,GO:1904864,GO:2000020,GO:2000741
200	GO:0000122,GO:0000165,GO:0001666,GO:0001821,GO:0001975,GO:0003015,GO:0003094,GO:0003100,GO:0003253,GO:0003357,GO:0006366,GO:0006874,GO:0007005,GO:0007166,GO:0007186,GO:0007204,GO:0007267,GO:0007411,GO:0008217,GO:0008284,GO:0009410,GO:0010193,GO:0010460,GO:0010467,GO:0010595,GO:0010613,GO:0010629,GO:0014033,GO:0014034,GO:0014823,GO:0014824,GO:0014826,GO:0019229,GO:0019722,GO:0023019,GO:0030072,GO:0030185,GO:0030195,GO:0030335,GO:0030878,GO:0031175,GO:0031394,GO:0032308,GO:0032496,GO:0033574,GO:0034392,GO:0034696,GO:0035050,GO:0035094,GO:0035556,GO:0035994,GO:0042045,GO:0042310,GO:0042482,GO:0042554,GO:0043200,GO:0043410,GO:0043491,GO:0044321,GO:0044751,GO:0045321,GO:0045429,GO:0045793,GO:0045840,GO:0045944,GO:0045987,GO:0046330,GO:0046887,GO:0046888,GO:0048661,GO:0048675,GO:0050850,GO:0051248,GO:0051899,GO:0060070,GO:0060137,GO:0060298,GO:0060385,GO:0061051,GO:0061626,GO:0070101,GO:0070294,GO:0070301,GO:0070371,GO:0070588,GO:0071277,GO:0071346,GO:0071347,GO:0071356,GO:0071372,GO:0071373,GO:0071375,GO:0071385,GO:0071389,GO:0071398,GO:0071456,GO:0071466,GO:0071526,GO:0071548,GO:0071559,GO:0071560,GO:0072011,GO:0072112,GO:0086100,GO:0090023,GO:0097237,GO:0097492,GO:0097746,GO:0141156,GO:0160195,GO:1900182,GO:1901224,GO:1902074,GO:1903537,GO:1904707,GO:1905653,GO:2001259	GO:0001660,GO:0001819,GO:0002282,GO:0002711,GO:0006915,GO:0006954,GO:0006955,GO:0007165,GO:0007267,GO:0007566,GO:0008284,GO:0008285,GO:0010573,GO:0010575,GO:0010628,GO:0010641,GO:0010718,GO:0010744,GO:0010829,GO:0014805,GO:0019221,GO:0030213,GO:0030224,GO:0030335,GO:0030949,GO:0031394,GO:0031622,GO:0032308,GO:0032496,GO:0032691,GO:0032725,GO:0032729,GO:0032743,GO:0032755,GO:0032757,GO:0033092,GO:0034116,GO:0042102,GO:0043122,GO:0043123,GO:0043409,GO:0043410,GO:0045429,GO:0045766,GO:0045833,GO:0045840,GO:0045893,GO:0045917,GO:0046330,GO:0046627,GO:0046827,GO:0050691,GO:0050728,GO:0050729,GO:0050767,GO:0050768,GO:0050796,GO:0050805,GO:0050830,GO:0050995,GO:0050996,GO:0050999,GO:0051044,GO:0051781,GO:0051897,GO:0060252,GO:0060355,GO:0070164,GO:0070372,GO:0070374,GO:0070487,GO:0070498,GO:0070555,GO:0071222,GO:0071260,GO:0071466,GO:0071639,GO:0097398,GO:0150078,GO:1900745,GO:1901224,GO:1902680,GO:1903140,GO:1903530,GO:1903597,GO:1905075,GO:2000556,GO:2000660,GO:2001240
200	GO:0000122,GO:0001503,GO:0001649,GO:0001657,GO:0001658,GO:0001822,GO:0001823,GO:0001934,GO:0001938,GO:0001958,GO:0002043,GO:0002062,GO:0002244,GO:0002320,GO:0002573,GO:0003007,GO:0003129,GO:0003139,GO:0003148,GO:0003149,GO:0003151,GO:0003163,GO:0003180,GO:0003184,GO:0003197,GO:0003279,GO:0003323,GO:0007498,GO:0008284,GO:0008285,GO:0009791,GO:0010453,GO:0010467,GO:0010628,GO:0010629,GO:0010718,GO:0021537,GO:0022408,GO:0030154,GO:0030224,GO:0030225,GO:0030335,GO:0030501,GO:0030509,GO:0030513,GO:0030858,GO:0032092,GO:0032967,GO:0033085,GO:0033088,GO:0035990,GO:0035993,GO:0042306,GO:0042476,GO:0043065,GO:0043068,GO:0045596,GO:0045603,GO:0045606,GO:0045662,GO:0045669,GO:0045778,GO:0045786,GO:0045839,GO:0045843,GO:0045892,GO:0045893,GO:0045944,GO:0048286,GO:0048392,GO:0048661,GO:0048662,GO:0048745,GO:0048863,GO:0050679,GO:0050918,GO:0051216,GO:0051241,GO:0055007,GO:0055020,GO:0060391,GO:0060425,GO:0060426,GO:0060433,GO:0060438,GO:0060441,GO:0060502,GO:0060503,GO:0060537,GO:0060976,GO:0061036,GO:0061047,GO:0061626,GO:0070244,GO:0071773,GO:0072104,GO:0072125,GO:0072179,GO:0072197,GO:0072200,GO:0090189,GO:0090191,GO:0090194,GO:1900182,GO:1900745,GO:1901331,GO:1902894,GO:1904706,GO:1904753,GO:1905312,GO:2000005,GO:2000007,GO:2000636,GO:2000725,GO:2001237	GO:0000122,GO:0001570,GO:0001666,GO:0001937,GO:0006641,GO:0006816,GO:0006874,GO:0006940,GO:0007519,GO:0008104,GO:0009267,GO:0009617,GO:0010524,GO:0010608,GO:0010628,GO:0010875,GO:0016050,GO:0019065,GO:0019217,GO:0019915,GO:0030154,GO:0030193,GO:0030301,GO:0030335,GO:0030514,GO:0030857,GO:0030879,GO:0031295,GO:0031397,GO:0031398,GO:0031623,GO:0032507,GO:0032570,GO:0033484,GO:0038016,GO:0038166,GO:0042632,GO:0043123,GO:0043409,GO:0043627,GO:0044860,GO:0045019,GO:0045907,GO:0046209,GO:0046426,GO:0048550,GO:0051480,GO:0051592,GO:0051899,GO:0055074,GO:0060056,GO:0060070,GO:0060546,GO:0070836,GO:0071218,GO:0071375,GO:0071455,GO:0072584,GO:0086091,GO:0090090,GO:0097190,GO:0098903,GO:0098909,GO:0098911,GO:0120162,GO:1900027,GO:1901380,GO:1901844,GO:1903361,GO:1903598,GO:1904294,GO:2000535,GO:2000811,GO:2001238,GO:2001244
200	GO:0000122,GO:0001773,GO:0001935,GO:0001938,GO:0002218,GO:0002250,GO:0002270,GO:0002281,GO:0002376,GO:0002407,GO:0002437,GO:0002643,GO:0002840,GO:0006259,GO:0006265,GO:0006281,GO:0006284,GO:0006302,GO:0006303,GO:0006310,GO:0006325,GO:0006338,GO:0006914,GO:0006935,GO:0006954,GO:0006955,GO:0006974,GO:0007165,GO:0007204,GO:0010508,GO:0010596,GO:0017055,GO:0031175,GO:0031507,GO:0032392,GO:0032425,GO:0032689,GO:0032722,GO:0032727,GO:0032728,GO:0032731,GO:0032732,GO:0032733,GO:0032735,GO:0032755,GO:0032757,GO:0032760,GO:0033151,GO:0034137,GO:0034145,GO:0034165,GO:0035711,GO:0035767,GO:0042104,GO:0043065,GO:0043277,GO:0043371,GO:0043388,GO:0043410,GO:0043536,GO:0043537,GO:0045063,GO:0045087,GO:0045089,GO:0045597,GO:0045944,GO:0046330,GO:0046598,GO:0048468,GO:0050792,GO:0050918,GO:0051052,GO:0070374,GO:0071222,GO:0071639,GO:0090026,GO:0090303,GO:0097350,GO:1901224,GO:1903672,GO:1903706,GO:1905564,GO:2000343,GO:2000426,GO:2000819,GO:2001200	GO:0000077,GO:0001782,GO:0001817,GO:0001932,GO:0001933,GO:0002223,GO:0002244,GO:0002250,GO:0002376,GO:0002431,GO:0002513,GO:0002553,GO:0002576,GO:0002758,GO:0002762,GO:0002768,GO:0002774,GO:0002862,GO:0002902,GO:0006468,GO:0006950,GO:0006954,GO:0006974,GO:0006991,GO:0007165,GO:0007169,GO:0008284,GO:0008285,GO:0009410,GO:0009636,GO:0009725,GO:0009743,GO:0010976,GO:0014003,GO:0015908,GO:0018108,GO:0030097,GO:0030218,GO:0030222,GO:0030335,GO:0030889,GO:0031175,GO:0031295,GO:0031663,GO:0032868,GO:0033003,GO:0033628,GO:0034136,GO:0034142,GO:0034144,GO:0034145,GO:0034165,GO:0034605,GO:0035556,GO:0038043,GO:0038095,GO:0038096,GO:0038159,GO:0042100,GO:0042327,GO:0043200,GO:0043304,GO:0043407,GO:0043410,GO:0043434,GO:0045087,GO:0045646,GO:0046777,GO:0048013,GO:0048678,GO:0050727,GO:0050777,GO:0050855,GO:0050859,GO:0050900,GO:0051279,GO:0060252,GO:0060369,GO:0060397,GO:0070372,GO:0070373,GO:0070447,GO:0070667,GO:0070668,GO:0071300,GO:0071396,GO:0090025,GO:0090330,GO:0097028,GO:1902532,GO:1902993,GO:2000670
200	GO:0000012,GO:0000122,GO:0000183,GO:0000720,GO:0000731,GO:0001525,GO:0001678,GO:0001934,GO:0001938,GO:0002821,GO:0006325,GO:0006346,GO:0006476,GO:0006642,GO:0006915,GO:0006974,GO:0006979,GO:0007179,GO:0007346,GO:0007517,GO:0007623,GO:0008284,GO:0008630,GO:0009267,GO:0010629,GO:0010824,GO:0010868,GO:0010875,GO:0010883,GO:0010906,GO:0016239,GO:0016567,GO:0018394,GO:0030154,GO:0030225,GO:0030512,GO:0030968,GO:0031393,GO:0031507,GO:0031509,GO:0031648,GO:0032007,GO:0032071,GO:0032436,GO:0032868,GO:0032922,GO:0033210,GO:0034391,GO:0035331,GO:0035356,GO:0035358,GO:0042127,GO:0042149,GO:0042326,GO:0042542,GO:0042632,GO:0042771,GO:0042981,GO:0043065,GO:0043066,GO:0043124,GO:0043161,GO:0043518,GO:0043536,GO:0044321,GO:0045348,GO:0045599,GO:0045722,GO:0045739,GO:0045766,GO:0045786,GO:0045892,GO:0045944,GO:0046015,GO:0046628,GO:0046890,GO:0048511,GO:0050793,GO:0050872,GO:0051152,GO:0051239,GO:0051658,GO:0051897,GO:0051898,GO:0055089,GO:0060766,GO:0060907,GO:0062013,GO:0070301,GO:0070857,GO:0070914,GO:0071356,GO:0071456,GO:0071479,GO:0090335,GO:0090400,GO:0097009,GO:0106230,GO:0140861,GO:1900034,GO:1901797,GO:1901984,GO:1902166,GO:1902176,GO:1902237,GO:1902424,GO:1904179,GO:2000111,GO:2000481,GO:2000655,GO:2000757,GO:2000773,GO:2000774,GO:2000781	GO:0001570,GO:0001657,GO:0001666,GO:0001763,GO:0001837,GO:0001843,GO:0002040,GO:0002062,GO:0002244,GO:0002248,GO:0002460,GO:0002859,GO:0003179,GO:0003180,GO:0006611,GO:0006754,GO:0006796,GO:0007179,GO:0007406,GO:0007435,GO:0007507,GO:0007565,GO:0008284,GO:0008285,GO:0009410,GO:0009611,GO:0009749,GO:0010332,GO:0010575,GO:0010628,GO:0010629,GO:0010716,GO:0010718,GO:0010742,GO:0010763,GO:0010936,GO:0014003,GO:0014008,GO:0016202,GO:0021915,GO:0030154,GO:0030214,GO:0030308,GO:0030334,GO:0030335,GO:0031100,GO:0031293,GO:0031334,GO:0031536,GO:0032355,GO:0032570,GO:0032667,GO:0032700,GO:0032740,GO:0032755,GO:0032760,GO:0032801,GO:0032930,GO:0032967,GO:0033280,GO:0034616,GO:0035902,GO:0036120,GO:0036446,GO:0042127,GO:0042306,GO:0042307,GO:0042475,GO:0042552,GO:0043065,GO:0043117,GO:0043123,GO:0043410,GO:0043536,GO:0043537,GO:0045066,GO:0045216,GO:0045471,GO:0045591,GO:0045596,GO:0045597,GO:0045599,GO:0045662,GO:0045742,GO:0045786,GO:0045892,GO:0045893,GO:0045944,GO:0048298,GO:0048535,GO:0048565,GO:0048642,GO:0048661,GO:0048839,GO:0050679,GO:0050680,GO:0050714,GO:0050729,GO:0050765,GO:0050832,GO:0050921,GO:0051130,GO:0051240,GO:0051247,GO:0051280,GO:0051781,GO:0051897,GO:0055010,GO:0060312,GO:0060325,GO:0060364,GO:0060391,GO:0070168,GO:0070374,GO:0070723,GO:0071260,GO:0071333,GO:0071363,GO:0071404,GO:0071456,GO:0071479,GO:0071549,GO:0071560,GO:0071677,GO:0071895,GO:0085029,GO:0090190,GO:0090263,GO:0097191,GO:0097421,GO:0098586,GO:0141091,GO:1900126,GO:1900182,GO:1901203,GO:1902074,GO:1902462,GO:1902894,GO:1902895,GO:1903077,GO:1904018,GO:1904894,GO:1905641,GO:1990314,GO:1990402,GO:2000048,GO:2000343,GO:2000353,GO:2000636,GO:2000727
200	GO:0000302,GO:0001523,GO:0001937,GO:0006629,GO:0006641,GO:0006869,GO:0006898,GO:0007010,GO:0007186,GO:0007271,GO:0007616,GO:0008202,GO:0008203,GO:0010544,GO:0010596,GO:0010629,GO:0010642,GO:0010875,GO:0010877,GO:0010976,GO:0010977,GO:0015909,GO:0017038,GO:0019068,GO:0030195,GO:0030516,GO:0031175,GO:0032438,GO:0032489,GO:0032805,GO:0033344,GO:0033700,GO:0034372,GO:0034374,GO:0034375,GO:0034380,GO:0034382,GO:0034384,GO:0034447,GO:0035641,GO:0038060,GO:0042157,GO:0042158,GO:0042632,GO:0042981,GO:0042982,GO:0043254,GO:0043409,GO:0043537,GO:0043691,GO:0044794,GO:0045088,GO:0045429,GO:0045541,GO:0045807,GO:0045893,GO:0046889,GO:0048168,GO:0048662,GO:0050709,GO:0050728,GO:0050807,GO:0051044,GO:0051055,GO:0051246,GO:0051248,GO:0055089,GO:0055090,GO:0060999,GO:0061000,GO:0061136,GO:0061771,GO:0070328,GO:0070374,GO:0071402,GO:0071830,GO:0071831,GO:0090090,GO:0090181,GO:0090205,GO:0090370,GO:0097006,GO:0097113,GO:0097114,GO:0098869,GO:0140077,GO:1900221,GO:1900223,GO:1900272,GO:1901627,GO:1901631,GO:1902004,GO:1902430,GO:1902951,GO:1902952,GO:1902991,GO:1902995,GO:1902998,GO:1902999,GO:1903001,GO:1903002,GO:1905890,GO:1905906,GO:1905907,GO:1905908,GO:2000822	GO:0001568,GO:0001819,GO:0001937,GO:0001960,GO:0007566,GO:0008284,GO:0008360,GO:0010596,GO:0010613,GO:0010614,GO:0010628,GO:0010629,GO:0010667,GO:0010718,GO:0010804,GO:0010838,GO:0016525,GO:0030334,GO:0030335,GO:0030336,GO:0030509,GO:0030511,GO:0031346,GO:0032480,GO:0032695,GO:0032705,GO:0032963,GO:0034392,GO:0035021,GO:0035024,GO:0035195,GO:0035278,GO:0036166,GO:0042058,GO:0042104,GO:0043066,GO:0043409,GO:0045590,GO:0045600,GO:0045603,GO:0045669,GO:0045766,GO:0045824,GO:0045930,GO:0050729,GO:0051497,GO:0051896,GO:0051897,GO:0060339,GO:0060940,GO:0061037,GO:0061154,GO:0070373,GO:0070374,GO:0071222,GO:0071479,GO:0071480,GO:0098586,GO:0106016,GO:1900017,GO:1900039,GO:1900082,GO:1900748,GO:1901223,GO:1901299,GO:1902254,GO:1902514,GO:1902731,GO:1903053,GO:1903427,GO:1903589,GO:1903766,GO:1904639,GO:1904695,GO:1904707,GO:1904728,GO:1904753,GO:1904754,GO:1904762,GO:1904827,GO:1904830,GO:1904996,GO:1905065,GO:1905460,GO:1905564,GO:1905955,GO:1990009,GO:2000318,GO:2000321,GO:2000377
200	GO:0001837,GO:0001954,GO:0003170,GO:0005977,GO:0006468,GO:0006983,GO:0007005,GO:0007399,GO:0007623,GO:0008286,GO:0009968,GO:0010508,GO:0010628,GO:0010629,GO:0010719,GO:0010975,GO:0016055,GO:0018105,GO:0019082,GO:0021766,GO:0030010,GO:0030011,GO:0030154,GO:0030336,GO:0030516,GO:0031175,GO:0031333,GO:0031334,GO:0031398,GO:0032007,GO:0032092,GO:0032436,GO:0032481,GO:0032880,GO:0032886,GO:0034976,GO:0035556,GO:0036016,GO:0042752,GO:0043066,GO:0043161,GO:0043525,GO:0045597,GO:0045668,GO:0045719,GO:0045724,GO:0045732,GO:0045879,GO:0046777,GO:0046825,GO:0046827,GO:0048511,GO:0048814,GO:0050770,GO:0060070,GO:0060079,GO:0070507,GO:0070885,GO:0071109,GO:0071300,GO:0090090,GO:0097191,GO:0097192,GO:0099171,GO:0106027,GO:0150101,GO:0160213,GO:1900034,GO:1900181,GO:1900271,GO:1901030,GO:1901701,GO:1902042,GO:1903566,GO:1903940,GO:1904339,GO:1904646,GO:1904781,GO:1904951,GO:2000077,GO:2000466,GO:2000740	GO:0001774,GO:0002282,GO:0002291,GO:0002588,GO:0002862,GO:0002931,GO:0006909,GO:0006910,GO:0006955,GO:0006959,GO:0007165,GO:0007166,GO:0007613,GO:0010468,GO:0010507,GO:0010628,GO:0010875,GO:0010887,GO:0010891,GO:0010983,GO:0019216,GO:0030316,GO:0032006,GO:0032008,GO:0032497,GO:0032499,GO:0032675,GO:0032691,GO:0032720,GO:0032733,GO:0034136,GO:0034144,GO:0034151,GO:0034241,GO:0034351,GO:0035176,GO:0038160,GO:0042742,GO:0043066,GO:0043124,GO:0043268,GO:0043277,GO:0045088,GO:0045672,GO:0045728,GO:0045960,GO:0048143,GO:0048468,GO:0048678,GO:0050714,GO:0050766,GO:0050829,GO:0050850,GO:0050866,GO:0050921,GO:0051897,GO:0051898,GO:0055088,GO:0060075,GO:0060100,GO:0061518,GO:0061889,GO:0070269,GO:0070345,GO:0070374,GO:0070392,GO:0071223,GO:0071224,GO:0071333,GO:0071396,GO:0071402,GO:0071456,GO:0071526,GO:0071640,GO:0080090,GO:0097028,GO:0097062,GO:0097242,GO:0098657,GO:0110089,GO:0120035,GO:0140052,GO:0150062,GO:0150076,GO:0150078,GO:0150079,GO:0150094,GO:1900015,GO:1900016,GO:1900223,GO:1900226,GO:1901076,GO:1901224,GO:1901800,GO:1902227,GO:1902533,GO:1903078,GO:1903082,GO:1903376,GO:1903753,GO:1903980,GO:1904093,GO:1904141,GO:1904646,GO:1904951,GO:1905291,GO:1905581,GO:1905805,GO:1905808,GO:1905907,GO:2000350,GO:2001171
200	GO:0000302,GO:0001523,GO:0001937,GO:0006629,GO:0006641,GO:0006869,GO:0006898,GO:0007010,GO:0007186,GO:0007271,GO:0007616,GO:0008202,GO:0008203,GO:0010544,GO:0010596,GO:0010629,GO:0010642,GO:0010875,GO:0010877,GO:0010976,GO:0010977,GO:0015909,GO:0017038,GO:0019068,GO:0030195,GO:0030516,GO:0031175,GO:0032438,GO:0032489,GO:0032805,GO:0033344,GO:0033700,GO:0034372,GO:0034374,GO:0034375,GO:0034380,GO:0034382,GO:0034384,GO:0034447,GO:0035641,GO:0038060,GO:0042157,GO:0042158,GO:0042632,GO:0042981,GO:0042982,GO:0043254,GO:0043409,GO:0043537,GO:0043691,GO:0044794,GO:0045088,GO:0045429,GO:0045541,GO:0045807,GO:0045893,GO:0046889,GO:0048168,GO:0048662,GO:0050709,GO:0050728,GO:0050807,GO:0051044,GO:0051055,GO:0051246,GO:0051248,GO:0055089,GO:0055090,GO:0060999,GO:0061000,GO:0061136,GO:0061771,GO:0070328,GO:0070374,GO:0071402,GO:0071830,GO:0071831,GO:0090090,GO:0090181,GO:0090205,GO:0090370,GO:0097006,GO:0097113,GO:0097114,GO:0098869,GO:0140077,GO:1900221,GO:1900223,GO:1900272,GO:1901627,GO:1901631,GO:1902004,GO:1902430,GO:1902951,GO:1902952,GO:1902991,GO:1902995,GO:1902998,GO:1902999,GO:1903001,GO:1903002,GO:1905890,GO:1905906,GO:1905907,GO:1905908,GO:2000822	GO:0000122,GO:0001569,GO:0001570,GO:0001656,GO:0001658,GO:0001708,GO:0001755,GO:0001947,GO:0002320,GO:0003140,GO:0006508,GO:0007224,GO:0007267,GO:0007389,GO:0007405,GO:0007411,GO:0007417,GO:0007418,GO:0007507,GO:0008209,GO:0008284,GO:0009880,GO:0009888,GO:0009949,GO:0009953,GO:0010468,GO:0010629,GO:0016539,GO:0016540,GO:0021930,GO:0030162,GO:0030182,GO:0030324,GO:0030326,GO:0030336,GO:0030539,GO:0030850,GO:0030900,GO:0030901,GO:0030902,GO:0033077,GO:0033089,GO:0033092,GO:0035295,GO:0042127,GO:0042481,GO:0042733,GO:0043066,GO:0043369,GO:0045059,GO:0045060,GO:0045165,GO:0045596,GO:0045880,GO:0045893,GO:0045944,GO:0046638,GO:0048468,GO:0048513,GO:0048538,GO:0048663,GO:0048709,GO:0048745,GO:0048754,GO:0048864,GO:0050793,GO:0051781,GO:0060684,GO:0061053,GO:0061189,GO:0071542,GO:0072136,GO:0072205,GO:0090370,GO:0097190,GO:0097264,GO:1900107,GO:1900180,GO:1904339,GO:2000062,GO:2000063,GO:2000357,GO:2000358,GO:2000729
200	GO:0000122,GO:0001570,GO:0001666,GO:0001937,GO:0006641,GO:0006816,GO:0006874,GO:0006940,GO:0007519,GO:0008104,GO:0009267,GO:0009617,GO:0010524,GO:0010608,GO:0010628,GO:0010875,GO:0016050,GO:0019065,GO:0019217,GO:0019915,GO:0030154,GO:0030193,GO:0030301,GO:0030335,GO:0030514,GO:0030857,GO:0030879,GO:0031295,GO:0031397,GO:0031398,GO:0031623,GO:0032507,GO:0032570,GO:0033484,GO:0038016,GO:0038166,GO:0042632,GO:0043123,GO:0043409,GO:0043627,GO:0044860,GO:0045019,GO:0045907,GO:0046209,GO:0046426,GO:0048550,GO:0051480,GO:0051592,GO:0051899,GO:0055074,GO:0060056,GO:0060070,GO:0060546,GO:0070836,GO:0071218,GO:0071375,GO:0071455,GO:0072584,GO:0086091,GO:0090090,GO:0097190,GO:0098903,GO:0098909,GO:0098911,GO:0120162,GO:1900027,GO:1901380,GO:1901844,GO:1903361,GO:1903598,GO:1904294,GO:2000535,GO:2000811,GO:2001238,GO:2001244	GO:0000122,GO:0000165,GO:0001649,GO:0001657,GO:0001666,GO:0001836,GO:0006355,GO:0006357,GO:0006955,GO:0007179,GO:0007254,GO:0008285,GO:0009653,GO:0010332,GO:0010467,GO:0010628,GO:0010629,GO:0010718,GO:0023019,GO:0030154,GO:0030279,GO:0030308,GO:0030325,GO:0030335,GO:0030501,GO:0031053,GO:0031665,GO:0032332,GO:0032502,GO:0032731,GO:0032909,GO:0032916,GO:0032924,GO:0033689,GO:0036120,GO:0038092,GO:0042060,GO:0042110,GO:0042177,GO:0042220,GO:0042307,GO:0043066,GO:0045216,GO:0045429,GO:0045596,GO:0045599,GO:0045893,GO:0045944,GO:0050728,GO:0050776,GO:0050821,GO:0050927,GO:0051481,GO:0051496,GO:0051881,GO:0051894,GO:0060290,GO:0060391,GO:0060395,GO:0061001,GO:0061045,GO:0061450,GO:0061767,GO:0071333,GO:0071363,GO:0071560,GO:0071635,GO:0090263,GO:0097190,GO:0097191,GO:0097305,GO:0098586,GO:0141091,GO:1901203,GO:1902893,GO:1902894,GO:1902895,GO:1903243,GO:1990776
200	GO:0001659,GO:0001666,GO:0001963,GO:0001975,GO:0001976,GO:0002027,GO:0002028,GO:0002031,GO:0002052,GO:0002092,GO:0006874,GO:0006914,GO:0007165,GO:0007186,GO:0007188,GO:0007195,GO:0007200,GO:0007212,GO:0007270,GO:0007409,GO:0007416,GO:0007608,GO:0007616,GO:0007626,GO:0007628,GO:0008104,GO:0008285,GO:0008306,GO:0008542,GO:0009410,GO:0009416,GO:0009636,GO:0010039,GO:0014059,GO:0014854,GO:0016055,GO:0021756,GO:0021769,GO:0021853,GO:0021984,GO:0030336,GO:0030432,GO:0030900,GO:0031223,GO:0032228,GO:0032355,GO:0032467,GO:0032922,GO:0033602,GO:0034776,GO:0035094,GO:0035305,GO:0035556,GO:0042220,GO:0042321,GO:0042417,GO:0042756,GO:0043266,GO:0043278,GO:0043408,GO:0045471,GO:0045745,GO:0045776,GO:0045824,GO:0045944,GO:0046676,GO:0046717,GO:0048148,GO:0048149,GO:0048169,GO:0048678,GO:0048755,GO:0050482,GO:0050709,GO:0050769,GO:0050805,GO:0051209,GO:0051240,GO:0051481,GO:0051580,GO:0051584,GO:0051586,GO:0051823,GO:0051898,GO:0051952,GO:0051967,GO:0060079,GO:0060124,GO:0060134,GO:0060158,GO:0060160,GO:0070374,GO:0071300,GO:0071361,GO:0090325,GO:0097305,GO:0099170,GO:0099171,GO:0160213,GO:1900038,GO:1900168,GO:1900273,GO:1903530,GO:1990384	GO:0000902,GO:0001501,GO:0001654,GO:0001666,GO:0001822,GO:0001837,GO:0001843,GO:0001942,GO:0003007,GO:0003148,GO:0003149,GO:0003151,GO:0003179,GO:0003181,GO:0003184,GO:0003203,GO:0003215,GO:0003222,GO:0003274,GO:0003289,GO:0003407,GO:0007179,GO:0007423,GO:0007435,GO:0007507,GO:0008284,GO:0008285,GO:0008347,GO:0008584,GO:0009611,GO:0009792,GO:0010002,GO:0010628,GO:0010629,GO:0010634,GO:0010718,GO:0010936,GO:0014706,GO:0016477,GO:0016525,GO:0023052,GO:0030097,GO:0030199,GO:0030307,GO:0030308,GO:0030326,GO:0030593,GO:0030855,GO:0031069,GO:0032570,GO:0032874,GO:0032909,GO:0032956,GO:0033630,GO:0035910,GO:0042060,GO:0042127,GO:0042416,GO:0042476,GO:0042704,GO:0043065,GO:0043525,GO:0045216,GO:0045597,GO:0045726,GO:0045747,GO:0045787,GO:0045823,GO:0046580,GO:0048103,GO:0048566,GO:0048666,GO:0048699,GO:0048839,GO:0050680,GO:0050714,GO:0050778,GO:0051130,GO:0051240,GO:0051781,GO:0051794,GO:0051795,GO:0051891,GO:0051897,GO:0060038,GO:0060065,GO:0060317,GO:0060325,GO:0060391,GO:0060412,GO:0060413,GO:0061626,GO:0062009,GO:0062043,GO:0071363,GO:0090091,GO:0097191,GO:0141091,GO:1900182,GO:1902256,GO:1902895,GO:1903701,GO:1904238,GO:1904888,GO:1905006,GO:1905007
200	GO:0000122,GO:0001570,GO:0001666,GO:0001937,GO:0006641,GO:0006816,GO:0006874,GO:0006940,GO:0007519,GO:0008104,GO:0009267,GO:0009617,GO:0010524,GO:0010608,GO:0010628,GO:0010875,GO:0016050,GO:0019065,GO:0019217,GO:0019915,GO:0030154,GO:0030193,GO:0030301,GO:0030335,GO:0030514,GO:0030857,GO:0030879,GO:0031295,GO:0031397,GO:0031398,GO:0031623,GO:0032507,GO:0032570,GO:0033484,GO:0038016,GO:0038166,GO:0042632,GO:0043123,GO:0043409,GO:0043627,GO:0044860,GO:0045019,GO:0045907,GO:0046209,GO:0046426,GO:0048550,GO:0051480,GO:0051592,GO:0051899,GO:0055074,GO:0060056,GO:0060070,GO:0060546,GO:0070836,GO:0071218,GO:0071375,GO:0071455,GO:0072584,GO:0086091,GO:0090090,GO:0097190,GO:0098903,GO:0098909,GO:0098911,GO:0120162,GO:1900027,GO:1901380,GO:1901844,GO:1903361,GO:1903598,GO:1904294,GO:2000535,GO:2000811,GO:2001238,GO:2001244	GO:0001837,GO:0001938,GO:0002088,GO:0002720,GO:0003138,GO:0003139,GO:0003281,GO:0003283,GO:0003408,GO:0006954,GO:0007200,GO:0007223,GO:0007409,GO:0007411,GO:0008104,GO:0008584,GO:0008595,GO:0010595,GO:0010628,GO:0010742,GO:0010820,GO:0010976,GO:0016055,GO:0021891,GO:0022008,GO:0030154,GO:0030182,GO:0030216,GO:0030901,GO:0032722,GO:0032729,GO:0032731,GO:0032755,GO:0032757,GO:0032760,GO:0035022,GO:0035567,GO:0036517,GO:0036518,GO:0042060,GO:0043032,GO:0043066,GO:0043122,GO:0043410,GO:0045165,GO:0045599,GO:0045732,GO:0045766,GO:0045778,GO:0045892,GO:0045893,GO:0045944,GO:0046330,GO:0048022,GO:0048146,GO:0048706,GO:0048806,GO:0048812,GO:0050727,GO:0050729,GO:0050807,GO:0051057,GO:0051216,GO:0051885,GO:0051897,GO:0051964,GO:0060070,GO:0060071,GO:0060324,GO:0060340,GO:0060760,GO:0060907,GO:0062009,GO:0071219,GO:0071222,GO:0071277,GO:0071300,GO:0071346,GO:0071425,GO:0071542,GO:0071560,GO:0072201,GO:0090090,GO:0097325,GO:0099054,GO:0099068,GO:0099170,GO:0099175,GO:0099566,GO:0150012,GO:1900020,GO:1902474,GO:1904861,GO:1904862,GO:1904934,GO:1904948,GO:2000052,GO:2001235
200	GO:0001649,GO:0001938,GO:0002042,GO:0002430,GO:0003376,GO:0005977,GO:0005978,GO:0005979,GO:0006006,GO:0006417,GO:0006468,GO:0006809,GO:0006915,GO:0006924,GO:0006979,GO:0007165,GO:0007173,GO:0007186,GO:0007399,GO:0008283,GO:0008286,GO:0009408,GO:0009725,GO:0010507,GO:0010595,GO:0010628,GO:0010629,GO:0010748,GO:0010761,GO:0010907,GO:0010975,GO:0016242,GO:0018105,GO:0018107,GO:0019221,GO:0030154,GO:0030307,GO:0030334,GO:0030335,GO:0031295,GO:0031397,GO:0031929,GO:0031999,GO:0032079,GO:0032436,GO:0032869,GO:0033138,GO:0033554,GO:0034405,GO:0035556,GO:0035655,GO:0042307,GO:0042981,GO:0043066,GO:0043276,GO:0043488,GO:0043491,GO:0043536,GO:0045429,GO:0045600,GO:0045725,GO:0045746,GO:0045861,GO:0045944,GO:0046209,GO:0046326,GO:0046889,GO:0048009,GO:0048266,GO:0048661,GO:0051247,GO:0051897,GO:0060079,GO:0060416,GO:0060644,GO:0070141,GO:0070585,GO:0070848,GO:0071364,GO:0072656,GO:0072752,GO:0090201,GO:0097700,GO:0099175,GO:0110002,GO:0140052,GO:0150033,GO:0160049,GO:0160213,GO:1900087,GO:1900182,GO:1901796,GO:1902018,GO:1902176,GO:1903038,GO:1903078,GO:1903318,GO:1903384,GO:1903898,GO:1904263,GO:1904515,GO:1905552,GO:1905786,GO:1990090,GO:1990418,GO:2000010,GO:2000074,GO:2000402,GO:2001240,GO:2001243	GO:0001568,GO:0001819,GO:0001937,GO:0001960,GO:0007566,GO:0008284,GO:0008360,GO:0010596,GO:0010613,GO:0010614,GO:0010628,GO:0010629,GO:0010667,GO:0010718,GO:0010804,GO:0010838,GO:0016525,GO:0030334,GO:0030335,GO:0030336,GO:0030509,GO:0030511,GO:0031346,GO:0032480,GO:0032695,GO:0032705,GO:0032963,GO:0034392,GO:0035021,GO:0035024,GO:0035195,GO:0035278,GO:0036166,GO:0042058,GO:0042104,GO:0043066,GO:0043409,GO:0045590,GO:0045600,GO:0045603,GO:0045669,GO:0045766,GO:0045824,GO:0045930,GO:0050729,GO:0051497,GO:0051896,GO:0051897,GO:0060339,GO:0060940,GO:0061037,GO:0061154,GO:0070373,GO:0070374,GO:0071222,GO:0071479,GO:0071480,GO:0098586,GO:0106016,GO:1900017,GO:1900039,GO:1900082,GO:1900748,GO:1901223,GO:1901299,GO:1902254,GO:1902514,GO:1902731,GO:1903053,GO:1903427,GO:1903589,GO:1903766,GO:1904639,GO:1904695,GO:1904707,GO:1904728,GO:1904753,GO:1904754,GO:1904762,GO:1904827,GO:1904830,GO:1904996,GO:1905065,GO:1905460,GO:1905564,GO:1905955,GO:1990009,GO:2000318,GO:2000321,GO:2000377
200	GO:0000122,GO:0001525,GO:0001554,GO:0001837,GO:0001947,GO:0002052,GO:0003151,GO:0003157,GO:0003160,GO:0003162,GO:0003169,GO:0003180,GO:0003181,GO:0003182,GO:0003184,GO:0003192,GO:0003198,GO:0003203,GO:0003207,GO:0003208,GO:0003209,GO:0003213,GO:0003214,GO:0003222,GO:0003241,GO:0003264,GO:0003273,GO:0003332,GO:0003344,GO:0006355,GO:0006357,GO:0006606,GO:0006955,GO:0007219,GO:0007221,GO:0007283,GO:0007368,GO:0007411,GO:0007507,GO:0008284,GO:0008285,GO:0010467,GO:0010614,GO:0010628,GO:0010629,GO:0010667,GO:0010718,GO:0010812,GO:0010832,GO:0014031,GO:0021515,GO:0030154,GO:0030163,GO:0030279,GO:0030334,GO:0030335,GO:0030513,GO:0030514,GO:0031100,GO:0032495,GO:0032496,GO:0032966,GO:0035148,GO:0035924,GO:0042127,GO:0042246,GO:0043086,GO:0045070,GO:0045603,GO:0045662,GO:0045665,GO:0045668,GO:0045687,GO:0045892,GO:0045893,GO:0045944,GO:0046427,GO:0046579,GO:0048708,GO:0048709,GO:0048711,GO:0048715,GO:0048873,GO:0050768,GO:0050793,GO:0051152,GO:0055008,GO:0060038,GO:0060045,GO:0060253,GO:0060271,GO:0060317,GO:0060354,GO:0060379,GO:0060411,GO:0060412,GO:0060842,GO:0060843,GO:0060948,GO:0060956,GO:0060979,GO:0060982,GO:0061344,GO:0061384,GO:0062043,GO:0070168,GO:0070374,GO:0070986,GO:0071228,GO:0071372,GO:0071456,GO:0072017,GO:0072044,GO:0072144,GO:0072538,GO:0090051,GO:0097150,GO:0097400,GO:0099565,GO:0120163,GO:1901201,GO:1902339,GO:2000048,GO:2000737,GO:2000811,GO:2000974,GO:2001027	GO:0001837,GO:0001938,GO:0002088,GO:0002720,GO:0003138,GO:0003139,GO:0003281,GO:0003283,GO:0003408,GO:0006954,GO:0007200,GO:0007223,GO:0007409,GO:0007411,GO:0008104,GO:0008584,GO:0008595,GO:0010595,GO:0010628,GO:0010742,GO:0010820,GO:0010976,GO:0016055,GO:0021891,GO:0022008,GO:0030154,GO:0030182,GO:0030216,GO:0030901,GO:0032722,GO:0032729,GO:0032731,GO:0032755,GO:0032757,GO:0032760,GO:0035022,GO:0035567,GO:0036517,GO:0036518,GO:0042060,GO:0043032,GO:0043066,GO:0043122,GO:0043410,GO:0045165,GO:0045599,GO:0045732,GO:0045766,GO:0045778,GO:0045892,GO:0045893,GO:0045944,GO:0046330,GO:0048022,GO:0048146,GO:0048706,GO:0048806,GO:0048812,GO:0050727,GO:0050729,GO:0050807,GO:0051057,GO:0051216,GO:0051885,GO:0051897,GO:0051964,GO:0060070,GO:0060071,GO:0060324,GO:0060340,GO:0060760,GO:0060907,GO:0062009,GO:0071219,GO:0071222,GO:0071277,GO:0071300,GO:0071346,GO:0071425,GO:0071542,GO:0071560,GO:0072201,GO:0090090,GO:0097325,GO:0099054,GO:0099068,GO:0099170,GO:0099175,GO:0099566,GO:0150012,GO:1900020,GO:1902474,GO:1904861,GO:1904862,GO:1904934,GO:1904948,GO:2000052,GO:2001235
200	GO:0000122,GO:0000165,GO:0001649,GO:0001657,GO:0001666,GO:0001836,GO:0006355,GO:0006357,GO:0006955,GO:0007179,GO:0007254,GO:0008285,GO:0009653,GO:0010332,GO:0010467,GO:0010628,GO:0010629,GO:0010718,GO:0023019,GO:0030154,GO:0030279,GO:0030308,GO:0030325,GO:0030335,GO:0030501,GO:0031053,GO:0031665,GO:0032332,GO:0032502,GO:0032731,GO:0032909,GO:0032916,GO:0032924,GO:0033689,GO:0036120,GO:0038092,GO:0042060,GO:0042110,GO:0042177,GO:0042220,GO:0042307,GO:0043066,GO:0045216,GO:0045429,GO:0045596,GO:0045599,GO:0045893,GO:0045944,GO:0050728,GO:0050776,GO:0050821,GO:0050927,GO:0051481,GO:0051496,GO:0051881,GO:0051894,GO:0060290,GO:0060391,GO:0060395,GO:0061001,GO:0061045,GO:0061450,GO:0061767,GO:0071333,GO:0071363,GO:0071560,GO:0071635,GO:0090263,GO:0097190,GO:0097191,GO:0097305,GO:0098586,GO:0141091,GO:1901203,GO:1902893,GO:1902894,GO:1902895,GO:1903243,GO:1990776	GO:0000122,GO:0001525,GO:0001541,GO:0001569,GO:0001570,GO:0001666,GO:0001701,GO:0001822,GO:0001934,GO:0001938,GO:0002040,GO:0002042,GO:0002052,GO:0002092,GO:0002376,GO:0002575,GO:0002687,GO:0003007,GO:0003151,GO:0003169,GO:0006357,GO:0007200,GO:0007399,GO:0007498,GO:0007595,GO:0008284,GO:0008360,GO:0010595,GO:0010628,GO:0010629,GO:0010719,GO:0010749,GO:0030154,GO:0030224,GO:0030225,GO:0030324,GO:0030335,GO:0030855,GO:0031077,GO:0031290,GO:0031334,GO:0031954,GO:0035148,GO:0035767,GO:0035924,GO:0036303,GO:0036324,GO:0038033,GO:0038084,GO:0038091,GO:0038190,GO:0042462,GO:0043066,GO:0043117,GO:0043123,GO:0043129,GO:0043410,GO:0043536,GO:0045766,GO:0045785,GO:0045944,GO:0048010,GO:0048469,GO:0048593,GO:0048842,GO:0048844,GO:0050679,GO:0050918,GO:0050927,GO:0050930,GO:0051781,GO:0051894,GO:0051897,GO:0055013,GO:0060319,GO:0060749,GO:0060754,GO:0060948,GO:0060982,GO:0061042,GO:0070374,GO:0071456,GO:0071542,GO:0071679,GO:0090050,GO:0090190,GO:0097475,GO:0097533,GO:0120162,GO:1900748,GO:1901165,GO:1902894,GO:1902966,GO:1903141,GO:1903392,GO:1903589,GO:1903672,GO:1905278,GO:1905555,GO:1905604,GO:2000048,GO:2000573,GO:2001028
200	GO:0000122,GO:0001525,GO:0001542,GO:0001666,GO:0001819,GO:0001890,GO:0001936,GO:0002021,GO:0003300,GO:0006112,GO:0006114,GO:0006629,GO:0006909,GO:0007165,GO:0007259,GO:0007565,GO:0007584,GO:0007623,GO:0008217,GO:0008284,GO:0008343,GO:0009062,GO:0009892,GO:0010507,GO:0010888,GO:0014823,GO:0019953,GO:0030217,GO:0031667,GO:0032008,GO:0032099,GO:0032310,GO:0032355,GO:0032735,GO:0032755,GO:0032757,GO:0032760,GO:0032814,GO:0032817,GO:0032868,GO:0033197,GO:0033210,GO:0033686,GO:0035360,GO:0035556,GO:0035630,GO:0038108,GO:0042102,GO:0042269,GO:0042307,GO:0043066,GO:0043270,GO:0043410,GO:0044320,GO:0045471,GO:0045765,GO:0045906,GO:0046325,GO:0046427,GO:0046628,GO:0046850,GO:0046881,GO:0048639,GO:0050892,GO:0050901,GO:0050999,GO:0051051,GO:0051726,GO:0051897,GO:0060587,GO:0061037,GO:0070093,GO:0071298,GO:0071300,GO:0090335,GO:0097009,GO:0097696,GO:0098868,GO:0120162,GO:1900015,GO:1900745,GO:1904651,GO:1990051,GO:2000379,GO:2000486,GO:2000491	GO:0000122,GO:0002244,GO:0006289,GO:0006355,GO:0006357,GO:0006914,GO:0006915,GO:0006974,GO:0006979,GO:0006983,GO:0007265,GO:0007623,GO:0008104,GO:0008285,GO:0008340,GO:0009299,GO:0009410,GO:0009411,GO:0010212,GO:0010332,GO:0010628,GO:0012501,GO:0016032,GO:0030308,GO:0030330,GO:0031571,GO:0032211,GO:0033209,GO:0034644,GO:0042149,GO:0042771,GO:0042981,GO:0043065,GO:0043066,GO:0043153,GO:0045815,GO:0045892,GO:0045893,GO:0045899,GO:0045944,GO:0046677,GO:0048147,GO:0048511,GO:0048512,GO:0048539,GO:0051053,GO:0051097,GO:0051262,GO:0051726,GO:0060218,GO:0060333,GO:0062100,GO:0065003,GO:0070059,GO:0070245,GO:0071456,GO:0071466,GO:0071479,GO:0071480,GO:0072331,GO:0072332,GO:0072717,GO:0090200,GO:0090398,GO:0090399,GO:0090403,GO:0097190,GO:0097193,GO:0097252,GO:1900119,GO:1902749,GO:1902895,GO:1903451,GO:1905856,GO:2000379,GO:2000774,GO:2001242,GO:2001244
200	GO:0001781,GO:0001960,GO:0002314,GO:0002384,GO:0002446,GO:0002548,GO:0002639,GO:0002675,GO:0002690,GO:0006953,GO:0006954,GO:0006955,GO:0006959,GO:0007259,GO:0008284,GO:0008285,GO:0010573,GO:0010574,GO:0010575,GO:0010628,GO:0010718,GO:0010888,GO:0014823,GO:0019221,GO:0030154,GO:0030168,GO:0031018,GO:0031175,GO:0032494,GO:0032682,GO:0032722,GO:0032731,GO:0032733,GO:0032740,GO:0032745,GO:0032755,GO:0032757,GO:0032760,GO:0032966,GO:0033138,GO:0035425,GO:0035633,GO:0038001,GO:0042102,GO:0042593,GO:0043065,GO:0043066,GO:0043410,GO:0045599,GO:0045669,GO:0045727,GO:0045765,GO:0045779,GO:0045893,GO:0045944,GO:0046427,GO:0048661,GO:0050731,GO:0050768,GO:0050796,GO:0050829,GO:0050830,GO:0050871,GO:0051223,GO:0051251,GO:0051384,GO:0051607,GO:0060252,GO:0061470,GO:0061888,GO:0070050,GO:0070091,GO:0070092,GO:0070102,GO:0070301,GO:0070345,GO:0071222,GO:0072540,GO:0072574,GO:0090091,GO:0090594,GO:0097421,GO:0097696,GO:0098586,GO:0150077,GO:0150078,GO:1900017,GO:1901731,GO:1902512,GO:1902895,GO:1903978,GO:1904894,GO:1904996,GO:2000553,GO:2000635,GO:2000660,GO:2000676	GO:0000122,GO:0000165,GO:0001568,GO:0001649,GO:0001764,GO:0001782,GO:0001947,GO:0001958,GO:0001974,GO:0002062,GO:0002467,GO:0002634,GO:0002931,GO:0003138,GO:0003139,GO:0003151,GO:0003185,GO:0003211,GO:0006355,GO:0006915,GO:0006959,GO:0007399,GO:0007507,GO:0007517,GO:0007519,GO:0007521,GO:0007611,GO:0010628,GO:0010629,GO:0014033,GO:0014902,GO:0030154,GO:0030182,GO:0030220,GO:0030279,GO:0030318,GO:0030501,GO:0030890,GO:0035984,GO:0042100,GO:0043410,GO:0043523,GO:0043524,GO:0043537,GO:0045652,GO:0045663,GO:0045666,GO:0045669,GO:0045893,GO:0045944,GO:0046928,GO:0048167,GO:0048643,GO:0048666,GO:0048667,GO:0050853,GO:0051145,GO:0051963,GO:0051966,GO:0055012,GO:0060025,GO:0060045,GO:0060079,GO:0060998,GO:0061333,GO:0071222,GO:0071277,GO:0071374,GO:0071466,GO:0071498,GO:0071560,GO:0072102,GO:0072160,GO:0098989,GO:0098990,GO:1904706,GO:1904753,GO:1905563,GO:2000111,GO:2000727,GO:2000987,GO:2001013,GO:2001016
200	GO:0001525,GO:0001569,GO:0001570,GO:0001755,GO:0001764,GO:0001938,GO:0002040,GO:0002042,GO:0003148,GO:0006930,GO:0007165,GO:0007229,GO:0007267,GO:0007399,GO:0007411,GO:0008045,GO:0009611,GO:0009887,GO:0010595,GO:0014911,GO:0021612,GO:0021637,GO:0021649,GO:0021785,GO:0021828,GO:0030154,GO:0030947,GO:0031290,GO:0032489,GO:0035729,GO:0035767,GO:0035924,GO:0036486,GO:0038084,GO:0038189,GO:0038190,GO:0042327,GO:0043524,GO:0043542,GO:0045766,GO:0046718,GO:0048008,GO:0048010,GO:0048012,GO:0048666,GO:0048842,GO:0048844,GO:0048846,GO:0050918,GO:0051491,GO:0051496,GO:0051894,GO:0060385,GO:0060627,GO:0060978,GO:0060982,GO:0061299,GO:0061441,GO:0061549,GO:0061551,GO:0070374,GO:0071526,GO:0071679,GO:0090050,GO:0097102,GO:0097374,GO:0097475,GO:0097490,GO:0097491,GO:0099173,GO:0120035,GO:0150018,GO:0150020,GO:1900026,GO:1901166,GO:1902946,GO:1903375,GO:1904835,GO:1905040,GO:2001237	GO:0000122,GO:0001666,GO:0001774,GO:0001819,GO:0001937,GO:0001975,GO:0002037,GO:0002281,GO:0002439,GO:0002639,GO:0002700,GO:0002719,GO:0003009,GO:0003085,GO:0006325,GO:0006954,GO:0006955,GO:0007259,GO:0007623,GO:0008285,GO:0008625,GO:0008630,GO:0009410,GO:0009612,GO:0009615,GO:0009617,GO:0009651,GO:0009750,GO:0010459,GO:0010573,GO:0010628,GO:0010629,GO:0010744,GO:0010888,GO:0014823,GO:0019722,GO:0031334,GO:0031349,GO:0031622,GO:0031642,GO:0031667,GO:0032496,GO:0032715,GO:0032722,GO:0032724,GO:0032731,GO:0032741,GO:0032755,GO:0032757,GO:0033209,GO:0034116,GO:0034138,GO:0035900,GO:0036005,GO:0042127,GO:0042311,GO:0043065,GO:0043066,GO:0043068,GO:0043122,GO:0043123,GO:0043243,GO:0043410,GO:0043525,GO:0043537,GO:0045071,GO:0045087,GO:0045429,GO:0045471,GO:0045598,GO:0045599,GO:0045668,GO:0045672,GO:0045732,GO:0045760,GO:0045785,GO:0045840,GO:0045892,GO:0045893,GO:0045930,GO:0045944,GO:0046325,GO:0046330,GO:0046677,GO:0048143,GO:0048566,GO:0048661,GO:0050729,GO:0050768,GO:0050793,GO:0050796,GO:0050804,GO:0050806,GO:0050807,GO:0050890,GO:0050901,GO:0050966,GO:0050995,GO:0051044,GO:0051046,GO:0051222,GO:0051239,GO:0051384,GO:0051798,GO:0051897,GO:0051966,GO:0060252,GO:0060557,GO:0061044,GO:0061048,GO:0070374,GO:0070886,GO:0071219,GO:0071222,GO:0071300,GO:0071316,GO:0071346,GO:0071479,GO:0071677,GO:0071803,GO:0072577,GO:0072659,GO:0090324,GO:0090594,GO:0097191,GO:0097237,GO:0097421,GO:0097527,GO:0120190,GO:0140374,GO:0140460,GO:0150078,GO:0150129,GO:1900017,GO:1900222,GO:1901224,GO:1901647,GO:1902004,GO:1902065,GO:1902565,GO:1902894,GO:1902895,GO:1903078,GO:1903140,GO:1903347,GO:1903829,GO:1904638,GO:1904646,GO:1904707,GO:1904880,GO:1904996,GO:1904999,GO:1905235,GO:1905242,GO:1990268,GO:2000010,GO:2000334,GO:2000343,GO:2000347,GO:2000351,GO:2000377,GO:2000573,GO:2001234,GO:2001238,GO:2001240
200	GO:0001570,GO:0001657,GO:0001666,GO:0001763,GO:0001837,GO:0001843,GO:0002040,GO:0002062,GO:0002244,GO:0002248,GO:0002460,GO:0002859,GO:0003179,GO:0003180,GO:0006611,GO:0006754,GO:0006796,GO:0007179,GO:0007406,GO:0007435,GO:0007507,GO:0007565,GO:0008284,GO:0008285,GO:0009410,GO:0009611,GO:0009749,GO:0010332,GO:0010575,GO:0010628,GO:0010629,GO:0010716,GO:0010718,GO:0010742,GO:0010763,GO:0010936,GO:0014003,GO:0014008,GO:0016202,GO:0021915,GO:0030154,GO:0030214,GO:0030308,GO:0030334,GO:0030335,GO:0031100,GO:0031293,GO:0031334,GO:0031536,GO:0032355,GO:0032570,GO:0032667,GO:0032700,GO:0032740,GO:0032755,GO:0032760,GO:0032801,GO:0032930,GO:0032967,GO:0033280,GO:0034616,GO:0035902,GO:0036120,GO:0036446,GO:0042127,GO:0042306,GO:0042307,GO:0042475,GO:0042552,GO:0043065,GO:0043117,GO:0043123,GO:0043410,GO:0043536,GO:0043537,GO:0045066,GO:0045216,GO:0045471,GO:0045591,GO:0045596,GO:0045597,GO:0045599,GO:0045662,GO:0045742,GO:0045786,GO:0045892,GO:0045893,GO:0045944,GO:0048298,GO:0048535,GO:0048565,GO:0048642,GO:0048661,GO:0048839,GO:0050679,GO:0050680,GO:0050714,GO:0050729,GO:0050765,GO:0050832,GO:0050921,GO:0051130,GO:0051240,GO:0051247,GO:0051280,GO:0051781,GO:0051897,GO:0055010,GO:0060312,GO:0060325,GO:0060364,GO:0060391,GO:0070168,GO:0070374,GO:0070723,GO:0071260,GO:0071333,GO:0071363,GO:0071404,GO:0071456,GO:0071479,GO:0071549,GO:0071560,GO:0071677,GO:0071895,GO:0085029,GO:0090190,GO:0090263,GO:0097191,GO:0097421,GO:0098586,GO:0141091,GO:1900126,GO:1900182,GO:1901203,GO:1902074,GO:1902462,GO:1902894,GO:1902895,GO:1903077,GO:1904018,GO:1904894,GO:1905641,GO:1990314,GO:1990402,GO:2000048,GO:2000343,GO:2000353,GO:2000636,GO:2000727	GO:0000902,GO:0001501,GO:0001654,GO:0001666,GO:0001822,GO:0001837,GO:0001843,GO:0001942,GO:0003007,GO:0003148,GO:0003149,GO:0003151,GO:0003179,GO:0003181,GO:0003184,GO:0003203,GO:0003215,GO:0003222,GO:0003274,GO:0003289,GO:0003407,GO:0007179,GO:0007423,GO:0007435,GO:0007507,GO:0008284,GO:0008285,GO:0008347,GO:0008584,GO:0009611,GO:0009792,GO:0010002,GO:0010628,GO:0010629,GO:0010634,GO:0010718,GO:0010936,GO:0014706,GO:0016477,GO:0016525,GO:0023052,GO:0030097,GO:0030199,GO:0030307,GO:0030308,GO:0030326,GO:0030593,GO:0030855,GO:0031069,GO:0032570,GO:0032874,GO:0032909,GO:0032956,GO:0033630,GO:0035910,GO:0042060,GO:0042127,GO:0042416,GO:0042476,GO:0042704,GO:0043065,GO:0043525,GO:0045216,GO:0045597,GO:0045726,GO:0045747,GO:0045787,GO:0045823,GO:0046580,GO:0048103,GO:0048566,GO:0048666,GO:0048699,GO:0048839,GO:0050680,GO:0050714,GO:0050778,GO:0051130,GO:0051240,GO:0051781,GO:0051794,GO:0051795,GO:0051891,GO:0051897,GO:0060038,GO:0060065,GO:0060317,GO:0060325,GO:0060391,GO:0060412,GO:0060413,GO:0061626,GO:0062009,GO:0062043,GO:0071363,GO:0090091,GO:0097191,GO:0141091,GO:1900182,GO:1902256,GO:1902895,GO:1903701,GO:1904238,GO:1904888,GO:1905006,GO:1905007
200	GO:0000122,GO:0001525,GO:0001657,GO:0001701,GO:0001837,GO:0002053,GO:0003148,GO:0003149,GO:0003416,GO:0006915,GO:0007267,GO:0007409,GO:0008284,GO:0008543,GO:0008589,GO:0009791,GO:0009880,GO:0009887,GO:0010518,GO:0010839,GO:0016331,GO:0018108,GO:0021769,GO:0021847,GO:0021860,GO:0022612,GO:0030177,GO:0030282,GO:0030324,GO:0030855,GO:0030901,GO:0030916,GO:0031069,GO:0032496,GO:0032808,GO:0033688,GO:0035265,GO:0035602,GO:0035603,GO:0035604,GO:0035607,GO:0042472,GO:0042476,GO:0043009,GO:0043410,GO:0044344,GO:0045165,GO:0045471,GO:0045595,GO:0045667,GO:0045787,GO:0045944,GO:0046777,GO:0048286,GO:0048333,GO:0048557,GO:0048562,GO:0048565,GO:0048568,GO:0048608,GO:0048701,GO:0048705,GO:0048730,GO:0048755,GO:0048762,GO:0050679,GO:0050680,GO:0051150,GO:0051781,GO:0055010,GO:0060045,GO:0060174,GO:0060348,GO:0060349,GO:0060442,GO:0060445,GO:0060449,GO:0060463,GO:0060484,GO:0060501,GO:0060512,GO:0060523,GO:0060527,GO:0060529,GO:0060601,GO:0060615,GO:0060664,GO:0060667,GO:0060670,GO:0060688,GO:0060915,GO:0060916,GO:0070372,GO:0070374,GO:0071300,GO:0071456,GO:0071560,GO:0090263,GO:1904707,GO:1904888	GO:0000122,GO:0002244,GO:0006289,GO:0006355,GO:0006357,GO:0006914,GO:0006915,GO:0006974,GO:0006979,GO:0006983,GO:0007265,GO:0007623,GO:0008104,GO:0008285,GO:0008340,GO:0009299,GO:0009410,GO:0009411,GO:0010212,GO:0010332,GO:0010628,GO:0012501,GO:0016032,GO:0030308,GO:0030330,GO:0031571,GO:0032211,GO:0033209,GO:0034644,GO:0042149,GO:0042771,GO:0042981,GO:0043065,GO:0043066,GO:0043153,GO:0045815,GO:0045892,GO:0045893,GO:0045899,GO:0045944,GO:0046677,GO:0048147,GO:0048511,GO:0048512,GO:0048539,GO:0051053,GO:0051097,GO:0051262,GO:0051726,GO:0060218,GO:0060333,GO:0062100,GO:0065003,GO:0070059,GO:0070245,GO:0071456,GO:0071466,GO:0071479,GO:0071480,GO:0072331,GO:0072332,GO:0072717,GO:0090200,GO:0090398,GO:0090399,GO:0090403,GO:0097190,GO:0097193,GO:0097252,GO:1900119,GO:1902749,GO:1902895,GO:1903451,GO:1905856,GO:2000379,GO:2000774,GO:2001242,GO:2001244
200	GO:0000122,GO:0001525,GO:0001542,GO:0001666,GO:0001819,GO:0001890,GO:0001936,GO:0002021,GO:0003300,GO:0006112,GO:0006114,GO:0006629,GO:0006909,GO:0007165,GO:0007259,GO:0007565,GO:0007584,GO:0007623,GO:0008217,GO:0008284,GO:0008343,GO:0009062,GO:0009892,GO:0010507,GO:0010888,GO:0014823,GO:0019953,GO:0030217,GO:0031667,GO:0032008,GO:0032099,GO:0032310,GO:0032355,GO:0032735,GO:0032755,GO:0032757,GO:0032760,GO:0032814,GO:0032817,GO:0032868,GO:0033197,GO:0033210,GO:0033686,GO:0035360,GO:0035556,GO:0035630,GO:0038108,GO:0042102,GO:0042269,GO:0042307,GO:0043066,GO:0043270,GO:0043410,GO:0044320,GO:0045471,GO:0045765,GO:0045906,GO:0046325,GO:0046427,GO:0046628,GO:0046850,GO:0046881,GO:0048639,GO:0050892,GO:0050901,GO:0050999,GO:0051051,GO:0051726,GO:0051897,GO:0060587,GO:0061037,GO:0070093,GO:0071298,GO:0071300,GO:0090335,GO:0097009,GO:0097696,GO:0098868,GO:0120162,GO:1900015,GO:1900745,GO:1904651,GO:1990051,GO:2000379,GO:2000486,GO:2000491	GO:0000122,GO:0000165,GO:0001649,GO:0001657,GO:0001666,GO:0001836,GO:0006355,GO:0006357,GO:0006955,GO:0007179,GO:0007254,GO:0008285,GO:0009653,GO:0010332,GO:0010467,GO:0010628,GO:0010629,GO:0010718,GO:0023019,GO:0030154,GO:0030279,GO:0030308,GO:0030325,GO:0030335,GO:0030501,GO:0031053,GO:0031665,GO:0032332,GO:0032502,GO:0032731,GO:0032909,GO:0032916,GO:0032924,GO:0033689,GO:0036120,GO:0038092,GO:0042060,GO:0042110,GO:0042177,GO:0042220,GO:0042307,GO:0043066,GO:0045216,GO:0045429,GO:0045596,GO:0045599,GO:0045893,GO:0045944,GO:0050728,GO:0050776,GO:0050821,GO:0050927,GO:0051481,GO:0051496,GO:0051881,GO:0051894,GO:0060290,GO:0060391,GO:0060395,GO:0061001,GO:0061045,GO:0061450,GO:0061767,GO:0071333,GO:0071363,GO:0071560,GO:0071635,GO:0090263,GO:0097190,GO:0097191,GO:0097305,GO:0098586,GO:0141091,GO:1901203,GO:1902893,GO:1902894,GO:1902895,GO:1903243,GO:1990776
200	GO:0000278,GO:0001525,GO:0001569,GO:0001974,GO:0001975,GO:0002027,GO:0003015,GO:0003094,GO:0003207,GO:0003220,GO:0003228,GO:0003253,GO:0003357,GO:0006874,GO:0006939,GO:0007005,GO:0007165,GO:0007186,GO:0007190,GO:0007200,GO:0007204,GO:0007411,GO:0007507,GO:0007585,GO:0008217,GO:0008283,GO:0009611,GO:0010467,GO:0014033,GO:0014034,GO:0014824,GO:0014829,GO:0016322,GO:0030878,GO:0031175,GO:0032835,GO:0034599,GO:0035050,GO:0035904,GO:0042310,GO:0042415,GO:0042474,GO:0044751,GO:0048066,GO:0048484,GO:0048485,GO:0048675,GO:0048706,GO:0050905,GO:0055078,GO:0060070,GO:0060324,GO:0060385,GO:0061626,GO:0070294,GO:0070588,GO:0071372,GO:0071373,GO:0071526,GO:0072011,GO:0072112,GO:0086100,GO:0097018,GO:0097084,GO:0097152,GO:0097237,GO:0097492,GO:0141156,GO:1903210,GO:1903537,GO:1904888,GO:1905144,GO:1905871,GO:2001259	GO:0000122,GO:0001709,GO:0001806,GO:0001817,GO:0001822,GO:0001823,GO:0002376,GO:0002520,GO:0003180,GO:0003215,GO:0003281,GO:0006355,GO:0006357,GO:0006952,GO:0006954,GO:0007165,GO:0008285,GO:0008584,GO:0009410,GO:0009615,GO:0009653,GO:0009967,GO:0010332,GO:0010467,GO:0010595,GO:0010719,GO:0030154,GO:0030217,GO:0030225,GO:0030856,GO:0031929,GO:0032736,GO:0032753,GO:0032754,GO:0033600,GO:0035457,GO:0042421,GO:0043491,GO:0043583,GO:0043627,GO:0045064,GO:0045087,GO:0045165,GO:0045471,GO:0045582,GO:0045786,GO:0045892,GO:0045893,GO:0045944,GO:0048485,GO:0048568,GO:0048646,GO:0048731,GO:0050728,GO:0050793,GO:0050852,GO:0051216,GO:0051897,GO:0060037,GO:0060065,GO:0060070,GO:0060231,GO:0060676,GO:0071353,GO:0071356,GO:0072107,GO:0072178,GO:0072179,GO:0072182,GO:0072676,GO:0090102,GO:1902895,GO:2000146,GO:2000352,GO:2000611,GO:2000679,GO:2000683
200	GO:0000302,GO:0001523,GO:0001937,GO:0006629,GO:0006641,GO:0006869,GO:0006898,GO:0007010,GO:0007186,GO:0007271,GO:0007616,GO:0008202,GO:0008203,GO:0010544,GO:0010596,GO:0010629,GO:0010642,GO:0010875,GO:0010877,GO:0010976,GO:0010977,GO:0015909,GO:0017038,GO:0019068,GO:0030195,GO:0030516,GO:0031175,GO:0032438,GO:0032489,GO:0032805,GO:0033344,GO:0033700,GO:0034372,GO:0034374,GO:0034375,GO:0034380,GO:0034382,GO:0034384,GO:0034447,GO:0035641,GO:0038060,GO:0042157,GO:0042158,GO:0042632,GO:0042981,GO:0042982,GO:0043254,GO:0043409,GO:0043537,GO:0043691,GO:0044794,GO:0045088,GO:0045429,GO:0045541,GO:0045807,GO:0045893,GO:0046889,GO:0048168,GO:0048662,GO:0050709,GO:0050728,GO:0050807,GO:0051044,GO:0051055,GO:0051246,GO:0051248,GO:0055089,GO:0055090,GO:0060999,GO:0061000,GO:0061136,GO:0061771,GO:0070328,GO:0070374,GO:0071402,GO:0071830,GO:0071831,GO:0090090,GO:0090181,GO:0090205,GO:0090370,GO:0097006,GO:0097113,GO:0097114,GO:0098869,GO:0140077,GO:1900221,GO:1900223,GO:1900272,GO:1901627,GO:1901631,GO:1902004,GO:1902430,GO:1902951,GO:1902952,GO:1902991,GO:1902995,GO:1902998,GO:1902999,GO:1903001,GO:1903002,GO:1905890,GO:1905906,GO:1905907,GO:1905908,GO:2000822	GO:0000165,GO:0006468,GO:0006897,GO:0006914,GO:0006979,GO:0007005,GO:0007029,GO:0007030,GO:0007040,GO:0007166,GO:0007254,GO:0007266,GO:0007283,GO:0007528,GO:0008104,GO:0008340,GO:0009267,GO:0009653,GO:0009968,GO:0010468,GO:0010506,GO:0010508,GO:0010955,GO:0010977,GO:0014041,GO:0016192,GO:0016242,GO:0019722,GO:0021756,GO:0021772,GO:0022028,GO:0030154,GO:0030162,GO:0030182,GO:0031344,GO:0031398,GO:0031647,GO:0032436,GO:0032760,GO:0034260,GO:0034599,GO:0034614,GO:0035542,GO:0035556,GO:0035564,GO:0035640,GO:0035641,GO:0035751,GO:0040012,GO:0042391,GO:0043068,GO:0043410,GO:0046039,GO:0046777,GO:0048312,GO:0048513,GO:0048812,GO:0050804,GO:0051239,GO:0051247,GO:0051646,GO:0051900,GO:0051966,GO:0060070,GO:0060079,GO:0060159,GO:0060161,GO:0060627,GO:0060628,GO:0060828,GO:0061001,GO:0070585,GO:0070973,GO:0071287,GO:0090140,GO:0090263,GO:0090394,GO:0140058,GO:0141161,GO:1900242,GO:1900244,GO:1901030,GO:1902236,GO:1902499,GO:1902531,GO:1902692,GO:1902803,GO:1902823,GO:1902902,GO:1903351,GO:1903748,GO:1903980,GO:1904644,GO:1904887,GO:1905279,GO:1905289,GO:1905504,GO:2000172,GO:2000300,GO:2000377
200	GO:0000122,GO:0000209,GO:0000266,GO:0000422,GO:0000423,GO:0006511,GO:0006513,GO:0006914,GO:0006979,GO:0006986,GO:0007005,GO:0007417,GO:0008344,GO:0009410,GO:0009896,GO:0010498,GO:0010506,GO:0010628,GO:0010629,GO:0010636,GO:0010637,GO:0010821,GO:0010906,GO:0010918,GO:0010994,GO:0014059,GO:0014850,GO:0016236,GO:0016567,GO:0016579,GO:0022603,GO:0030163,GO:0031396,GO:0031647,GO:0031648,GO:0032232,GO:0032368,GO:0032436,GO:0033132,GO:0034599,GO:0034620,GO:0034976,GO:0035519,GO:0035774,GO:0036503,GO:0042053,GO:0042417,GO:0043065,GO:0043123,GO:0043161,GO:0043524,GO:0043653,GO:0044314,GO:0044828,GO:0045732,GO:0045944,GO:0046329,GO:0046676,GO:0050804,GO:0050821,GO:0051412,GO:0051582,GO:0051646,GO:0051865,GO:0051881,GO:0051967,GO:0060544,GO:0060828,GO:0061734,GO:0070050,GO:0070534,GO:0070585,GO:0070842,GO:0070936,GO:0070979,GO:0071287,GO:0080090,GO:0085020,GO:0090090,GO:0090141,GO:0090201,GO:0090258,GO:0090394,GO:0097237,GO:0099072,GO:0099074,GO:0140251,GO:1900242,GO:1900407,GO:1901526,GO:1901800,GO:1902236,GO:1902254,GO:1902530,GO:1902803,GO:1903265,GO:1903351,GO:1903377,GO:1903382,GO:1903427,GO:1903530,GO:1903542,GO:1903747,GO:1903861,GO:1904049,GO:1904643,GO:1904845,GO:1904881,GO:1905091,GO:1905232,GO:1905281,GO:1905366,GO:1905477,GO:1990000,GO:2000377,GO:2000378,GO:2001171	GO:0000122,GO:0000165,GO:0001649,GO:0001657,GO:0001666,GO:0001836,GO:0006355,GO:0006357,GO:0006955,GO:0007179,GO:0007254,GO:0008285,GO:0009653,GO:0010332,GO:0010467,GO:0010628,GO:0010629,GO:0010718,GO:0023019,GO:0030154,GO:0030279,GO:0030308,GO:0030325,GO:0030335,GO:0030501,GO:0031053,GO:0031665,GO:0032332,GO:0032502,GO:0032731,GO:0032909,GO:0032916,GO:0032924,GO:0033689,GO:0036120,GO:0038092,GO:0042060,GO:0042110,GO:0042177,GO:0042220,GO:0042307,GO:0043066,GO:0045216,GO:0045429,GO:0045596,GO:0045599,GO:0045893,GO:0045944,GO:0050728,GO:0050776,GO:0050821,GO:0050927,GO:0051481,GO:0051496,GO:0051881,GO:0051894,GO:0060290,GO:0060391,GO:0060395,GO:0061001,GO:0061045,GO:0061450,GO:0061767,GO:0071333,GO:0071363,GO:0071560,GO:0071635,GO:0090263,GO:0097190,GO:0097191,GO:0097305,GO:0098586,GO:0141091,GO:1901203,GO:1902893,GO:1902894,GO:1902895,GO:1903243,GO:1990776
200	GO:0000122,GO:0001709,GO:0001806,GO:0001817,GO:0001822,GO:0001823,GO:0002376,GO:0002520,GO:0003180,GO:0003215,GO:0003281,GO:0006355,GO:0006357,GO:0006952,GO:0006954,GO:0007165,GO:0008285,GO:0008584,GO:0009410,GO:0009615,GO:0009653,GO:0009967,GO:0010332,GO:0010467,GO:0010595,GO:0010719,GO:0030154,GO:0030217,GO:0030225,GO:0030856,GO:0031929,GO:0032736,GO:0032753,GO:0032754,GO:0033600,GO:0035457,GO:0042421,GO:0043491,GO:0043583,GO:0043627,GO:0045064,GO:0045087,GO:0045165,GO:0045471,GO:0045582,GO:0045786,GO:0045892,GO:0045893,GO:0045944,GO:0048485,GO:0048568,GO:0048646,GO:0048731,GO:0050728,GO:0050793,GO:0050852,GO:0051216,GO:0051897,GO:0060037,GO:0060065,GO:0060070,GO:0060231,GO:0060676,GO:0071353,GO:0071356,GO:0072107,GO:0072178,GO:0072179,GO:0072182,GO:0072676,GO:0090102,GO:1902895,GO:2000146,GO:2000352,GO:2000611,GO:2000679,GO:2000683	GO:0000165,GO:0006468,GO:0006897,GO:0006914,GO:0006979,GO:0007005,GO:0007029,GO:0007030,GO:0007040,GO:0007166,GO:0007254,GO:0007266,GO:0007283,GO:0007528,GO:0008104,GO:0008340,GO:0009267,GO:0009653,GO:0009968,GO:0010468,GO:0010506,GO:0010508,GO:0010955,GO:0010977,GO:0014041,GO:0016192,GO:0016242,GO:0019722,GO:0021756,GO:0021772,GO:0022028,GO:0030154,GO:0030162,GO:0030182,GO:0031344,GO:0031398,GO:0031647,GO:0032436,GO:0032760,GO:0034260,GO:0034599,GO:0034614,GO:0035542,GO:0035556,GO:0035564,GO:0035640,GO:0035641,GO:0035751,GO:0040012,GO:0042391,GO:0043068,GO:0043410,GO:0046039,GO:0046777,GO:0048312,GO:0048513,GO:0048812,GO:0050804,GO:0051239,GO:0051247,GO:0051646,GO:0051900,GO:0051966,GO:0060070,GO:0060079,GO:0060159,GO:0060161,GO:0060627,GO:0060628,GO:0060828,GO:0061001,GO:0070585,GO:0070973,GO:0071287,GO:0090140,GO:0090263,GO:0090394,GO:0140058,GO:0141161,GO:1900242,GO:1900244,GO:1901030,GO:1902236,GO:1902499,GO:1902531,GO:1902692,GO:1902803,GO:1902823,GO:1902902,GO:1903351,GO:1903748,GO:1903980,GO:1904644,GO:1904887,GO:1905279,GO:1905289,GO:1905504,GO:2000172,GO:2000300,GO:2000377
200	GO:0001525,GO:0001569,GO:0001570,GO:0001755,GO:0001764,GO:0001938,GO:0002040,GO:0002042,GO:0003148,GO:0006930,GO:0007165,GO:0007229,GO:0007267,GO:0007399,GO:0007411,GO:0008045,GO:0009611,GO:0009887,GO:0010595,GO:0014911,GO:0021612,GO:0021637,GO:0021649,GO:0021785,GO:0021828,GO:0030154,GO:0030947,GO:0031290,GO:0032489,GO:0035729,GO:0035767,GO:0035924,GO:0036486,GO:0038084,GO:0038189,GO:0038190,GO:0042327,GO:0043524,GO:0043542,GO:0045766,GO:0046718,GO:0048008,GO:0048010,GO:0048012,GO:0048666,GO:0048842,GO:0048844,GO:0048846,GO:0050918,GO:0051491,GO:0051496,GO:0051894,GO:0060385,GO:0060627,GO:0060978,GO:0060982,GO:0061299,GO:0061441,GO:0061549,GO:0061551,GO:0070374,GO:0071526,GO:0071679,GO:0090050,GO:0097102,GO:0097374,GO:0097475,GO:0097490,GO:0097491,GO:0099173,GO:0120035,GO:0150018,GO:0150020,GO:1900026,GO:1901166,GO:1902946,GO:1903375,GO:1904835,GO:1905040,GO:2001237	GO:0000122,GO:0001659,GO:0001666,GO:0001754,GO:0001817,GO:0002317,GO:0002931,GO:0006355,GO:0006357,GO:0006606,GO:0006952,GO:0006953,GO:0006954,GO:0006955,GO:0007165,GO:0007179,GO:0007259,GO:0007399,GO:0008284,GO:0010507,GO:0010575,GO:0010628,GO:0010629,GO:0010730,GO:0019221,GO:0030154,GO:0030335,GO:0030522,GO:0030968,GO:0032355,GO:0032731,GO:0032733,GO:0032755,GO:0032757,GO:0032760,GO:0032870,GO:0033210,GO:0034097,GO:0035723,GO:0038110,GO:0038113,GO:0038154,GO:0038155,GO:0042127,GO:0042593,GO:0042755,GO:0043123,GO:0043124,GO:0043434,GO:0043491,GO:0043524,GO:0044320,GO:0044321,GO:0045471,GO:0045648,GO:0045747,GO:0045766,GO:0045893,GO:0045944,GO:0046902,GO:0048708,GO:0048861,GO:0050728,GO:0050729,GO:0050766,GO:0050804,GO:0051240,GO:0051726,GO:0060019,GO:0060259,GO:0060396,GO:0060397,GO:0070102,GO:0070120,GO:0072538,GO:0072540,GO:0090091,GO:0097009,GO:0097398,GO:0097696,GO:0099527,GO:0106015,GO:0140105,GO:1900016,GO:1900017,GO:1900037,GO:1902728,GO:1902895,GO:1905564,GO:2000635,GO:2001171,GO:2001243
200	GO:0000278,GO:0001525,GO:0001569,GO:0001974,GO:0001975,GO:0002027,GO:0003015,GO:0003094,GO:0003207,GO:0003220,GO:0003228,GO:0003253,GO:0003357,GO:0006874,GO:0006939,GO:0007005,GO:0007165,GO:0007186,GO:0007190,GO:0007200,GO:0007204,GO:0007411,GO:0007507,GO:0007585,GO:0008217,GO:0008283,GO:0009611,GO:0010467,GO:0014033,GO:0014034,GO:0014824,GO:0014829,GO:0016322,GO:0030878,GO:0031175,GO:0032835,GO:0034599,GO:0035050,GO:0035904,GO:0042310,GO:0042415,GO:0042474,GO:0044751,GO:0048066,GO:0048484,GO:0048485,GO:0048675,GO:0048706,GO:0050905,GO:0055078,GO:0060070,GO:0060324,GO:0060385,GO:0061626,GO:0070294,GO:0070588,GO:0071372,GO:0071373,GO:0071526,GO:0072011,GO:0072112,GO:0086100,GO:0097018,GO:0097084,GO:0097152,GO:0097237,GO:0097492,GO:0141156,GO:1903210,GO:1903537,GO:1904888,GO:1905144,GO:1905871,GO:2001259	GO:0000122,GO:0001525,GO:0001554,GO:0001837,GO:0001947,GO:0002052,GO:0003151,GO:0003157,GO:0003160,GO:0003162,GO:0003169,GO:0003180,GO:0003181,GO:0003182,GO:0003184,GO:0003192,GO:0003198,GO:0003203,GO:0003207,GO:0003208,GO:0003209,GO:0003213,GO:0003214,GO:0003222,GO:0003241,GO:0003264,GO:0003273,GO:0003332,GO:0003344,GO:0006355,GO:0006357,GO:0006606,GO:0006955,GO:0007219,GO:0007221,GO:0007283,GO:0007368,GO:0007411,GO:0007507,GO:0008284,GO:0008285,GO:0010467,GO:0010614,GO:0010628,GO:0010629,GO:0010667,GO:0010718,GO:0010812,GO:0010832,GO:0014031,GO:0021515,GO:0030154,GO:0030163,GO:0030279,GO:0030334,GO:0030335,GO:0030513,GO:0030514,GO:0031100,GO:0032495,GO:0032496,GO:0032966,GO:0035148,GO:0035924,GO:0042127,GO:0042246,GO:0043086,GO:0045070,GO:0045603,GO:0045662,GO:0045665,GO:0045668,GO:0045687,GO:0045892,GO:0045893,GO:0045944,GO:0046427,GO:0046579,GO:0048708,GO:0048709,GO:0048711,GO:0048715,GO:0048873,GO:0050768,GO:0050793,GO:0051152,GO:0055008,GO:0060038,GO:0060045,GO:0060253,GO:0060271,GO:0060317,GO:0060354,GO:0060379,GO:0060411,GO:0060412,GO:0060842,GO:0060843,GO:0060948,GO:0060956,GO:0060979,GO:0060982,GO:0061344,GO:0061384,GO:0062043,GO:0070168,GO:0070374,GO:0070986,GO:0071228,GO:0071372,GO:0071456,GO:0072017,GO:0072044,GO:0072144,GO:0072538,GO:0090051,GO:0097150,GO:0097400,GO:0099565,GO:0120163,GO:1901201,GO:1902339,GO:2000048,GO:2000737,GO:2000811,GO:2000974,GO:2001027
200	GO:0001659,GO:0001666,GO:0001963,GO:0001975,GO:0001976,GO:0002027,GO:0002028,GO:0002031,GO:0002052,GO:0002092,GO:0006874,GO:0006914,GO:0007165,GO:0007186,GO:0007188,GO:0007195,GO:0007200,GO:0007212,GO:0007270,GO:0007409,GO:0007416,GO:0007608,GO:0007616,GO:0007626,GO:0007628,GO:0008104,GO:0008285,GO:0008306,GO:0008542,GO:0009410,GO:0009416,GO:0009636,GO:0010039,GO:0014059,GO:0014854,GO:0016055,GO:0021756,GO:0021769,GO:0021853,GO:0021984,GO:0030336,GO:0030432,GO:0030900,GO:0031223,GO:0032228,GO:0032355,GO:0032467,GO:0032922,GO:0033602,GO:0034776,GO:0035094,GO:0035305,GO:0035556,GO:0042220,GO:0042321,GO:0042417,GO:0042756,GO:0043266,GO:0043278,GO:0043408,GO:0045471,GO:0045745,GO:0045776,GO:0045824,GO:0045944,GO:0046676,GO:0046717,GO:0048148,GO:0048149,GO:0048169,GO:0048678,GO:0048755,GO:0050482,GO:0050709,GO:0050769,GO:0050805,GO:0051209,GO:0051240,GO:0051481,GO:0051580,GO:0051584,GO:0051586,GO:0051823,GO:0051898,GO:0051952,GO:0051967,GO:0060079,GO:0060124,GO:0060134,GO:0060158,GO:0060160,GO:0070374,GO:0071300,GO:0071361,GO:0090325,GO:0097305,GO:0099170,GO:0099171,GO:0160213,GO:1900038,GO:1900168,GO:1900273,GO:1903530,GO:1990384	GO:0000122,GO:0001709,GO:0001806,GO:0001817,GO:0001822,GO:0001823,GO:0002376,GO:0002520,GO:0003180,GO:0003215,GO:0003281,GO:0006355,GO:0006357,GO:0006952,GO:0006954,GO:0007165,GO:0008285,GO:0008584,GO:0009410,GO:0009615,GO:0009653,GO:0009967,GO:0010332,GO:0010467,GO:0010595,GO:0010719,GO:0030154,GO:0030217,GO:0030225,GO:0030856,GO:0031929,GO:0032736,GO:0032753,GO:0032754,GO:0033600,GO:0035457,GO:0042421,GO:0043491,GO:0043583,GO:0043627,GO:0045064,GO:0045087,GO:0045165,GO:0045471,GO:0045582,GO:0045786,GO:0045892,GO:0045893,GO:0045944,GO:0048485,GO:0048568,GO:0048646,GO:0048731,GO:0050728,GO:0050793,GO:0050852,GO:0051216,GO:0051897,GO:0060037,GO:0060065,GO:0060070,GO:0060231,GO:0060676,GO:0071353,GO:0071356,GO:0072107,GO:0072178,GO:0072179,GO:0072182,GO:0072676,GO:0090102,GO:1902895,GO:2000146,GO:2000352,GO:2000611,GO:2000679,GO:2000683
200	GO:0001660,GO:0001819,GO:0002282,GO:0002711,GO:0006915,GO:0006954,GO:0006955,GO:0007165,GO:0007267,GO:0007566,GO:0008284,GO:0008285,GO:0010573,GO:0010575,GO:0010628,GO:0010641,GO:0010718,GO:0010744,GO:0010829,GO:0014805,GO:0019221,GO:0030213,GO:0030224,GO:0030335,GO:0030949,GO:0031394,GO:0031622,GO:0032308,GO:0032496,GO:0032691,GO:0032725,GO:0032729,GO:0032743,GO:0032755,GO:0032757,GO:0033092,GO:0034116,GO:0042102,GO:0043122,GO:0043123,GO:0043409,GO:0043410,GO:0045429,GO:0045766,GO:0045833,GO:0045840,GO:0045893,GO:0045917,GO:0046330,GO:0046627,GO:0046827,GO:0050691,GO:0050728,GO:0050729,GO:0050767,GO:0050768,GO:0050796,GO:0050805,GO:0050830,GO:0050995,GO:0050996,GO:0050999,GO:0051044,GO:0051781,GO:0051897,GO:0060252,GO:0060355,GO:0070164,GO:0070372,GO:0070374,GO:0070487,GO:0070498,GO:0070555,GO:0071222,GO:0071260,GO:0071466,GO:0071639,GO:0097398,GO:0150078,GO:1900745,GO:1901224,GO:1902680,GO:1903140,GO:1903530,GO:1903597,GO:1905075,GO:2000556,GO:2000660,GO:2001240	GO:0000077,GO:0001782,GO:0001817,GO:0001932,GO:0001933,GO:0002223,GO:0002244,GO:0002250,GO:0002376,GO:0002431,GO:0002513,GO:0002553,GO:0002576,GO:0002758,GO:0002762,GO:0002768,GO:0002774,GO:0002862,GO:0002902,GO:0006468,GO:0006950,GO:0006954,GO:0006974,GO:0006991,GO:0007165,GO:0007169,GO:0008284,GO:0008285,GO:0009410,GO:0009636,GO:0009725,GO:0009743,GO:0010976,GO:0014003,GO:0015908,GO:0018108,GO:0030097,GO:0030218,GO:0030222,GO:0030335,GO:0030889,GO:0031175,GO:0031295,GO:0031663,GO:0032868,GO:0033003,GO:0033628,GO:0034136,GO:0034142,GO:0034144,GO:0034145,GO:0034165,GO:0034605,GO:0035556,GO:0038043,GO:0038095,GO:0038096,GO:0038159,GO:0042100,GO:0042327,GO:0043200,GO:0043304,GO:0043407,GO:0043410,GO:0043434,GO:0045087,GO:0045646,GO:0046777,GO:0048013,GO:0048678,GO:0050727,GO:0050777,GO:0050855,GO:0050859,GO:0050900,GO:0051279,GO:0060252,GO:0060369,GO:0060397,GO:0070372,GO:0070373,GO:0070447,GO:0070667,GO:0070668,GO:0071300,GO:0071396,GO:0090025,GO:0090330,GO:0097028,GO:1902532,GO:1902993,GO:2000670
200	GO:0000302,GO:0001523,GO:0001937,GO:0006629,GO:0006641,GO:0006869,GO:0006898,GO:0007010,GO:0007186,GO:0007271,GO:0007616,GO:0008202,GO:0008203,GO:0010544,GO:0010596,GO:0010629,GO:0010642,GO:0010875,GO:0010877,GO:0010976,GO:0010977,GO:0015909,GO:0017038,GO:0019068,GO:0030195,GO:0030516,GO:0031175,GO:0032438,GO:0032489,GO:0032805,GO:0033344,GO:0033700,GO:0034372,GO:0034374,GO:0034375,GO:0034380,GO:0034382,GO:0034384,GO:0034447,GO:0035641,GO:0038060,GO:0042157,GO:0042158,GO:0042632,GO:0042981,GO:0042982,GO:0043254,GO:0043409,GO:0043537,GO:0043691,GO:0044794,GO:0045088,GO:0045429,GO:0045541,GO:0045807,GO:0045893,GO:0046889,GO:0048168,GO:0048662,GO:0050709,GO:0050728,GO:0050807,GO:0051044,GO:0051055,GO:0051246,GO:0051248,GO:0055089,GO:0055090,GO:0060999,GO:0061000,GO:0061136,GO:0061771,GO:0070328,GO:0070374,GO:0071402,GO:0071830,GO:0071831,GO:0090090,GO:0090181,GO:0090205,GO:0090370,GO:0097006,GO:0097113,GO:0097114,GO:0098869,GO:0140077,GO:1900221,GO:1900223,GO:1900272,GO:1901627,GO:1901631,GO:1902004,GO:1902430,GO:1902951,GO:1902952,GO:1902991,GO:1902995,GO:1902998,GO:1902999,GO:1903001,GO:1903002,GO:1905890,GO:1905906,GO:1905907,GO:1905908,GO:2000822	GO:0001781,GO:0001960,GO:0002314,GO:0002384,GO:0002446,GO:0002548,GO:0002639,GO:0002675,GO:0002690,GO:0006953,GO:0006954,GO:0006955,GO:0006959,GO:0007259,GO:0008284,GO:0008285,GO:0010573,GO:0010574,GO:0010575,GO:0010628,GO:0010718,GO:0010888,GO:0014823,GO:0019221,GO:0030154,GO:0030168,GO:0031018,GO:0031175,GO:0032494,GO:0032682,GO:0032722,GO:0032731,GO:0032733,GO:0032740,GO:0032745,GO:0032755,GO:0032757,GO:0032760,GO:0032966,GO:0033138,GO:0035425,GO:0035633,GO:0038001,GO:0042102,GO:0042593,GO:0043065,GO:0043066,GO:0043410,GO:0045599,GO:0045669,GO:0045727,GO:0045765,GO:0045779,GO:0045893,GO:0045944,GO:0046427,GO:0048661,GO:0050731,GO:0050768,GO:0050796,GO:0050829,GO:0050830,GO:0050871,GO:0051223,GO:0051251,GO:0051384,GO:0051607,GO:0060252,GO:0061470,GO:0061888,GO:0070050,GO:0070091,GO:0070092,GO:0070102,GO:0070301,GO:0070345,GO:0071222,GO:0072540,GO:0072574,GO:0090091,GO:0090594,GO:0097421,GO:0097696,GO:0098586,GO:0150077,GO:0150078,GO:1900017,GO:1901731,GO:1902512,GO:1902895,GO:1903978,GO:1904894,GO:1904996,GO:2000553,GO:2000635,GO:2000660,GO:2000676
200	GO:0000122,GO:0001501,GO:0001503,GO:0001649,GO:0001658,GO:0001666,GO:0001701,GO:0001837,GO:0001934,GO:0002062,GO:0002573,GO:0003007,GO:0003129,GO:0003133,GO:0003176,GO:0003181,GO:0003203,GO:0003210,GO:0003272,GO:0003331,GO:0006355,GO:0006879,GO:0006954,GO:0007219,GO:0007267,GO:0007507,GO:0008284,GO:0008285,GO:0009887,GO:0010467,GO:0010628,GO:0010629,GO:0010718,GO:0010894,GO:0010922,GO:0021537,GO:0021978,GO:0022408,GO:0030154,GO:0030177,GO:0030282,GO:0030316,GO:0030335,GO:0030501,GO:0030509,GO:0030512,GO:0032348,GO:0033690,GO:0035051,GO:0035054,GO:0035360,GO:0042475,GO:0042482,GO:0043065,GO:0043410,GO:0043569,GO:0045165,GO:0045597,GO:0045599,GO:0045600,GO:0045666,GO:0045778,GO:0045786,GO:0045892,GO:0045893,GO:0045944,GO:0048662,GO:0048711,GO:0048762,GO:0048839,GO:0051042,GO:0051216,GO:0055007,GO:0055008,GO:0060039,GO:0060128,GO:0060129,GO:0060317,GO:0060348,GO:0060391,GO:0060426,GO:0060485,GO:0060537,GO:0061036,GO:0070374,GO:0071773,GO:0072138,GO:0090090,GO:1900159,GO:1900745,GO:1901331,GO:1902895,GO:1905072,GO:1905222,GO:2000065,GO:2000725,GO:2000726	GO:0000122,GO:0000165,GO:0001649,GO:0001657,GO:0001666,GO:0001836,GO:0006355,GO:0006357,GO:0006955,GO:0007179,GO:0007254,GO:0008285,GO:0009653,GO:0010332,GO:0010467,GO:0010628,GO:0010629,GO:0010718,GO:0023019,GO:0030154,GO:0030279,GO:0030308,GO:0030325,GO:0030335,GO:0030501,GO:0031053,GO:0031665,GO:0032332,GO:0032502,GO:0032731,GO:0032909,GO:0032916,GO:0032924,GO:0033689,GO:0036120,GO:0038092,GO:0042060,GO:0042110,GO:0042177,GO:0042220,GO:0042307,GO:0043066,GO:0045216,GO:0045429,GO:0045596,GO:0045599,GO:0045893,GO:0045944,GO:0050728,GO:0050776,GO:0050821,GO:0050927,GO:0051481,GO:0051496,GO:0051881,GO:0051894,GO:0060290,GO:0060391,GO:0060395,GO:0061001,GO:0061045,GO:0061450,GO:0061767,GO:0071333,GO:0071363,GO:0071560,GO:0071635,GO:0090263,GO:0097190,GO:0097191,GO:0097305,GO:0098586,GO:0141091,GO:1901203,GO:1902893,GO:1902894,GO:1902895,GO:1903243,GO:1990776
200	GO:0000122,GO:0000209,GO:0000266,GO:0000422,GO:0000423,GO:0006511,GO:0006513,GO:0006914,GO:0006979,GO:0006986,GO:0007005,GO:0007417,GO:0008344,GO:0009410,GO:0009896,GO:0010498,GO:0010506,GO:0010628,GO:0010629,GO:0010636,GO:0010637,GO:0010821,GO:0010906,GO:0010918,GO:0010994,GO:0014059,GO:0014850,GO:0016236,GO:0016567,GO:0016579,GO:0022603,GO:0030163,GO:0031396,GO:0031647,GO:0031648,GO:0032232,GO:0032368,GO:0032436,GO:0033132,GO:0034599,GO:0034620,GO:0034976,GO:0035519,GO:0035774,GO:0036503,GO:0042053,GO:0042417,GO:0043065,GO:0043123,GO:0043161,GO:0043524,GO:0043653,GO:0044314,GO:0044828,GO:0045732,GO:0045944,GO:0046329,GO:0046676,GO:0050804,GO:0050821,GO:0051412,GO:0051582,GO:0051646,GO:0051865,GO:0051881,GO:0051967,GO:0060544,GO:0060828,GO:0061734,GO:0070050,GO:0070534,GO:0070585,GO:0070842,GO:0070936,GO:0070979,GO:0071287,GO:0080090,GO:0085020,GO:0090090,GO:0090141,GO:0090201,GO:0090258,GO:0090394,GO:0097237,GO:0099072,GO:0099074,GO:0140251,GO:1900242,GO:1900407,GO:1901526,GO:1901800,GO:1902236,GO:1902254,GO:1902530,GO:1902803,GO:1903265,GO:1903351,GO:1903377,GO:1903382,GO:1903427,GO:1903530,GO:1903542,GO:1903747,GO:1903861,GO:1904049,GO:1904643,GO:1904845,GO:1904881,GO:1905091,GO:1905232,GO:1905281,GO:1905366,GO:1905477,GO:1990000,GO:2000377,GO:2000378,GO:2001171	GO:0000902,GO:0001501,GO:0001654,GO:0001666,GO:0001822,GO:0001837,GO:0001843,GO:0001942,GO:0003007,GO:0003148,GO:0003149,GO:0003151,GO:0003179,GO:0003181,GO:0003184,GO:0003203,GO:0003215,GO:0003222,GO:0003274,GO:0003289,GO:0003407,GO:0007179,GO:0007423,GO:0007435,GO:0007507,GO:0008284,GO:0008285,GO:0008347,GO:0008584,GO:0009611,GO:0009792,GO:0010002,GO:0010628,GO:0010629,GO:0010634,GO:0010718,GO:0010936,GO:0014706,GO:0016477,GO:0016525,GO:0023052,GO:0030097,GO:0030199,GO:0030307,GO:0030308,GO:0030326,GO:0030593,GO:0030855,GO:0031069,GO:0032570,GO:0032874,GO:0032909,GO:0032956,GO:0033630,GO:0035910,GO:0042060,GO:0042127,GO:0042416,GO:0042476,GO:0042704,GO:0043065,GO:0043525,GO:0045216,GO:0045597,GO:0045726,GO:0045747,GO:0045787,GO:0045823,GO:0046580,GO:0048103,GO:0048566,GO:0048666,GO:0048699,GO:0048839,GO:0050680,GO:0050714,GO:0050778,GO:0051130,GO:0051240,GO:0051781,GO:0051794,GO:0051795,GO:0051891,GO:0051897,GO:0060038,GO:0060065,GO:0060317,GO:0060325,GO:0060391,GO:0060412,GO:0060413,GO:0061626,GO:0062009,GO:0062043,GO:0071363,GO:0090091,GO:0097191,GO:0141091,GO:1900182,GO:1902256,GO:1902895,GO:1903701,GO:1904238,GO:1904888,GO:1905006,GO:1905007
200	GO:0000122,GO:0001709,GO:0001806,GO:0001817,GO:0001822,GO:0001823,GO:0002376,GO:0002520,GO:0003180,GO:0003215,GO:0003281,GO:0006355,GO:0006357,GO:0006952,GO:0006954,GO:0007165,GO:0008285,GO:0008584,GO:0009410,GO:0009615,GO:0009653,GO:0009967,GO:0010332,GO:0010467,GO:0010595,GO:0010719,GO:0030154,GO:0030217,GO:0030225,GO:0030856,GO:0031929,GO:0032736,GO:0032753,GO:0032754,GO:0033600,GO:0035457,GO:0042421,GO:0043491,GO:0043583,GO:0043627,GO:0045064,GO:0045087,GO:0045165,GO:0045471,GO:0045582,GO:0045786,GO:0045892,GO:0045893,GO:0045944,GO:0048485,GO:0048568,GO:0048646,GO:0048731,GO:0050728,GO:0050793,GO:0050852,GO:0051216,GO:0051897,GO:0060037,GO:0060065,GO:0060070,GO:0060231,GO:0060676,GO:0071353,GO:0071356,GO:0072107,GO:0072178,GO:0072179,GO:0072182,GO:0072676,GO:0090102,GO:1902895,GO:2000146,GO:2000352,GO:2000611,GO:2000679,GO:2000683	GO:0001774,GO:0002282,GO:0002291,GO:0002588,GO:0002862,GO:0002931,GO:0006909,GO:0006910,GO:0006955,GO:0006959,GO:0007165,GO:0007166,GO:0007613,GO:0010468,GO:0010507,GO:0010628,GO:0010875,GO:0010887,GO:0010891,GO:0010983,GO:0019216,GO:0030316,GO:0032006,GO:0032008,GO:0032497,GO:0032499,GO:0032675,GO:0032691,GO:0032720,GO:0032733,GO:0034136,GO:0034144,GO:0034151,GO:0034241,GO:0034351,GO:0035176,GO:0038160,GO:0042742,GO:0043066,GO:0043124,GO:0043268,GO:0043277,GO:0045088,GO:0045672,GO:0045728,GO:0045960,GO:0048143,GO:0048468,GO:0048678,GO:0050714,GO:0050766,GO:0050829,GO:0050850,GO:0050866,GO:0050921,GO:0051897,GO:0051898,GO:0055088,GO:0060075,GO:0060100,GO:0061518,GO:0061889,GO:0070269,GO:0070345,GO:0070374,GO:0070392,GO:0071223,GO:0071224,GO:0071333,GO:0071396,GO:0071402,GO:0071456,GO:0071526,GO:0071640,GO:0080090,GO:0097028,GO:0097062,GO:0097242,GO:0098657,GO:0110089,GO:0120035,GO:0140052,GO:0150062,GO:0150076,GO:0150078,GO:0150079,GO:0150094,GO:1900015,GO:1900016,GO:1900223,GO:1900226,GO:1901076,GO:1901224,GO:1901800,GO:1902227,GO:1902533,GO:1903078,GO:1903082,GO:1903376,GO:1903753,GO:1903980,GO:1904093,GO:1904141,GO:1904646,GO:1904951,GO:1905291,GO:1905581,GO:1905805,GO:1905808,GO:1905907,GO:2000350,GO:2001171
200	GO:0000122,GO:0001501,GO:0001503,GO:0001649,GO:0001658,GO:0001666,GO:0001701,GO:0001837,GO:0001934,GO:0002062,GO:0002573,GO:0003007,GO:0003129,GO:0003133,GO:0003176,GO:0003181,GO:0003203,GO:0003210,GO:0003272,GO:0003331,GO:0006355,GO:0006879,GO:0006954,GO:0007219,GO:0007267,GO:0007507,GO:0008284,GO:0008285,GO:0009887,GO:0010467,GO:0010628,GO:0010629,GO:0010718,GO:0010894,GO:0010922,GO:0021537,GO:0021978,GO:0022408,GO:0030154,GO:0030177,GO:0030282,GO:0030316,GO:0030335,GO:0030501,GO:0030509,GO:0030512,GO:0032348,GO:0033690,GO:0035051,GO:0035054,GO:0035360,GO:0042475,GO:0042482,GO:0043065,GO:0043410,GO:0043569,GO:0045165,GO:0045597,GO:0045599,GO:0045600,GO:0045666,GO:0045778,GO:0045786,GO:0045892,GO:0045893,GO:0045944,GO:0048662,GO:0048711,GO:0048762,GO:0048839,GO:0051042,GO:0051216,GO:0055007,GO:0055008,GO:0060039,GO:0060128,GO:0060129,GO:0060317,GO:0060348,GO:0060391,GO:0060426,GO:0060485,GO:0060537,GO:0061036,GO:0070374,GO:0071773,GO:0072138,GO:0090090,GO:1900159,GO:1900745,GO:1901331,GO:1902895,GO:1905072,GO:1905222,GO:2000065,GO:2000725,GO:2000726	GO:0000122,GO:0001525,GO:0001542,GO:0001666,GO:0001819,GO:0001890,GO:0001936,GO:0002021,GO:0003300,GO:0006112,GO:0006114,GO:0006629,GO:0006909,GO:0007165,GO:0007259,GO:0007565,GO:0007584,GO:0007623,GO:0008217,GO:0008284,GO:0008343,GO:0009062,GO:0009892,GO:0010507,GO:0010888,GO:0014823,GO:0019953,GO:0030217,GO:0031667,GO:0032008,GO:0032099,GO:0032310,GO:0032355,GO:0032735,GO:0032755,GO:0032757,GO:0032760,GO:0032814,GO:0032817,GO:0032868,GO:0033197,GO:0033210,GO:0033686,GO:0035360,GO:0035556,GO:0035630,GO:0038108,GO:0042102,GO:0042269,GO:0042307,GO:0043066,GO:0043270,GO:0043410,GO:0044320,GO:0045471,GO:0045765,GO:0045906,GO:0046325,GO:0046427,GO:0046628,GO:0046850,GO:0046881,GO:0048639,GO:0050892,GO:0050901,GO:0050999,GO:0051051,GO:0051726,GO:0051897,GO:0060587,GO:0061037,GO:0070093,GO:0071298,GO:0071300,GO:0090335,GO:0097009,GO:0097696,GO:0098868,GO:0120162,GO:1900015,GO:1900745,GO:1904651,GO:1990051,GO:2000379,GO:2000486,GO:2000491
200	GO:0000278,GO:0002252,GO:0002429,GO:0006281,GO:0006298,GO:0006355,GO:0006897,GO:0006909,GO:0006914,GO:0006915,GO:0006974,GO:0006979,GO:0007155,GO:0007173,GO:0007204,GO:0007229,GO:0007611,GO:0008306,GO:0008630,GO:0009410,GO:0010468,GO:0010506,GO:0010557,GO:0010595,GO:0030036,GO:0030041,GO:0030100,GO:0030155,GO:0030516,GO:0030845,GO:0031113,GO:0032489,GO:0032956,GO:0034599,GO:0034976,GO:0035556,GO:0035791,GO:0036211,GO:0038096,GO:0038189,GO:0042770,GO:0043065,GO:0043525,GO:0043542,GO:0045580,GO:0045595,GO:0045785,GO:0045907,GO:0045944,GO:0048008,GO:0048013,GO:0048146,GO:0051444,GO:0051450,GO:0051496,GO:0051726,GO:0051882,GO:0051894,GO:0060038,GO:0070301,GO:0071103,GO:0071560,GO:0071871,GO:0090050,GO:0097706,GO:0099150,GO:0141214,GO:1900006,GO:1900026,GO:1900272,GO:1901701,GO:1902036,GO:1902531,GO:1903055,GO:1903210,GO:1903351,GO:1903905,GO:1904518,GO:1905244,GO:1905555,GO:2000042,GO:2000145,GO:2000406	GO:0000122,GO:0001525,GO:0001542,GO:0001666,GO:0001819,GO:0001890,GO:0001936,GO:0002021,GO:0003300,GO:0006112,GO:0006114,GO:0006629,GO:0006909,GO:0007165,GO:0007259,GO:0007565,GO:0007584,GO:0007623,GO:0008217,GO:0008284,GO:0008343,GO:0009062,GO:0009892,GO:0010507,GO:0010888,GO:0014823,GO:0019953,GO:0030217,GO:0031667,GO:0032008,GO:0032099,GO:0032310,GO:0032355,GO:0032735,GO:0032755,GO:0032757,GO:0032760,GO:0032814,GO:0032817,GO:0032868,GO:0033197,GO:0033210,GO:0033686,GO:0035360,GO:0035556,GO:0035630,GO:0038108,GO:0042102,GO:0042269,GO:0042307,GO:0043066,GO:0043270,GO:0043410,GO:0044320,GO:0045471,GO:0045765,GO:0045906,GO:0046325,GO:0046427,GO:0046628,GO:0046850,GO:0046881,GO:0048639,GO:0050892,GO:0050901,GO:0050999,GO:0051051,GO:0051726,GO:0051897,GO:0060587,GO:0061037,GO:0070093,GO:0071298,GO:0071300,GO:0090335,GO:0097009,GO:0097696,GO:0098868,GO:0120162,GO:1900015,GO:1900745,GO:1904651,GO:1990051,GO:2000379,GO:2000486,GO:2000491
200	GO:0000122,GO:0001773,GO:0001935,GO:0001938,GO:0002218,GO:0002250,GO:0002270,GO:0002281,GO:0002376,GO:0002407,GO:0002437,GO:0002643,GO:0002840,GO:0006259,GO:0006265,GO:0006281,GO:0006284,GO:0006302,GO:0006303,GO:0006310,GO:0006325,GO:0006338,GO:0006914,GO:0006935,GO:0006954,GO:0006955,GO:0006974,GO:0007165,GO:0007204,GO:0010508,GO:0010596,GO:0017055,GO:0031175,GO:0031507,GO:0032392,GO:0032425,GO:0032689,GO:0032722,GO:0032727,GO:0032728,GO:0032731,GO:0032732,GO:0032733,GO:0032735,GO:0032755,GO:0032757,GO:0032760,GO:0033151,GO:0034137,GO:0034145,GO:0034165,GO:0035711,GO:0035767,GO:0042104,GO:0043065,GO:0043277,GO:0043371,GO:0043388,GO:0043410,GO:0043536,GO:0043537,GO:0045063,GO:0045087,GO:0045089,GO:0045597,GO:0045944,GO:0046330,GO:0046598,GO:0048468,GO:0050792,GO:0050918,GO:0051052,GO:0070374,GO:0071222,GO:0071639,GO:0090026,GO:0090303,GO:0097350,GO:1901224,GO:1903672,GO:1903706,GO:1905564,GO:2000343,GO:2000426,GO:2000819,GO:2001200	GO:0000122,GO:0002244,GO:0006289,GO:0006355,GO:0006357,GO:0006914,GO:0006915,GO:0006974,GO:0006979,GO:0006983,GO:0007265,GO:0007623,GO:0008104,GO:0008285,GO:0008340,GO:0009299,GO:0009410,GO:0009411,GO:0010212,GO:0010332,GO:0010628,GO:0012501,GO:0016032,GO:0030308,GO:0030330,GO:0031571,GO:0032211,GO:0033209,GO:0034644,GO:0042149,GO:0042771,GO:0042981,GO:0043065,GO:0043066,GO:0043153,GO:0045815,GO:0045892,GO:0045893,GO:0045899,GO:0045944,GO:0046677,GO:0048147,GO:0048511,GO:0048512,GO:0048539,GO:0051053,GO:0051097,GO:0051262,GO:0051726,GO:0060218,GO:0060333,GO:0062100,GO:0065003,GO:0070059,GO:0070245,GO:0071456,GO:0071466,GO:0071479,GO:0071480,GO:0072331,GO:0072332,GO:0072717,GO:0090200,GO:0090398,GO:0090399,GO:0090403,GO:0097190,GO:0097193,GO:0097252,GO:1900119,GO:1902749,GO:1902895,GO:1903451,GO:1905856,GO:2000379,GO:2000774,GO:2001242,GO:2001244
200	GO:0000122,GO:0001525,GO:0001542,GO:0001666,GO:0001819,GO:0001890,GO:0001936,GO:0002021,GO:0003300,GO:0006112,GO:0006114,GO:0006629,GO:0006909,GO:0007165,GO:0007259,GO:0007565,GO:0007584,GO:0007623,GO:0008217,GO:0008284,GO:0008343,GO:0009062,GO:0009892,GO:0010507,GO:0010888,GO:0014823,GO:0019953,GO:0030217,GO:0031667,GO:0032008,GO:0032099,GO:0032310,GO:0032355,GO:0032735,GO:0032755,GO:0032757,GO:0032760,GO:0032814,GO:0032817,GO:0032868,GO:0033197,GO:0033210,GO:0033686,GO:0035360,GO:0035556,GO:0035630,GO:0038108,GO:0042102,GO:0042269,GO:0042307,GO:0043066,GO:0043270,GO:0043410,GO:0044320,GO:0045471,GO:0045765,GO:0045906,GO:0046325,GO:0046427,GO:0046628,GO:0046850,GO:0046881,GO:0048639,GO:0050892,GO:0050901,GO:0050999,GO:0051051,GO:0051726,GO:0051897,GO:0060587,GO:0061037,GO:0070093,GO:0071298,GO:0071300,GO:0090335,GO:0097009,GO:0097696,GO:0098868,GO:0120162,GO:1900015,GO:1900745,GO:1904651,GO:1990051,GO:2000379,GO:2000486,GO:2000491	GO:0000077,GO:0001782,GO:0001817,GO:0001932,GO:0001933,GO:0002223,GO:0002244,GO:0002250,GO:0002376,GO:0002431,GO:0002513,GO:0002553,GO:0002576,GO:0002758,GO:0002762,GO:0002768,GO:0002774,GO:0002862,GO:0002902,GO:0006468,GO:0006950,GO:0006954,GO:0006974,GO:0006991,GO:0007165,GO:0007169,GO:0008284,GO:0008285,GO:0009410,GO:0009636,GO:0009725,GO:0009743,GO:0010976,GO:0014003,GO:0015908,GO:0018108,GO:0030097,GO:0030218,GO:0030222,GO:0030335,GO:0030889,GO:0031175,GO:0031295,GO:0031663,GO:0032868,GO:0033003,GO:0033628,GO:0034136,GO:0034142,GO:0034144,GO:0034145,GO:0034165,GO:0034605,GO:0035556,GO:0038043,GO:0038095,GO:0038096,GO:0038159,GO:0042100,GO:0042327,GO:0043200,GO:0043304,GO:0043407,GO:0043410,GO:0043434,GO:0045087,GO:0045646,GO:0046777,GO:0048013,GO:0048678,GO:0050727,GO:0050777,GO:0050855,GO:0050859,GO:0050900,GO:0051279,GO:0060252,GO:0060369,GO:0060397,GO:0070372,GO:0070373,GO:0070447,GO:0070667,GO:0070668,GO:0071300,GO:0071396,GO:0090025,GO:0090330,GO:0097028,GO:1902532,GO:1902993,GO:2000670
200	GO:0000012,GO:0000122,GO:0000183,GO:0000720,GO:0000731,GO:0001525,GO:0001678,GO:0001934,GO:0001938,GO:0002821,GO:0006325,GO:0006346,GO:0006476,GO:0006642,GO:0006915,GO:0006974,GO:0006979,GO:0007179,GO:0007346,GO:0007517,GO:0007623,GO:0008284,GO:0008630,GO:0009267,GO:0010629,GO:0010824,GO:0010868,GO:0010875,GO:0010883,GO:0010906,GO:0016239,GO:0016567,GO:0018394,GO:0030154,GO:0030225,GO:0030512,GO:0030968,GO:0031393,GO:0031507,GO:0031509,GO:0031648,GO:0032007,GO:0032071,GO:0032436,GO:0032868,GO:0032922,GO:0033210,GO:0034391,GO:0035331,GO:0035356,GO:0035358,GO:0042127,GO:0042149,GO:0042326,GO:0042542,GO:0042632,GO:0042771,GO:0042981,GO:0043065,GO:0043066,GO:0043124,GO:0043161,GO:0043518,GO:0043536,GO:0044321,GO:0045348,GO:0045599,GO:0045722,GO:0045739,GO:0045766,GO:0045786,GO:0045892,GO:0045944,GO:0046015,GO:0046628,GO:0046890,GO:0048511,GO:0050793,GO:0050872,GO:0051152,GO:0051239,GO:0051658,GO:0051897,GO:0051898,GO:0055089,GO:0060766,GO:0060907,GO:0062013,GO:0070301,GO:0070857,GO:0070914,GO:0071356,GO:0071456,GO:0071479,GO:0090335,GO:0090400,GO:0097009,GO:0106230,GO:0140861,GO:1900034,GO:1901797,GO:1901984,GO:1902166,GO:1902176,GO:1902237,GO:1902424,GO:1904179,GO:2000111,GO:2000481,GO:2000655,GO:2000757,GO:2000773,GO:2000774,GO:2000781	GO:0001837,GO:0001938,GO:0002088,GO:0002720,GO:0003138,GO:0003139,GO:0003281,GO:0003283,GO:0003408,GO:0006954,GO:0007200,GO:0007223,GO:0007409,GO:0007411,GO:0008104,GO:0008584,GO:0008595,GO:0010595,GO:0010628,GO:0010742,GO:0010820,GO:0010976,GO:0016055,GO:0021891,GO:0022008,GO:0030154,GO:0030182,GO:0030216,GO:0030901,GO:0032722,GO:0032729,GO:0032731,GO:0032755,GO:0032757,GO:0032760,GO:0035022,GO:0035567,GO:0036517,GO:0036518,GO:0042060,GO:0043032,GO:0043066,GO:0043122,GO:0043410,GO:0045165,GO:0045599,GO:0045732,GO:0045766,GO:0045778,GO:0045892,GO:0045893,GO:0045944,GO:0046330,GO:0048022,GO:0048146,GO:0048706,GO:0048806,GO:0048812,GO:0050727,GO:0050729,GO:0050807,GO:0051057,GO:0051216,GO:0051885,GO:0051897,GO:0051964,GO:0060070,GO:0060071,GO:0060324,GO:0060340,GO:0060760,GO:0060907,GO:0062009,GO:0071219,GO:0071222,GO:0071277,GO:0071300,GO:0071346,GO:0071425,GO:0071542,GO:0071560,GO:0072201,GO:0090090,GO:0097325,GO:0099054,GO:0099068,GO:0099170,GO:0099175,GO:0099566,GO:0150012,GO:1900020,GO:1902474,GO:1904861,GO:1904862,GO:1904934,GO:1904948,GO:2000052,GO:2001235
200	GO:0000122,GO:0001773,GO:0001935,GO:0001938,GO:0002218,GO:0002250,GO:0002270,GO:0002281,GO:0002376,GO:0002407,GO:0002437,GO:0002643,GO:0002840,GO:0006259,GO:0006265,GO:0006281,GO:0006284,GO:0006302,GO:0006303,GO:0006310,GO:0006325,GO:0006338,GO:0006914,GO:0006935,GO:0006954,GO:0006955,GO:0006974,GO:0007165,GO:0007204,GO:0010508,GO:0010596,GO:0017055,GO:0031175,GO:0031507,GO:0032392,GO:0032425,GO:0032689,GO:0032722,GO:0032727,GO:0032728,GO:0032731,GO:0032732,GO:0032733,GO:0032735,GO:0032755,GO:0032757,GO:0032760,GO:0033151,GO:0034137,GO:0034145,GO:0034165,GO:0035711,GO:0035767,GO:0042104,GO:0043065,GO:0043277,GO:0043371,GO:0043388,GO:0043410,GO:0043536,GO:0043537,GO:0045063,GO:0045087,GO:0045089,GO:0045597,GO:0045944,GO:0046330,GO:0046598,GO:0048468,GO:0050792,GO:0050918,GO:0051052,GO:0070374,GO:0071222,GO:0071639,GO:0090026,GO:0090303,GO:0097350,GO:1901224,GO:1903672,GO:1903706,GO:1905564,GO:2000343,GO:2000426,GO:2000819,GO:2001200	GO:0001774,GO:0001819,GO:0002250,GO:0002376,GO:0006325,GO:0006338,GO:0006915,GO:0006979,GO:0007155,GO:0007165,GO:0007167,GO:0007204,GO:0007259,GO:0007498,GO:0008284,GO:0008285,GO:0008631,GO:0009755,GO:0010572,GO:0010667,GO:0010811,GO:0019221,GO:0022407,GO:0022408,GO:0030041,GO:0030154,GO:0030218,GO:0030335,GO:0031103,GO:0031663,GO:0031959,GO:0032024,GO:0032731,GO:0032760,GO:0033194,GO:0033209,GO:0034612,GO:0035166,GO:0035556,GO:0035722,GO:0038043,GO:0038065,GO:0038155,GO:0038156,GO:0038157,GO:0038162,GO:0038163,GO:0042102,GO:0042307,GO:0042531,GO:0042976,GO:0042981,GO:0043065,GO:0043066,GO:0043410,GO:0043524,GO:0043687,GO:0045087,GO:0045348,GO:0045428,GO:0045429,GO:0045597,GO:0045944,GO:0046425,GO:0046634,GO:0046677,GO:0046777,GO:0048008,GO:0048861,GO:0050727,GO:0050804,GO:0050867,GO:0051897,GO:0060333,GO:0060391,GO:0060396,GO:0060397,GO:0060399,GO:0061180,GO:0070102,GO:0070120,GO:0070665,GO:0070671,GO:0070757,GO:0097191,GO:0120162,GO:0120186,GO:0140546,GO:1900016,GO:1901731,GO:1902533,GO:1902728,GO:1904037,GO:1904707,GO:1905539
200	GO:0000122,GO:0001774,GO:0001878,GO:0002265,GO:0006357,GO:0006417,GO:0006816,GO:0006878,GO:0006897,GO:0006915,GO:0007155,GO:0007186,GO:0007189,GO:0007193,GO:0007219,GO:0007409,GO:0007417,GO:0007611,GO:0007612,GO:0007613,GO:0007617,GO:0007626,GO:0008088,GO:0008285,GO:0008306,GO:0008344,GO:0008542,GO:0010288,GO:0010468,GO:0010604,GO:0010628,GO:0010629,GO:0014005,GO:0016199,GO:0016322,GO:0016358,GO:0019722,GO:0019731,GO:0019732,GO:0030111,GO:0030178,GO:0030198,GO:0031175,GO:0031583,GO:0032224,GO:0032722,GO:0032729,GO:0032731,GO:0032755,GO:0032760,GO:0032930,GO:0034121,GO:0035235,GO:0036269,GO:0040014,GO:0042157,GO:0043065,GO:0043408,GO:0043410,GO:0043523,GO:0043525,GO:0045087,GO:0045429,GO:0045471,GO:0045666,GO:0045745,GO:0045752,GO:0045821,GO:0045931,GO:0045944,GO:0046330,GO:0048143,GO:0048169,GO:0048669,GO:0050729,GO:0050803,GO:0050808,GO:0050829,GO:0050830,GO:0050850,GO:0050867,GO:0050890,GO:0050918,GO:0051044,GO:0051246,GO:0051247,GO:0051260,GO:0051262,GO:0051580,GO:0051897,GO:0055096,GO:0061844,GO:0070206,GO:0070374,GO:0070555,GO:0071280,GO:0071287,GO:0071320,GO:0071874,GO:0090026,GO:0090090,GO:0098815,GO:0098989,GO:0110088,GO:0141137,GO:0141163,GO:0150003,GO:1900181,GO:1900221,GO:1900272,GO:1900273,GO:1900454,GO:1901224,GO:1902894,GO:1902950,GO:1902951,GO:1902993,GO:1903381,GO:1903523,GO:1904022,GO:1904472,GO:1904591,GO:1904646,GO:1905606,GO:1905898,GO:1905906,GO:1905908,GO:1905945,GO:1990000,GO:1990090,GO:1990418,GO:1990535,GO:2000406,GO:2000463,GO:2001238	GO:0000122,GO:0001501,GO:0001503,GO:0001649,GO:0001658,GO:0001666,GO:0001701,GO:0001837,GO:0001934,GO:0002062,GO:0002573,GO:0003007,GO:0003129,GO:0003133,GO:0003176,GO:0003181,GO:0003203,GO:0003210,GO:0003272,GO:0003331,GO:0006355,GO:0006879,GO:0006954,GO:0007219,GO:0007267,GO:0007507,GO:0008284,GO:0008285,GO:0009887,GO:0010467,GO:0010628,GO:0010629,GO:0010718,GO:0010894,GO:0010922,GO:0021537,GO:0021978,GO:0022408,GO:0030154,GO:0030177,GO:0030282,GO:0030316,GO:0030335,GO:0030501,GO:0030509,GO:0030512,GO:0032348,GO:0033690,GO:0035051,GO:0035054,GO:0035360,GO:0042475,GO:0042482,GO:0043065,GO:0043410,GO:0043569,GO:0045165,GO:0045597,GO:0045599,GO:0045600,GO:0045666,GO:0045778,GO:0045786,GO:0045892,GO:0045893,GO:0045944,GO:0048662,GO:0048711,GO:0048762,GO:0048839,GO:0051042,GO:0051216,GO:0055007,GO:0055008,GO:0060039,GO:0060128,GO:0060129,GO:0060317,GO:0060348,GO:0060391,GO:0060426,GO:0060485,GO:0060537,GO:0061036,GO:0070374,GO:0071773,GO:0072138,GO:0090090,GO:1900159,GO:1900745,GO:1901331,GO:1902895,GO:1905072,GO:1905222,GO:2000065,GO:2000725,GO:2000726
200	GO:0000278,GO:0001525,GO:0001569,GO:0001974,GO:0001975,GO:0002027,GO:0003015,GO:0003094,GO:0003207,GO:0003220,GO:0003228,GO:0003253,GO:0003357,GO:0006874,GO:0006939,GO:0007005,GO:0007165,GO:0007186,GO:0007190,GO:0007200,GO:0007204,GO:0007411,GO:0007507,GO:0007585,GO:0008217,GO:0008283,GO:0009611,GO:0010467,GO:0014033,GO:0014034,GO:0014824,GO:0014829,GO:0016322,GO:0030878,GO:0031175,GO:0032835,GO:0034599,GO:0035050,GO:0035904,GO:0042310,GO:0042415,GO:0042474,GO:0044751,GO:0048066,GO:0048484,GO:0048485,GO:0048675,GO:0048706,GO:0050905,GO:0055078,GO:0060070,GO:0060324,GO:0060385,GO:0061626,GO:0070294,GO:0070588,GO:0071372,GO:0071373,GO:0071526,GO:0072011,GO:0072112,GO:0086100,GO:0097018,GO:0097084,GO:0097152,GO:0097237,GO:0097492,GO:0141156,GO:1903210,GO:1903537,GO:1904888,GO:1905144,GO:1905871,GO:2001259	GO:0001781,GO:0001960,GO:0002314,GO:0002384,GO:0002446,GO:0002548,GO:0002639,GO:0002675,GO:0002690,GO:0006953,GO:0006954,GO:0006955,GO:0006959,GO:0007259,GO:0008284,GO:0008285,GO:0010573,GO:0010574,GO:0010575,GO:0010628,GO:0010718,GO:0010888,GO:0014823,GO:0019221,GO:0030154,GO:0030168,GO:0031018,GO:0031175,GO:0032494,GO:0032682,GO:0032722,GO:0032731,GO:0032733,GO:0032740,GO:0032745,GO:0032755,GO:0032757,GO:0032760,GO:0032966,GO:0033138,GO:0035425,GO:0035633,GO:0038001,GO:0042102,GO:0042593,GO:0043065,GO:0043066,GO:0043410,GO:0045599,GO:0045669,GO:0045727,GO:0045765,GO:0045779,GO:0045893,GO:0045944,GO:0046427,GO:0048661,GO:0050731,GO:0050768,GO:0050796,GO:0050829,GO:0050830,GO:0050871,GO:0051223,GO:0051251,GO:0051384,GO:0051607,GO:0060252,GO:0061470,GO:0061888,GO:0070050,GO:0070091,GO:0070092,GO:0070102,GO:0070301,GO:0070345,GO:0071222,GO:0072540,GO:0072574,GO:0090091,GO:0090594,GO:0097421,GO:0097696,GO:0098586,GO:0150077,GO:0150078,GO:1900017,GO:1901731,GO:1902512,GO:1902895,GO:1903978,GO:1904894,GO:1904996,GO:2000553,GO:2000635,GO:2000660,GO:2000676
200	GO:0000122,GO:0000165,GO:0001568,GO:0001649,GO:0001764,GO:0001782,GO:0001947,GO:0001958,GO:0001974,GO:0002062,GO:0002467,GO:0002634,GO:0002931,GO:0003138,GO:0003139,GO:0003151,GO:0003185,GO:0003211,GO:0006355,GO:0006915,GO:0006959,GO:0007399,GO:0007507,GO:0007517,GO:0007519,GO:0007521,GO:0007611,GO:0010628,GO:0010629,GO:0014033,GO:0014902,GO:0030154,GO:0030182,GO:0030220,GO:0030279,GO:0030318,GO:0030501,GO:0030890,GO:0035984,GO:0042100,GO:0043410,GO:0043523,GO:0043524,GO:0043537,GO:0045652,GO:0045663,GO:0045666,GO:0045669,GO:0045893,GO:0045944,GO:0046928,GO:0048167,GO:0048643,GO:0048666,GO:0048667,GO:0050853,GO:0051145,GO:0051963,GO:0051966,GO:0055012,GO:0060025,GO:0060045,GO:0060079,GO:0060998,GO:0061333,GO:0071222,GO:0071277,GO:0071374,GO:0071466,GO:0071498,GO:0071560,GO:0072102,GO:0072160,GO:0098989,GO:0098990,GO:1904706,GO:1904753,GO:1905563,GO:2000111,GO:2000727,GO:2000987,GO:2001013,GO:2001016	GO:0000012,GO:0000122,GO:0000183,GO:0000720,GO:0000731,GO:0001525,GO:0001678,GO:0001934,GO:0001938,GO:0002821,GO:0006325,GO:0006346,GO:0006476,GO:0006642,GO:0006915,GO:0006974,GO:0006979,GO:0007179,GO:0007346,GO:0007517,GO:0007623,GO:0008284,GO:0008630,GO:0009267,GO:0010629,GO:0010824,GO:0010868,GO:0010875,GO:0010883,GO:0010906,GO:0016239,GO:0016567,GO:0018394,GO:0030154,GO:0030225,GO:0030512,GO:0030968,GO:0031393,GO:0031507,GO:0031509,GO:0031648,GO:0032007,GO:0032071,GO:0032436,GO:0032868,GO:0032922,GO:0033210,GO:0034391,GO:0035331,GO:0035356,GO:0035358,GO:0042127,GO:0042149,GO:0042326,GO:0042542,GO:0042632,GO:0042771,GO:0042981,GO:0043065,GO:0043066,GO:0043124,GO:0043161,GO:0043518,GO:0043536,GO:0044321,GO:0045348,GO:0045599,GO:0045722,GO:0045739,GO:0045766,GO:0045786,GO:0045892,GO:0045944,GO:0046015,GO:0046628,GO:0046890,GO:0048511,GO:0050793,GO:0050872,GO:0051152,GO:0051239,GO:0051658,GO:0051897,GO:0051898,GO:0055089,GO:0060766,GO:0060907,GO:0062013,GO:0070301,GO:0070857,GO:0070914,GO:0071356,GO:0071456,GO:0071479,GO:0090335,GO:0090400,GO:0097009,GO:0106230,GO:0140861,GO:1900034,GO:1901797,GO:1901984,GO:1902166,GO:1902176,GO:1902237,GO:1902424,GO:1904179,GO:2000111,GO:2000481,GO:2000655,GO:2000757,GO:2000773,GO:2000774,GO:2000781
200	GO:0001774,GO:0001819,GO:0002250,GO:0002376,GO:0006325,GO:0006338,GO:0006915,GO:0006979,GO:0007155,GO:0007165,GO:0007167,GO:0007204,GO:0007259,GO:0007498,GO:0008284,GO:0008285,GO:0008631,GO:0009755,GO:0010572,GO:0010667,GO:0010811,GO:0019221,GO:0022407,GO:0022408,GO:0030041,GO:0030154,GO:0030218,GO:0030335,GO:0031103,GO:0031663,GO:0031959,GO:0032024,GO:0032731,GO:0032760,GO:0033194,GO:0033209,GO:0034612,GO:0035166,GO:0035556,GO:0035722,GO:0038043,GO:0038065,GO:0038155,GO:0038156,GO:0038157,GO:0038162,GO:0038163,GO:0042102,GO:0042307,GO:0042531,GO:0042976,GO:0042981,GO:0043065,GO:0043066,GO:0043410,GO:0043524,GO:0043687,GO:0045087,GO:0045348,GO:0045428,GO:0045429,GO:0045597,GO:0045944,GO:0046425,GO:0046634,GO:0046677,GO:0046777,GO:0048008,GO:0048861,GO:0050727,GO:0050804,GO:0050867,GO:0051897,GO:0060333,GO:0060391,GO:0060396,GO:0060397,GO:0060399,GO:0061180,GO:0070102,GO:0070120,GO:0070665,GO:0070671,GO:0070757,GO:0097191,GO:0120162,GO:0120186,GO:0140546,GO:1900016,GO:1901731,GO:1902533,GO:1902728,GO:1904037,GO:1904707,GO:1905539	GO:0000122,GO:0001525,GO:0001542,GO:0001666,GO:0001819,GO:0001890,GO:0001936,GO:0002021,GO:0003300,GO:0006112,GO:0006114,GO:0006629,GO:0006909,GO:0007165,GO:0007259,GO:0007565,GO:0007584,GO:0007623,GO:0008217,GO:0008284,GO:0008343,GO:0009062,GO:0009892,GO:0010507,GO:0010888,GO:0014823,GO:0019953,GO:0030217,GO:0031667,GO:0032008,GO:0032099,GO:0032310,GO:0032355,GO:0032735,GO:0032755,GO:0032757,GO:0032760,GO:0032814,GO:0032817,GO:0032868,GO:0033197,GO:0033210,GO:0033686,GO:0035360,GO:0035556,GO:0035630,GO:0038108,GO:0042102,GO:0042269,GO:0042307,GO:0043066,GO:0043270,GO:0043410,GO:0044320,GO:0045471,GO:0045765,GO:0045906,GO:0046325,GO:0046427,GO:0046628,GO:0046850,GO:0046881,GO:0048639,GO:0050892,GO:0050901,GO:0050999,GO:0051051,GO:0051726,GO:0051897,GO:0060587,GO:0061037,GO:0070093,GO:0071298,GO:0071300,GO:0090335,GO:0097009,GO:0097696,GO:0098868,GO:0120162,GO:1900015,GO:1900745,GO:1904651,GO:1990051,GO:2000379,GO:2000486,GO:2000491
200	GO:0000122,GO:0001774,GO:0001878,GO:0002265,GO:0006357,GO:0006417,GO:0006816,GO:0006878,GO:0006897,GO:0006915,GO:0007155,GO:0007186,GO:0007189,GO:0007193,GO:0007219,GO:0007409,GO:0007417,GO:0007611,GO:0007612,GO:0007613,GO:0007617,GO:0007626,GO:0008088,GO:0008285,GO:0008306,GO:0008344,GO:0008542,GO:0010288,GO:0010468,GO:0010604,GO:0010628,GO:0010629,GO:0014005,GO:0016199,GO:0016322,GO:0016358,GO:0019722,GO:0019731,GO:0019732,GO:0030111,GO:0030178,GO:0030198,GO:0031175,GO:0031583,GO:0032224,GO:0032722,GO:0032729,GO:0032731,GO:0032755,GO:0032760,GO:0032930,GO:0034121,GO:0035235,GO:0036269,GO:0040014,GO:0042157,GO:0043065,GO:0043408,GO:0043410,GO:0043523,GO:0043525,GO:0045087,GO:0045429,GO:0045471,GO:0045666,GO:0045745,GO:0045752,GO:0045821,GO:0045931,GO:0045944,GO:0046330,GO:0048143,GO:0048169,GO:0048669,GO:0050729,GO:0050803,GO:0050808,GO:0050829,GO:0050830,GO:0050850,GO:0050867,GO:0050890,GO:0050918,GO:0051044,GO:0051246,GO:0051247,GO:0051260,GO:0051262,GO:0051580,GO:0051897,GO:0055096,GO:0061844,GO:0070206,GO:0070374,GO:0070555,GO:0071280,GO:0071287,GO:0071320,GO:0071874,GO:0090026,GO:0090090,GO:0098815,GO:0098989,GO:0110088,GO:0141137,GO:0141163,GO:0150003,GO:1900181,GO:1900221,GO:1900272,GO:1900273,GO:1900454,GO:1901224,GO:1902894,GO:1902950,GO:1902951,GO:1902993,GO:1903381,GO:1903523,GO:1904022,GO:1904472,GO:1904591,GO:1904646,GO:1905606,GO:1905898,GO:1905906,GO:1905908,GO:1905945,GO:1990000,GO:1990090,GO:1990418,GO:1990535,GO:2000406,GO:2000463,GO:2001238	GO:0001774,GO:0002282,GO:0002291,GO:0002588,GO:0002862,GO:0002931,GO:0006909,GO:0006910,GO:0006955,GO:0006959,GO:0007165,GO:0007166,GO:0007613,GO:0010468,GO:0010507,GO:0010628,GO:0010875,GO:0010887,GO:0010891,GO:0010983,GO:0019216,GO:0030316,GO:0032006,GO:0032008,GO:0032497,GO:0032499,GO:0032675,GO:0032691,GO:0032720,GO:0032733,GO:0034136,GO:0034144,GO:0034151,GO:0034241,GO:0034351,GO:0035176,GO:0038160,GO:0042742,GO:0043066,GO:0043124,GO:0043268,GO:0043277,GO:0045088,GO:0045672,GO:0045728,GO:0045960,GO:0048143,GO:0048468,GO:0048678,GO:0050714,GO:0050766,GO:0050829,GO:0050850,GO:0050866,GO:0050921,GO:0051897,GO:0051898,GO:0055088,GO:0060075,GO:0060100,GO:0061518,GO:0061889,GO:0070269,GO:0070345,GO:0070374,GO:0070392,GO:0071223,GO:0071224,GO:0071333,GO:0071396,GO:0071402,GO:0071456,GO:0071526,GO:0071640,GO:0080090,GO:0097028,GO:0097062,GO:0097242,GO:0098657,GO:0110089,GO:0120035,GO:0140052,GO:0150062,GO:0150076,GO:0150078,GO:0150079,GO:0150094,GO:1900015,GO:1900016,GO:1900223,GO:1900226,GO:1901076,GO:1901224,GO:1901800,GO:1902227,GO:1902533,GO:1903078,GO:1903082,GO:1903376,GO:1903753,GO:1903980,GO:1904093,GO:1904141,GO:1904646,GO:1904951,GO:1905291,GO:1905581,GO:1905805,GO:1905808,GO:1905907,GO:2000350,GO:2001171
200	GO:0000278,GO:0002252,GO:0002429,GO:0006281,GO:0006298,GO:0006355,GO:0006897,GO:0006909,GO:0006914,GO:0006915,GO:0006974,GO:0006979,GO:0007155,GO:0007173,GO:0007204,GO:0007229,GO:0007611,GO:0008306,GO:0008630,GO:0009410,GO:0010468,GO:0010506,GO:0010557,GO:0010595,GO:0030036,GO:0030041,GO:0030100,GO:0030155,GO:0030516,GO:0030845,GO:0031113,GO:0032489,GO:0032956,GO:0034599,GO:0034976,GO:0035556,GO:0035791,GO:0036211,GO:0038096,GO:0038189,GO:0042770,GO:0043065,GO:0043525,GO:0043542,GO:0045580,GO:0045595,GO:0045785,GO:0045907,GO:0045944,GO:0048008,GO:0048013,GO:0048146,GO:0051444,GO:0051450,GO:0051496,GO:0051726,GO:0051882,GO:0051894,GO:0060038,GO:0070301,GO:0071103,GO:0071560,GO:0071871,GO:0090050,GO:0097706,GO:0099150,GO:0141214,GO:1900006,GO:1900026,GO:1900272,GO:1901701,GO:1902036,GO:1902531,GO:1903055,GO:1903210,GO:1903351,GO:1903905,GO:1904518,GO:1905244,GO:1905555,GO:2000042,GO:2000145,GO:2000406	GO:0000122,GO:0001525,GO:0001541,GO:0001569,GO:0001570,GO:0001666,GO:0001701,GO:0001822,GO:0001934,GO:0001938,GO:0002040,GO:0002042,GO:0002052,GO:0002092,GO:0002376,GO:0002575,GO:0002687,GO:0003007,GO:0003151,GO:0003169,GO:0006357,GO:0007200,GO:0007399,GO:0007498,GO:0007595,GO:0008284,GO:0008360,GO:0010595,GO:0010628,GO:0010629,GO:0010719,GO:0010749,GO:0030154,GO:0030224,GO:0030225,GO:0030324,GO:0030335,GO:0030855,GO:0031077,GO:0031290,GO:0031334,GO:0031954,GO:0035148,GO:0035767,GO:0035924,GO:0036303,GO:0036324,GO:0038033,GO:0038084,GO:0038091,GO:0038190,GO:0042462,GO:0043066,GO:0043117,GO:0043123,GO:0043129,GO:0043410,GO:0043536,GO:0045766,GO:0045785,GO:0045944,GO:0048010,GO:0048469,GO:0048593,GO:0048842,GO:0048844,GO:0050679,GO:0050918,GO:0050927,GO:0050930,GO:0051781,GO:0051894,GO:0051897,GO:0055013,GO:0060319,GO:0060749,GO:0060754,GO:0060948,GO:0060982,GO:0061042,GO:0070374,GO:0071456,GO:0071542,GO:0071679,GO:0090050,GO:0090190,GO:0097475,GO:0097533,GO:0120162,GO:1900748,GO:1901165,GO:1902894,GO:1902966,GO:1903141,GO:1903392,GO:1903589,GO:1903672,GO:1905278,GO:1905555,GO:1905604,GO:2000048,GO:2000573,GO:2001028
200	GO:0001781,GO:0001960,GO:0002314,GO:0002384,GO:0002446,GO:0002548,GO:0002639,GO:0002675,GO:0002690,GO:0006953,GO:0006954,GO:0006955,GO:0006959,GO:0007259,GO:0008284,GO:0008285,GO:0010573,GO:0010574,GO:0010575,GO:0010628,GO:0010718,GO:0010888,GO:0014823,GO:0019221,GO:0030154,GO:0030168,GO:0031018,GO:0031175,GO:0032494,GO:0032682,GO:0032722,GO:0032731,GO:0032733,GO:0032740,GO:0032745,GO:0032755,GO:0032757,GO:0032760,GO:0032966,GO:0033138,GO:0035425,GO:0035633,GO:0038001,GO:0042102,GO:0042593,GO:0043065,GO:0043066,GO:0043410,GO:0045599,GO:0045669,GO:0045727,GO:0045765,GO:0045779,GO:0045893,GO:0045944,GO:0046427,GO:0048661,GO:0050731,GO:0050768,GO:0050796,GO:0050829,GO:0050830,GO:0050871,GO:0051223,GO:0051251,GO:0051384,GO:0051607,GO:0060252,GO:0061470,GO:0061888,GO:0070050,GO:0070091,GO:0070092,GO:0070102,GO:0070301,GO:0070345,GO:0071222,GO:0072540,GO:0072574,GO:0090091,GO:0090594,GO:0097421,GO:0097696,GO:0098586,GO:0150077,GO:0150078,GO:1900017,GO:1901731,GO:1902512,GO:1902895,GO:1903978,GO:1904894,GO:1904996,GO:2000553,GO:2000635,GO:2000660,GO:2000676	GO:0000122,GO:0002244,GO:0006289,GO:0006355,GO:0006357,GO:0006914,GO:0006915,GO:0006974,GO:0006979,GO:0006983,GO:0007265,GO:0007623,GO:0008104,GO:0008285,GO:0008340,GO:0009299,GO:0009410,GO:0009411,GO:0010212,GO:0010332,GO:0010628,GO:0012501,GO:0016032,GO:0030308,GO:0030330,GO:0031571,GO:0032211,GO:0033209,GO:0034644,GO:0042149,GO:0042771,GO:0042981,GO:0043065,GO:0043066,GO:0043153,GO:0045815,GO:0045892,GO:0045893,GO:0045899,GO:0045944,GO:0046677,GO:0048147,GO:0048511,GO:0048512,GO:0048539,GO:0051053,GO:0051097,GO:0051262,GO:0051726,GO:0060218,GO:0060333,GO:0062100,GO:0065003,GO:0070059,GO:0070245,GO:0071456,GO:0071466,GO:0071479,GO:0071480,GO:0072331,GO:0072332,GO:0072717,GO:0090200,GO:0090398,GO:0090399,GO:0090403,GO:0097190,GO:0097193,GO:0097252,GO:1900119,GO:1902749,GO:1902895,GO:1903451,GO:1905856,GO:2000379,GO:2000774,GO:2001242,GO:2001244
200	GO:0000122,GO:0001501,GO:0001503,GO:0001649,GO:0001658,GO:0001666,GO:0001701,GO:0001837,GO:0001934,GO:0002062,GO:0002573,GO:0003007,GO:0003129,GO:0003133,GO:0003176,GO:0003181,GO:0003203,GO:0003210,GO:0003272,GO:0003331,GO:0006355,GO:0006879,GO:0006954,GO:0007219,GO:0007267,GO:0007507,GO:0008284,GO:0008285,GO:0009887,GO:0010467,GO:0010628,GO:0010629,GO:0010718,GO:0010894,GO:0010922,GO:0021537,GO:0021978,GO:0022408,GO:0030154,GO:0030177,GO:0030282,GO:0030316,GO:0030335,GO:0030501,GO:0030509,GO:0030512,GO:0032348,GO:0033690,GO:0035051,GO:0035054,GO:0035360,GO:0042475,GO:0042482,GO:0043065,GO:0043410,GO:0043569,GO:0045165,GO:0045597,GO:0045599,GO:0045600,GO:0045666,GO:0045778,GO:0045786,GO:0045892,GO:0045893,GO:0045944,GO:0048662,GO:0048711,GO:0048762,GO:0048839,GO:0051042,GO:0051216,GO:0055007,GO:0055008,GO:0060039,GO:0060128,GO:0060129,GO:0060317,GO:0060348,GO:0060391,GO:0060426,GO:0060485,GO:0060537,GO:0061036,GO:0070374,GO:0071773,GO:0072138,GO:0090090,GO:1900159,GO:1900745,GO:1901331,GO:1902895,GO:1905072,GO:1905222,GO:2000065,GO:2000725,GO:2000726	GO:0001525,GO:0001569,GO:0001570,GO:0001755,GO:0001764,GO:0001938,GO:0002040,GO:0002042,GO:0003148,GO:0006930,GO:0007165,GO:0007229,GO:0007267,GO:0007399,GO:0007411,GO:0008045,GO:0009611,GO:0009887,GO:0010595,GO:0014911,GO:0021612,GO:0021637,GO:0021649,GO:0021785,GO:0021828,GO:0030154,GO:0030947,GO:0031290,GO:0032489,GO:0035729,GO:0035767,GO:0035924,GO:0036486,GO:0038084,GO:0038189,GO:0038190,GO:0042327,GO:0043524,GO:0043542,GO:0045766,GO:0046718,GO:0048008,GO:0048010,GO:0048012,GO:0048666,GO:0048842,GO:0048844,GO:0048846,GO:0050918,GO:0051491,GO:0051496,GO:0051894,GO:0060385,GO:0060627,GO:0060978,GO:0060982,GO:0061299,GO:0061441,GO:0061549,GO:0061551,GO:0070374,GO:0071526,GO:0071679,GO:0090050,GO:0097102,GO:0097374,GO:0097475,GO:0097490,GO:0097491,GO:0099173,GO:0120035,GO:0150018,GO:0150020,GO:1900026,GO:1901166,GO:1902946,GO:1903375,GO:1904835,GO:1905040,GO:2001237
200	GO:0000122,GO:0000209,GO:0000266,GO:0000422,GO:0000423,GO:0006511,GO:0006513,GO:0006914,GO:0006979,GO:0006986,GO:0007005,GO:0007417,GO:0008344,GO:0009410,GO:0009896,GO:0010498,GO:0010506,GO:0010628,GO:0010629,GO:0010636,GO:0010637,GO:0010821,GO:0010906,GO:0010918,GO:0010994,GO:0014059,GO:0014850,GO:0016236,GO:0016567,GO:0016579,GO:0022603,GO:0030163,GO:0031396,GO:0031647,GO:0031648,GO:0032232,GO:0032368,GO:0032436,GO:0033132,GO:0034599,GO:0034620,GO:0034976,GO:0035519,GO:0035774,GO:0036503,GO:0042053,GO:0042417,GO:0043065,GO:0043123,GO:0043161,GO:0043524,GO:0043653,GO:0044314,GO:0044828,GO:0045732,GO:0045944,GO:0046329,GO:0046676,GO:0050804,GO:0050821,GO:0051412,GO:0051582,GO:0051646,GO:0051865,GO:0051881,GO:0051967,GO:0060544,GO:0060828,GO:0061734,GO:0070050,GO:0070534,GO:0070585,GO:0070842,GO:0070936,GO:0070979,GO:0071287,GO:0080090,GO:0085020,GO:0090090,GO:0090141,GO:0090201,GO:0090258,GO:0090394,GO:0097237,GO:0099072,GO:0099074,GO:0140251,GO:1900242,GO:1900407,GO:1901526,GO:1901800,GO:1902236,GO:1902254,GO:1902530,GO:1902803,GO:1903265,GO:1903351,GO:1903377,GO:1903382,GO:1903427,GO:1903530,GO:1903542,GO:1903747,GO:1903861,GO:1904049,GO:1904643,GO:1904845,GO:1904881,GO:1905091,GO:1905232,GO:1905281,GO:1905366,GO:1905477,GO:1990000,GO:2000377,GO:2000378,GO:2001171	GO:0000122,GO:0001501,GO:0001502,GO:0001503,GO:0001658,GO:0001708,GO:0001837,GO:0001894,GO:0001942,GO:0002009,GO:0002053,GO:0002062,GO:0002683,GO:0003170,GO:0003179,GO:0003180,GO:0003203,GO:0003413,GO:0003415,GO:0003430,GO:0006334,GO:0006338,GO:0007165,GO:0007173,GO:0007283,GO:0007417,GO:0007507,GO:0008284,GO:0008584,GO:0010467,GO:0010564,GO:0010628,GO:0010634,GO:0014036,GO:0019100,GO:0030154,GO:0030279,GO:0030850,GO:0030858,GO:0030879,GO:0030903,GO:0030916,GO:0032331,GO:0032332,GO:0035019,GO:0042127,GO:0042981,GO:0043066,GO:0045662,GO:0045668,GO:0045892,GO:0045893,GO:0045944,GO:0046322,GO:0046533,GO:0048709,GO:0050679,GO:0050680,GO:0051216,GO:0060008,GO:0060009,GO:0060041,GO:0060174,GO:0060221,GO:0060517,GO:0060729,GO:0060784,GO:0061036,GO:0061138,GO:0065003,GO:0070168,GO:0070371,GO:0070542,GO:0071260,GO:0071300,GO:0071347,GO:0071364,GO:0071504,GO:0071560,GO:0071599,GO:0071773,GO:0072034,GO:0072170,GO:0072190,GO:0072289,GO:0090090,GO:0090103,GO:0090184,GO:0090190,GO:1902732,GO:1902894,GO:1904864,GO:2000020,GO:2000741
200	GO:0000122,GO:0001569,GO:0001570,GO:0001656,GO:0001658,GO:0001708,GO:0001755,GO:0001947,GO:0002320,GO:0003140,GO:0006508,GO:0007224,GO:0007267,GO:0007389,GO:0007405,GO:0007411,GO:0007417,GO:0007418,GO:0007507,GO:0008209,GO:0008284,GO:0009880,GO:0009888,GO:0009949,GO:0009953,GO:0010468,GO:0010629,GO:0016539,GO:0016540,GO:0021930,GO:0030162,GO:0030182,GO:0030324,GO:0030326,GO:0030336,GO:0030539,GO:0030850,GO:0030900,GO:0030901,GO:0030902,GO:0033077,GO:0033089,GO:0033092,GO:0035295,GO:0042127,GO:0042481,GO:0042733,GO:0043066,GO:0043369,GO:0045059,GO:0045060,GO:0045165,GO:0045596,GO:0045880,GO:0045893,GO:0045944,GO:0046638,GO:0048468,GO:0048513,GO:0048538,GO:0048663,GO:0048709,GO:0048745,GO:0048754,GO:0048864,GO:0050793,GO:0051781,GO:0060684,GO:0061053,GO:0061189,GO:0071542,GO:0072136,GO:0072205,GO:0090370,GO:0097190,GO:0097264,GO:1900107,GO:1900180,GO:1904339,GO:2000062,GO:2000063,GO:2000357,GO:2000358,GO:2000729	GO:0000122,GO:0000165,GO:0001649,GO:0001657,GO:0001666,GO:0001836,GO:0006355,GO:0006357,GO:0006955,GO:0007179,GO:0007254,GO:0008285,GO:0009653,GO:0010332,GO:0010467,GO:0010628,GO:0010629,GO:0010718,GO:0023019,GO:0030154,GO:0030279,GO:0030308,GO:0030325,GO:0030335,GO:0030501,GO:0031053,GO:0031665,GO:0032332,GO:0032502,GO:0032731,GO:0032909,GO:0032916,GO:0032924,GO:0033689,GO:0036120,GO:0038092,GO:0042060,GO:0042110,GO:0042177,GO:0042220,GO:0042307,GO:0043066,GO:0045216,GO:0045429,GO:0045596,GO:0045599,GO:0045893,GO:0045944,GO:0050728,GO:0050776,GO:0050821,GO:0050927,GO:0051481,GO:0051496,GO:0051881,GO:0051894,GO:0060290,GO:0060391,GO:0060395,GO:0061001,GO:0061045,GO:0061450,GO:0061767,GO:0071333,GO:0071363,GO:0071560,GO:0071635,GO:0090263,GO:0097190,GO:0097191,GO:0097305,GO:0098586,GO:0141091,GO:1901203,GO:1902893,GO:1902894,GO:1902895,GO:1903243,GO:1990776
200	GO:0000122,GO:0001525,GO:0001657,GO:0001701,GO:0001837,GO:0002053,GO:0003148,GO:0003149,GO:0003416,GO:0006915,GO:0007267,GO:0007409,GO:0008284,GO:0008543,GO:0008589,GO:0009791,GO:0009880,GO:0009887,GO:0010518,GO:0010839,GO:0016331,GO:0018108,GO:0021769,GO:0021847,GO:0021860,GO:0022612,GO:0030177,GO:0030282,GO:0030324,GO:0030855,GO:0030901,GO:0030916,GO:0031069,GO:0032496,GO:0032808,GO:0033688,GO:0035265,GO:0035602,GO:0035603,GO:0035604,GO:0035607,GO:0042472,GO:0042476,GO:0043009,GO:0043410,GO:0044344,GO:0045165,GO:0045471,GO:0045595,GO:0045667,GO:0045787,GO:0045944,GO:0046777,GO:0048286,GO:0048333,GO:0048557,GO:0048562,GO:0048565,GO:0048568,GO:0048608,GO:0048701,GO:0048705,GO:0048730,GO:0048755,GO:0048762,GO:0050679,GO:0050680,GO:0051150,GO:0051781,GO:0055010,GO:0060045,GO:0060174,GO:0060348,GO:0060349,GO:0060442,GO:0060445,GO:0060449,GO:0060463,GO:0060484,GO:0060501,GO:0060512,GO:0060523,GO:0060527,GO:0060529,GO:0060601,GO:0060615,GO:0060664,GO:0060667,GO:0060670,GO:0060688,GO:0060915,GO:0060916,GO:0070372,GO:0070374,GO:0071300,GO:0071456,GO:0071560,GO:0090263,GO:1904707,GO:1904888	GO:0000122,GO:0001525,GO:0001558,GO:0001889,GO:0001934,GO:0001935,GO:0002639,GO:0006355,GO:0006357,GO:0006366,GO:0006511,GO:0006629,GO:0006633,GO:0006914,GO:0006915,GO:0006955,GO:0006986,GO:0007517,GO:0008284,GO:0010506,GO:0010508,GO:0010832,GO:0015031,GO:0030154,GO:0030335,GO:0030512,GO:0030968,GO:0031647,GO:0031648,GO:0031670,GO:0032008,GO:0032755,GO:0032869,GO:0034599,GO:0034976,GO:0035356,GO:0035470,GO:0035924,GO:0036498,GO:0036500,GO:0036503,GO:0042149,GO:0042307,GO:0042632,GO:0043066,GO:0043491,GO:0045348,GO:0045579,GO:0045582,GO:0045600,GO:0045766,GO:0045944,GO:0048010,GO:0048666,GO:0051897,GO:0055089,GO:0055092,GO:0060392,GO:0060612,GO:0070059,GO:0070373,GO:0071073,GO:0071222,GO:0071230,GO:0071332,GO:0071333,GO:0071353,GO:0071375,GO:0071498,GO:0071499,GO:1900017,GO:1900100,GO:1900102,GO:1901985,GO:1902236,GO:1903489,GO:1904294,GO:1904707,GO:1904754,GO:1990418,GO:2000347,GO:2000353
200	GO:0000122,GO:0001525,GO:0001657,GO:0001701,GO:0001837,GO:0002053,GO:0003148,GO:0003149,GO:0003416,GO:0006915,GO:0007267,GO:0007409,GO:0008284,GO:0008543,GO:0008589,GO:0009791,GO:0009880,GO:0009887,GO:0010518,GO:0010839,GO:0016331,GO:0018108,GO:0021769,GO:0021847,GO:0021860,GO:0022612,GO:0030177,GO:0030282,GO:0030324,GO:0030855,GO:0030901,GO:0030916,GO:0031069,GO:0032496,GO:0032808,GO:0033688,GO:0035265,GO:0035602,GO:0035603,GO:0035604,GO:0035607,GO:0042472,GO:0042476,GO:0043009,GO:0043410,GO:0044344,GO:0045165,GO:0045471,GO:0045595,GO:0045667,GO:0045787,GO:0045944,GO:0046777,GO:0048286,GO:0048333,GO:0048557,GO:0048562,GO:0048565,GO:0048568,GO:0048608,GO:0048701,GO:0048705,GO:0048730,GO:0048755,GO:0048762,GO:0050679,GO:0050680,GO:0051150,GO:0051781,GO:0055010,GO:0060045,GO:0060174,GO:0060348,GO:0060349,GO:0060442,GO:0060445,GO:0060449,GO:0060463,GO:0060484,GO:0060501,GO:0060512,GO:0060523,GO:0060527,GO:0060529,GO:0060601,GO:0060615,GO:0060664,GO:0060667,GO:0060670,GO:0060688,GO:0060915,GO:0060916,GO:0070372,GO:0070374,GO:0071300,GO:0071456,GO:0071560,GO:0090263,GO:1904707,GO:1904888	GO:0001774,GO:0002282,GO:0002291,GO:0002588,GO:0002862,GO:0002931,GO:0006909,GO:0006910,GO:0006955,GO:0006959,GO:0007165,GO:0007166,GO:0007613,GO:0010468,GO:0010507,GO:0010628,GO:0010875,GO:0010887,GO:0010891,GO:0010983,GO:0019216,GO:0030316,GO:0032006,GO:0032008,GO:0032497,GO:0032499,GO:0032675,GO:0032691,GO:0032720,GO:0032733,GO:0034136,GO:0034144,GO:0034151,GO:0034241,GO:0034351,GO:0035176,GO:0038160,GO:0042742,GO:0043066,GO:0043124,GO:0043268,GO:0043277,GO:0045088,GO:0045672,GO:0045728,GO:0045960,GO:0048143,GO:0048468,GO:0048678,GO:0050714,GO:0050766,GO:0050829,GO:0050850,GO:0050866,GO:0050921,GO:0051897,GO:0051898,GO:0055088,GO:0060075,GO:0060100,GO:0061518,GO:0061889,GO:0070269,GO:0070345,GO:0070374,GO:0070392,GO:0071223,GO:0071224,GO:0071333,GO:0071396,GO:0071402,GO:0071456,GO:0071526,GO:0071640,GO:0080090,GO:0097028,GO:0097062,GO:0097242,GO:0098657,GO:0110089,GO:0120035,GO:0140052,GO:0150062,GO:0150076,GO:0150078,GO:0150079,GO:0150094,GO:1900015,GO:1900016,GO:1900223,GO:1900226,GO:1901076,GO:1901224,GO:1901800,GO:1902227,GO:1902533,GO:1903078,GO:1903082,GO:1903376,GO:1903753,GO:1903980,GO:1904093,GO:1904141,GO:1904646,GO:1904951,GO:1905291,GO:1905581,GO:1905805,GO:1905808,GO:1905907,GO:2000350,GO:2001171
200	GO:0000122,GO:0001501,GO:0001502,GO:0001503,GO:0001658,GO:0001708,GO:0001837,GO:0001894,GO:0001942,GO:0002009,GO:0002053,GO:0002062,GO:0002683,GO:0003170,GO:0003179,GO:0003180,GO:0003203,GO:0003413,GO:0003415,GO:0003430,GO:0006334,GO:0006338,GO:0007165,GO:0007173,GO:0007283,GO:0007417,GO:0007507,GO:0008284,GO:0008584,GO:0010467,GO:0010564,GO:0010628,GO:0010634,GO:0014036,GO:0019100,GO:0030154,GO:0030279,GO:0030850,GO:0030858,GO:0030879,GO:0030903,GO:0030916,GO:0032331,GO:0032332,GO:0035019,GO:0042127,GO:0042981,GO:0043066,GO:0045662,GO:0045668,GO:0045892,GO:0045893,GO:0045944,GO:0046322,GO:0046533,GO:0048709,GO:0050679,GO:0050680,GO:0051216,GO:0060008,GO:0060009,GO:0060041,GO:0060174,GO:0060221,GO:0060517,GO:0060729,GO:0060784,GO:0061036,GO:0061138,GO:0065003,GO:0070168,GO:0070371,GO:0070542,GO:0071260,GO:0071300,GO:0071347,GO:0071364,GO:0071504,GO:0071560,GO:0071599,GO:0071773,GO:0072034,GO:0072170,GO:0072190,GO:0072289,GO:0090090,GO:0090103,GO:0090184,GO:0090190,GO:1902732,GO:1902894,GO:1904864,GO:2000020,GO:2000741	GO:0001837,GO:0001938,GO:0002088,GO:0002720,GO:0003138,GO:0003139,GO:0003281,GO:0003283,GO:0003408,GO:0006954,GO:0007200,GO:0007223,GO:0007409,GO:0007411,GO:0008104,GO:0008584,GO:0008595,GO:0010595,GO:0010628,GO:0010742,GO:0010820,GO:0010976,GO:0016055,GO:0021891,GO:0022008,GO:0030154,GO:0030182,GO:0030216,GO:0030901,GO:0032722,GO:0032729,GO:0032731,GO:0032755,GO:0032757,GO:0032760,GO:0035022,GO:0035567,GO:0036517,GO:0036518,GO:0042060,GO:0043032,GO:0043066,GO:0043122,GO:0043410,GO:0045165,GO:0045599,GO:0045732,GO:0045766,GO:0045778,GO:0045892,GO:0045893,GO:0045944,GO:0046330,GO:0048022,GO:0048146,GO:0048706,GO:0048806,GO:0048812,GO:0050727,GO:0050729,GO:0050807,GO:0051057,GO:0051216,GO:0051885,GO:0051897,GO:0051964,GO:0060070,GO:0060071,GO:0060324,GO:0060340,GO:0060760,GO:0060907,GO:0062009,GO:0071219,GO:0071222,GO:0071277,GO:0071300,GO:0071346,GO:0071425,GO:0071542,GO:0071560,GO:0072201,GO:0090090,GO:0097325,GO:0099054,GO:0099068,GO:0099170,GO:0099175,GO:0099566,GO:0150012,GO:1900020,GO:1902474,GO:1904861,GO:1904862,GO:1904934,GO:1904948,GO:2000052,GO:2001235
200	GO:0001660,GO:0001819,GO:0002282,GO:0002711,GO:0006915,GO:0006954,GO:0006955,GO:0007165,GO:0007267,GO:0007566,GO:0008284,GO:0008285,GO:0010573,GO:0010575,GO:0010628,GO:0010641,GO:0010718,GO:0010744,GO:0010829,GO:0014805,GO:0019221,GO:0030213,GO:0030224,GO:0030335,GO:0030949,GO:0031394,GO:0031622,GO:0032308,GO:0032496,GO:0032691,GO:0032725,GO:0032729,GO:0032743,GO:0032755,GO:0032757,GO:0033092,GO:0034116,GO:0042102,GO:0043122,GO:0043123,GO:0043409,GO:0043410,GO:0045429,GO:0045766,GO:0045833,GO:0045840,GO:0045893,GO:0045917,GO:0046330,GO:0046627,GO:0046827,GO:0050691,GO:0050728,GO:0050729,GO:0050767,GO:0050768,GO:0050796,GO:0050805,GO:0050830,GO:0050995,GO:0050996,GO:0050999,GO:0051044,GO:0051781,GO:0051897,GO:0060252,GO:0060355,GO:0070164,GO:0070372,GO:0070374,GO:0070487,GO:0070498,GO:0070555,GO:0071222,GO:0071260,GO:0071466,GO:0071639,GO:0097398,GO:0150078,GO:1900745,GO:1901224,GO:1902680,GO:1903140,GO:1903530,GO:1903597,GO:1905075,GO:2000556,GO:2000660,GO:2001240	GO:0000122,GO:0001890,GO:0006355,GO:0006357,GO:0006631,GO:0007186,GO:0007584,GO:0008217,GO:0009755,GO:0010628,GO:0010629,GO:0010745,GO:0010875,GO:0010887,GO:0010888,GO:0015909,GO:0016525,GO:0030154,GO:0030224,GO:0030509,GO:0030512,GO:0030514,GO:0030522,GO:0030855,GO:0031348,GO:0031667,GO:0032376,GO:0032869,GO:0033993,GO:0035357,GO:0042593,GO:0042752,GO:0042789,GO:0043409,GO:0043537,GO:0045087,GO:0045165,GO:0045444,GO:0045600,GO:0045668,GO:0045834,GO:0045892,GO:0045893,GO:0045923,GO:0045944,GO:0048384,GO:0048469,GO:0048511,GO:0048662,GO:0050728,GO:0050872,GO:0050873,GO:0051049,GO:0051241,GO:0055088,GO:0060336,GO:0060392,GO:0070165,GO:0071404,GO:0071456,GO:0090258,GO:0140077,GO:0141193,GO:1900076,GO:1901202,GO:1902894,GO:1902895,GO:1903243,GO:1903845,GO:1904179,GO:1904597,GO:1904706,GO:1904893,GO:1905461,GO:1905563,GO:2001235
200	GO:0000122,GO:0000165,GO:0001666,GO:0001821,GO:0001975,GO:0003015,GO:0003094,GO:0003100,GO:0003253,GO:0003357,GO:0006366,GO:0006874,GO:0007005,GO:0007166,GO:0007186,GO:0007204,GO:0007267,GO:0007411,GO:0008217,GO:0008284,GO:0009410,GO:0010193,GO:0010460,GO:0010467,GO:0010595,GO:0010613,GO:0010629,GO:0014033,GO:0014034,GO:0014823,GO:0014824,GO:0014826,GO:0019229,GO:0019722,GO:0023019,GO:0030072,GO:0030185,GO:0030195,GO:0030335,GO:0030878,GO:0031175,GO:0031394,GO:0032308,GO:0032496,GO:0033574,GO:0034392,GO:0034696,GO:0035050,GO:0035094,GO:0035556,GO:0035994,GO:0042045,GO:0042310,GO:0042482,GO:0042554,GO:0043200,GO:0043410,GO:0043491,GO:0044321,GO:0044751,GO:0045321,GO:0045429,GO:0045793,GO:0045840,GO:0045944,GO:0045987,GO:0046330,GO:0046887,GO:0046888,GO:0048661,GO:0048675,GO:0050850,GO:0051248,GO:0051899,GO:0060070,GO:0060137,GO:0060298,GO:0060385,GO:0061051,GO:0061626,GO:0070101,GO:0070294,GO:0070301,GO:0070371,GO:0070588,GO:0071277,GO:0071346,GO:0071347,GO:0071356,GO:0071372,GO:0071373,GO:0071375,GO:0071385,GO:0071389,GO:0071398,GO:0071456,GO:0071466,GO:0071526,GO:0071548,GO:0071559,GO:0071560,GO:0072011,GO:0072112,GO:0086100,GO:0090023,GO:0097237,GO:0097492,GO:0097746,GO:0141156,GO:0160195,GO:1900182,GO:1901224,GO:1902074,GO:1903537,GO:1904707,GO:1905653,GO:2001259	GO:0000122,GO:0000165,GO:0001649,GO:0001657,GO:0001666,GO:0001836,GO:0006355,GO:0006357,GO:0006955,GO:0007179,GO:0007254,GO:0008285,GO:0009653,GO:0010332,GO:0010467,GO:0010628,GO:0010629,GO:0010718,GO:0023019,GO:0030154,GO:0030279,GO:0030308,GO:0030325,GO:0030335,GO:0030501,GO:0031053,GO:0031665,GO:0032332,GO:0032502,GO:0032731,GO:0032909,GO:0032916,GO:0032924,GO:0033689,GO:0036120,GO:0038092,GO:0042060,GO:0042110,GO:0042177,GO:0042220,GO:0042307,GO:0043066,GO:0045216,GO:0045429,GO:0045596,GO:0045599,GO:0045893,GO:0045944,GO:0050728,GO:0050776,GO:0050821,GO:0050927,GO:0051481,GO:0051496,GO:0051881,GO:0051894,GO:0060290,GO:0060391,GO:0060395,GO:0061001,GO:0061045,GO:0061450,GO:0061767,GO:0071333,GO:0071363,GO:0071560,GO:0071635,GO:0090263,GO:0097190,GO:0097191,GO:0097305,GO:0098586,GO:0141091,GO:1901203,GO:1902893,GO:1902894,GO:1902895,GO:1903243,GO:1990776
200	GO:0001649,GO:0001938,GO:0002042,GO:0002430,GO:0003376,GO:0005977,GO:0005978,GO:0005979,GO:0006006,GO:0006417,GO:0006468,GO:0006809,GO:0006915,GO:0006924,GO:0006979,GO:0007165,GO:0007173,GO:0007186,GO:0007399,GO:0008283,GO:0008286,GO:0009408,GO:0009725,GO:0010507,GO:0010595,GO:0010628,GO:0010629,GO:0010748,GO:0010761,GO:0010907,GO:0010975,GO:0016242,GO:0018105,GO:0018107,GO:0019221,GO:0030154,GO:0030307,GO:0030334,GO:0030335,GO:0031295,GO:0031397,GO:0031929,GO:0031999,GO:0032079,GO:0032436,GO:0032869,GO:0033138,GO:0033554,GO:0034405,GO:0035556,GO:0035655,GO:0042307,GO:0042981,GO:0043066,GO:0043276,GO:0043488,GO:0043491,GO:0043536,GO:0045429,GO:0045600,GO:0045725,GO:0045746,GO:0045861,GO:0045944,GO:0046209,GO:0046326,GO:0046889,GO:0048009,GO:0048266,GO:0048661,GO:0051247,GO:0051897,GO:0060079,GO:0060416,GO:0060644,GO:0070141,GO:0070585,GO:0070848,GO:0071364,GO:0072656,GO:0072752,GO:0090201,GO:0097700,GO:0099175,GO:0110002,GO:0140052,GO:0150033,GO:0160049,GO:0160213,GO:1900087,GO:1900182,GO:1901796,GO:1902018,GO:1902176,GO:1903038,GO:1903078,GO:1903318,GO:1903384,GO:1903898,GO:1904263,GO:1904515,GO:1905552,GO:1905786,GO:1990090,GO:1990418,GO:2000010,GO:2000074,GO:2000402,GO:2001240,GO:2001243	GO:0001659,GO:0001666,GO:0001963,GO:0001975,GO:0001976,GO:0002027,GO:0002028,GO:0002031,GO:0002052,GO:0002092,GO:0006874,GO:0006914,GO:0007165,GO:0007186,GO:0007188,GO:0007195,GO:0007200,GO:0007212,GO:0007270,GO:0007409,GO:0007416,GO:0007608,GO:0007616,GO:0007626,GO:0007628,GO:0008104,GO:0008285,GO:0008306,GO:0008542,GO:0009410,GO:0009416,GO:0009636,GO:0010039,GO:0014059,GO:0014854,GO:0016055,GO:0021756,GO:0021769,GO:0021853,GO:0021984,GO:0030336,GO:0030432,GO:0030900,GO:0031223,GO:0032228,GO:0032355,GO:0032467,GO:0032922,GO:0033602,GO:0034776,GO:0035094,GO:0035305,GO:0035556,GO:0042220,GO:0042321,GO:0042417,GO:0042756,GO:0043266,GO:0043278,GO:0043408,GO:0045471,GO:0045745,GO:0045776,GO:0045824,GO:0045944,GO:0046676,GO:0046717,GO:0048148,GO:0048149,GO:0048169,GO:0048678,GO:0048755,GO:0050482,GO:0050709,GO:0050769,GO:0050805,GO:0051209,GO:0051240,GO:0051481,GO:0051580,GO:0051584,GO:0051586,GO:0051823,GO:0051898,GO:0051952,GO:0051967,GO:0060079,GO:0060124,GO:0060134,GO:0060158,GO:0060160,GO:0070374,GO:0071300,GO:0071361,GO:0090325,GO:0097305,GO:0099170,GO:0099171,GO:0160213,GO:1900038,GO:1900168,GO:1900273,GO:1903530,GO:1990384
200	GO:0000122,GO:0001709,GO:0001806,GO:0001817,GO:0001822,GO:0001823,GO:0002376,GO:0002520,GO:0003180,GO:0003215,GO:0003281,GO:0006355,GO:0006357,GO:0006952,GO:0006954,GO:0007165,GO:0008285,GO:0008584,GO:0009410,GO:0009615,GO:0009653,GO:0009967,GO:0010332,GO:0010467,GO:0010595,GO:0010719,GO:0030154,GO:0030217,GO:0030225,GO:0030856,GO:0031929,GO:0032736,GO:0032753,GO:0032754,GO:0033600,GO:0035457,GO:0042421,GO:0043491,GO:0043583,GO:0043627,GO:0045064,GO:0045087,GO:0045165,GO:0045471,GO:0045582,GO:0045786,GO:0045892,GO:0045893,GO:0045944,GO:0048485,GO:0048568,GO:0048646,GO:0048731,GO:0050728,GO:0050793,GO:0050852,GO:0051216,GO:0051897,GO:0060037,GO:0060065,GO:0060070,GO:0060231,GO:0060676,GO:0071353,GO:0071356,GO:0072107,GO:0072178,GO:0072179,GO:0072182,GO:0072676,GO:0090102,GO:1902895,GO:2000146,GO:2000352,GO:2000611,GO:2000679,GO:2000683	GO:0000122,GO:0001525,GO:0001541,GO:0001569,GO:0001570,GO:0001666,GO:0001701,GO:0001822,GO:0001934,GO:0001938,GO:0002040,GO:0002042,GO:0002052,GO:0002092,GO:0002376,GO:0002575,GO:0002687,GO:0003007,GO:0003151,GO:0003169,GO:0006357,GO:0007200,GO:0007399,GO:0007498,GO:0007595,GO:0008284,GO:0008360,GO:0010595,GO:0010628,GO:0010629,GO:0010719,GO:0010749,GO:0030154,GO:0030224,GO:0030225,GO:0030324,GO:0030335,GO:0030855,GO:0031077,GO:0031290,GO:0031334,GO:0031954,GO:0035148,GO:0035767,GO:0035924,GO:0036303,GO:0036324,GO:0038033,GO:0038084,GO:0038091,GO:0038190,GO:0042462,GO:0043066,GO:0043117,GO:0043123,GO:0043129,GO:0043410,GO:0043536,GO:0045766,GO:0045785,GO:0045944,GO:0048010,GO:0048469,GO:0048593,GO:0048842,GO:0048844,GO:0050679,GO:0050918,GO:0050927,GO:0050930,GO:0051781,GO:0051894,GO:0051897,GO:0055013,GO:0060319,GO:0060749,GO:0060754,GO:0060948,GO:0060982,GO:0061042,GO:0070374,GO:0071456,GO:0071542,GO:0071679,GO:0090050,GO:0090190,GO:0097475,GO:0097533,GO:0120162,GO:1900748,GO:1901165,GO:1902894,GO:1902966,GO:1903141,GO:1903392,GO:1903589,GO:1903672,GO:1905278,GO:1905555,GO:1905604,GO:2000048,GO:2000573,GO:2001028
200	GO:0000122,GO:0001570,GO:0001666,GO:0001937,GO:0006641,GO:0006816,GO:0006874,GO:0006940,GO:0007519,GO:0008104,GO:0009267,GO:0009617,GO:0010524,GO:0010608,GO:0010628,GO:0010875,GO:0016050,GO:0019065,GO:0019217,GO:0019915,GO:0030154,GO:0030193,GO:0030301,GO:0030335,GO:0030514,GO:0030857,GO:0030879,GO:0031295,GO:0031397,GO:0031398,GO:0031623,GO:0032507,GO:0032570,GO:0033484,GO:0038016,GO:0038166,GO:0042632,GO:0043123,GO:0043409,GO:0043627,GO:0044860,GO:0045019,GO:0045907,GO:0046209,GO:0046426,GO:0048550,GO:0051480,GO:0051592,GO:0051899,GO:0055074,GO:0060056,GO:0060070,GO:0060546,GO:0070836,GO:0071218,GO:0071375,GO:0071455,GO:0072584,GO:0086091,GO:0090090,GO:0097190,GO:0098903,GO:0098909,GO:0098911,GO:0120162,GO:1900027,GO:1901380,GO:1901844,GO:1903361,GO:1903598,GO:1904294,GO:2000535,GO:2000811,GO:2001238,GO:2001244	GO:0000122,GO:0002244,GO:0006289,GO:0006355,GO:0006357,GO:0006914,GO:0006915,GO:0006974,GO:0006979,GO:0006983,GO:0007265,GO:0007623,GO:0008104,GO:0008285,GO:0008340,GO:0009299,GO:0009410,GO:0009411,GO:0010212,GO:0010332,GO:0010628,GO:0012501,GO:0016032,GO:0030308,GO:0030330,GO:0031571,GO:0032211,GO:0033209,GO:0034644,GO:0042149,GO:0042771,GO:0042981,GO:0043065,GO:0043066,GO:0043153,GO:0045815,GO:0045892,GO:0045893,GO:0045899,GO:0045944,GO:0046677,GO:0048147,GO:0048511,GO:0048512,GO:0048539,GO:0051053,GO:0051097,GO:0051262,GO:0051726,GO:0060218,GO:0060333,GO:0062100,GO:0065003,GO:0070059,GO:0070245,GO:0071456,GO:0071466,GO:0071479,GO:0071480,GO:0072331,GO:0072332,GO:0072717,GO:0090200,GO:0090398,GO:0090399,GO:0090403,GO:0097190,GO:0097193,GO:0097252,GO:1900119,GO:1902749,GO:1902895,GO:1903451,GO:1905856,GO:2000379,GO:2000774,GO:2001242,GO:2001244
200	GO:0000122,GO:0001525,GO:0001657,GO:0001701,GO:0001837,GO:0002053,GO:0003148,GO:0003149,GO:0003416,GO:0006915,GO:0007267,GO:0007409,GO:0008284,GO:0008543,GO:0008589,GO:0009791,GO:0009880,GO:0009887,GO:0010518,GO:0010839,GO:0016331,GO:0018108,GO:0021769,GO:0021847,GO:0021860,GO:0022612,GO:0030177,GO:0030282,GO:0030324,GO:0030855,GO:0030901,GO:0030916,GO:0031069,GO:0032496,GO:0032808,GO:0033688,GO:0035265,GO:0035602,GO:0035603,GO:0035604,GO:0035607,GO:0042472,GO:0042476,GO:0043009,GO:0043410,GO:0044344,GO:0045165,GO:0045471,GO:0045595,GO:0045667,GO:0045787,GO:0045944,GO:0046777,GO:0048286,GO:0048333,GO:0048557,GO:0048562,GO:0048565,GO:0048568,GO:0048608,GO:0048701,GO:0048705,GO:0048730,GO:0048755,GO:0048762,GO:0050679,GO:0050680,GO:0051150,GO:0051781,GO:0055010,GO:0060045,GO:0060174,GO:0060348,GO:0060349,GO:0060442,GO:0060445,GO:0060449,GO:0060463,GO:0060484,GO:0060501,GO:0060512,GO:0060523,GO:0060527,GO:0060529,GO:0060601,GO:0060615,GO:0060664,GO:0060667,GO:0060670,GO:0060688,GO:0060915,GO:0060916,GO:0070372,GO:0070374,GO:0071300,GO:0071456,GO:0071560,GO:0090263,GO:1904707,GO:1904888	GO:0000122,GO:0001525,GO:0001541,GO:0001569,GO:0001570,GO:0001666,GO:0001701,GO:0001822,GO:0001934,GO:0001938,GO:0002040,GO:0002042,GO:0002052,GO:0002092,GO:0002376,GO:0002575,GO:0002687,GO:0003007,GO:0003151,GO:0003169,GO:0006357,GO:0007200,GO:0007399,GO:0007498,GO:0007595,GO:0008284,GO:0008360,GO:0010595,GO:0010628,GO:0010629,GO:0010719,GO:0010749,GO:0030154,GO:0030224,GO:0030225,GO:0030324,GO:0030335,GO:0030855,GO:0031077,GO:0031290,GO:0031334,GO:0031954,GO:0035148,GO:0035767,GO:0035924,GO:0036303,GO:0036324,GO:0038033,GO:0038084,GO:0038091,GO:0038190,GO:0042462,GO:0043066,GO:0043117,GO:0043123,GO:0043129,GO:0043410,GO:0043536,GO:0045766,GO:0045785,GO:0045944,GO:0048010,GO:0048469,GO:0048593,GO:0048842,GO:0048844,GO:0050679,GO:0050918,GO:0050927,GO:0050930,GO:0051781,GO:0051894,GO:0051897,GO:0055013,GO:0060319,GO:0060749,GO:0060754,GO:0060948,GO:0060982,GO:0061042,GO:0070374,GO:0071456,GO:0071542,GO:0071679,GO:0090050,GO:0090190,GO:0097475,GO:0097533,GO:0120162,GO:1900748,GO:1901165,GO:1902894,GO:1902966,GO:1903141,GO:1903392,GO:1903589,GO:1903672,GO:1905278,GO:1905555,GO:1905604,GO:2000048,GO:2000573,GO:2001028
200	GO:0000165,GO:0006468,GO:0006897,GO:0006914,GO:0006979,GO:0007005,GO:0007029,GO:0007030,GO:0007040,GO:0007166,GO:0007254,GO:0007266,GO:0007283,GO:0007528,GO:0008104,GO:0008340,GO:0009267,GO:0009653,GO:0009968,GO:0010468,GO:0010506,GO:0010508,GO:0010955,GO:0010977,GO:0014041,GO:0016192,GO:0016242,GO:0019722,GO:0021756,GO:0021772,GO:0022028,GO:0030154,GO:0030162,GO:0030182,GO:0031344,GO:0031398,GO:0031647,GO:0032436,GO:0032760,GO:0034260,GO:0034599,GO:0034614,GO:0035542,GO:0035556,GO:0035564,GO:0035640,GO:0035641,GO:0035751,GO:0040012,GO:0042391,GO:0043068,GO:0043410,GO:0046039,GO:0046777,GO:0048312,GO:0048513,GO:0048812,GO:0050804,GO:0051239,GO:0051247,GO:0051646,GO:0051900,GO:0051966,GO:0060070,GO:0060079,GO:0060159,GO:0060161,GO:0060627,GO:0060628,GO:0060828,GO:0061001,GO:0070585,GO:0070973,GO:0071287,GO:0090140,GO:0090263,GO:0090394,GO:0140058,GO:0141161,GO:1900242,GO:1900244,GO:1901030,GO:1902236,GO:1902499,GO:1902531,GO:1902692,GO:1902803,GO:1902823,GO:1902902,GO:1903351,GO:1903748,GO:1903980,GO:1904644,GO:1904887,GO:1905279,GO:1905289,GO:1905504,GO:2000172,GO:2000300,GO:2000377	GO:0000122,GO:0001525,GO:0001558,GO:0001889,GO:0001934,GO:0001935,GO:0002639,GO:0006355,GO:0006357,GO:0006366,GO:0006511,GO:0006629,GO:0006633,GO:0006914,GO:0006915,GO:0006955,GO:0006986,GO:0007517,GO:0008284,GO:0010506,GO:0010508,GO:0010832,GO:0015031,GO:0030154,GO:0030335,GO:0030512,GO:0030968,GO:0031647,GO:0031648,GO:0031670,GO:0032008,GO:0032755,GO:0032869,GO:0034599,GO:0034976,GO:0035356,GO:0035470,GO:0035924,GO:0036498,GO:0036500,GO:0036503,GO:0042149,GO:0042307,GO:0042632,GO:0043066,GO:0043491,GO:0045348,GO:0045579,GO:0045582,GO:0045600,GO:0045766,GO:0045944,GO:0048010,GO:0048666,GO:0051897,GO:0055089,GO:0055092,GO:0060392,GO:0060612,GO:0070059,GO:0070373,GO:0071073,GO:0071222,GO:0071230,GO:0071332,GO:0071333,GO:0071353,GO:0071375,GO:0071498,GO:0071499,GO:1900017,GO:1900100,GO:1900102,GO:1901985,GO:1902236,GO:1903489,GO:1904294,GO:1904707,GO:1904754,GO:1990418,GO:2000347,GO:2000353
200	GO:0000209,GO:0001649,GO:0001837,GO:0002052,GO:0003151,GO:0007155,GO:0007173,GO:0007399,GO:0008284,GO:0008285,GO:0009410,GO:0010629,GO:0010717,GO:0010718,GO:0010909,GO:0016055,GO:0016525,GO:0019827,GO:0021854,GO:0030182,GO:0030901,GO:0030902,GO:0030997,GO:0031396,GO:0032212,GO:0032355,GO:0032968,GO:0033234,GO:0034112,GO:0034333,GO:0034394,GO:0035315,GO:0035995,GO:0036023,GO:0036520,GO:0043065,GO:0043066,GO:0043161,GO:0043525,GO:0044331,GO:0045597,GO:0045765,GO:0045766,GO:0045892,GO:0045893,GO:0045944,GO:0045976,GO:0048145,GO:0048568,GO:0048643,GO:0048660,GO:0050767,GO:0050768,GO:0050982,GO:0051884,GO:0051963,GO:0060070,GO:0060231,GO:0060292,GO:0061154,GO:0061549,GO:0061550,GO:0070602,GO:0071363,GO:0071681,GO:0072182,GO:0072497,GO:0090090,GO:0090279,GO:0097091,GO:0098609,GO:1901331,GO:1903377,GO:1904888,GO:1904948,GO:1905555,GO:1990138,GO:1990403,GO:1990791,GO:2000008,GO:2000179	GO:0001837,GO:0001954,GO:0003170,GO:0005977,GO:0006468,GO:0006983,GO:0007005,GO:0007399,GO:0007623,GO:0008286,GO:0009968,GO:0010508,GO:0010628,GO:0010629,GO:0010719,GO:0010975,GO:0016055,GO:0018105,GO:0019082,GO:0021766,GO:0030010,GO:0030011,GO:0030154,GO:0030336,GO:0030516,GO:0031175,GO:0031333,GO:0031334,GO:0031398,GO:0032007,GO:0032092,GO:0032436,GO:0032481,GO:0032880,GO:0032886,GO:0034976,GO:0035556,GO:0036016,GO:0042752,GO:0043066,GO:0043161,GO:0043525,GO:0045597,GO:0045668,GO:0045719,GO:0045724,GO:0045732,GO:0045879,GO:0046777,GO:0046825,GO:0046827,GO:0048511,GO:0048814,GO:0050770,GO:0060070,GO:0060079,GO:0070507,GO:0070885,GO:0071109,GO:0071300,GO:0090090,GO:0097191,GO:0097192,GO:0099171,GO:0106027,GO:0150101,GO:0160213,GO:1900034,GO:1900181,GO:1900271,GO:1901030,GO:1901701,GO:1902042,GO:1903566,GO:1903940,GO:1904339,GO:1904646,GO:1904781,GO:1904951,GO:2000077,GO:2000466,GO:2000740
200	GO:0000122,GO:0000165,GO:0001649,GO:0001657,GO:0001666,GO:0001836,GO:0006355,GO:0006357,GO:0006955,GO:0007179,GO:0007254,GO:0008285,GO:0009653,GO:0010332,GO:0010467,GO:0010628,GO:0010629,GO:0010718,GO:0023019,GO:0030154,GO:0030279,GO:0030308,GO:0030325,GO:0030335,GO:0030501,GO:0031053,GO:0031665,GO:0032332,GO:0032502,GO:0032731,GO:0032909,GO:0032916,GO:0032924,GO:0033689,GO:0036120,GO:0038092,GO:0042060,GO:0042110,GO:0042177,GO:0042220,GO:0042307,GO:0043066,GO:0045216,GO:0045429,GO:0045596,GO:0045599,GO:0045893,GO:0045944,GO:0050728,GO:0050776,GO:0050821,GO:0050927,GO:0051481,GO:0051496,GO:0051881,GO:0051894,GO:0060290,GO:0060391,GO:0060395,GO:0061001,GO:0061045,GO:0061450,GO:0061767,GO:0071333,GO:0071363,GO:0071560,GO:0071635,GO:0090263,GO:0097190,GO:0097191,GO:0097305,GO:0098586,GO:0141091,GO:1901203,GO:1902893,GO:1902894,GO:1902895,GO:1903243,GO:1990776	GO:0001837,GO:0001938,GO:0002088,GO:0002720,GO:0003138,GO:0003139,GO:0003281,GO:0003283,GO:0003408,GO:0006954,GO:0007200,GO:0007223,GO:0007409,GO:0007411,GO:0008104,GO:0008584,GO:0008595,GO:0010595,GO:0010628,GO:0010742,GO:0010820,GO:0010976,GO:0016055,GO:0021891,GO:0022008,GO:0030154,GO:0030182,GO:0030216,GO:0030901,GO:0032722,GO:0032729,GO:0032731,GO:0032755,GO:0032757,GO:0032760,GO:0035022,GO:0035567,GO:0036517,GO:0036518,GO:0042060,GO:0043032,GO:0043066,GO:0043122,GO:0043410,GO:0045165,GO:0045599,GO:0045732,GO:0045766,GO:0045778,GO:0045892,GO:0045893,GO:0045944,GO:0046330,GO:0048022,GO:0048146,GO:0048706,GO:0048806,GO:0048812,GO:0050727,GO:0050729,GO:0050807,GO:0051057,GO:0051216,GO:0051885,GO:0051897,GO:0051964,GO:0060070,GO:0060071,GO:0060324,GO:0060340,GO:0060760,GO:0060907,GO:0062009,GO:0071219,GO:0071222,GO:0071277,GO:0071300,GO:0071346,GO:0071425,GO:0071542,GO:0071560,GO:0072201,GO:0090090,GO:0097325,GO:0099054,GO:0099068,GO:0099170,GO:0099175,GO:0099566,GO:0150012,GO:1900020,GO:1902474,GO:1904861,GO:1904862,GO:1904934,GO:1904948,GO:2000052,GO:2001235
200	GO:0000122,GO:0001503,GO:0001649,GO:0001657,GO:0001658,GO:0001822,GO:0001823,GO:0001934,GO:0001938,GO:0001958,GO:0002043,GO:0002062,GO:0002244,GO:0002320,GO:0002573,GO:0003007,GO:0003129,GO:0003139,GO:0003148,GO:0003149,GO:0003151,GO:0003163,GO:0003180,GO:0003184,GO:0003197,GO:0003279,GO:0003323,GO:0007498,GO:0008284,GO:0008285,GO:0009791,GO:0010453,GO:0010467,GO:0010628,GO:0010629,GO:0010718,GO:0021537,GO:0022408,GO:0030154,GO:0030224,GO:0030225,GO:0030335,GO:0030501,GO:0030509,GO:0030513,GO:0030858,GO:0032092,GO:0032967,GO:0033085,GO:0033088,GO:0035990,GO:0035993,GO:0042306,GO:0042476,GO:0043065,GO:0043068,GO:0045596,GO:0045603,GO:0045606,GO:0045662,GO:0045669,GO:0045778,GO:0045786,GO:0045839,GO:0045843,GO:0045892,GO:0045893,GO:0045944,GO:0048286,GO:0048392,GO:0048661,GO:0048662,GO:0048745,GO:0048863,GO:0050679,GO:0050918,GO:0051216,GO:0051241,GO:0055007,GO:0055020,GO:0060391,GO:0060425,GO:0060426,GO:0060433,GO:0060438,GO:0060441,GO:0060502,GO:0060503,GO:0060537,GO:0060976,GO:0061036,GO:0061047,GO:0061626,GO:0070244,GO:0071773,GO:0072104,GO:0072125,GO:0072179,GO:0072197,GO:0072200,GO:0090189,GO:0090191,GO:0090194,GO:1900182,GO:1900745,GO:1901331,GO:1902894,GO:1904706,GO:1904753,GO:1905312,GO:2000005,GO:2000007,GO:2000636,GO:2000725,GO:2001237	GO:0000122,GO:0000165,GO:0001649,GO:0001657,GO:0001666,GO:0001836,GO:0006355,GO:0006357,GO:0006955,GO:0007179,GO:0007254,GO:0008285,GO:0009653,GO:0010332,GO:0010467,GO:0010628,GO:0010629,GO:0010718,GO:0023019,GO:0030154,GO:0030279,GO:0030308,GO:0030325,GO:0030335,GO:0030501,GO:0031053,GO:0031665,GO:0032332,GO:0032502,GO:0032731,GO:0032909,GO:0032916,GO:0032924,GO:0033689,GO:0036120,GO:0038092,GO:0042060,GO:0042110,GO:0042177,GO:0042220,GO:0042307,GO:0043066,GO:0045216,GO:0045429,GO:0045596,GO:0045599,GO:0045893,GO:0045944,GO:0050728,GO:0050776,GO:0050821,GO:0050927,GO:0051481,GO:0051496,GO:0051881,GO:0051894,GO:0060290,GO:0060391,GO:0060395,GO:0061001,GO:0061045,GO:0061450,GO:0061767,GO:0071333,GO:0071363,GO:0071560,GO:0071635,GO:0090263,GO:0097190,GO:0097191,GO:0097305,GO:0098586,GO:0141091,GO:1901203,GO:1902893,GO:1902894,GO:1902895,GO:1903243,GO:1990776
200	GO:0000122,GO:0000165,GO:0001666,GO:0001821,GO:0001975,GO:0003015,GO:0003094,GO:0003100,GO:0003253,GO:0003357,GO:0006366,GO:0006874,GO:0007005,GO:0007166,GO:0007186,GO:0007204,GO:0007267,GO:0007411,GO:0008217,GO:0008284,GO:0009410,GO:0010193,GO:0010460,GO:0010467,GO:0010595,GO:0010613,GO:0010629,GO:0014033,GO:0014034,GO:0014823,GO:0014824,GO:0014826,GO:0019229,GO:0019722,GO:0023019,GO:0030072,GO:0030185,GO:0030195,GO:0030335,GO:0030878,GO:0031175,GO:0031394,GO:0032308,GO:0032496,GO:0033574,GO:0034392,GO:0034696,GO:0035050,GO:0035094,GO:0035556,GO:0035994,GO:0042045,GO:0042310,GO:0042482,GO:0042554,GO:0043200,GO:0043410,GO:0043491,GO:0044321,GO:0044751,GO:0045321,GO:0045429,GO:0045793,GO:0045840,GO:0045944,GO:0045987,GO:0046330,GO:0046887,GO:0046888,GO:0048661,GO:0048675,GO:0050850,GO:0051248,GO:0051899,GO:0060070,GO:0060137,GO:0060298,GO:0060385,GO:0061051,GO:0061626,GO:0070101,GO:0070294,GO:0070301,GO:0070371,GO:0070588,GO:0071277,GO:0071346,GO:0071347,GO:0071356,GO:0071372,GO:0071373,GO:0071375,GO:0071385,GO:0071389,GO:0071398,GO:0071456,GO:0071466,GO:0071526,GO:0071548,GO:0071559,GO:0071560,GO:0072011,GO:0072112,GO:0086100,GO:0090023,GO:0097237,GO:0097492,GO:0097746,GO:0141156,GO:0160195,GO:1900182,GO:1901224,GO:1902074,GO:1903537,GO:1904707,GO:1905653,GO:2001259	GO:0000122,GO:0001666,GO:0001774,GO:0001819,GO:0001937,GO:0001975,GO:0002037,GO:0002281,GO:0002439,GO:0002639,GO:0002700,GO:0002719,GO:0003009,GO:0003085,GO:0006325,GO:0006954,GO:0006955,GO:0007259,GO:0007623,GO:0008285,GO:0008625,GO:0008630,GO:0009410,GO:0009612,GO:0009615,GO:0009617,GO:0009651,GO:0009750,GO:0010459,GO:0010573,GO:0010628,GO:0010629,GO:0010744,GO:0010888,GO:0014823,GO:0019722,GO:0031334,GO:0031349,GO:0031622,GO:0031642,GO:0031667,GO:0032496,GO:0032715,GO:0032722,GO:0032724,GO:0032731,GO:0032741,GO:0032755,GO:0032757,GO:0033209,GO:0034116,GO:0034138,GO:0035900,GO:0036005,GO:0042127,GO:0042311,GO:0043065,GO:0043066,GO:0043068,GO:0043122,GO:0043123,GO:0043243,GO:0043410,GO:0043525,GO:0043537,GO:0045071,GO:0045087,GO:0045429,GO:0045471,GO:0045598,GO:0045599,GO:0045668,GO:0045672,GO:0045732,GO:0045760,GO:0045785,GO:0045840,GO:0045892,GO:0045893,GO:0045930,GO:0045944,GO:0046325,GO:0046330,GO:0046677,GO:0048143,GO:0048566,GO:0048661,GO:0050729,GO:0050768,GO:0050793,GO:0050796,GO:0050804,GO:0050806,GO:0050807,GO:0050890,GO:0050901,GO:0050966,GO:0050995,GO:0051044,GO:0051046,GO:0051222,GO:0051239,GO:0051384,GO:0051798,GO:0051897,GO:0051966,GO:0060252,GO:0060557,GO:0061044,GO:0061048,GO:0070374,GO:0070886,GO:0071219,GO:0071222,GO:0071300,GO:0071316,GO:0071346,GO:0071479,GO:0071677,GO:0071803,GO:0072577,GO:0072659,GO:0090324,GO:0090594,GO:0097191,GO:0097237,GO:0097421,GO:0097527,GO:0120190,GO:0140374,GO:0140460,GO:0150078,GO:0150129,GO:1900017,GO:1900222,GO:1901224,GO:1901647,GO:1902004,GO:1902065,GO:1902565,GO:1902894,GO:1902895,GO:1903078,GO:1903140,GO:1903347,GO:1903829,GO:1904638,GO:1904646,GO:1904707,GO:1904880,GO:1904996,GO:1904999,GO:1905235,GO:1905242,GO:1990268,GO:2000010,GO:2000334,GO:2000343,GO:2000347,GO:2000351,GO:2000377,GO:2000573,GO:2001234,GO:2001238,GO:2001240
